Using pre-set license
Built from '2022.3/china_unity/release' branch; Version is '2022.3.52f1c1 (f5e26ee28457) revision 16114286'; Using compiler version '192829333'; Build Type 'Release'
OS: 'Windows 11  (10.0.26100) 64bit Professional' Language: 'zh' Physical Memory: 31890 MB
BatchMode: 1, IsHumanControllingUs: 0, StartBugReporterOnCrash: 0, Is64bit: 1, IsPro: 1

COMMAND LINE ARGUMENTS:
C:\Program Files\Unity\Hub\Editor\2022.3.52f1c1\Editor\Unity.exe
-adb2
-batchMode
-noUpm
-name
AssetImportWorker1
-projectPath
C:/Users/24311/MT-Final-Project
-logFile
Logs/AssetImportWorker1.log
-srvPort
6418
Successfully changed project path to: C:/Users/24311/MT-Final-Project
C:/Users/24311/MT-Final-Project
[UnityMemory] Configuration Parameters - Can be set up in boot.config
    "memorysetup-bucket-allocator-granularity=16"
    "memorysetup-bucket-allocator-bucket-count=8"
    "memorysetup-bucket-allocator-block-size=33554432"
    "memorysetup-bucket-allocator-block-count=8"
    "memorysetup-main-allocator-block-size=16777216"
    "memorysetup-thread-allocator-block-size=16777216"
    "memorysetup-gfx-main-allocator-block-size=16777216"
    "memorysetup-gfx-thread-allocator-block-size=16777216"
    "memorysetup-cache-allocator-block-size=4194304"
    "memorysetup-typetree-allocator-block-size=2097152"
    "memorysetup-profiler-bucket-allocator-granularity=16"
    "memorysetup-profiler-bucket-allocator-bucket-count=8"
    "memorysetup-profiler-bucket-allocator-block-size=33554432"
    "memorysetup-profiler-bucket-allocator-block-count=8"
    "memorysetup-profiler-allocator-block-size=16777216"
    "memorysetup-profiler-editor-allocator-block-size=1048576"
    "memorysetup-temp-allocator-size-main=16777216"
    "memorysetup-job-temp-allocator-block-size=2097152"
    "memorysetup-job-temp-allocator-block-size-background=1048576"
    "memorysetup-job-temp-allocator-reduction-small-platforms=262144"
    "memorysetup-allocator-temp-initial-block-size-main=262144"
    "memorysetup-allocator-temp-initial-block-size-worker=262144"
    "memorysetup-temp-allocator-size-background-worker=32768"
    "memorysetup-temp-allocator-size-job-worker=262144"
    "memorysetup-temp-allocator-size-preload-manager=33554432"
    "memorysetup-temp-allocator-size-nav-mesh-worker=65536"
    "memorysetup-temp-allocator-size-audio-worker=65536"
    "memorysetup-temp-allocator-size-cloud-worker=32768"
    "memorysetup-temp-allocator-size-gi-baking-worker=262144"
    "memorysetup-temp-allocator-size-gfx=262144"
Player connection [51824]  Target information:

Player connection [51824]  * "[IP] 192.168.1.61 [Port] 0 [Flags] 2 [Guid] 1576841572 [EditorId] 1576841572 [Version] 1048832 [Id] WindowsEditor(7,WellHu) [Debug] 1 [PackageName] WindowsEditor [ProjectName] Editor" 

Player connection [51824] Host joined multi-casting on [225.0.0.222:54997]...
Player connection [51824] Host joined alternative multi-casting on [225.0.0.222:34997]...
[PhysX] Initialized MultithreadedTaskDispatcher with 16 workers.
Refreshing native plugins compatible for Editor in 17.85 ms, found 3 plugins.
Preloading 0 native plugins for Editor in 0.00 ms.
Initialize engine version: 2022.3.52f1c1 (f5e26ee28457)
[Subsystems] Discovering subsystems at path C:/Program Files/Unity/Hub/Editor/2022.3.52f1c1/Editor/Data/Resources/UnitySubsystems
[Subsystems] Discovering subsystems at path C:/Users/24311/MT-Final-Project/Assets
GfxDevice: creating device client; threaded=0; jobified=0
Direct3D:
    Version:  Direct3D 11.0 [level 11.1]
    Renderer: NVIDIA GeForce RTX 4070 SUPER (ID=0x2783)
    Vendor:   NVIDIA
    VRAM:     11999 MB
    Driver:   32.0.15.6094
Initialize mono
Mono path[0] = 'C:/Program Files/Unity/Hub/Editor/2022.3.52f1c1/Editor/Data/Managed'
Mono path[1] = 'C:/Program Files/Unity/Hub/Editor/2022.3.52f1c1/Editor/Data/MonoBleedingEdge/lib/mono/unityjit-win32'
Mono config path = 'C:/Program Files/Unity/Hub/Editor/2022.3.52f1c1/Editor/Data/MonoBleedingEdge/etc'
Using monoOptions --debugger-agent=transport=dt_socket,embedding=1,server=y,suspend=n,address=127.0.0.1:56940
Begin MonoManager ReloadAssembly
Registering precompiled unity dll's ...
Register platform support module: C:/Program Files/Unity/Hub/Editor/2022.3.52f1c1/Editor/Data/PlaybackEngines/WebGLSupport/UnityEditor.WebGL.Extensions.dll
Register platform support module: C:/Program Files/Unity/Hub/Editor/2022.3.52f1c1/Editor/Data/PlaybackEngines/WindowsStandaloneSupport/UnityEditor.WindowsStandalone.Extensions.dll
Registered in 0.010834 seconds.
- Loaded All Assemblies, in  0.193 seconds
Native extension for WindowsStandalone target not found
Native extension for WebGL target not found
Mono: successfully reloaded assembly
- Finished resetting the current domain, in  0.135 seconds
Domain Reload Profiling: 327ms
	BeginReloadAssembly (55ms)
		ExecutionOrderSort (0ms)
		DisableScriptedObjects (0ms)
		BackupInstance (0ms)
		ReleaseScriptingObjects (0ms)
		CreateAndSetChildDomain (0ms)
	RebuildCommonClasses (17ms)
	RebuildNativeTypeToScriptingClass (5ms)
	initialDomainReloadingComplete (39ms)
	LoadAllAssembliesAndSetupDomain (75ms)
		LoadAssemblies (53ms)
		RebuildTransferFunctionScriptingTraits (0ms)
		AnalyzeDomain (74ms)
			TypeCache.Refresh (73ms)
				TypeCache.ScanAssembly (65ms)
			ScanForSourceGeneratedMonoScriptInfo (0ms)
			ResolveRequiredComponents (0ms)
	FinalizeReload (135ms)
		ReleaseScriptCaches (0ms)
		RebuildScriptCaches (0ms)
		SetupLoadedEditorAssemblies (110ms)
			LogAssemblyErrors (0ms)
			InitializePlatformSupportModulesInManaged (6ms)
			SetLoadedEditorAssemblies (3ms)
			RefreshPlugins (0ms)
			BeforeProcessingInitializeOnLoad (1ms)
			ProcessInitializeOnLoadAttributes (76ms)
			ProcessInitializeOnLoadMethodAttributes (25ms)
			AfterProcessingInitializeOnLoad (0ms)
			EditorAssembliesLoaded (0ms)
		ExecutionOrderSort2 (0ms)
		AwakeInstancesAfterBackupRestoration (0ms)
========================================================================
Worker process is ready to serve import requests
Caller must complete domain reload
Begin MonoManager ReloadAssembly
- Loaded All Assemblies, in  0.335 seconds
Native extension for WindowsStandalone target not found
Native extension for WebGL target not found
Mono: successfully reloaded assembly
- Finished resetting the current domain, in  0.311 seconds
Domain Reload Profiling: 643ms
	BeginReloadAssembly (83ms)
		ExecutionOrderSort (0ms)
		DisableScriptedObjects (3ms)
		BackupInstance (0ms)
		ReleaseScriptingObjects (0ms)
		CreateAndSetChildDomain (17ms)
	RebuildCommonClasses (20ms)
	RebuildNativeTypeToScriptingClass (5ms)
	initialDomainReloadingComplete (24ms)
	LoadAllAssembliesAndSetupDomain (199ms)
		LoadAssemblies (151ms)
		RebuildTransferFunctionScriptingTraits (0ms)
		AnalyzeDomain (90ms)
			TypeCache.Refresh (80ms)
				TypeCache.ScanAssembly (73ms)
			ScanForSourceGeneratedMonoScriptInfo (7ms)
			ResolveRequiredComponents (2ms)
	FinalizeReload (311ms)
		ReleaseScriptCaches (0ms)
		RebuildScriptCaches (0ms)
		SetupLoadedEditorAssemblies (237ms)
			LogAssemblyErrors (0ms)
			InitializePlatformSupportModulesInManaged (4ms)
			SetLoadedEditorAssemblies (2ms)
			RefreshPlugins (0ms)
			BeforeProcessingInitializeOnLoad (35ms)
			ProcessInitializeOnLoadAttributes (175ms)
			ProcessInitializeOnLoadMethodAttributes (12ms)
			AfterProcessingInitializeOnLoad (7ms)
			EditorAssembliesLoaded (0ms)
		ExecutionOrderSort2 (0ms)
		AwakeInstancesAfterBackupRestoration (7ms)
Launched and connected shader compiler UnityShaderCompiler.exe after 0.03 seconds
Refreshing native plugins compatible for Editor in 2.61 ms, found 3 plugins.
Preloading 0 native plugins for Editor in 0.00 ms.
Unloading 3179 Unused Serialized files (Serialized files now loaded: 0)
Unloading 19 unused Assets / (55.0 KB). Loaded Objects now: 3649.
Memory consumption went from 129.5 MB to 129.4 MB.
Total: 1.781300 ms (FindLiveObjects: 0.141900 ms CreateObjectMapping: 0.032800 ms MarkObjects: 1.535100 ms  DeleteObjects: 0.070800 ms)

AssetImportParameters requested are different than current active one (requested -> active):
  custom:container-demuxer-ogg: 62fdf1f143b41e24485cea50d1cbac27 -> 
  custom:video-codec-MediaFoundation-h265: 746d11721c4dcdbdad8f713fa42b33f4 -> 
  custom:video-decoder-ogg-theora: a1e56fd34408186e4bbccfd4996cb3dc -> 
  custom:framework-win-MediaFoundation: 216162199b28c13a410421893ffa2e32 -> 
  custom:CustomObjectIndexerAttribute: 9a22284fe3817be447336de3de66b15e -> 
  custom:container-demuxer-webm: 4f35f7cbe854078d1ac9338744f61a02 -> 
  custom:container-muxer-webm: aa71ff27fc2769a1b78a27578f13a17b -> 
  custom:video-decoder-webm-vp8: 9c59270c3fd7afecdb556c50c9e8de78 -> 
  custom:SearchIndexIgnoredProperties: e643bd26f0fe6173181afceb89e7c659 -> 
  custom:AudioImporter_EditorPlatform: d09bf68614088b80899f8185d706f6e7 -> 
  custom:video-encoder-webm-vp8: eb34c28f22e8b96e1ab97ce403110664 -> 
  custom:audio-decoder-ogg-vorbis: bf7c407c2cedff20999df2af8eb42d56 -> 
  custom:audio-encoder-webm-vorbis: bf7c407c2cedff20999df2af8eb42d56 -> 
========================================================================
Received Prepare
Caller must complete domain reload
Begin MonoManager ReloadAssembly
- Loaded All Assemblies, in  0.253 seconds
Native extension for WindowsStandalone target not found
Native extension for WebGL target not found
Mono: successfully reloaded assembly
- Finished resetting the current domain, in  0.477 seconds
Domain Reload Profiling: 727ms
	BeginReloadAssembly (89ms)
		ExecutionOrderSort (0ms)
		DisableScriptedObjects (3ms)
		BackupInstance (0ms)
		ReleaseScriptingObjects (0ms)
		CreateAndSetChildDomain (22ms)
	RebuildCommonClasses (17ms)
	RebuildNativeTypeToScriptingClass (5ms)
	initialDomainReloadingComplete (18ms)
	LoadAllAssembliesAndSetupDomain (121ms)
		LoadAssemblies (153ms)
		RebuildTransferFunctionScriptingTraits (0ms)
		AnalyzeDomain (7ms)
			TypeCache.Refresh (3ms)
				TypeCache.ScanAssembly (0ms)
			ScanForSourceGeneratedMonoScriptInfo (0ms)
			ResolveRequiredComponents (3ms)
	FinalizeReload (478ms)
		ReleaseScriptCaches (0ms)
		RebuildScriptCaches (0ms)
		SetupLoadedEditorAssemblies (186ms)
			LogAssemblyErrors (0ms)
			InitializePlatformSupportModulesInManaged (4ms)
			SetLoadedEditorAssemblies (2ms)
			RefreshPlugins (0ms)
			BeforeProcessingInitializeOnLoad (31ms)
			ProcessInitializeOnLoadAttributes (134ms)
			ProcessInitializeOnLoadMethodAttributes (9ms)
			AfterProcessingInitializeOnLoad (6ms)
			EditorAssembliesLoaded (0ms)
		ExecutionOrderSort2 (0ms)
		AwakeInstancesAfterBackupRestoration (6ms)
Refreshing native plugins compatible for Editor in 2.67 ms, found 3 plugins.
Preloading 0 native plugins for Editor in 0.00 ms.
Unloading 3154 Unused Serialized files (Serialized files now loaded: 0)
Unloading 14 unused Assets / (28.5 KB). Loaded Objects now: 3652.
Memory consumption went from 124.0 MB to 124.0 MB.
Total: 1.756300 ms (FindLiveObjects: 0.157400 ms CreateObjectMapping: 0.028500 ms MarkObjects: 1.472800 ms  DeleteObjects: 0.096900 ms)

Prepare: number of updated asset objects reloaded= 0
AssetImportParameters requested are different than current active one (requested -> active):
  custom:container-demuxer-ogg: 62fdf1f143b41e24485cea50d1cbac27 -> 
  custom:video-codec-MediaFoundation-h265: 746d11721c4dcdbdad8f713fa42b33f4 -> 
  custom:video-decoder-ogg-theora: a1e56fd34408186e4bbccfd4996cb3dc -> 
  custom:framework-win-MediaFoundation: 216162199b28c13a410421893ffa2e32 -> 
  custom:CustomObjectIndexerAttribute: 9a22284fe3817be447336de3de66b15e -> 
  custom:container-demuxer-webm: 4f35f7cbe854078d1ac9338744f61a02 -> 
  custom:container-muxer-webm: aa71ff27fc2769a1b78a27578f13a17b -> 
  custom:video-decoder-webm-vp8: 9c59270c3fd7afecdb556c50c9e8de78 -> 
  custom:SearchIndexIgnoredProperties: e643bd26f0fe6173181afceb89e7c659 -> 
  custom:AudioImporter_EditorPlatform: d09bf68614088b80899f8185d706f6e7 -> 
  custom:video-encoder-webm-vp8: eb34c28f22e8b96e1ab97ce403110664 -> 
  custom:audio-decoder-ogg-vorbis: bf7c407c2cedff20999df2af8eb42d56 -> 
  custom:audio-encoder-webm-vorbis: bf7c407c2cedff20999df2af8eb42d56 -> 
========================================================================
Received Prepare
Caller must complete domain reload
Begin MonoManager ReloadAssembly
- Loaded All Assemblies, in  0.246 seconds
Native extension for WindowsStandalone target not found
Native extension for WebGL target not found
Mono: successfully reloaded assembly
- Finished resetting the current domain, in  0.486 seconds
Domain Reload Profiling: 729ms
	BeginReloadAssembly (83ms)
		ExecutionOrderSort (0ms)
		DisableScriptedObjects (2ms)
		BackupInstance (0ms)
		ReleaseScriptingObjects (0ms)
		CreateAndSetChildDomain (19ms)
	RebuildCommonClasses (18ms)
	RebuildNativeTypeToScriptingClass (5ms)
	initialDomainReloadingComplete (20ms)
	LoadAllAssembliesAndSetupDomain (117ms)
		LoadAssemblies (143ms)
		RebuildTransferFunctionScriptingTraits (0ms)
		AnalyzeDomain (14ms)
			TypeCache.Refresh (4ms)
				TypeCache.ScanAssembly (0ms)
			ScanForSourceGeneratedMonoScriptInfo (4ms)
			ResolveRequiredComponents (4ms)
	FinalizeReload (486ms)
		ReleaseScriptCaches (0ms)
		RebuildScriptCaches (0ms)
		SetupLoadedEditorAssemblies (196ms)
			LogAssemblyErrors (0ms)
			InitializePlatformSupportModulesInManaged (4ms)
			SetLoadedEditorAssemblies (2ms)
			RefreshPlugins (0ms)
			BeforeProcessingInitializeOnLoad (34ms)
			ProcessInitializeOnLoadAttributes (139ms)
			ProcessInitializeOnLoadMethodAttributes (11ms)
			AfterProcessingInitializeOnLoad (6ms)
			EditorAssembliesLoaded (0ms)
		ExecutionOrderSort2 (0ms)
		AwakeInstancesAfterBackupRestoration (6ms)
Refreshing native plugins compatible for Editor in 3.07 ms, found 3 plugins.
Preloading 0 native plugins for Editor in 0.00 ms.
Unloading 3155 Unused Serialized files (Serialized files now loaded: 0)
Unloading 14 unused Assets / (28.5 KB). Loaded Objects now: 3656.
Memory consumption went from 124.0 MB to 124.0 MB.
Total: 1.651100 ms (FindLiveObjects: 0.171500 ms CreateObjectMapping: 0.029400 ms MarkObjects: 1.417800 ms  DeleteObjects: 0.031600 ms)

Prepare: number of updated asset objects reloaded= 0
AssetImportParameters requested are different than current active one (requested -> active):
  custom:container-demuxer-ogg: 62fdf1f143b41e24485cea50d1cbac27 -> 
  custom:video-codec-MediaFoundation-h265: 746d11721c4dcdbdad8f713fa42b33f4 -> 
  custom:video-decoder-ogg-theora: a1e56fd34408186e4bbccfd4996cb3dc -> 
  custom:framework-win-MediaFoundation: 216162199b28c13a410421893ffa2e32 -> 
  custom:CustomObjectIndexerAttribute: 9a22284fe3817be447336de3de66b15e -> 
  custom:container-demuxer-webm: 4f35f7cbe854078d1ac9338744f61a02 -> 
  custom:container-muxer-webm: aa71ff27fc2769a1b78a27578f13a17b -> 
  custom:video-decoder-webm-vp8: 9c59270c3fd7afecdb556c50c9e8de78 -> 
  custom:SearchIndexIgnoredProperties: e643bd26f0fe6173181afceb89e7c659 -> 
  custom:AudioImporter_EditorPlatform: d09bf68614088b80899f8185d706f6e7 -> 
  custom:video-encoder-webm-vp8: eb34c28f22e8b96e1ab97ce403110664 -> 
  custom:scripting/monoscript/fileName/ItemInfo.cs: 4345b207401976263c98309feb50af4a -> 
  custom:audio-decoder-ogg-vorbis: bf7c407c2cedff20999df2af8eb42d56 -> 
  custom:audio-encoder-webm-vorbis: bf7c407c2cedff20999df2af8eb42d56 -> 
  custom:scripting/precompiled-assembly-types:Assembly-CSharp: a1b97eb2d69f8467c7c3c81f5b22cb3c -> f3c577f6a5d9e0216c8dee55e7d0d5a7
========================================================================
Received Import Request.
  Time since last request: 240037.803686 seconds.
  path: Assets/ModernSupermarket/Scripts/ItemInfo.cs
  artifactKey: Guid(54f6ec3aaa3304548b40d4e79cedb250) Importer(815301076,1909f56bfc062723c751e8b465ee728b)
Start importing Assets/ModernSupermarket/Scripts/ItemInfo.cs using Guid(54f6ec3aaa3304548b40d4e79cedb250) Importer(815301076,1909f56bfc062723c751e8b465ee728b) [PhysX] Initialized MultithreadedTaskDispatcher with 16 workers.
 -> (artifact id: '071d06b95ea1c6e5eef7894c326edea2') in 0.001658 seconds
Number of updated asset objects reloaded before import = 0
Number of asset objects unloaded after import = 0
========================================================================
Received Prepare
Caller must complete domain reload
Begin MonoManager ReloadAssembly
- Loaded All Assemblies, in  0.247 seconds
Native extension for WindowsStandalone target not found
Native extension for WebGL target not found
Mono: successfully reloaded assembly
- Finished resetting the current domain, in  0.455 seconds
Domain Reload Profiling: 699ms
	BeginReloadAssembly (85ms)
		ExecutionOrderSort (0ms)
		DisableScriptedObjects (3ms)
		BackupInstance (0ms)
		ReleaseScriptingObjects (0ms)
		CreateAndSetChildDomain (20ms)
	RebuildCommonClasses (17ms)
	RebuildNativeTypeToScriptingClass (5ms)
	initialDomainReloadingComplete (18ms)
	LoadAllAssembliesAndSetupDomain (119ms)
		LoadAssemblies (144ms)
		RebuildTransferFunctionScriptingTraits (0ms)
		AnalyzeDomain (14ms)
			TypeCache.Refresh (4ms)
				TypeCache.ScanAssembly (0ms)
			ScanForSourceGeneratedMonoScriptInfo (5ms)
			ResolveRequiredComponents (4ms)
	FinalizeReload (455ms)
		ReleaseScriptCaches (0ms)
		RebuildScriptCaches (0ms)
		SetupLoadedEditorAssemblies (180ms)
			LogAssemblyErrors (0ms)
			InitializePlatformSupportModulesInManaged (4ms)
			SetLoadedEditorAssemblies (2ms)
			RefreshPlugins (0ms)
			BeforeProcessingInitializeOnLoad (32ms)
			ProcessInitializeOnLoadAttributes (127ms)
			ProcessInitializeOnLoadMethodAttributes (9ms)
			AfterProcessingInitializeOnLoad (7ms)
			EditorAssembliesLoaded (0ms)
		ExecutionOrderSort2 (0ms)
		AwakeInstancesAfterBackupRestoration (6ms)
Refreshing native plugins compatible for Editor in 3.10 ms, found 3 plugins.
Preloading 0 native plugins for Editor in 0.00 ms.
Unloading 3153 Unused Serialized files (Serialized files now loaded: 0)
Unloading 15 unused Assets / (29.0 KB). Loaded Objects now: 3658.
Memory consumption went from 123.8 MB to 123.7 MB.
Total: 1.846700 ms (FindLiveObjects: 0.201800 ms CreateObjectMapping: 0.054500 ms MarkObjects: 1.553900 ms  DeleteObjects: 0.035600 ms)

Prepare: number of updated asset objects reloaded= 0
AssetImportParameters requested are different than current active one (requested -> active):
  custom:container-demuxer-ogg: 62fdf1f143b41e24485cea50d1cbac27 -> 
  custom:video-codec-MediaFoundation-h265: 746d11721c4dcdbdad8f713fa42b33f4 -> 
  custom:video-decoder-ogg-theora: a1e56fd34408186e4bbccfd4996cb3dc -> 
  custom:framework-win-MediaFoundation: 216162199b28c13a410421893ffa2e32 -> 
  custom:CustomObjectIndexerAttribute: 9a22284fe3817be447336de3de66b15e -> 
  custom:container-demuxer-webm: 4f35f7cbe854078d1ac9338744f61a02 -> 
  custom:container-muxer-webm: aa71ff27fc2769a1b78a27578f13a17b -> 
  custom:video-decoder-webm-vp8: 9c59270c3fd7afecdb556c50c9e8de78 -> 
  custom:SearchIndexIgnoredProperties: e643bd26f0fe6173181afceb89e7c659 -> 
  custom:AudioImporter_EditorPlatform: d09bf68614088b80899f8185d706f6e7 -> 
  custom:video-encoder-webm-vp8: eb34c28f22e8b96e1ab97ce403110664 -> 
  custom:scripting/monoscript/fileName/ItemInfo.cs: 4345b207401976263c98309feb50af4a -> 
  custom:audio-decoder-ogg-vorbis: bf7c407c2cedff20999df2af8eb42d56 -> 
  custom:audio-encoder-webm-vorbis: bf7c407c2cedff20999df2af8eb42d56 -> 
========================================================================
Received Prepare
Caller must complete domain reload
Begin MonoManager ReloadAssembly
- Loaded All Assemblies, in  0.260 seconds
Native extension for WindowsStandalone target not found
Native extension for WebGL target not found
Mono: successfully reloaded assembly
- Finished resetting the current domain, in  0.578 seconds
Domain Reload Profiling: 834ms
	BeginReloadAssembly (94ms)
		ExecutionOrderSort (0ms)
		DisableScriptedObjects (2ms)
		BackupInstance (0ms)
		ReleaseScriptingObjects (0ms)
		CreateAndSetChildDomain (19ms)
	RebuildCommonClasses (20ms)
	RebuildNativeTypeToScriptingClass (6ms)
	initialDomainReloadingComplete (19ms)
	LoadAllAssembliesAndSetupDomain (118ms)
		LoadAssemblies (155ms)
		RebuildTransferFunctionScriptingTraits (0ms)
		AnalyzeDomain (12ms)
			TypeCache.Refresh (5ms)
				TypeCache.ScanAssembly (0ms)
			ScanForSourceGeneratedMonoScriptInfo (4ms)
			ResolveRequiredComponents (3ms)
	FinalizeReload (578ms)
		ReleaseScriptCaches (0ms)
		RebuildScriptCaches (0ms)
		SetupLoadedEditorAssemblies (208ms)
			LogAssemblyErrors (0ms)
			InitializePlatformSupportModulesInManaged (5ms)
			SetLoadedEditorAssemblies (3ms)
			RefreshPlugins (0ms)
			BeforeProcessingInitializeOnLoad (43ms)
			ProcessInitializeOnLoadAttributes (141ms)
			ProcessInitializeOnLoadMethodAttributes (11ms)
			AfterProcessingInitializeOnLoad (6ms)
			EditorAssembliesLoaded (0ms)
		ExecutionOrderSort2 (0ms)
		AwakeInstancesAfterBackupRestoration (6ms)
Refreshing native plugins compatible for Editor in 3.40 ms, found 3 plugins.
Preloading 0 native plugins for Editor in 0.00 ms.
Unloading 3155 Unused Serialized files (Serialized files now loaded: 0)
Unloading 14 unused Assets / (28.5 KB). Loaded Objects now: 3662.
Memory consumption went from 124.0 MB to 124.0 MB.
Total: 1.858300 ms (FindLiveObjects: 0.174400 ms CreateObjectMapping: 0.030900 ms MarkObjects: 1.618600 ms  DeleteObjects: 0.033400 ms)

Prepare: number of updated asset objects reloaded= 0
AssetImportParameters requested are different than current active one (requested -> active):
  custom:container-demuxer-ogg: 62fdf1f143b41e24485cea50d1cbac27 -> 
  custom:video-codec-MediaFoundation-h265: 746d11721c4dcdbdad8f713fa42b33f4 -> 
  custom:video-decoder-ogg-theora: a1e56fd34408186e4bbccfd4996cb3dc -> 
  custom:framework-win-MediaFoundation: 216162199b28c13a410421893ffa2e32 -> 
  custom:CustomObjectIndexerAttribute: 9a22284fe3817be447336de3de66b15e -> 
  custom:container-demuxer-webm: 4f35f7cbe854078d1ac9338744f61a02 -> 
  custom:container-muxer-webm: aa71ff27fc2769a1b78a27578f13a17b -> 
  custom:video-decoder-webm-vp8: 9c59270c3fd7afecdb556c50c9e8de78 -> 
  custom:SearchIndexIgnoredProperties: e643bd26f0fe6173181afceb89e7c659 -> 
  custom:AudioImporter_EditorPlatform: d09bf68614088b80899f8185d706f6e7 -> 
  custom:video-encoder-webm-vp8: eb34c28f22e8b96e1ab97ce403110664 -> 
  custom:scripting/monoscript/fileName/ItemInfo.cs: 4345b207401976263c98309feb50af4a -> 
  custom:audio-decoder-ogg-vorbis: bf7c407c2cedff20999df2af8eb42d56 -> 
  custom:audio-encoder-webm-vorbis: bf7c407c2cedff20999df2af8eb42d56 -> 
  custom:scripting/precompiled-assembly-types:Assembly-CSharp: a1b97eb2d69f8467c7c3c81f5b22cb3c -> f3c577f6a5d9e0216c8dee55e7d0d5a7
========================================================================
Received Prepare
Caller must complete domain reload
Begin MonoManager ReloadAssembly
- Loaded All Assemblies, in  0.307 seconds
Native extension for WindowsStandalone target not found
Native extension for WebGL target not found
Mono: successfully reloaded assembly
- Finished resetting the current domain, in  0.612 seconds
Domain Reload Profiling: 915ms
	BeginReloadAssembly (106ms)
		ExecutionOrderSort (0ms)
		DisableScriptedObjects (3ms)
		BackupInstance (0ms)
		ReleaseScriptingObjects (0ms)
		CreateAndSetChildDomain (25ms)
	RebuildCommonClasses (23ms)
	RebuildNativeTypeToScriptingClass (9ms)
	initialDomainReloadingComplete (21ms)
	LoadAllAssembliesAndSetupDomain (143ms)
		LoadAssemblies (180ms)
		RebuildTransferFunctionScriptingTraits (0ms)
		AnalyzeDomain (15ms)
			TypeCache.Refresh (5ms)
				TypeCache.ScanAssembly (1ms)
			ScanForSourceGeneratedMonoScriptInfo (5ms)
			ResolveRequiredComponents (4ms)
	FinalizeReload (612ms)
		ReleaseScriptCaches (0ms)
		RebuildScriptCaches (0ms)
		SetupLoadedEditorAssemblies (238ms)
			LogAssemblyErrors (0ms)
			InitializePlatformSupportModulesInManaged (5ms)
			SetLoadedEditorAssemblies (3ms)
			RefreshPlugins (0ms)
			BeforeProcessingInitializeOnLoad (41ms)
			ProcessInitializeOnLoadAttributes (169ms)
			ProcessInitializeOnLoadMethodAttributes (10ms)
			AfterProcessingInitializeOnLoad (8ms)
			EditorAssembliesLoaded (0ms)
		ExecutionOrderSort2 (0ms)
		AwakeInstancesAfterBackupRestoration (8ms)
Refreshing native plugins compatible for Editor in 3.31 ms, found 3 plugins.
Preloading 0 native plugins for Editor in 0.00 ms.
Unloading 3155 Unused Serialized files (Serialized files now loaded: 0)
Unloading 14 unused Assets / (28.5 KB). Loaded Objects now: 3665.
Memory consumption went from 124.0 MB to 124.0 MB.
Total: 2.713400 ms (FindLiveObjects: 0.323300 ms CreateObjectMapping: 0.093300 ms MarkObjects: 2.253200 ms  DeleteObjects: 0.042900 ms)

Prepare: number of updated asset objects reloaded= 0
AssetImportParameters requested are different than current active one (requested -> active):
  custom:container-demuxer-ogg: 62fdf1f143b41e24485cea50d1cbac27 -> 
  custom:video-codec-MediaFoundation-h265: 746d11721c4dcdbdad8f713fa42b33f4 -> 
  custom:video-decoder-ogg-theora: a1e56fd34408186e4bbccfd4996cb3dc -> 
  custom:framework-win-MediaFoundation: 216162199b28c13a410421893ffa2e32 -> 
  custom:CustomObjectIndexerAttribute: 9a22284fe3817be447336de3de66b15e -> 
  custom:container-demuxer-webm: 4f35f7cbe854078d1ac9338744f61a02 -> 
  custom:container-muxer-webm: aa71ff27fc2769a1b78a27578f13a17b -> 
  custom:video-decoder-webm-vp8: 9c59270c3fd7afecdb556c50c9e8de78 -> 
  custom:SearchIndexIgnoredProperties: e643bd26f0fe6173181afceb89e7c659 -> 
  custom:AudioImporter_EditorPlatform: d09bf68614088b80899f8185d706f6e7 -> 
  custom:video-encoder-webm-vp8: eb34c28f22e8b96e1ab97ce403110664 -> 
  custom:scripting/monoscript/fileName/ItemInfo.cs: 41c6c9b806385a64c343be70e593e9ea -> 
  custom:audio-decoder-ogg-vorbis: bf7c407c2cedff20999df2af8eb42d56 -> 
  custom:audio-encoder-webm-vorbis: bf7c407c2cedff20999df2af8eb42d56 -> 
  custom:scripting/precompiled-assembly-types:Assembly-CSharp: 1ce8c170353498bee40472d17e7d0289 -> f3c577f6a5d9e0216c8dee55e7d0d5a7
========================================================================
Received Prepare
Caller must complete domain reload
Begin MonoManager ReloadAssembly
- Loaded All Assemblies, in  0.277 seconds
Native extension for WindowsStandalone target not found
Native extension for WebGL target not found
Mono: successfully reloaded assembly
- Finished resetting the current domain, in  0.502 seconds
Domain Reload Profiling: 775ms
	BeginReloadAssembly (87ms)
		ExecutionOrderSort (0ms)
		DisableScriptedObjects (2ms)
		BackupInstance (0ms)
		ReleaseScriptingObjects (0ms)
		CreateAndSetChildDomain (20ms)
	RebuildCommonClasses (16ms)
	RebuildNativeTypeToScriptingClass (5ms)
	initialDomainReloadingComplete (47ms)
	LoadAllAssembliesAndSetupDomain (118ms)
		LoadAssemblies (153ms)
		RebuildTransferFunctionScriptingTraits (0ms)
		AnalyzeDomain (7ms)
			TypeCache.Refresh (3ms)
				TypeCache.ScanAssembly (0ms)
			ScanForSourceGeneratedMonoScriptInfo (0ms)
			ResolveRequiredComponents (3ms)
	FinalizeReload (503ms)
		ReleaseScriptCaches (0ms)
		RebuildScriptCaches (0ms)
		SetupLoadedEditorAssemblies (199ms)
			LogAssemblyErrors (0ms)
			InitializePlatformSupportModulesInManaged (4ms)
			SetLoadedEditorAssemblies (2ms)
			RefreshPlugins (0ms)
			BeforeProcessingInitializeOnLoad (35ms)
			ProcessInitializeOnLoadAttributes (140ms)
			ProcessInitializeOnLoadMethodAttributes (11ms)
			AfterProcessingInitializeOnLoad (7ms)
			EditorAssembliesLoaded (0ms)
		ExecutionOrderSort2 (0ms)
		AwakeInstancesAfterBackupRestoration (7ms)
Refreshing native plugins compatible for Editor in 4.29 ms, found 3 plugins.
Preloading 0 native plugins for Editor in 0.00 ms.
Unloading 3155 Unused Serialized files (Serialized files now loaded: 0)
Unloading 14 unused Assets / (28.5 KB). Loaded Objects now: 3668.
Memory consumption went from 124.0 MB to 124.0 MB.
Total: 1.769700 ms (FindLiveObjects: 0.181100 ms CreateObjectMapping: 0.048600 ms MarkObjects: 1.507300 ms  DeleteObjects: 0.032000 ms)

Prepare: number of updated asset objects reloaded= 0
AssetImportParameters requested are different than current active one (requested -> active):
  custom:container-demuxer-ogg: 62fdf1f143b41e24485cea50d1cbac27 -> 
  custom:video-codec-MediaFoundation-h265: 746d11721c4dcdbdad8f713fa42b33f4 -> 
  custom:video-decoder-ogg-theora: a1e56fd34408186e4bbccfd4996cb3dc -> 
  custom:framework-win-MediaFoundation: 216162199b28c13a410421893ffa2e32 -> 
  custom:CustomObjectIndexerAttribute: 9a22284fe3817be447336de3de66b15e -> 
  custom:container-demuxer-webm: 4f35f7cbe854078d1ac9338744f61a02 -> 
  custom:container-muxer-webm: aa71ff27fc2769a1b78a27578f13a17b -> 
  custom:video-decoder-webm-vp8: 9c59270c3fd7afecdb556c50c9e8de78 -> 
  custom:SearchIndexIgnoredProperties: e643bd26f0fe6173181afceb89e7c659 -> 
  custom:AudioImporter_EditorPlatform: d09bf68614088b80899f8185d706f6e7 -> 
  custom:video-encoder-webm-vp8: eb34c28f22e8b96e1ab97ce403110664 -> 
  custom:scripting/monoscript/fileName/ItemInfo.cs: 41c6c9b806385a64c343be70e593e9ea -> 
  custom:audio-decoder-ogg-vorbis: bf7c407c2cedff20999df2af8eb42d56 -> 
  custom:audio-encoder-webm-vorbis: bf7c407c2cedff20999df2af8eb42d56 -> 
  custom:scripting/precompiled-assembly-types:Assembly-CSharp: 1ce8c170353498bee40472d17e7d0289 -> f3c577f6a5d9e0216c8dee55e7d0d5a7
========================================================================
Received Prepare
Caller must complete domain reload
Begin MonoManager ReloadAssembly
- Loaded All Assemblies, in  0.276 seconds
Native extension for WindowsStandalone target not found
Native extension for WebGL target not found
Mono: successfully reloaded assembly
- Finished resetting the current domain, in  0.526 seconds
Domain Reload Profiling: 799ms
	BeginReloadAssembly (86ms)
		ExecutionOrderSort (0ms)
		DisableScriptedObjects (2ms)
		BackupInstance (0ms)
		ReleaseScriptingObjects (0ms)
		CreateAndSetChildDomain (20ms)
	RebuildCommonClasses (16ms)
	RebuildNativeTypeToScriptingClass (35ms)
	initialDomainReloadingComplete (23ms)
	LoadAllAssembliesAndSetupDomain (114ms)
		LoadAssemblies (147ms)
		RebuildTransferFunctionScriptingTraits (0ms)
		AnalyzeDomain (7ms)
			TypeCache.Refresh (3ms)
				TypeCache.ScanAssembly (0ms)
			ScanForSourceGeneratedMonoScriptInfo (0ms)
			ResolveRequiredComponents (3ms)
	FinalizeReload (526ms)
		ReleaseScriptCaches (0ms)
		RebuildScriptCaches (0ms)
		SetupLoadedEditorAssemblies (215ms)
			LogAssemblyErrors (0ms)
			InitializePlatformSupportModulesInManaged (4ms)
			SetLoadedEditorAssemblies (3ms)
			RefreshPlugins (0ms)
			BeforeProcessingInitializeOnLoad (34ms)
			ProcessInitializeOnLoadAttributes (156ms)
			ProcessInitializeOnLoadMethodAttributes (10ms)
			AfterProcessingInitializeOnLoad (8ms)
			EditorAssembliesLoaded (0ms)
		ExecutionOrderSort2 (0ms)
		AwakeInstancesAfterBackupRestoration (7ms)
Refreshing native plugins compatible for Editor in 2.77 ms, found 3 plugins.
Preloading 0 native plugins for Editor in 0.00 ms.
Unloading 3155 Unused Serialized files (Serialized files now loaded: 0)
Unloading 14 unused Assets / (28.5 KB). Loaded Objects now: 3671.
Memory consumption went from 124.0 MB to 124.0 MB.
Total: 2.095000 ms (FindLiveObjects: 0.168500 ms CreateObjectMapping: 0.036800 ms MarkObjects: 1.856500 ms  DeleteObjects: 0.032300 ms)

Prepare: number of updated asset objects reloaded= 0
AssetImportParameters requested are different than current active one (requested -> active):
  custom:container-demuxer-ogg: 62fdf1f143b41e24485cea50d1cbac27 -> 
  custom:video-codec-MediaFoundation-h265: 746d11721c4dcdbdad8f713fa42b33f4 -> 
  custom:video-decoder-ogg-theora: a1e56fd34408186e4bbccfd4996cb3dc -> 
  custom:framework-win-MediaFoundation: 216162199b28c13a410421893ffa2e32 -> 
  custom:CustomObjectIndexerAttribute: 9a22284fe3817be447336de3de66b15e -> 
  custom:container-demuxer-webm: 4f35f7cbe854078d1ac9338744f61a02 -> 
  custom:container-muxer-webm: aa71ff27fc2769a1b78a27578f13a17b -> 
  custom:video-decoder-webm-vp8: 9c59270c3fd7afecdb556c50c9e8de78 -> 
  custom:SearchIndexIgnoredProperties: e643bd26f0fe6173181afceb89e7c659 -> 
  custom:AudioImporter_EditorPlatform: d09bf68614088b80899f8185d706f6e7 -> 
  custom:video-encoder-webm-vp8: eb34c28f22e8b96e1ab97ce403110664 -> 
  custom:scripting/monoscript/fileName/ItemInfo.cs: 41c6c9b806385a64c343be70e593e9ea -> 
  custom:audio-decoder-ogg-vorbis: bf7c407c2cedff20999df2af8eb42d56 -> 
  custom:audio-encoder-webm-vorbis: bf7c407c2cedff20999df2af8eb42d56 -> 
  custom:scripting/precompiled-assembly-types:Assembly-CSharp: 1ce8c170353498bee40472d17e7d0289 -> f3c577f6a5d9e0216c8dee55e7d0d5a7
========================================================================
Received Prepare
Caller must complete domain reload
Begin MonoManager ReloadAssembly
- Loaded All Assemblies, in  0.271 seconds
Native extension for WindowsStandalone target not found
Native extension for WebGL target not found
Mono: successfully reloaded assembly
- Finished resetting the current domain, in  0.483 seconds
Domain Reload Profiling: 750ms
	BeginReloadAssembly (86ms)
		ExecutionOrderSort (0ms)
		DisableScriptedObjects (3ms)
		BackupInstance (0ms)
		ReleaseScriptingObjects (0ms)
		CreateAndSetChildDomain (18ms)
	RebuildCommonClasses (17ms)
	RebuildNativeTypeToScriptingClass (31ms)
	initialDomainReloadingComplete (29ms)
	LoadAllAssembliesAndSetupDomain (106ms)
		LoadAssemblies (140ms)
		RebuildTransferFunctionScriptingTraits (0ms)
		AnalyzeDomain (7ms)
			TypeCache.Refresh (2ms)
				TypeCache.ScanAssembly (0ms)
			ScanForSourceGeneratedMonoScriptInfo (0ms)
			ResolveRequiredComponents (4ms)
	FinalizeReload (483ms)
		ReleaseScriptCaches (0ms)
		RebuildScriptCaches (0ms)
		SetupLoadedEditorAssemblies (189ms)
			LogAssemblyErrors (0ms)
			InitializePlatformSupportModulesInManaged (4ms)
			SetLoadedEditorAssemblies (3ms)
			RefreshPlugins (0ms)
			BeforeProcessingInitializeOnLoad (33ms)
			ProcessInitializeOnLoadAttributes (134ms)
			ProcessInitializeOnLoadMethodAttributes (9ms)
			AfterProcessingInitializeOnLoad (6ms)
			EditorAssembliesLoaded (0ms)
		ExecutionOrderSort2 (0ms)
		AwakeInstancesAfterBackupRestoration (6ms)
Refreshing native plugins compatible for Editor in 3.57 ms, found 3 plugins.
Preloading 0 native plugins for Editor in 0.00 ms.
Unloading 3155 Unused Serialized files (Serialized files now loaded: 0)
Unloading 14 unused Assets / (28.5 KB). Loaded Objects now: 3674.
Memory consumption went from 124.0 MB to 124.0 MB.
Total: 1.747400 ms (FindLiveObjects: 0.186200 ms CreateObjectMapping: 0.029400 ms MarkObjects: 1.499400 ms  DeleteObjects: 0.031600 ms)

Prepare: number of updated asset objects reloaded= 0
AssetImportParameters requested are different than current active one (requested -> active):
  custom:container-demuxer-ogg: 62fdf1f143b41e24485cea50d1cbac27 -> 
  custom:video-codec-MediaFoundation-h265: 746d11721c4dcdbdad8f713fa42b33f4 -> 
  custom:video-decoder-ogg-theora: a1e56fd34408186e4bbccfd4996cb3dc -> 
  custom:framework-win-MediaFoundation: 216162199b28c13a410421893ffa2e32 -> 
  custom:CustomObjectIndexerAttribute: 9a22284fe3817be447336de3de66b15e -> 
  custom:container-demuxer-webm: 4f35f7cbe854078d1ac9338744f61a02 -> 
  custom:container-muxer-webm: aa71ff27fc2769a1b78a27578f13a17b -> 
  custom:video-decoder-webm-vp8: 9c59270c3fd7afecdb556c50c9e8de78 -> 
  custom:SearchIndexIgnoredProperties: e643bd26f0fe6173181afceb89e7c659 -> 
  custom:AudioImporter_EditorPlatform: d09bf68614088b80899f8185d706f6e7 -> 
  custom:video-encoder-webm-vp8: eb34c28f22e8b96e1ab97ce403110664 -> 
  custom:scripting/monoscript/fileName/ItemInfo.cs: 41c6c9b806385a64c343be70e593e9ea -> 
  custom:audio-decoder-ogg-vorbis: bf7c407c2cedff20999df2af8eb42d56 -> 
  custom:audio-encoder-webm-vorbis: bf7c407c2cedff20999df2af8eb42d56 -> 
  custom:scripting/precompiled-assembly-types:Assembly-CSharp: 1ce8c170353498bee40472d17e7d0289 -> f3c577f6a5d9e0216c8dee55e7d0d5a7
========================================================================
Received Prepare
Caller must complete domain reload
Begin MonoManager ReloadAssembly
- Loaded All Assemblies, in  0.306 seconds
Native extension for WindowsStandalone target not found
Native extension for WebGL target not found
Mono: successfully reloaded assembly
- Finished resetting the current domain, in  0.605 seconds
Domain Reload Profiling: 907ms
	BeginReloadAssembly (104ms)
		ExecutionOrderSort (0ms)
		DisableScriptedObjects (2ms)
		BackupInstance (0ms)
		ReleaseScriptingObjects (0ms)
		CreateAndSetChildDomain (21ms)
	RebuildCommonClasses (24ms)
	RebuildNativeTypeToScriptingClass (10ms)
	initialDomainReloadingComplete (19ms)
	LoadAllAssembliesAndSetupDomain (145ms)
		LoadAssemblies (184ms)
		RebuildTransferFunctionScriptingTraits (0ms)
		AnalyzeDomain (15ms)
			TypeCache.Refresh (5ms)
				TypeCache.ScanAssembly (0ms)
			ScanForSourceGeneratedMonoScriptInfo (5ms)
			ResolveRequiredComponents (4ms)
	FinalizeReload (605ms)
		ReleaseScriptCaches (0ms)
		RebuildScriptCaches (0ms)
		SetupLoadedEditorAssemblies (196ms)
			LogAssemblyErrors (0ms)
			InitializePlatformSupportModulesInManaged (5ms)
			SetLoadedEditorAssemblies (3ms)
			RefreshPlugins (0ms)
			BeforeProcessingInitializeOnLoad (35ms)
			ProcessInitializeOnLoadAttributes (136ms)
			ProcessInitializeOnLoadMethodAttributes (11ms)
			AfterProcessingInitializeOnLoad (6ms)
			EditorAssembliesLoaded (0ms)
		ExecutionOrderSort2 (0ms)
		AwakeInstancesAfterBackupRestoration (6ms)
Refreshing native plugins compatible for Editor in 3.39 ms, found 3 plugins.
Preloading 0 native plugins for Editor in 0.00 ms.
Unloading 3155 Unused Serialized files (Serialized files now loaded: 0)
Unloading 14 unused Assets / (28.5 KB). Loaded Objects now: 3677.
Memory consumption went from 124.0 MB to 124.0 MB.
Total: 1.745800 ms (FindLiveObjects: 0.176000 ms CreateObjectMapping: 0.028800 ms MarkObjects: 1.508000 ms  DeleteObjects: 0.032300 ms)

Prepare: number of updated asset objects reloaded= 0
AssetImportParameters requested are different than current active one (requested -> active):
  custom:container-demuxer-ogg: 62fdf1f143b41e24485cea50d1cbac27 -> 
  custom:video-codec-MediaFoundation-h265: 746d11721c4dcdbdad8f713fa42b33f4 -> 
  custom:video-decoder-ogg-theora: a1e56fd34408186e4bbccfd4996cb3dc -> 
  custom:framework-win-MediaFoundation: 216162199b28c13a410421893ffa2e32 -> 
  custom:CustomObjectIndexerAttribute: 9a22284fe3817be447336de3de66b15e -> 
  custom:container-demuxer-webm: 4f35f7cbe854078d1ac9338744f61a02 -> 
  custom:container-muxer-webm: aa71ff27fc2769a1b78a27578f13a17b -> 
  custom:video-decoder-webm-vp8: 9c59270c3fd7afecdb556c50c9e8de78 -> 
  custom:SearchIndexIgnoredProperties: e643bd26f0fe6173181afceb89e7c659 -> 
  custom:AudioImporter_EditorPlatform: d09bf68614088b80899f8185d706f6e7 -> 
  custom:video-encoder-webm-vp8: eb34c28f22e8b96e1ab97ce403110664 -> 
  custom:scripting/monoscript/fileName/ItemInfo.cs: 41c6c9b806385a64c343be70e593e9ea -> 
  custom:audio-decoder-ogg-vorbis: bf7c407c2cedff20999df2af8eb42d56 -> 
  custom:audio-encoder-webm-vorbis: bf7c407c2cedff20999df2af8eb42d56 -> 
  custom:scripting/precompiled-assembly-types:Assembly-CSharp: 1ce8c170353498bee40472d17e7d0289 -> f3c577f6a5d9e0216c8dee55e7d0d5a7
========================================================================
Received Prepare
Caller must complete domain reload
Begin MonoManager ReloadAssembly
- Loaded All Assemblies, in  0.273 seconds
Native extension for WindowsStandalone target not found
Native extension for WebGL target not found
Mono: successfully reloaded assembly
- Finished resetting the current domain, in  0.534 seconds
Domain Reload Profiling: 804ms
	BeginReloadAssembly (88ms)
		ExecutionOrderSort (0ms)
		DisableScriptedObjects (2ms)
		BackupInstance (0ms)
		ReleaseScriptingObjects (0ms)
		CreateAndSetChildDomain (20ms)
	RebuildCommonClasses (17ms)
	RebuildNativeTypeToScriptingClass (5ms)
	initialDomainReloadingComplete (43ms)
	LoadAllAssembliesAndSetupDomain (117ms)
		LoadAssemblies (152ms)
		RebuildTransferFunctionScriptingTraits (0ms)
		AnalyzeDomain (7ms)
			TypeCache.Refresh (3ms)
				TypeCache.ScanAssembly (0ms)
			ScanForSourceGeneratedMonoScriptInfo (0ms)
			ResolveRequiredComponents (3ms)
	FinalizeReload (534ms)
		ReleaseScriptCaches (0ms)
		RebuildScriptCaches (0ms)
		SetupLoadedEditorAssemblies (219ms)
			LogAssemblyErrors (0ms)
			InitializePlatformSupportModulesInManaged (4ms)
			SetLoadedEditorAssemblies (3ms)
			RefreshPlugins (0ms)
			BeforeProcessingInitializeOnLoad (36ms)
			ProcessInitializeOnLoadAttributes (157ms)
			ProcessInitializeOnLoadMethodAttributes (11ms)
			AfterProcessingInitializeOnLoad (7ms)
			EditorAssembliesLoaded (0ms)
		ExecutionOrderSort2 (0ms)
		AwakeInstancesAfterBackupRestoration (7ms)
Refreshing native plugins compatible for Editor in 3.34 ms, found 3 plugins.
Preloading 0 native plugins for Editor in 0.00 ms.
Unloading 3155 Unused Serialized files (Serialized files now loaded: 0)
Unloading 14 unused Assets / (28.5 KB). Loaded Objects now: 3680.
Memory consumption went from 124.0 MB to 124.0 MB.
Total: 1.774600 ms (FindLiveObjects: 0.257500 ms CreateObjectMapping: 0.034000 ms MarkObjects: 1.451100 ms  DeleteObjects: 0.031000 ms)

Prepare: number of updated asset objects reloaded= 0
AssetImportParameters requested are different than current active one (requested -> active):
  custom:container-demuxer-ogg: 62fdf1f143b41e24485cea50d1cbac27 -> 
  custom:video-codec-MediaFoundation-h265: 746d11721c4dcdbdad8f713fa42b33f4 -> 
  custom:video-decoder-ogg-theora: a1e56fd34408186e4bbccfd4996cb3dc -> 
  custom:framework-win-MediaFoundation: 216162199b28c13a410421893ffa2e32 -> 
  custom:CustomObjectIndexerAttribute: 9a22284fe3817be447336de3de66b15e -> 
  custom:container-demuxer-webm: 4f35f7cbe854078d1ac9338744f61a02 -> 
  custom:container-muxer-webm: aa71ff27fc2769a1b78a27578f13a17b -> 
  custom:video-decoder-webm-vp8: 9c59270c3fd7afecdb556c50c9e8de78 -> 
  custom:SearchIndexIgnoredProperties: e643bd26f0fe6173181afceb89e7c659 -> 
  custom:AudioImporter_EditorPlatform: d09bf68614088b80899f8185d706f6e7 -> 
  custom:video-encoder-webm-vp8: eb34c28f22e8b96e1ab97ce403110664 -> 
  custom:scripting/monoscript/fileName/ItemInfo.cs: 41c6c9b806385a64c343be70e593e9ea -> 
  custom:audio-decoder-ogg-vorbis: bf7c407c2cedff20999df2af8eb42d56 -> 
  custom:audio-encoder-webm-vorbis: bf7c407c2cedff20999df2af8eb42d56 -> 
  custom:scripting/precompiled-assembly-types:Assembly-CSharp: 1ce8c170353498bee40472d17e7d0289 -> f3c577f6a5d9e0216c8dee55e7d0d5a7
========================================================================
Received Prepare
Caller must complete domain reload
Begin MonoManager ReloadAssembly
- Loaded All Assemblies, in  0.282 seconds
Native extension for WindowsStandalone target not found
Native extension for WebGL target not found
Mono: successfully reloaded assembly
- Finished resetting the current domain, in  0.502 seconds
Domain Reload Profiling: 782ms
	BeginReloadAssembly (89ms)
		ExecutionOrderSort (0ms)
		DisableScriptedObjects (2ms)
		BackupInstance (0ms)
		ReleaseScriptingObjects (0ms)
		CreateAndSetChildDomain (20ms)
	RebuildCommonClasses (17ms)
	RebuildNativeTypeToScriptingClass (5ms)
	initialDomainReloadingComplete (50ms)
	LoadAllAssembliesAndSetupDomain (118ms)
		LoadAssemblies (155ms)
		RebuildTransferFunctionScriptingTraits (0ms)
		AnalyzeDomain (7ms)
			TypeCache.Refresh (3ms)
				TypeCache.ScanAssembly (0ms)
			ScanForSourceGeneratedMonoScriptInfo (0ms)
			ResolveRequiredComponents (3ms)
	FinalizeReload (503ms)
		ReleaseScriptCaches (0ms)
		RebuildScriptCaches (0ms)
		SetupLoadedEditorAssemblies (194ms)
			LogAssemblyErrors (0ms)
			InitializePlatformSupportModulesInManaged (4ms)
			SetLoadedEditorAssemblies (2ms)
			RefreshPlugins (0ms)
			BeforeProcessingInitializeOnLoad (34ms)
			ProcessInitializeOnLoadAttributes (135ms)
			ProcessInitializeOnLoadMethodAttributes (13ms)
			AfterProcessingInitializeOnLoad (7ms)
			EditorAssembliesLoaded (0ms)
		ExecutionOrderSort2 (0ms)
		AwakeInstancesAfterBackupRestoration (7ms)
Refreshing native plugins compatible for Editor in 3.43 ms, found 3 plugins.
Preloading 0 native plugins for Editor in 0.00 ms.
Unloading 3155 Unused Serialized files (Serialized files now loaded: 0)
Unloading 14 unused Assets / (28.6 KB). Loaded Objects now: 3683.
Memory consumption went from 124.0 MB to 124.0 MB.
Total: 1.715000 ms (FindLiveObjects: 0.187200 ms CreateObjectMapping: 0.032800 ms MarkObjects: 1.462200 ms  DeleteObjects: 0.032000 ms)

Prepare: number of updated asset objects reloaded= 0
AssetImportParameters requested are different than current active one (requested -> active):
  custom:container-demuxer-ogg: 62fdf1f143b41e24485cea50d1cbac27 -> 
  custom:video-codec-MediaFoundation-h265: 746d11721c4dcdbdad8f713fa42b33f4 -> 
  custom:video-decoder-ogg-theora: a1e56fd34408186e4bbccfd4996cb3dc -> 
  custom:framework-win-MediaFoundation: 216162199b28c13a410421893ffa2e32 -> 
  custom:CustomObjectIndexerAttribute: 9a22284fe3817be447336de3de66b15e -> 
  custom:container-demuxer-webm: 4f35f7cbe854078d1ac9338744f61a02 -> 
  custom:container-muxer-webm: aa71ff27fc2769a1b78a27578f13a17b -> 
  custom:video-decoder-webm-vp8: 9c59270c3fd7afecdb556c50c9e8de78 -> 
  custom:SearchIndexIgnoredProperties: e643bd26f0fe6173181afceb89e7c659 -> 
  custom:AudioImporter_EditorPlatform: d09bf68614088b80899f8185d706f6e7 -> 
  custom:video-encoder-webm-vp8: eb34c28f22e8b96e1ab97ce403110664 -> 
  custom:scripting/monoscript/fileName/ItemInfo.cs: 41c6c9b806385a64c343be70e593e9ea -> 
  custom:audio-decoder-ogg-vorbis: bf7c407c2cedff20999df2af8eb42d56 -> 
  custom:audio-encoder-webm-vorbis: bf7c407c2cedff20999df2af8eb42d56 -> 
  custom:scripting/precompiled-assembly-types:Assembly-CSharp: 1ce8c170353498bee40472d17e7d0289 -> f3c577f6a5d9e0216c8dee55e7d0d5a7
========================================================================
Received Prepare
Caller must complete domain reload
Begin MonoManager ReloadAssembly
- Loaded All Assemblies, in  0.315 seconds
Native extension for WindowsStandalone target not found
Native extension for WebGL target not found
Mono: successfully reloaded assembly
- Finished resetting the current domain, in  0.608 seconds
Domain Reload Profiling: 919ms
	BeginReloadAssembly (105ms)
		ExecutionOrderSort (0ms)
		DisableScriptedObjects (3ms)
		BackupInstance (0ms)
		ReleaseScriptingObjects (0ms)
		CreateAndSetChildDomain (23ms)
	RebuildCommonClasses (25ms)
	RebuildNativeTypeToScriptingClass (9ms)
	initialDomainReloadingComplete (23ms)
	LoadAllAssembliesAndSetupDomain (148ms)
		LoadAssemblies (185ms)
		RebuildTransferFunctionScriptingTraits (0ms)
		AnalyzeDomain (15ms)
			TypeCache.Refresh (5ms)
				TypeCache.ScanAssembly (0ms)
			ScanForSourceGeneratedMonoScriptInfo (5ms)
			ResolveRequiredComponents (4ms)
	FinalizeReload (608ms)
		ReleaseScriptCaches (0ms)
		RebuildScriptCaches (0ms)
		SetupLoadedEditorAssemblies (208ms)
			LogAssemblyErrors (0ms)
			InitializePlatformSupportModulesInManaged (6ms)
			SetLoadedEditorAssemblies (3ms)
			RefreshPlugins (0ms)
			BeforeProcessingInitializeOnLoad (40ms)
			ProcessInitializeOnLoadAttributes (145ms)
			ProcessInitializeOnLoadMethodAttributes (9ms)
			AfterProcessingInitializeOnLoad (6ms)
			EditorAssembliesLoaded (0ms)
		ExecutionOrderSort2 (0ms)
		AwakeInstancesAfterBackupRestoration (6ms)
Refreshing native plugins compatible for Editor in 3.10 ms, found 3 plugins.
Preloading 0 native plugins for Editor in 0.00 ms.
Unloading 3155 Unused Serialized files (Serialized files now loaded: 0)
Unloading 14 unused Assets / (28.6 KB). Loaded Objects now: 3686.
Memory consumption went from 124.0 MB to 124.0 MB.
Total: 1.750900 ms (FindLiveObjects: 0.164600 ms CreateObjectMapping: 0.038000 ms MarkObjects: 1.516900 ms  DeleteObjects: 0.030800 ms)

Prepare: number of updated asset objects reloaded= 0
AssetImportParameters requested are different than current active one (requested -> active):
  custom:container-demuxer-ogg: 62fdf1f143b41e24485cea50d1cbac27 -> 
  custom:video-codec-MediaFoundation-h265: 746d11721c4dcdbdad8f713fa42b33f4 -> 
  custom:video-decoder-ogg-theora: a1e56fd34408186e4bbccfd4996cb3dc -> 
  custom:framework-win-MediaFoundation: 216162199b28c13a410421893ffa2e32 -> 
  custom:CustomObjectIndexerAttribute: 9a22284fe3817be447336de3de66b15e -> 
  custom:container-demuxer-webm: 4f35f7cbe854078d1ac9338744f61a02 -> 
  custom:container-muxer-webm: aa71ff27fc2769a1b78a27578f13a17b -> 
  custom:video-decoder-webm-vp8: 9c59270c3fd7afecdb556c50c9e8de78 -> 
  custom:SearchIndexIgnoredProperties: e643bd26f0fe6173181afceb89e7c659 -> 
  custom:AudioImporter_EditorPlatform: d09bf68614088b80899f8185d706f6e7 -> 
  custom:video-encoder-webm-vp8: eb34c28f22e8b96e1ab97ce403110664 -> 
  custom:scripting/monoscript/fileName/ItemInfo.cs: 41c6c9b806385a64c343be70e593e9ea -> 
  custom:audio-decoder-ogg-vorbis: bf7c407c2cedff20999df2af8eb42d56 -> 
  custom:audio-encoder-webm-vorbis: bf7c407c2cedff20999df2af8eb42d56 -> 
  custom:scripting/precompiled-assembly-types:Assembly-CSharp: 1ce8c170353498bee40472d17e7d0289 -> f3c577f6a5d9e0216c8dee55e7d0d5a7
========================================================================
Received Prepare
Caller must complete domain reload
Begin MonoManager ReloadAssembly
- Loaded All Assemblies, in  0.282 seconds
Native extension for WindowsStandalone target not found
Native extension for WebGL target not found
Mono: successfully reloaded assembly
- Finished resetting the current domain, in  0.521 seconds
Domain Reload Profiling: 799ms
	BeginReloadAssembly (97ms)
		ExecutionOrderSort (0ms)
		DisableScriptedObjects (3ms)
		BackupInstance (0ms)
		ReleaseScriptingObjects (0ms)
		CreateAndSetChildDomain (24ms)
	RebuildCommonClasses (17ms)
	RebuildNativeTypeToScriptingClass (5ms)
	initialDomainReloadingComplete (47ms)
	LoadAllAssembliesAndSetupDomain (112ms)
		LoadAssemblies (154ms)
		RebuildTransferFunctionScriptingTraits (0ms)
		AnalyzeDomain (7ms)
			TypeCache.Refresh (3ms)
				TypeCache.ScanAssembly (0ms)
			ScanForSourceGeneratedMonoScriptInfo (0ms)
			ResolveRequiredComponents (3ms)
	FinalizeReload (521ms)
		ReleaseScriptCaches (0ms)
		RebuildScriptCaches (0ms)
		SetupLoadedEditorAssemblies (215ms)
			LogAssemblyErrors (0ms)
			InitializePlatformSupportModulesInManaged (4ms)
			SetLoadedEditorAssemblies (3ms)
			RefreshPlugins (0ms)
			BeforeProcessingInitializeOnLoad (39ms)
			ProcessInitializeOnLoadAttributes (152ms)
			ProcessInitializeOnLoadMethodAttributes (11ms)
			AfterProcessingInitializeOnLoad (6ms)
			EditorAssembliesLoaded (0ms)
		ExecutionOrderSort2 (0ms)
		AwakeInstancesAfterBackupRestoration (7ms)
Refreshing native plugins compatible for Editor in 3.19 ms, found 3 plugins.
Preloading 0 native plugins for Editor in 0.00 ms.
Unloading 3155 Unused Serialized files (Serialized files now loaded: 0)
Unloading 14 unused Assets / (28.6 KB). Loaded Objects now: 3689.
Memory consumption went from 124.0 MB to 124.0 MB.
Total: 1.912500 ms (FindLiveObjects: 0.173200 ms CreateObjectMapping: 0.031700 ms MarkObjects: 1.672500 ms  DeleteObjects: 0.034200 ms)

Prepare: number of updated asset objects reloaded= 0
AssetImportParameters requested are different than current active one (requested -> active):
  custom:container-demuxer-ogg: 62fdf1f143b41e24485cea50d1cbac27 -> 
  custom:video-codec-MediaFoundation-h265: 746d11721c4dcdbdad8f713fa42b33f4 -> 
  custom:video-decoder-ogg-theora: a1e56fd34408186e4bbccfd4996cb3dc -> 
  custom:framework-win-MediaFoundation: 216162199b28c13a410421893ffa2e32 -> 
  custom:CustomObjectIndexerAttribute: 9a22284fe3817be447336de3de66b15e -> 
  custom:container-demuxer-webm: 4f35f7cbe854078d1ac9338744f61a02 -> 
  custom:container-muxer-webm: aa71ff27fc2769a1b78a27578f13a17b -> 
  custom:video-decoder-webm-vp8: 9c59270c3fd7afecdb556c50c9e8de78 -> 
  custom:SearchIndexIgnoredProperties: e643bd26f0fe6173181afceb89e7c659 -> 
  custom:AudioImporter_EditorPlatform: d09bf68614088b80899f8185d706f6e7 -> 
  custom:video-encoder-webm-vp8: eb34c28f22e8b96e1ab97ce403110664 -> 
  custom:scripting/monoscript/fileName/ItemInfo.cs: 41c6c9b806385a64c343be70e593e9ea -> 
  custom:audio-decoder-ogg-vorbis: bf7c407c2cedff20999df2af8eb42d56 -> 
  custom:audio-encoder-webm-vorbis: bf7c407c2cedff20999df2af8eb42d56 -> 
  custom:scripting/precompiled-assembly-types:Assembly-CSharp: 1ce8c170353498bee40472d17e7d0289 -> f3c577f6a5d9e0216c8dee55e7d0d5a7
========================================================================
Received Prepare
Caller must complete domain reload
Begin MonoManager ReloadAssembly
- Loaded All Assemblies, in  0.304 seconds
Native extension for WindowsStandalone target not found
Native extension for WebGL target not found
Mono: successfully reloaded assembly
- Finished resetting the current domain, in  0.657 seconds
Domain Reload Profiling: 957ms
	BeginReloadAssembly (103ms)
		ExecutionOrderSort (0ms)
		DisableScriptedObjects (4ms)
		BackupInstance (0ms)
		ReleaseScriptingObjects (0ms)
		CreateAndSetChildDomain (22ms)
	RebuildCommonClasses (23ms)
	RebuildNativeTypeToScriptingClass (9ms)
	initialDomainReloadingComplete (22ms)
	LoadAllAssembliesAndSetupDomain (143ms)
		LoadAssemblies (178ms)
		RebuildTransferFunctionScriptingTraits (0ms)
		AnalyzeDomain (17ms)
			TypeCache.Refresh (6ms)
				TypeCache.ScanAssembly (1ms)
			ScanForSourceGeneratedMonoScriptInfo (5ms)
			ResolveRequiredComponents (4ms)
	FinalizeReload (657ms)
		ReleaseScriptCaches (0ms)
		RebuildScriptCaches (0ms)
		SetupLoadedEditorAssemblies (239ms)
			LogAssemblyErrors (0ms)
			InitializePlatformSupportModulesInManaged (5ms)
			SetLoadedEditorAssemblies (3ms)
			RefreshPlugins (0ms)
			BeforeProcessingInitializeOnLoad (39ms)
			ProcessInitializeOnLoadAttributes (172ms)
			ProcessInitializeOnLoadMethodAttributes (12ms)
			AfterProcessingInitializeOnLoad (8ms)
			EditorAssembliesLoaded (0ms)
		ExecutionOrderSort2 (0ms)
		AwakeInstancesAfterBackupRestoration (8ms)
Refreshing native plugins compatible for Editor in 3.57 ms, found 3 plugins.
Preloading 0 native plugins for Editor in 0.00 ms.
Unloading 3155 Unused Serialized files (Serialized files now loaded: 0)
Unloading 14 unused Assets / (28.7 KB). Loaded Objects now: 3692.
Memory consumption went from 124.0 MB to 124.0 MB.
Total: 2.048200 ms (FindLiveObjects: 0.373000 ms CreateObjectMapping: 0.052500 ms MarkObjects: 1.589800 ms  DeleteObjects: 0.032300 ms)

Prepare: number of updated asset objects reloaded= 0
AssetImportParameters requested are different than current active one (requested -> active):
  custom:container-demuxer-ogg: 62fdf1f143b41e24485cea50d1cbac27 -> 
  custom:video-codec-MediaFoundation-h265: 746d11721c4dcdbdad8f713fa42b33f4 -> 
  custom:video-decoder-ogg-theora: a1e56fd34408186e4bbccfd4996cb3dc -> 
  custom:framework-win-MediaFoundation: 216162199b28c13a410421893ffa2e32 -> 
  custom:CustomObjectIndexerAttribute: 9a22284fe3817be447336de3de66b15e -> 
  custom:container-demuxer-webm: 4f35f7cbe854078d1ac9338744f61a02 -> 
  custom:container-muxer-webm: aa71ff27fc2769a1b78a27578f13a17b -> 
  custom:video-decoder-webm-vp8: 9c59270c3fd7afecdb556c50c9e8de78 -> 
  custom:SearchIndexIgnoredProperties: e643bd26f0fe6173181afceb89e7c659 -> 
  custom:AudioImporter_EditorPlatform: d09bf68614088b80899f8185d706f6e7 -> 
  custom:video-encoder-webm-vp8: eb34c28f22e8b96e1ab97ce403110664 -> 
  custom:scripting/monoscript/fileName/ItemInfo.cs: 41c6c9b806385a64c343be70e593e9ea -> 
  custom:audio-decoder-ogg-vorbis: bf7c407c2cedff20999df2af8eb42d56 -> 
  custom:audio-encoder-webm-vorbis: bf7c407c2cedff20999df2af8eb42d56 -> 
  custom:scripting/precompiled-assembly-types:Assembly-CSharp: 1ce8c170353498bee40472d17e7d0289 -> f3c577f6a5d9e0216c8dee55e7d0d5a7
========================================================================
Received Prepare
Caller must complete domain reload
Begin MonoManager ReloadAssembly
- Loaded All Assemblies, in  0.272 seconds
Native extension for WindowsStandalone target not found
Native extension for WebGL target not found
Mono: successfully reloaded assembly
- Finished resetting the current domain, in  0.559 seconds
Domain Reload Profiling: 828ms
	BeginReloadAssembly (87ms)
		ExecutionOrderSort (0ms)
		DisableScriptedObjects (2ms)
		BackupInstance (0ms)
		ReleaseScriptingObjects (0ms)
		CreateAndSetChildDomain (20ms)
	RebuildCommonClasses (18ms)
	RebuildNativeTypeToScriptingClass (6ms)
	initialDomainReloadingComplete (51ms)
	LoadAllAssembliesAndSetupDomain (107ms)
		LoadAssemblies (143ms)
		RebuildTransferFunctionScriptingTraits (0ms)
		AnalyzeDomain (7ms)
			TypeCache.Refresh (3ms)
				TypeCache.ScanAssembly (0ms)
			ScanForSourceGeneratedMonoScriptInfo (0ms)
			ResolveRequiredComponents (3ms)
	FinalizeReload (559ms)
		ReleaseScriptCaches (0ms)
		RebuildScriptCaches (0ms)
		SetupLoadedEditorAssemblies (257ms)
			LogAssemblyErrors (0ms)
			InitializePlatformSupportModulesInManaged (5ms)
			SetLoadedEditorAssemblies (4ms)
			RefreshPlugins (0ms)
			BeforeProcessingInitializeOnLoad (44ms)
			ProcessInitializeOnLoadAttributes (180ms)
			ProcessInitializeOnLoadMethodAttributes (16ms)
			AfterProcessingInitializeOnLoad (8ms)
			EditorAssembliesLoaded (0ms)
		ExecutionOrderSort2 (0ms)
		AwakeInstancesAfterBackupRestoration (9ms)
Refreshing native plugins compatible for Editor in 4.17 ms, found 3 plugins.
Preloading 0 native plugins for Editor in 0.00 ms.
Unloading 3155 Unused Serialized files (Serialized files now loaded: 0)
Unloading 14 unused Assets / (28.7 KB). Loaded Objects now: 3695.
Memory consumption went from 124.0 MB to 124.0 MB.
Total: 2.000000 ms (FindLiveObjects: 0.185700 ms CreateObjectMapping: 0.125100 ms MarkObjects: 1.640000 ms  DeleteObjects: 0.048400 ms)

Prepare: number of updated asset objects reloaded= 0
AssetImportParameters requested are different than current active one (requested -> active):
  custom:container-demuxer-ogg: 62fdf1f143b41e24485cea50d1cbac27 -> 
  custom:video-codec-MediaFoundation-h265: 746d11721c4dcdbdad8f713fa42b33f4 -> 
  custom:video-decoder-ogg-theora: a1e56fd34408186e4bbccfd4996cb3dc -> 
  custom:framework-win-MediaFoundation: 216162199b28c13a410421893ffa2e32 -> 
  custom:CustomObjectIndexerAttribute: 9a22284fe3817be447336de3de66b15e -> 
  custom:container-demuxer-webm: 4f35f7cbe854078d1ac9338744f61a02 -> 
  custom:container-muxer-webm: aa71ff27fc2769a1b78a27578f13a17b -> 
  custom:video-decoder-webm-vp8: 9c59270c3fd7afecdb556c50c9e8de78 -> 
  custom:SearchIndexIgnoredProperties: e643bd26f0fe6173181afceb89e7c659 -> 
  custom:AudioImporter_EditorPlatform: d09bf68614088b80899f8185d706f6e7 -> 
  custom:video-encoder-webm-vp8: eb34c28f22e8b96e1ab97ce403110664 -> 
  custom:scripting/monoscript/fileName/ItemInfo.cs: 41c6c9b806385a64c343be70e593e9ea -> 
  custom:audio-decoder-ogg-vorbis: bf7c407c2cedff20999df2af8eb42d56 -> 
  custom:audio-encoder-webm-vorbis: bf7c407c2cedff20999df2af8eb42d56 -> 
  custom:scripting/precompiled-assembly-types:Assembly-CSharp: 1ce8c170353498bee40472d17e7d0289 -> f3c577f6a5d9e0216c8dee55e7d0d5a7
========================================================================
Received Prepare
Caller must complete domain reload
Begin MonoManager ReloadAssembly
- Loaded All Assemblies, in  0.308 seconds
Native extension for WindowsStandalone target not found
Native extension for WebGL target not found
Mono: successfully reloaded assembly
- Finished resetting the current domain, in  0.615 seconds
Domain Reload Profiling: 919ms
	BeginReloadAssembly (104ms)
		ExecutionOrderSort (0ms)
		DisableScriptedObjects (3ms)
		BackupInstance (0ms)
		ReleaseScriptingObjects (0ms)
		CreateAndSetChildDomain (23ms)
	RebuildCommonClasses (23ms)
	RebuildNativeTypeToScriptingClass (9ms)
	initialDomainReloadingComplete (23ms)
	LoadAllAssembliesAndSetupDomain (145ms)
		LoadAssemblies (182ms)
		RebuildTransferFunctionScriptingTraits (0ms)
		AnalyzeDomain (15ms)
			TypeCache.Refresh (5ms)
				TypeCache.ScanAssembly (0ms)
			ScanForSourceGeneratedMonoScriptInfo (4ms)
			ResolveRequiredComponents (3ms)
	FinalizeReload (615ms)
		ReleaseScriptCaches (0ms)
		RebuildScriptCaches (0ms)
		SetupLoadedEditorAssemblies (215ms)
			LogAssemblyErrors (0ms)
			InitializePlatformSupportModulesInManaged (5ms)
			SetLoadedEditorAssemblies (3ms)
			RefreshPlugins (0ms)
			BeforeProcessingInitializeOnLoad (36ms)
			ProcessInitializeOnLoadAttributes (152ms)
			ProcessInitializeOnLoadMethodAttributes (11ms)
			AfterProcessingInitializeOnLoad (7ms)
			EditorAssembliesLoaded (0ms)
		ExecutionOrderSort2 (0ms)
		AwakeInstancesAfterBackupRestoration (7ms)
Refreshing native plugins compatible for Editor in 4.60 ms, found 3 plugins.
Preloading 0 native plugins for Editor in 0.00 ms.
Unloading 3155 Unused Serialized files (Serialized files now loaded: 0)
Unloading 14 unused Assets / (28.6 KB). Loaded Objects now: 3698.
Memory consumption went from 124.1 MB to 124.0 MB.
Total: 2.057600 ms (FindLiveObjects: 0.193700 ms CreateObjectMapping: 0.044300 ms MarkObjects: 1.784400 ms  DeleteObjects: 0.034100 ms)

Prepare: number of updated asset objects reloaded= 0
AssetImportParameters requested are different than current active one (requested -> active):
  custom:container-demuxer-ogg: 62fdf1f143b41e24485cea50d1cbac27 -> 
  custom:video-codec-MediaFoundation-h265: 746d11721c4dcdbdad8f713fa42b33f4 -> 
  custom:video-decoder-ogg-theora: a1e56fd34408186e4bbccfd4996cb3dc -> 
  custom:framework-win-MediaFoundation: 216162199b28c13a410421893ffa2e32 -> 
  custom:CustomObjectIndexerAttribute: 9a22284fe3817be447336de3de66b15e -> 
  custom:container-demuxer-webm: 4f35f7cbe854078d1ac9338744f61a02 -> 
  custom:container-muxer-webm: aa71ff27fc2769a1b78a27578f13a17b -> 
  custom:video-decoder-webm-vp8: 9c59270c3fd7afecdb556c50c9e8de78 -> 
  custom:SearchIndexIgnoredProperties: e643bd26f0fe6173181afceb89e7c659 -> 
  custom:AudioImporter_EditorPlatform: d09bf68614088b80899f8185d706f6e7 -> 
  custom:video-encoder-webm-vp8: eb34c28f22e8b96e1ab97ce403110664 -> 
  custom:scripting/monoscript/fileName/ItemInfo.cs: 41c6c9b806385a64c343be70e593e9ea -> 
  custom:audio-decoder-ogg-vorbis: bf7c407c2cedff20999df2af8eb42d56 -> 
  custom:audio-encoder-webm-vorbis: bf7c407c2cedff20999df2af8eb42d56 -> 
  custom:scripting/precompiled-assembly-types:Assembly-CSharp: 1ce8c170353498bee40472d17e7d0289 -> f3c577f6a5d9e0216c8dee55e7d0d5a7
========================================================================
Received Prepare
Caller must complete domain reload
Begin MonoManager ReloadAssembly
- Loaded All Assemblies, in  0.268 seconds
Native extension for WindowsStandalone target not found
Native extension for WebGL target not found
Mono: successfully reloaded assembly
- Finished resetting the current domain, in  0.551 seconds
Domain Reload Profiling: 816ms
	BeginReloadAssembly (85ms)
		ExecutionOrderSort (0ms)
		DisableScriptedObjects (2ms)
		BackupInstance (0ms)
		ReleaseScriptingObjects (0ms)
		CreateAndSetChildDomain (18ms)
	RebuildCommonClasses (17ms)
	RebuildNativeTypeToScriptingClass (5ms)
	initialDomainReloadingComplete (44ms)
	LoadAllAssembliesAndSetupDomain (114ms)
		LoadAssemblies (149ms)
		RebuildTransferFunctionScriptingTraits (0ms)
		AnalyzeDomain (8ms)
			TypeCache.Refresh (3ms)
				TypeCache.ScanAssembly (0ms)
			ScanForSourceGeneratedMonoScriptInfo (0ms)
			ResolveRequiredComponents (3ms)
	FinalizeReload (551ms)
		ReleaseScriptCaches (0ms)
		RebuildScriptCaches (0ms)
		SetupLoadedEditorAssemblies (228ms)
			LogAssemblyErrors (0ms)
			InitializePlatformSupportModulesInManaged (5ms)
			SetLoadedEditorAssemblies (3ms)
			RefreshPlugins (0ms)
			BeforeProcessingInitializeOnLoad (38ms)
			ProcessInitializeOnLoadAttributes (162ms)
			ProcessInitializeOnLoadMethodAttributes (11ms)
			AfterProcessingInitializeOnLoad (8ms)
			EditorAssembliesLoaded (0ms)
		ExecutionOrderSort2 (0ms)
		AwakeInstancesAfterBackupRestoration (7ms)
Refreshing native plugins compatible for Editor in 3.58 ms, found 3 plugins.
Preloading 0 native plugins for Editor in 0.00 ms.
Unloading 3155 Unused Serialized files (Serialized files now loaded: 0)
Unloading 14 unused Assets / (28.7 KB). Loaded Objects now: 3701.
Memory consumption went from 124.1 MB to 124.0 MB.
Total: 1.747900 ms (FindLiveObjects: 0.187100 ms CreateObjectMapping: 0.029600 ms MarkObjects: 1.497500 ms  DeleteObjects: 0.032700 ms)

Prepare: number of updated asset objects reloaded= 0
AssetImportParameters requested are different than current active one (requested -> active):
  custom:container-demuxer-ogg: 62fdf1f143b41e24485cea50d1cbac27 -> 
  custom:video-codec-MediaFoundation-h265: 746d11721c4dcdbdad8f713fa42b33f4 -> 
  custom:video-decoder-ogg-theora: a1e56fd34408186e4bbccfd4996cb3dc -> 
  custom:framework-win-MediaFoundation: 216162199b28c13a410421893ffa2e32 -> 
  custom:CustomObjectIndexerAttribute: 9a22284fe3817be447336de3de66b15e -> 
  custom:container-demuxer-webm: 4f35f7cbe854078d1ac9338744f61a02 -> 
  custom:container-muxer-webm: aa71ff27fc2769a1b78a27578f13a17b -> 
  custom:video-decoder-webm-vp8: 9c59270c3fd7afecdb556c50c9e8de78 -> 
  custom:SearchIndexIgnoredProperties: e643bd26f0fe6173181afceb89e7c659 -> 
  custom:AudioImporter_EditorPlatform: d09bf68614088b80899f8185d706f6e7 -> 
  custom:video-encoder-webm-vp8: eb34c28f22e8b96e1ab97ce403110664 -> 
  custom:scripting/monoscript/fileName/ItemInfo.cs: 41c6c9b806385a64c343be70e593e9ea -> 
  custom:audio-decoder-ogg-vorbis: bf7c407c2cedff20999df2af8eb42d56 -> 
  custom:audio-encoder-webm-vorbis: bf7c407c2cedff20999df2af8eb42d56 -> 
  custom:scripting/precompiled-assembly-types:Assembly-CSharp: 1ce8c170353498bee40472d17e7d0289 -> f3c577f6a5d9e0216c8dee55e7d0d5a7
========================================================================
Received Prepare
Caller must complete domain reload
Begin MonoManager ReloadAssembly
- Loaded All Assemblies, in  0.276 seconds
Native extension for WindowsStandalone target not found
Native extension for WebGL target not found
Mono: successfully reloaded assembly
- Finished resetting the current domain, in  0.498 seconds
Domain Reload Profiling: 771ms
	BeginReloadAssembly (84ms)
		ExecutionOrderSort (0ms)
		DisableScriptedObjects (2ms)
		BackupInstance (0ms)
		ReleaseScriptingObjects (0ms)
		CreateAndSetChildDomain (19ms)
	RebuildCommonClasses (16ms)
	RebuildNativeTypeToScriptingClass (5ms)
	initialDomainReloadingComplete (49ms)
	LoadAllAssembliesAndSetupDomain (118ms)
		LoadAssemblies (150ms)
		RebuildTransferFunctionScriptingTraits (0ms)
		AnalyzeDomain (8ms)
			TypeCache.Refresh (3ms)
				TypeCache.ScanAssembly (0ms)
			ScanForSourceGeneratedMonoScriptInfo (0ms)
			ResolveRequiredComponents (3ms)
	FinalizeReload (499ms)
		ReleaseScriptCaches (0ms)
		RebuildScriptCaches (0ms)
		SetupLoadedEditorAssemblies (194ms)
			LogAssemblyErrors (0ms)
			InitializePlatformSupportModulesInManaged (4ms)
			SetLoadedEditorAssemblies (2ms)
			RefreshPlugins (0ms)
			BeforeProcessingInitializeOnLoad (34ms)
			ProcessInitializeOnLoadAttributes (137ms)
			ProcessInitializeOnLoadMethodAttributes (9ms)
			AfterProcessingInitializeOnLoad (7ms)
			EditorAssembliesLoaded (0ms)
		ExecutionOrderSort2 (0ms)
		AwakeInstancesAfterBackupRestoration (7ms)
Refreshing native plugins compatible for Editor in 2.91 ms, found 3 plugins.
Preloading 0 native plugins for Editor in 0.00 ms.
Unloading 3155 Unused Serialized files (Serialized files now loaded: 0)
Unloading 14 unused Assets / (28.6 KB). Loaded Objects now: 3704.
Memory consumption went from 124.1 MB to 124.0 MB.
Total: 1.918500 ms (FindLiveObjects: 0.185000 ms CreateObjectMapping: 0.033300 ms MarkObjects: 1.666200 ms  DeleteObjects: 0.033100 ms)

Prepare: number of updated asset objects reloaded= 0
AssetImportParameters requested are different than current active one (requested -> active):
  custom:container-demuxer-ogg: 62fdf1f143b41e24485cea50d1cbac27 -> 
  custom:video-codec-MediaFoundation-h265: 746d11721c4dcdbdad8f713fa42b33f4 -> 
  custom:video-decoder-ogg-theora: a1e56fd34408186e4bbccfd4996cb3dc -> 
  custom:framework-win-MediaFoundation: 216162199b28c13a410421893ffa2e32 -> 
  custom:CustomObjectIndexerAttribute: 9a22284fe3817be447336de3de66b15e -> 
  custom:container-demuxer-webm: 4f35f7cbe854078d1ac9338744f61a02 -> 
  custom:container-muxer-webm: aa71ff27fc2769a1b78a27578f13a17b -> 
  custom:video-decoder-webm-vp8: 9c59270c3fd7afecdb556c50c9e8de78 -> 
  custom:SearchIndexIgnoredProperties: e643bd26f0fe6173181afceb89e7c659 -> 
  custom:AudioImporter_EditorPlatform: d09bf68614088b80899f8185d706f6e7 -> 
  custom:video-encoder-webm-vp8: eb34c28f22e8b96e1ab97ce403110664 -> 
  custom:scripting/monoscript/fileName/ItemInfo.cs: 41c6c9b806385a64c343be70e593e9ea -> 
  custom:audio-decoder-ogg-vorbis: bf7c407c2cedff20999df2af8eb42d56 -> 
  custom:audio-encoder-webm-vorbis: bf7c407c2cedff20999df2af8eb42d56 -> 
  custom:scripting/precompiled-assembly-types:Assembly-CSharp: 1ce8c170353498bee40472d17e7d0289 -> f3c577f6a5d9e0216c8dee55e7d0d5a7
========================================================================
Received Prepare
Caller must complete domain reload
Begin MonoManager ReloadAssembly
- Loaded All Assemblies, in  0.274 seconds
Native extension for WindowsStandalone target not found
Native extension for WebGL target not found
Mono: successfully reloaded assembly
- Finished resetting the current domain, in  0.499 seconds
Domain Reload Profiling: 770ms
	BeginReloadAssembly (86ms)
		ExecutionOrderSort (0ms)
		DisableScriptedObjects (2ms)
		BackupInstance (0ms)
		ReleaseScriptingObjects (0ms)
		CreateAndSetChildDomain (19ms)
	RebuildCommonClasses (17ms)
	RebuildNativeTypeToScriptingClass (5ms)
	initialDomainReloadingComplete (48ms)
	LoadAllAssembliesAndSetupDomain (115ms)
		LoadAssemblies (147ms)
		RebuildTransferFunctionScriptingTraits (0ms)
		AnalyzeDomain (9ms)
			TypeCache.Refresh (3ms)
				TypeCache.ScanAssembly (0ms)
			ScanForSourceGeneratedMonoScriptInfo (0ms)
			ResolveRequiredComponents (4ms)
	FinalizeReload (500ms)
		ReleaseScriptCaches (0ms)
		RebuildScriptCaches (0ms)
		SetupLoadedEditorAssemblies (198ms)
			LogAssemblyErrors (0ms)
			InitializePlatformSupportModulesInManaged (5ms)
			SetLoadedEditorAssemblies (2ms)
			RefreshPlugins (0ms)
			BeforeProcessingInitializeOnLoad (38ms)
			ProcessInitializeOnLoadAttributes (136ms)
			ProcessInitializeOnLoadMethodAttributes (9ms)
			AfterProcessingInitializeOnLoad (8ms)
			EditorAssembliesLoaded (0ms)
		ExecutionOrderSort2 (0ms)
		AwakeInstancesAfterBackupRestoration (7ms)
Refreshing native plugins compatible for Editor in 3.62 ms, found 3 plugins.
Preloading 0 native plugins for Editor in 0.00 ms.
Unloading 3155 Unused Serialized files (Serialized files now loaded: 0)
Unloading 14 unused Assets / (28.6 KB). Loaded Objects now: 3707.
Memory consumption went from 124.1 MB to 124.0 MB.
Total: 2.154000 ms (FindLiveObjects: 0.214300 ms CreateObjectMapping: 0.065500 ms MarkObjects: 1.830000 ms  DeleteObjects: 0.043400 ms)

Prepare: number of updated asset objects reloaded= 0
AssetImportParameters requested are different than current active one (requested -> active):
  custom:container-demuxer-ogg: 62fdf1f143b41e24485cea50d1cbac27 -> 
  custom:video-codec-MediaFoundation-h265: 746d11721c4dcdbdad8f713fa42b33f4 -> 
  custom:video-decoder-ogg-theora: a1e56fd34408186e4bbccfd4996cb3dc -> 
  custom:framework-win-MediaFoundation: 216162199b28c13a410421893ffa2e32 -> 
  custom:CustomObjectIndexerAttribute: 9a22284fe3817be447336de3de66b15e -> 
  custom:container-demuxer-webm: 4f35f7cbe854078d1ac9338744f61a02 -> 
  custom:container-muxer-webm: aa71ff27fc2769a1b78a27578f13a17b -> 
  custom:video-decoder-webm-vp8: 9c59270c3fd7afecdb556c50c9e8de78 -> 
  custom:SearchIndexIgnoredProperties: e643bd26f0fe6173181afceb89e7c659 -> 
  custom:AudioImporter_EditorPlatform: d09bf68614088b80899f8185d706f6e7 -> 
  custom:video-encoder-webm-vp8: eb34c28f22e8b96e1ab97ce403110664 -> 
  custom:scripting/monoscript/fileName/ItemInfo.cs: 41c6c9b806385a64c343be70e593e9ea -> 
  custom:audio-decoder-ogg-vorbis: bf7c407c2cedff20999df2af8eb42d56 -> 
  custom:audio-encoder-webm-vorbis: bf7c407c2cedff20999df2af8eb42d56 -> 
  custom:scripting/precompiled-assembly-types:Assembly-CSharp: 1ce8c170353498bee40472d17e7d0289 -> f3c577f6a5d9e0216c8dee55e7d0d5a7
========================================================================
Received Import Request.
  Time since last request: 2080.650744 seconds.
  path: Assets/ModernSupermarket/Models/Furniture/Freezer_9olxw5/Textures/Materials/Freezer_9olxw5_Glass.mat
  artifactKey: Guid(252bd80f16e5d1e458cd5922176ffe44) Importer(815301076,1909f56bfc062723c751e8b465ee728b)
Start importing Assets/ModernSupermarket/Models/Furniture/Freezer_9olxw5/Textures/Materials/Freezer_9olxw5_Glass.mat using Guid(252bd80f16e5d1e458cd5922176ffe44) Importer(815301076,1909f56bfc062723c751e8b465ee728b) [PhysX] Initialized MultithreadedTaskDispatcher with 16 workers.
[PhysX] Initialized MultithreadedTaskDispatcher with 16 workers.
 -> (artifact id: '865d78fe0f7c4f0b0017403db3e63f7e') in 0.109132 seconds
Number of updated asset objects reloaded before import = 0
Number of asset objects unloaded after import = 3
========================================================================
Received Import Request.
  Time since last request: 466.684269 seconds.
  path: Assets/ModernSupermarket/Scripts/3DApple/3DApple001_LQ-2K-JPG_AmbientOcclusion.jpg
  artifactKey: Guid(4705c10c74508df4d92c03b58d81c5fb) Importer(815301076,1909f56bfc062723c751e8b465ee728b)
Start importing Assets/ModernSupermarket/Scripts/3DApple/3DApple001_LQ-2K-JPG_AmbientOcclusion.jpg using Guid(4705c10c74508df4d92c03b58d81c5fb) Importer(815301076,1909f56bfc062723c751e8b465ee728b) [PhysX] Initialized MultithreadedTaskDispatcher with 16 workers.
[PhysX] Initialized MultithreadedTaskDispatcher with 16 workers.
 -> (artifact id: 'f5103eb1545fc90e1b39911730b511c8') in 0.025218 seconds
Number of updated asset objects reloaded before import = 0
Number of asset objects unloaded after import = 2
========================================================================
Received Import Request.
  Time since last request: 0.000018 seconds.
  path: Assets/ModernSupermarket/Scripts/3DApple/3DApple001_LQ-2K-JPG_NormalDX.jpg
  artifactKey: Guid(5060c7b259ad4d048a4b1e197d096fb8) Importer(815301076,1909f56bfc062723c751e8b465ee728b)
Start importing Assets/ModernSupermarket/Scripts/3DApple/3DApple001_LQ-2K-JPG_NormalDX.jpg using Guid(5060c7b259ad4d048a4b1e197d096fb8) Importer(815301076,1909f56bfc062723c751e8b465ee728b) [PhysX] Initialized MultithreadedTaskDispatcher with 16 workers.
[PhysX] Initialized MultithreadedTaskDispatcher with 16 workers.
 -> (artifact id: '8092e8572f7fe88007b392840b71cf7f') in 0.025460 seconds
Number of updated asset objects reloaded before import = 0
Number of asset objects unloaded after import = 2
========================================================================
Received Import Request.
  Time since last request: 0.000016 seconds.
  path: Assets/ModernSupermarket/Scripts/3DApple/3DApple001_LQ-2K-JPG_NormalGL.jpg
  artifactKey: Guid(af553235179aa66468a1fc585ee9edf3) Importer(815301076,1909f56bfc062723c751e8b465ee728b)
Start importing Assets/ModernSupermarket/Scripts/3DApple/3DApple001_LQ-2K-JPG_NormalGL.jpg using Guid(af553235179aa66468a1fc585ee9edf3) Importer(815301076,1909f56bfc062723c751e8b465ee728b) [PhysX] Initialized MultithreadedTaskDispatcher with 16 workers.
[PhysX] Initialized MultithreadedTaskDispatcher with 16 workers.
 -> (artifact id: 'a2ee9e546e53898a6a35c737c24bdaf7') in 0.013215 seconds
Number of updated asset objects reloaded before import = 0
Number of asset objects unloaded after import = 2
========================================================================
Received Prepare
Caller must complete domain reload
Begin MonoManager ReloadAssembly
- Loaded All Assemblies, in  0.252 seconds
Native extension for WindowsStandalone target not found
Native extension for WebGL target not found
Mono: successfully reloaded assembly
- Finished resetting the current domain, in  0.490 seconds
Domain Reload Profiling: 740ms
	BeginReloadAssembly (87ms)
		ExecutionOrderSort (0ms)
		DisableScriptedObjects (3ms)
		BackupInstance (0ms)
		ReleaseScriptingObjects (0ms)
		CreateAndSetChildDomain (19ms)
	RebuildCommonClasses (17ms)
	RebuildNativeTypeToScriptingClass (5ms)
	initialDomainReloadingComplete (19ms)
	LoadAllAssembliesAndSetupDomain (120ms)
		LoadAssemblies (150ms)
		RebuildTransferFunctionScriptingTraits (0ms)
		AnalyzeDomain (13ms)
			TypeCache.Refresh (5ms)
				TypeCache.ScanAssembly (0ms)
			ScanForSourceGeneratedMonoScriptInfo (4ms)
			ResolveRequiredComponents (3ms)
	FinalizeReload (491ms)
		ReleaseScriptCaches (0ms)
		RebuildScriptCaches (0ms)
		SetupLoadedEditorAssemblies (197ms)
			LogAssemblyErrors (0ms)
			InitializePlatformSupportModulesInManaged (5ms)
			SetLoadedEditorAssemblies (3ms)
			RefreshPlugins (0ms)
			BeforeProcessingInitializeOnLoad (36ms)
			ProcessInitializeOnLoadAttributes (138ms)
			ProcessInitializeOnLoadMethodAttributes (10ms)
			AfterProcessingInitializeOnLoad (6ms)
			EditorAssembliesLoaded (0ms)
		ExecutionOrderSort2 (0ms)
		AwakeInstancesAfterBackupRestoration (6ms)
Refreshing native plugins compatible for Editor in 3.73 ms, found 3 plugins.
Preloading 0 native plugins for Editor in 0.00 ms.
Unloading 3155 Unused Serialized files (Serialized files now loaded: 0)
Unloading 14 unused Assets / (28.6 KB). Loaded Objects now: 3754.
Memory consumption went from 128.5 MB to 128.5 MB.
Total: 2.137900 ms (FindLiveObjects: 0.268900 ms CreateObjectMapping: 0.052600 ms MarkObjects: 1.781900 ms  DeleteObjects: 0.033500 ms)

Prepare: number of updated asset objects reloaded= 0
AssetImportParameters requested are different than current active one (requested -> active):
  custom:container-demuxer-ogg: 62fdf1f143b41e24485cea50d1cbac27 -> 
  custom:video-codec-MediaFoundation-h265: 746d11721c4dcdbdad8f713fa42b33f4 -> 
  custom:video-decoder-ogg-theora: a1e56fd34408186e4bbccfd4996cb3dc -> 
  custom:framework-win-MediaFoundation: 216162199b28c13a410421893ffa2e32 -> 
  custom:CustomObjectIndexerAttribute: 9a22284fe3817be447336de3de66b15e -> 
  custom:container-demuxer-webm: 4f35f7cbe854078d1ac9338744f61a02 -> 
  custom:container-muxer-webm: aa71ff27fc2769a1b78a27578f13a17b -> 
  custom:video-decoder-webm-vp8: 9c59270c3fd7afecdb556c50c9e8de78 -> 
  custom:SearchIndexIgnoredProperties: e643bd26f0fe6173181afceb89e7c659 -> 
  custom:AudioImporter_EditorPlatform: d09bf68614088b80899f8185d706f6e7 -> 
  custom:scripting/monoscript/fileName/AppleGrabber.cs: 049dd0d45824f05b3075081b81efc97e -> 
  custom:video-encoder-webm-vp8: eb34c28f22e8b96e1ab97ce403110664 -> 
  custom:scripting/monoscript/fileName/ItemInfo.cs: 41c6c9b806385a64c343be70e593e9ea -> 
  custom:audio-decoder-ogg-vorbis: bf7c407c2cedff20999df2af8eb42d56 -> 
  custom:audio-encoder-webm-vorbis: bf7c407c2cedff20999df2af8eb42d56 -> 
  custom:scripting/precompiled-assembly-types:Assembly-CSharp: f864faca440846ab3e822b2adaf0a730 -> f3c577f6a5d9e0216c8dee55e7d0d5a7
========================================================================
Received Import Request.
  Time since last request: 518.203285 seconds.
  path: Assets/ModernSupermarket/Scripts/AppleGrabber.cs
  artifactKey: Guid(c5a1b5cf25606db4a9a47731914e3d81) Importer(815301076,1909f56bfc062723c751e8b465ee728b)
Start importing Assets/ModernSupermarket/Scripts/AppleGrabber.cs using Guid(c5a1b5cf25606db4a9a47731914e3d81) Importer(815301076,1909f56bfc062723c751e8b465ee728b) [PhysX] Initialized MultithreadedTaskDispatcher with 16 workers.
 -> (artifact id: 'a571d256cdb30d8d28455c6f97d21178') in 0.002887 seconds
Number of updated asset objects reloaded before import = 0
Number of asset objects unloaded after import = 0
========================================================================
Received Prepare
Caller must complete domain reload
Begin MonoManager ReloadAssembly
- Loaded All Assemblies, in  0.312 seconds
Native extension for WindowsStandalone target not found
Native extension for WebGL target not found
Mono: successfully reloaded assembly
- Finished resetting the current domain, in  0.556 seconds
Domain Reload Profiling: 864ms
	BeginReloadAssembly (112ms)
		ExecutionOrderSort (0ms)
		DisableScriptedObjects (2ms)
		BackupInstance (0ms)
		ReleaseScriptingObjects (0ms)
		CreateAndSetChildDomain (24ms)
	RebuildCommonClasses (22ms)
	RebuildNativeTypeToScriptingClass (7ms)
	initialDomainReloadingComplete (26ms)
	LoadAllAssembliesAndSetupDomain (140ms)
		LoadAssemblies (185ms)
		RebuildTransferFunctionScriptingTraits (0ms)
		AnalyzeDomain (15ms)
			TypeCache.Refresh (5ms)
				TypeCache.ScanAssembly (1ms)
			ScanForSourceGeneratedMonoScriptInfo (5ms)
			ResolveRequiredComponents (3ms)
	FinalizeReload (556ms)
		ReleaseScriptCaches (0ms)
		RebuildScriptCaches (0ms)
		SetupLoadedEditorAssemblies (219ms)
			LogAssemblyErrors (0ms)
			InitializePlatformSupportModulesInManaged (4ms)
			SetLoadedEditorAssemblies (3ms)
			RefreshPlugins (0ms)
			BeforeProcessingInitializeOnLoad (35ms)
			ProcessInitializeOnLoadAttributes (159ms)
			ProcessInitializeOnLoadMethodAttributes (9ms)
			AfterProcessingInitializeOnLoad (8ms)
			EditorAssembliesLoaded (0ms)
		ExecutionOrderSort2 (0ms)
		AwakeInstancesAfterBackupRestoration (8ms)
Refreshing native plugins compatible for Editor in 4.10 ms, found 3 plugins.
Preloading 0 native plugins for Editor in 0.00 ms.
Unloading 3155 Unused Serialized files (Serialized files now loaded: 0)
Unloading 14 unused Assets / (28.6 KB). Loaded Objects now: 3757.
Memory consumption went from 128.5 MB to 128.5 MB.
Total: 2.249600 ms (FindLiveObjects: 0.175700 ms CreateObjectMapping: 0.033600 ms MarkObjects: 2.008400 ms  DeleteObjects: 0.031000 ms)

Prepare: number of updated asset objects reloaded= 0
AssetImportParameters requested are different than current active one (requested -> active):
  custom:container-demuxer-ogg: 62fdf1f143b41e24485cea50d1cbac27 -> 
  custom:video-codec-MediaFoundation-h265: 746d11721c4dcdbdad8f713fa42b33f4 -> 
  custom:video-decoder-ogg-theora: a1e56fd34408186e4bbccfd4996cb3dc -> 
  custom:framework-win-MediaFoundation: 216162199b28c13a410421893ffa2e32 -> 
  custom:CustomObjectIndexerAttribute: 9a22284fe3817be447336de3de66b15e -> 
  custom:container-demuxer-webm: 4f35f7cbe854078d1ac9338744f61a02 -> 
  custom:container-muxer-webm: aa71ff27fc2769a1b78a27578f13a17b -> 
  custom:video-decoder-webm-vp8: 9c59270c3fd7afecdb556c50c9e8de78 -> 
  custom:SearchIndexIgnoredProperties: e643bd26f0fe6173181afceb89e7c659 -> 
  custom:AudioImporter_EditorPlatform: d09bf68614088b80899f8185d706f6e7 -> 
  custom:scripting/monoscript/fileName/AppleGrabber.cs: 049dd0d45824f05b3075081b81efc97e -> 
  custom:video-encoder-webm-vp8: eb34c28f22e8b96e1ab97ce403110664 -> 
  custom:scripting/monoscript/fileName/ItemInfo.cs: 41c6c9b806385a64c343be70e593e9ea -> 
  custom:audio-decoder-ogg-vorbis: bf7c407c2cedff20999df2af8eb42d56 -> 
  custom:audio-encoder-webm-vorbis: bf7c407c2cedff20999df2af8eb42d56 -> 
  custom:scripting/precompiled-assembly-types:Assembly-CSharp: f864faca440846ab3e822b2adaf0a730 -> f3c577f6a5d9e0216c8dee55e7d0d5a7
========================================================================
Received Prepare
Caller must complete domain reload
Begin MonoManager ReloadAssembly
- Loaded All Assemblies, in  0.271 seconds
Native extension for WindowsStandalone target not found
Native extension for WebGL target not found
Mono: successfully reloaded assembly
- Finished resetting the current domain, in  0.504 seconds
Domain Reload Profiling: 772ms
	BeginReloadAssembly (83ms)
		ExecutionOrderSort (0ms)
		DisableScriptedObjects (3ms)
		BackupInstance (0ms)
		ReleaseScriptingObjects (0ms)
		CreateAndSetChildDomain (18ms)
	RebuildCommonClasses (16ms)
	RebuildNativeTypeToScriptingClass (5ms)
	initialDomainReloadingComplete (46ms)
	LoadAllAssembliesAndSetupDomain (116ms)
		LoadAssemblies (148ms)
		RebuildTransferFunctionScriptingTraits (0ms)
		AnalyzeDomain (7ms)
			TypeCache.Refresh (3ms)
				TypeCache.ScanAssembly (0ms)
			ScanForSourceGeneratedMonoScriptInfo (0ms)
			ResolveRequiredComponents (3ms)
	FinalizeReload (504ms)
		ReleaseScriptCaches (0ms)
		RebuildScriptCaches (0ms)
		SetupLoadedEditorAssemblies (206ms)
			LogAssemblyErrors (0ms)
			InitializePlatformSupportModulesInManaged (4ms)
			SetLoadedEditorAssemblies (3ms)
			RefreshPlugins (0ms)
			BeforeProcessingInitializeOnLoad (36ms)
			ProcessInitializeOnLoadAttributes (146ms)
			ProcessInitializeOnLoadMethodAttributes (11ms)
			AfterProcessingInitializeOnLoad (7ms)
			EditorAssembliesLoaded (0ms)
		ExecutionOrderSort2 (0ms)
		AwakeInstancesAfterBackupRestoration (6ms)
Refreshing native plugins compatible for Editor in 4.15 ms, found 3 plugins.
Preloading 0 native plugins for Editor in 0.00 ms.
Unloading 3156 Unused Serialized files (Serialized files now loaded: 0)
Unloading 14 unused Assets / (28.6 KB). Loaded Objects now: 3760.
Memory consumption went from 128.8 MB to 128.7 MB.
Total: 2.046200 ms (FindLiveObjects: 0.192400 ms CreateObjectMapping: 0.029800 ms MarkObjects: 1.781700 ms  DeleteObjects: 0.041500 ms)

Prepare: number of updated asset objects reloaded= 0
AssetImportParameters requested are different than current active one (requested -> active):
  custom:container-demuxer-ogg: 62fdf1f143b41e24485cea50d1cbac27 -> 
  custom:video-codec-MediaFoundation-h265: 746d11721c4dcdbdad8f713fa42b33f4 -> 
  custom:video-decoder-ogg-theora: a1e56fd34408186e4bbccfd4996cb3dc -> 
  custom:framework-win-MediaFoundation: 216162199b28c13a410421893ffa2e32 -> 
  custom:CustomObjectIndexerAttribute: 9a22284fe3817be447336de3de66b15e -> 
  custom:container-demuxer-webm: 4f35f7cbe854078d1ac9338744f61a02 -> 
  custom:container-muxer-webm: aa71ff27fc2769a1b78a27578f13a17b -> 
  custom:video-decoder-webm-vp8: 9c59270c3fd7afecdb556c50c9e8de78 -> 
  custom:SearchIndexIgnoredProperties: e643bd26f0fe6173181afceb89e7c659 -> 
  custom:AudioImporter_EditorPlatform: d09bf68614088b80899f8185d706f6e7 -> 
  custom:scripting/monoscript/fileName/AppleGrabber.cs: 049dd0d45824f05b3075081b81efc97e -> 
  custom:video-encoder-webm-vp8: eb34c28f22e8b96e1ab97ce403110664 -> 
  custom:scripting/monoscript/fileName/ItemInfo.cs: 41c6c9b806385a64c343be70e593e9ea -> 
  custom:audio-decoder-ogg-vorbis: bf7c407c2cedff20999df2af8eb42d56 -> 
  custom:audio-encoder-webm-vorbis: bf7c407c2cedff20999df2af8eb42d56 -> 
  custom:scripting/precompiled-assembly-types:Assembly-CSharp: f864faca440846ab3e822b2adaf0a730 -> f3c577f6a5d9e0216c8dee55e7d0d5a7
========================================================================
Received Prepare
Caller must complete domain reload
Begin MonoManager ReloadAssembly
- Loaded All Assemblies, in  0.263 seconds
Native extension for WindowsStandalone target not found
Native extension for WebGL target not found
Mono: successfully reloaded assembly
- Finished resetting the current domain, in  0.523 seconds
Domain Reload Profiling: 782ms
	BeginReloadAssembly (86ms)
		ExecutionOrderSort (0ms)
		DisableScriptedObjects (2ms)
		BackupInstance (0ms)
		ReleaseScriptingObjects (0ms)
		CreateAndSetChildDomain (19ms)
	RebuildCommonClasses (18ms)
	RebuildNativeTypeToScriptingClass (5ms)
	initialDomainReloadingComplete (46ms)
	LoadAllAssembliesAndSetupDomain (105ms)
		LoadAssemblies (140ms)
		RebuildTransferFunctionScriptingTraits (0ms)
		AnalyzeDomain (7ms)
			TypeCache.Refresh (3ms)
				TypeCache.ScanAssembly (0ms)
			ScanForSourceGeneratedMonoScriptInfo (0ms)
			ResolveRequiredComponents (3ms)
	FinalizeReload (523ms)
		ReleaseScriptCaches (0ms)
		RebuildScriptCaches (0ms)
		SetupLoadedEditorAssemblies (214ms)
			LogAssemblyErrors (0ms)
			InitializePlatformSupportModulesInManaged (5ms)
			SetLoadedEditorAssemblies (3ms)
			RefreshPlugins (0ms)
			BeforeProcessingInitializeOnLoad (36ms)
			ProcessInitializeOnLoadAttributes (153ms)
			ProcessInitializeOnLoadMethodAttributes (10ms)
			AfterProcessingInitializeOnLoad (7ms)
			EditorAssembliesLoaded (0ms)
		ExecutionOrderSort2 (0ms)
		AwakeInstancesAfterBackupRestoration (7ms)
Refreshing native plugins compatible for Editor in 3.49 ms, found 3 plugins.
Preloading 0 native plugins for Editor in 0.00 ms.
Unloading 3156 Unused Serialized files (Serialized files now loaded: 0)
Unloading 14 unused Assets / (28.6 KB). Loaded Objects now: 3763.
Memory consumption went from 128.8 MB to 128.7 MB.
Total: 1.788500 ms (FindLiveObjects: 0.194600 ms CreateObjectMapping: 0.030200 ms MarkObjects: 1.532300 ms  DeleteObjects: 0.030600 ms)

Prepare: number of updated asset objects reloaded= 0
AssetImportParameters requested are different than current active one (requested -> active):
  custom:container-demuxer-ogg: 62fdf1f143b41e24485cea50d1cbac27 -> 
  custom:video-codec-MediaFoundation-h265: 746d11721c4dcdbdad8f713fa42b33f4 -> 
  custom:video-decoder-ogg-theora: a1e56fd34408186e4bbccfd4996cb3dc -> 
  custom:framework-win-MediaFoundation: 216162199b28c13a410421893ffa2e32 -> 
  custom:CustomObjectIndexerAttribute: 9a22284fe3817be447336de3de66b15e -> 
  custom:container-demuxer-webm: 4f35f7cbe854078d1ac9338744f61a02 -> 
  custom:container-muxer-webm: aa71ff27fc2769a1b78a27578f13a17b -> 
  custom:video-decoder-webm-vp8: 9c59270c3fd7afecdb556c50c9e8de78 -> 
  custom:SearchIndexIgnoredProperties: e643bd26f0fe6173181afceb89e7c659 -> 
  custom:AudioImporter_EditorPlatform: d09bf68614088b80899f8185d706f6e7 -> 
  custom:scripting/monoscript/fileName/AppleGrabber.cs: 049dd0d45824f05b3075081b81efc97e -> 
  custom:video-encoder-webm-vp8: eb34c28f22e8b96e1ab97ce403110664 -> 
  custom:scripting/monoscript/fileName/ItemInfo.cs: 41c6c9b806385a64c343be70e593e9ea -> 
  custom:audio-decoder-ogg-vorbis: bf7c407c2cedff20999df2af8eb42d56 -> 
  custom:audio-encoder-webm-vorbis: bf7c407c2cedff20999df2af8eb42d56 -> 
  custom:scripting/precompiled-assembly-types:Assembly-CSharp: f864faca440846ab3e822b2adaf0a730 -> f3c577f6a5d9e0216c8dee55e7d0d5a7
========================================================================
Received Prepare
Caller must complete domain reload
Begin MonoManager ReloadAssembly
- Loaded All Assemblies, in  0.274 seconds
Native extension for WindowsStandalone target not found
Native extension for WebGL target not found
Mono: successfully reloaded assembly
- Finished resetting the current domain, in  0.531 seconds
Domain Reload Profiling: 802ms
	BeginReloadAssembly (85ms)
		ExecutionOrderSort (0ms)
		DisableScriptedObjects (3ms)
		BackupInstance (0ms)
		ReleaseScriptingObjects (0ms)
		CreateAndSetChildDomain (18ms)
	RebuildCommonClasses (16ms)
	RebuildNativeTypeToScriptingClass (5ms)
	initialDomainReloadingComplete (50ms)
	LoadAllAssembliesAndSetupDomain (114ms)
		LoadAssemblies (148ms)
		RebuildTransferFunctionScriptingTraits (0ms)
		AnalyzeDomain (8ms)
			TypeCache.Refresh (3ms)
				TypeCache.ScanAssembly (0ms)
			ScanForSourceGeneratedMonoScriptInfo (0ms)
			ResolveRequiredComponents (3ms)
	FinalizeReload (532ms)
		ReleaseScriptCaches (0ms)
		RebuildScriptCaches (0ms)
		SetupLoadedEditorAssemblies (216ms)
			LogAssemblyErrors (0ms)
			InitializePlatformSupportModulesInManaged (4ms)
			SetLoadedEditorAssemblies (3ms)
			RefreshPlugins (0ms)
			BeforeProcessingInitializeOnLoad (35ms)
			ProcessInitializeOnLoadAttributes (155ms)
			ProcessInitializeOnLoadMethodAttributes (11ms)
			AfterProcessingInitializeOnLoad (7ms)
			EditorAssembliesLoaded (0ms)
		ExecutionOrderSort2 (0ms)
		AwakeInstancesAfterBackupRestoration (7ms)
Refreshing native plugins compatible for Editor in 3.39 ms, found 3 plugins.
Preloading 0 native plugins for Editor in 0.00 ms.
Unloading 3156 Unused Serialized files (Serialized files now loaded: 0)
Unloading 14 unused Assets / (28.6 KB). Loaded Objects now: 3766.
Memory consumption went from 128.8 MB to 128.7 MB.
Total: 1.855700 ms (FindLiveObjects: 0.181700 ms CreateObjectMapping: 0.031900 ms MarkObjects: 1.608900 ms  DeleteObjects: 0.032000 ms)

Prepare: number of updated asset objects reloaded= 0
AssetImportParameters requested are different than current active one (requested -> active):
  custom:container-demuxer-ogg: 62fdf1f143b41e24485cea50d1cbac27 -> 
  custom:video-codec-MediaFoundation-h265: 746d11721c4dcdbdad8f713fa42b33f4 -> 
  custom:video-decoder-ogg-theora: a1e56fd34408186e4bbccfd4996cb3dc -> 
  custom:framework-win-MediaFoundation: 216162199b28c13a410421893ffa2e32 -> 
  custom:CustomObjectIndexerAttribute: 9a22284fe3817be447336de3de66b15e -> 
  custom:container-demuxer-webm: 4f35f7cbe854078d1ac9338744f61a02 -> 
  custom:container-muxer-webm: aa71ff27fc2769a1b78a27578f13a17b -> 
  custom:video-decoder-webm-vp8: 9c59270c3fd7afecdb556c50c9e8de78 -> 
  custom:SearchIndexIgnoredProperties: e643bd26f0fe6173181afceb89e7c659 -> 
  custom:AudioImporter_EditorPlatform: d09bf68614088b80899f8185d706f6e7 -> 
  custom:scripting/monoscript/fileName/AppleGrabber.cs: 049dd0d45824f05b3075081b81efc97e -> 
  custom:video-encoder-webm-vp8: eb34c28f22e8b96e1ab97ce403110664 -> 
  custom:scripting/monoscript/fileName/ItemInfo.cs: 41c6c9b806385a64c343be70e593e9ea -> 
  custom:audio-decoder-ogg-vorbis: bf7c407c2cedff20999df2af8eb42d56 -> 
  custom:audio-encoder-webm-vorbis: bf7c407c2cedff20999df2af8eb42d56 -> 
  custom:scripting/precompiled-assembly-types:Assembly-CSharp: f864faca440846ab3e822b2adaf0a730 -> f3c577f6a5d9e0216c8dee55e7d0d5a7
========================================================================
Received Prepare
Caller must complete domain reload
Begin MonoManager ReloadAssembly
- Loaded All Assemblies, in  0.275 seconds
Native extension for WindowsStandalone target not found
Native extension for WebGL target not found
Mono: successfully reloaded assembly
- Finished resetting the current domain, in  0.506 seconds
Domain Reload Profiling: 777ms
	BeginReloadAssembly (87ms)
		ExecutionOrderSort (0ms)
		DisableScriptedObjects (3ms)
		BackupInstance (0ms)
		ReleaseScriptingObjects (0ms)
		CreateAndSetChildDomain (19ms)
	RebuildCommonClasses (18ms)
	RebuildNativeTypeToScriptingClass (9ms)
	initialDomainReloadingComplete (49ms)
	LoadAllAssembliesAndSetupDomain (108ms)
		LoadAssemblies (141ms)
		RebuildTransferFunctionScriptingTraits (0ms)
		AnalyzeDomain (7ms)
			TypeCache.Refresh (3ms)
				TypeCache.ScanAssembly (0ms)
			ScanForSourceGeneratedMonoScriptInfo (0ms)
			ResolveRequiredComponents (3ms)
	FinalizeReload (506ms)
		ReleaseScriptCaches (0ms)
		RebuildScriptCaches (0ms)
		SetupLoadedEditorAssemblies (199ms)
			LogAssemblyErrors (0ms)
			InitializePlatformSupportModulesInManaged (4ms)
			SetLoadedEditorAssemblies (3ms)
			RefreshPlugins (0ms)
			BeforeProcessingInitializeOnLoad (34ms)
			ProcessInitializeOnLoadAttributes (143ms)
			ProcessInitializeOnLoadMethodAttributes (10ms)
			AfterProcessingInitializeOnLoad (6ms)
			EditorAssembliesLoaded (0ms)
		ExecutionOrderSort2 (0ms)
		AwakeInstancesAfterBackupRestoration (7ms)
Refreshing native plugins compatible for Editor in 3.25 ms, found 3 plugins.
Preloading 0 native plugins for Editor in 0.00 ms.
Unloading 3156 Unused Serialized files (Serialized files now loaded: 0)
Unloading 14 unused Assets / (28.6 KB). Loaded Objects now: 3769.
Memory consumption went from 128.8 MB to 128.7 MB.
Total: 1.932900 ms (FindLiveObjects: 0.199600 ms CreateObjectMapping: 0.032000 ms MarkObjects: 1.669900 ms  DeleteObjects: 0.030600 ms)

Prepare: number of updated asset objects reloaded= 0
AssetImportParameters requested are different than current active one (requested -> active):
  custom:container-demuxer-ogg: 62fdf1f143b41e24485cea50d1cbac27 -> 
  custom:video-codec-MediaFoundation-h265: 746d11721c4dcdbdad8f713fa42b33f4 -> 
  custom:video-decoder-ogg-theora: a1e56fd34408186e4bbccfd4996cb3dc -> 
  custom:framework-win-MediaFoundation: 216162199b28c13a410421893ffa2e32 -> 
  custom:CustomObjectIndexerAttribute: 9a22284fe3817be447336de3de66b15e -> 
  custom:container-demuxer-webm: 4f35f7cbe854078d1ac9338744f61a02 -> 
  custom:container-muxer-webm: aa71ff27fc2769a1b78a27578f13a17b -> 
  custom:video-decoder-webm-vp8: 9c59270c3fd7afecdb556c50c9e8de78 -> 
  custom:SearchIndexIgnoredProperties: e643bd26f0fe6173181afceb89e7c659 -> 
  custom:AudioImporter_EditorPlatform: d09bf68614088b80899f8185d706f6e7 -> 
  custom:scripting/monoscript/fileName/AppleGrabber.cs: 049dd0d45824f05b3075081b81efc97e -> 
  custom:video-encoder-webm-vp8: eb34c28f22e8b96e1ab97ce403110664 -> 
  custom:scripting/monoscript/fileName/ItemInfo.cs: 41c6c9b806385a64c343be70e593e9ea -> 
  custom:audio-decoder-ogg-vorbis: bf7c407c2cedff20999df2af8eb42d56 -> 
  custom:audio-encoder-webm-vorbis: bf7c407c2cedff20999df2af8eb42d56 -> 
  custom:scripting/precompiled-assembly-types:Assembly-CSharp: f864faca440846ab3e822b2adaf0a730 -> f3c577f6a5d9e0216c8dee55e7d0d5a7
========================================================================
Received Prepare
Caller must complete domain reload
Begin MonoManager ReloadAssembly
- Loaded All Assemblies, in  0.274 seconds
Native extension for WindowsStandalone target not found
Native extension for WebGL target not found
Mono: successfully reloaded assembly
- Finished resetting the current domain, in  0.528 seconds
Domain Reload Profiling: 798ms
	BeginReloadAssembly (88ms)
		ExecutionOrderSort (0ms)
		DisableScriptedObjects (2ms)
		BackupInstance (0ms)
		ReleaseScriptingObjects (0ms)
		CreateAndSetChildDomain (18ms)
	RebuildCommonClasses (17ms)
	RebuildNativeTypeToScriptingClass (5ms)
	initialDomainReloadingComplete (45ms)
	LoadAllAssembliesAndSetupDomain (115ms)
		LoadAssemblies (151ms)
		RebuildTransferFunctionScriptingTraits (0ms)
		AnalyzeDomain (8ms)
			TypeCache.Refresh (3ms)
				TypeCache.ScanAssembly (0ms)
			ScanForSourceGeneratedMonoScriptInfo (0ms)
			ResolveRequiredComponents (3ms)
	FinalizeReload (528ms)
		ReleaseScriptCaches (0ms)
		RebuildScriptCaches (0ms)
		SetupLoadedEditorAssemblies (218ms)
			LogAssemblyErrors (0ms)
			InitializePlatformSupportModulesInManaged (4ms)
			SetLoadedEditorAssemblies (3ms)
			RefreshPlugins (0ms)
			BeforeProcessingInitializeOnLoad (38ms)
			ProcessInitializeOnLoadAttributes (155ms)
			ProcessInitializeOnLoadMethodAttributes (11ms)
			AfterProcessingInitializeOnLoad (7ms)
			EditorAssembliesLoaded (0ms)
		ExecutionOrderSort2 (0ms)
		AwakeInstancesAfterBackupRestoration (7ms)
Refreshing native plugins compatible for Editor in 3.49 ms, found 3 plugins.
Preloading 0 native plugins for Editor in 0.00 ms.
Unloading 3156 Unused Serialized files (Serialized files now loaded: 0)
Unloading 14 unused Assets / (28.6 KB). Loaded Objects now: 3772.
Memory consumption went from 128.8 MB to 128.7 MB.
Total: 2.027700 ms (FindLiveObjects: 0.284600 ms CreateObjectMapping: 0.056400 ms MarkObjects: 1.653300 ms  DeleteObjects: 0.032400 ms)

Prepare: number of updated asset objects reloaded= 0
AssetImportParameters requested are different than current active one (requested -> active):
  custom:container-demuxer-ogg: 62fdf1f143b41e24485cea50d1cbac27 -> 
  custom:video-codec-MediaFoundation-h265: 746d11721c4dcdbdad8f713fa42b33f4 -> 
  custom:video-decoder-ogg-theora: a1e56fd34408186e4bbccfd4996cb3dc -> 
  custom:framework-win-MediaFoundation: 216162199b28c13a410421893ffa2e32 -> 
  custom:CustomObjectIndexerAttribute: 9a22284fe3817be447336de3de66b15e -> 
  custom:container-demuxer-webm: 4f35f7cbe854078d1ac9338744f61a02 -> 
  custom:container-muxer-webm: aa71ff27fc2769a1b78a27578f13a17b -> 
  custom:video-decoder-webm-vp8: 9c59270c3fd7afecdb556c50c9e8de78 -> 
  custom:SearchIndexIgnoredProperties: e643bd26f0fe6173181afceb89e7c659 -> 
  custom:AudioImporter_EditorPlatform: d09bf68614088b80899f8185d706f6e7 -> 
  custom:scripting/monoscript/fileName/AppleGrabber.cs: 049dd0d45824f05b3075081b81efc97e -> 
  custom:video-encoder-webm-vp8: eb34c28f22e8b96e1ab97ce403110664 -> 
  custom:scripting/monoscript/fileName/ItemInfo.cs: 41c6c9b806385a64c343be70e593e9ea -> 
  custom:audio-decoder-ogg-vorbis: bf7c407c2cedff20999df2af8eb42d56 -> 
  custom:audio-encoder-webm-vorbis: bf7c407c2cedff20999df2af8eb42d56 -> 
  custom:scripting/precompiled-assembly-types:Assembly-CSharp: f864faca440846ab3e822b2adaf0a730 -> f3c577f6a5d9e0216c8dee55e7d0d5a7
========================================================================
Received Prepare
Caller must complete domain reload
Begin MonoManager ReloadAssembly
- Loaded All Assemblies, in  0.275 seconds
Native extension for WindowsStandalone target not found
Native extension for WebGL target not found
Mono: successfully reloaded assembly
- Finished resetting the current domain, in  0.514 seconds
Domain Reload Profiling: 786ms
	BeginReloadAssembly (83ms)
		ExecutionOrderSort (0ms)
		DisableScriptedObjects (2ms)
		BackupInstance (0ms)
		ReleaseScriptingObjects (0ms)
		CreateAndSetChildDomain (18ms)
	RebuildCommonClasses (17ms)
	RebuildNativeTypeToScriptingClass (5ms)
	initialDomainReloadingComplete (46ms)
	LoadAllAssembliesAndSetupDomain (120ms)
		LoadAssemblies (152ms)
		RebuildTransferFunctionScriptingTraits (0ms)
		AnalyzeDomain (8ms)
			TypeCache.Refresh (3ms)
				TypeCache.ScanAssembly (0ms)
			ScanForSourceGeneratedMonoScriptInfo (0ms)
			ResolveRequiredComponents (3ms)
	FinalizeReload (514ms)
		ReleaseScriptCaches (0ms)
		RebuildScriptCaches (0ms)
		SetupLoadedEditorAssemblies (204ms)
			LogAssemblyErrors (0ms)
			InitializePlatformSupportModulesInManaged (4ms)
			SetLoadedEditorAssemblies (3ms)
			RefreshPlugins (0ms)
			BeforeProcessingInitializeOnLoad (34ms)
			ProcessInitializeOnLoadAttributes (146ms)
			ProcessInitializeOnLoadMethodAttributes (11ms)
			AfterProcessingInitializeOnLoad (6ms)
			EditorAssembliesLoaded (0ms)
		ExecutionOrderSort2 (0ms)
		AwakeInstancesAfterBackupRestoration (7ms)
Refreshing native plugins compatible for Editor in 3.83 ms, found 3 plugins.
Preloading 0 native plugins for Editor in 0.00 ms.
Unloading 3156 Unused Serialized files (Serialized files now loaded: 0)
Unloading 14 unused Assets / (28.6 KB). Loaded Objects now: 3775.
Memory consumption went from 128.8 MB to 128.7 MB.
Total: 1.704800 ms (FindLiveObjects: 0.195900 ms CreateObjectMapping: 0.034000 ms MarkObjects: 1.441800 ms  DeleteObjects: 0.032200 ms)

Prepare: number of updated asset objects reloaded= 0
AssetImportParameters requested are different than current active one (requested -> active):
  custom:container-demuxer-ogg: 62fdf1f143b41e24485cea50d1cbac27 -> 
  custom:video-codec-MediaFoundation-h265: 746d11721c4dcdbdad8f713fa42b33f4 -> 
  custom:video-decoder-ogg-theora: a1e56fd34408186e4bbccfd4996cb3dc -> 
  custom:framework-win-MediaFoundation: 216162199b28c13a410421893ffa2e32 -> 
  custom:CustomObjectIndexerAttribute: 9a22284fe3817be447336de3de66b15e -> 
  custom:container-demuxer-webm: 4f35f7cbe854078d1ac9338744f61a02 -> 
  custom:container-muxer-webm: aa71ff27fc2769a1b78a27578f13a17b -> 
  custom:video-decoder-webm-vp8: 9c59270c3fd7afecdb556c50c9e8de78 -> 
  custom:SearchIndexIgnoredProperties: e643bd26f0fe6173181afceb89e7c659 -> 
  custom:AudioImporter_EditorPlatform: d09bf68614088b80899f8185d706f6e7 -> 
  custom:scripting/monoscript/fileName/AppleGrabber.cs: 049dd0d45824f05b3075081b81efc97e -> 
  custom:video-encoder-webm-vp8: eb34c28f22e8b96e1ab97ce403110664 -> 
  custom:scripting/monoscript/fileName/ItemInfo.cs: 41c6c9b806385a64c343be70e593e9ea -> 
  custom:audio-decoder-ogg-vorbis: bf7c407c2cedff20999df2af8eb42d56 -> 
  custom:audio-encoder-webm-vorbis: bf7c407c2cedff20999df2af8eb42d56 -> 
  custom:scripting/precompiled-assembly-types:Assembly-CSharp: f864faca440846ab3e822b2adaf0a730 -> f3c577f6a5d9e0216c8dee55e7d0d5a7
========================================================================
Received Prepare
Caller must complete domain reload
Begin MonoManager ReloadAssembly
- Loaded All Assemblies, in  0.269 seconds
Native extension for WindowsStandalone target not found
Native extension for WebGL target not found
Mono: successfully reloaded assembly
- Finished resetting the current domain, in  0.513 seconds
Domain Reload Profiling: 779ms
	BeginReloadAssembly (86ms)
		ExecutionOrderSort (0ms)
		DisableScriptedObjects (3ms)
		BackupInstance (0ms)
		ReleaseScriptingObjects (0ms)
		CreateAndSetChildDomain (19ms)
	RebuildCommonClasses (17ms)
	RebuildNativeTypeToScriptingClass (5ms)
	initialDomainReloadingComplete (47ms)
	LoadAllAssembliesAndSetupDomain (110ms)
		LoadAssemblies (144ms)
		RebuildTransferFunctionScriptingTraits (0ms)
		AnalyzeDomain (8ms)
			TypeCache.Refresh (3ms)
				TypeCache.ScanAssembly (0ms)
			ScanForSourceGeneratedMonoScriptInfo (0ms)
			ResolveRequiredComponents (3ms)
	FinalizeReload (514ms)
		ReleaseScriptCaches (0ms)
		RebuildScriptCaches (0ms)
		SetupLoadedEditorAssemblies (211ms)
			LogAssemblyErrors (0ms)
			InitializePlatformSupportModulesInManaged (5ms)
			SetLoadedEditorAssemblies (2ms)
			RefreshPlugins (0ms)
			BeforeProcessingInitializeOnLoad (35ms)
			ProcessInitializeOnLoadAttributes (150ms)
			ProcessInitializeOnLoadMethodAttributes (12ms)
			AfterProcessingInitializeOnLoad (6ms)
			EditorAssembliesLoaded (0ms)
		ExecutionOrderSort2 (0ms)
		AwakeInstancesAfterBackupRestoration (7ms)
Refreshing native plugins compatible for Editor in 2.82 ms, found 3 plugins.
Preloading 0 native plugins for Editor in 0.00 ms.
Unloading 3156 Unused Serialized files (Serialized files now loaded: 0)
Unloading 14 unused Assets / (28.6 KB). Loaded Objects now: 3778.
Memory consumption went from 128.8 MB to 128.7 MB.
Total: 1.766500 ms (FindLiveObjects: 0.189800 ms CreateObjectMapping: 0.034600 ms MarkObjects: 1.506100 ms  DeleteObjects: 0.035000 ms)

Prepare: number of updated asset objects reloaded= 0
AssetImportParameters requested are different than current active one (requested -> active):
  custom:container-demuxer-ogg: 62fdf1f143b41e24485cea50d1cbac27 -> 
  custom:video-codec-MediaFoundation-h265: 746d11721c4dcdbdad8f713fa42b33f4 -> 
  custom:video-decoder-ogg-theora: a1e56fd34408186e4bbccfd4996cb3dc -> 
  custom:framework-win-MediaFoundation: 216162199b28c13a410421893ffa2e32 -> 
  custom:CustomObjectIndexerAttribute: 9a22284fe3817be447336de3de66b15e -> 
  custom:container-demuxer-webm: 4f35f7cbe854078d1ac9338744f61a02 -> 
  custom:container-muxer-webm: aa71ff27fc2769a1b78a27578f13a17b -> 
  custom:video-decoder-webm-vp8: 9c59270c3fd7afecdb556c50c9e8de78 -> 
  custom:SearchIndexIgnoredProperties: e643bd26f0fe6173181afceb89e7c659 -> 
  custom:AudioImporter_EditorPlatform: d09bf68614088b80899f8185d706f6e7 -> 
  custom:scripting/monoscript/fileName/AppleGrabber.cs: 049dd0d45824f05b3075081b81efc97e -> 
  custom:video-encoder-webm-vp8: eb34c28f22e8b96e1ab97ce403110664 -> 
  custom:scripting/monoscript/fileName/ItemInfo.cs: 41c6c9b806385a64c343be70e593e9ea -> 
  custom:audio-decoder-ogg-vorbis: bf7c407c2cedff20999df2af8eb42d56 -> 
  custom:audio-encoder-webm-vorbis: bf7c407c2cedff20999df2af8eb42d56 -> 
  custom:scripting/precompiled-assembly-types:Assembly-CSharp: f864faca440846ab3e822b2adaf0a730 -> f3c577f6a5d9e0216c8dee55e7d0d5a7
========================================================================
Received Prepare
Caller must complete domain reload
Begin MonoManager ReloadAssembly
- Loaded All Assemblies, in  0.268 seconds
Native extension for WindowsStandalone target not found
Native extension for WebGL target not found
Mono: successfully reloaded assembly
- Finished resetting the current domain, in  0.504 seconds
Domain Reload Profiling: 768ms
	BeginReloadAssembly (81ms)
		ExecutionOrderSort (0ms)
		DisableScriptedObjects (2ms)
		BackupInstance (0ms)
		ReleaseScriptingObjects (0ms)
		CreateAndSetChildDomain (17ms)
	RebuildCommonClasses (16ms)
	RebuildNativeTypeToScriptingClass (5ms)
	initialDomainReloadingComplete (48ms)
	LoadAllAssembliesAndSetupDomain (113ms)
		LoadAssemblies (144ms)
		RebuildTransferFunctionScriptingTraits (0ms)
		AnalyzeDomain (7ms)
			TypeCache.Refresh (3ms)
				TypeCache.ScanAssembly (0ms)
			ScanForSourceGeneratedMonoScriptInfo (0ms)
			ResolveRequiredComponents (3ms)
	FinalizeReload (505ms)
		ReleaseScriptCaches (0ms)
		RebuildScriptCaches (0ms)
		SetupLoadedEditorAssemblies (201ms)
			LogAssemblyErrors (0ms)
			InitializePlatformSupportModulesInManaged (4ms)
			SetLoadedEditorAssemblies (2ms)
			RefreshPlugins (0ms)
			BeforeProcessingInitializeOnLoad (35ms)
			ProcessInitializeOnLoadAttributes (141ms)
			ProcessInitializeOnLoadMethodAttributes (12ms)
			AfterProcessingInitializeOnLoad (6ms)
			EditorAssembliesLoaded (0ms)
		ExecutionOrderSort2 (0ms)
		AwakeInstancesAfterBackupRestoration (7ms)
Refreshing native plugins compatible for Editor in 3.07 ms, found 3 plugins.
Preloading 0 native plugins for Editor in 0.00 ms.
Unloading 3156 Unused Serialized files (Serialized files now loaded: 0)
Unloading 14 unused Assets / (28.6 KB). Loaded Objects now: 3781.
Memory consumption went from 128.8 MB to 128.7 MB.
Total: 1.780300 ms (FindLiveObjects: 0.199800 ms CreateObjectMapping: 0.031100 ms MarkObjects: 1.516700 ms  DeleteObjects: 0.031800 ms)

Prepare: number of updated asset objects reloaded= 0
AssetImportParameters requested are different than current active one (requested -> active):
  custom:container-demuxer-ogg: 62fdf1f143b41e24485cea50d1cbac27 -> 
  custom:video-codec-MediaFoundation-h265: 746d11721c4dcdbdad8f713fa42b33f4 -> 
  custom:video-decoder-ogg-theora: a1e56fd34408186e4bbccfd4996cb3dc -> 
  custom:framework-win-MediaFoundation: 216162199b28c13a410421893ffa2e32 -> 
  custom:CustomObjectIndexerAttribute: 9a22284fe3817be447336de3de66b15e -> 
  custom:container-demuxer-webm: 4f35f7cbe854078d1ac9338744f61a02 -> 
  custom:container-muxer-webm: aa71ff27fc2769a1b78a27578f13a17b -> 
  custom:video-decoder-webm-vp8: 9c59270c3fd7afecdb556c50c9e8de78 -> 
  custom:SearchIndexIgnoredProperties: e643bd26f0fe6173181afceb89e7c659 -> 
  custom:AudioImporter_EditorPlatform: d09bf68614088b80899f8185d706f6e7 -> 
  custom:scripting/monoscript/fileName/AppleGrabber.cs: 049dd0d45824f05b3075081b81efc97e -> 
  custom:video-encoder-webm-vp8: eb34c28f22e8b96e1ab97ce403110664 -> 
  custom:scripting/monoscript/fileName/ItemInfo.cs: 41c6c9b806385a64c343be70e593e9ea -> 
  custom:audio-decoder-ogg-vorbis: bf7c407c2cedff20999df2af8eb42d56 -> 
  custom:audio-encoder-webm-vorbis: bf7c407c2cedff20999df2af8eb42d56 -> 
  custom:scripting/precompiled-assembly-types:Assembly-CSharp: f864faca440846ab3e822b2adaf0a730 -> f3c577f6a5d9e0216c8dee55e7d0d5a7
========================================================================
Received Prepare
Caller must complete domain reload
Begin MonoManager ReloadAssembly
- Loaded All Assemblies, in  0.271 seconds
Native extension for WindowsStandalone target not found
Native extension for WebGL target not found
Mono: successfully reloaded assembly
- Finished resetting the current domain, in  0.490 seconds
Domain Reload Profiling: 758ms
	BeginReloadAssembly (86ms)
		ExecutionOrderSort (0ms)
		DisableScriptedObjects (2ms)
		BackupInstance (0ms)
		ReleaseScriptingObjects (0ms)
		CreateAndSetChildDomain (17ms)
	RebuildCommonClasses (47ms)
	RebuildNativeTypeToScriptingClass (6ms)
	initialDomainReloadingComplete (23ms)
	LoadAllAssembliesAndSetupDomain (106ms)
		LoadAssemblies (141ms)
		RebuildTransferFunctionScriptingTraits (0ms)
		AnalyzeDomain (7ms)
			TypeCache.Refresh (3ms)
				TypeCache.ScanAssembly (0ms)
			ScanForSourceGeneratedMonoScriptInfo (0ms)
			ResolveRequiredComponents (3ms)
	FinalizeReload (490ms)
		ReleaseScriptCaches (0ms)
		RebuildScriptCaches (0ms)
		SetupLoadedEditorAssemblies (199ms)
			LogAssemblyErrors (0ms)
			InitializePlatformSupportModulesInManaged (5ms)
			SetLoadedEditorAssemblies (3ms)
			RefreshPlugins (0ms)
			BeforeProcessingInitializeOnLoad (37ms)
			ProcessInitializeOnLoadAttributes (135ms)
			ProcessInitializeOnLoadMethodAttributes (10ms)
			AfterProcessingInitializeOnLoad (9ms)
			EditorAssembliesLoaded (0ms)
		ExecutionOrderSort2 (0ms)
		AwakeInstancesAfterBackupRestoration (8ms)
Refreshing native plugins compatible for Editor in 3.83 ms, found 3 plugins.
Preloading 0 native plugins for Editor in 0.00 ms.
Unloading 3156 Unused Serialized files (Serialized files now loaded: 0)
Unloading 14 unused Assets / (28.6 KB). Loaded Objects now: 3784.
Memory consumption went from 128.8 MB to 128.7 MB.
Total: 1.767600 ms (FindLiveObjects: 0.193900 ms CreateObjectMapping: 0.030900 ms MarkObjects: 1.511100 ms  DeleteObjects: 0.030800 ms)

Prepare: number of updated asset objects reloaded= 0
AssetImportParameters requested are different than current active one (requested -> active):
  custom:container-demuxer-ogg: 62fdf1f143b41e24485cea50d1cbac27 -> 
  custom:video-codec-MediaFoundation-h265: 746d11721c4dcdbdad8f713fa42b33f4 -> 
  custom:video-decoder-ogg-theora: a1e56fd34408186e4bbccfd4996cb3dc -> 
  custom:framework-win-MediaFoundation: 216162199b28c13a410421893ffa2e32 -> 
  custom:CustomObjectIndexerAttribute: 9a22284fe3817be447336de3de66b15e -> 
  custom:container-demuxer-webm: 4f35f7cbe854078d1ac9338744f61a02 -> 
  custom:container-muxer-webm: aa71ff27fc2769a1b78a27578f13a17b -> 
  custom:video-decoder-webm-vp8: 9c59270c3fd7afecdb556c50c9e8de78 -> 
  custom:SearchIndexIgnoredProperties: e643bd26f0fe6173181afceb89e7c659 -> 
  custom:AudioImporter_EditorPlatform: d09bf68614088b80899f8185d706f6e7 -> 
  custom:scripting/monoscript/fileName/AppleGrabber.cs: 049dd0d45824f05b3075081b81efc97e -> 
  custom:video-encoder-webm-vp8: eb34c28f22e8b96e1ab97ce403110664 -> 
  custom:scripting/monoscript/fileName/ItemInfo.cs: 41c6c9b806385a64c343be70e593e9ea -> 
  custom:audio-decoder-ogg-vorbis: bf7c407c2cedff20999df2af8eb42d56 -> 
  custom:audio-encoder-webm-vorbis: bf7c407c2cedff20999df2af8eb42d56 -> 
  custom:scripting/precompiled-assembly-types:Assembly-CSharp: f864faca440846ab3e822b2adaf0a730 -> f3c577f6a5d9e0216c8dee55e7d0d5a7
========================================================================
Received Prepare
Caller must complete domain reload
Begin MonoManager ReloadAssembly
- Loaded All Assemblies, in  0.292 seconds
Native extension for WindowsStandalone target not found
Native extension for WebGL target not found
Mono: successfully reloaded assembly
- Finished resetting the current domain, in  0.533 seconds
Domain Reload Profiling: 821ms
	BeginReloadAssembly (89ms)
		ExecutionOrderSort (0ms)
		DisableScriptedObjects (2ms)
		BackupInstance (0ms)
		ReleaseScriptingObjects (0ms)
		CreateAndSetChildDomain (20ms)
	RebuildCommonClasses (18ms)
	RebuildNativeTypeToScriptingClass (5ms)
	initialDomainReloadingComplete (51ms)
	LoadAllAssembliesAndSetupDomain (126ms)
		LoadAssemblies (162ms)
		RebuildTransferFunctionScriptingTraits (0ms)
		AnalyzeDomain (7ms)
			TypeCache.Refresh (3ms)
				TypeCache.ScanAssembly (0ms)
			ScanForSourceGeneratedMonoScriptInfo (0ms)
			ResolveRequiredComponents (3ms)
	FinalizeReload (533ms)
		ReleaseScriptCaches (0ms)
		RebuildScriptCaches (0ms)
		SetupLoadedEditorAssemblies (221ms)
			LogAssemblyErrors (0ms)
			InitializePlatformSupportModulesInManaged (4ms)
			SetLoadedEditorAssemblies (3ms)
			RefreshPlugins (0ms)
			BeforeProcessingInitializeOnLoad (33ms)
			ProcessInitializeOnLoadAttributes (162ms)
			ProcessInitializeOnLoadMethodAttributes (12ms)
			AfterProcessingInitializeOnLoad (7ms)
			EditorAssembliesLoaded (0ms)
		ExecutionOrderSort2 (0ms)
		AwakeInstancesAfterBackupRestoration (9ms)
Refreshing native plugins compatible for Editor in 3.23 ms, found 3 plugins.
Preloading 0 native plugins for Editor in 0.00 ms.
Unloading 3156 Unused Serialized files (Serialized files now loaded: 0)
Unloading 14 unused Assets / (28.6 KB). Loaded Objects now: 3787.
Memory consumption went from 128.8 MB to 128.7 MB.
Total: 2.096000 ms (FindLiveObjects: 0.210900 ms CreateObjectMapping: 0.030900 ms MarkObjects: 1.816000 ms  DeleteObjects: 0.037100 ms)

Prepare: number of updated asset objects reloaded= 0
AssetImportParameters requested are different than current active one (requested -> active):
  custom:container-demuxer-ogg: 62fdf1f143b41e24485cea50d1cbac27 -> 
  custom:video-codec-MediaFoundation-h265: 746d11721c4dcdbdad8f713fa42b33f4 -> 
  custom:video-decoder-ogg-theora: a1e56fd34408186e4bbccfd4996cb3dc -> 
  custom:framework-win-MediaFoundation: 216162199b28c13a410421893ffa2e32 -> 
  custom:CustomObjectIndexerAttribute: 9a22284fe3817be447336de3de66b15e -> 
  custom:container-demuxer-webm: 4f35f7cbe854078d1ac9338744f61a02 -> 
  custom:container-muxer-webm: aa71ff27fc2769a1b78a27578f13a17b -> 
  custom:video-decoder-webm-vp8: 9c59270c3fd7afecdb556c50c9e8de78 -> 
  custom:SearchIndexIgnoredProperties: e643bd26f0fe6173181afceb89e7c659 -> 
  custom:AudioImporter_EditorPlatform: d09bf68614088b80899f8185d706f6e7 -> 
  custom:scripting/monoscript/fileName/AppleGrabber.cs: 049dd0d45824f05b3075081b81efc97e -> 
  custom:video-encoder-webm-vp8: eb34c28f22e8b96e1ab97ce403110664 -> 
  custom:scripting/monoscript/fileName/ItemInfo.cs: 41c6c9b806385a64c343be70e593e9ea -> 
  custom:audio-decoder-ogg-vorbis: bf7c407c2cedff20999df2af8eb42d56 -> 
  custom:audio-encoder-webm-vorbis: bf7c407c2cedff20999df2af8eb42d56 -> 
  custom:scripting/precompiled-assembly-types:Assembly-CSharp: f864faca440846ab3e822b2adaf0a730 -> f3c577f6a5d9e0216c8dee55e7d0d5a7
========================================================================
Received Prepare
Caller must complete domain reload
Begin MonoManager ReloadAssembly
- Loaded All Assemblies, in  0.264 seconds
Native extension for WindowsStandalone target not found
Native extension for WebGL target not found
Mono: successfully reloaded assembly
- Finished resetting the current domain, in  0.536 seconds
Domain Reload Profiling: 795ms
	BeginReloadAssembly (82ms)
		ExecutionOrderSort (0ms)
		DisableScriptedObjects (2ms)
		BackupInstance (0ms)
		ReleaseScriptingObjects (0ms)
		CreateAndSetChildDomain (18ms)
	RebuildCommonClasses (16ms)
	RebuildNativeTypeToScriptingClass (5ms)
	initialDomainReloadingComplete (49ms)
	LoadAllAssembliesAndSetupDomain (106ms)
		LoadAssemblies (138ms)
		RebuildTransferFunctionScriptingTraits (0ms)
		AnalyzeDomain (7ms)
			TypeCache.Refresh (3ms)
				TypeCache.ScanAssembly (0ms)
			ScanForSourceGeneratedMonoScriptInfo (0ms)
			ResolveRequiredComponents (3ms)
	FinalizeReload (536ms)
		ReleaseScriptCaches (0ms)
		RebuildScriptCaches (0ms)
		SetupLoadedEditorAssemblies (214ms)
			LogAssemblyErrors (0ms)
			InitializePlatformSupportModulesInManaged (5ms)
			SetLoadedEditorAssemblies (3ms)
			RefreshPlugins (0ms)
			BeforeProcessingInitializeOnLoad (35ms)
			ProcessInitializeOnLoadAttributes (153ms)
			ProcessInitializeOnLoadMethodAttributes (12ms)
			AfterProcessingInitializeOnLoad (8ms)
			EditorAssembliesLoaded (0ms)
		ExecutionOrderSort2 (0ms)
		AwakeInstancesAfterBackupRestoration (8ms)
Refreshing native plugins compatible for Editor in 3.10 ms, found 3 plugins.
Preloading 0 native plugins for Editor in 0.00 ms.
Unloading 3156 Unused Serialized files (Serialized files now loaded: 0)
Unloading 14 unused Assets / (28.6 KB). Loaded Objects now: 3790.
Memory consumption went from 128.8 MB to 128.7 MB.
Total: 1.959300 ms (FindLiveObjects: 0.231700 ms CreateObjectMapping: 0.032600 ms MarkObjects: 1.661400 ms  DeleteObjects: 0.032600 ms)

Prepare: number of updated asset objects reloaded= 0
AssetImportParameters requested are different than current active one (requested -> active):
  custom:container-demuxer-ogg: 62fdf1f143b41e24485cea50d1cbac27 -> 
  custom:video-codec-MediaFoundation-h265: 746d11721c4dcdbdad8f713fa42b33f4 -> 
  custom:video-decoder-ogg-theora: a1e56fd34408186e4bbccfd4996cb3dc -> 
  custom:framework-win-MediaFoundation: 216162199b28c13a410421893ffa2e32 -> 
  custom:CustomObjectIndexerAttribute: 9a22284fe3817be447336de3de66b15e -> 
  custom:container-demuxer-webm: 4f35f7cbe854078d1ac9338744f61a02 -> 
  custom:container-muxer-webm: aa71ff27fc2769a1b78a27578f13a17b -> 
  custom:video-decoder-webm-vp8: 9c59270c3fd7afecdb556c50c9e8de78 -> 
  custom:SearchIndexIgnoredProperties: e643bd26f0fe6173181afceb89e7c659 -> 
  custom:AudioImporter_EditorPlatform: d09bf68614088b80899f8185d706f6e7 -> 
  custom:scripting/monoscript/fileName/AppleGrabber.cs: 049dd0d45824f05b3075081b81efc97e -> 
  custom:video-encoder-webm-vp8: eb34c28f22e8b96e1ab97ce403110664 -> 
  custom:scripting/monoscript/fileName/ItemInfo.cs: 41c6c9b806385a64c343be70e593e9ea -> 
  custom:audio-decoder-ogg-vorbis: bf7c407c2cedff20999df2af8eb42d56 -> 
  custom:audio-encoder-webm-vorbis: bf7c407c2cedff20999df2af8eb42d56 -> 
  custom:scripting/precompiled-assembly-types:Assembly-CSharp: f864faca440846ab3e822b2adaf0a730 -> f3c577f6a5d9e0216c8dee55e7d0d5a7
========================================================================
Received Import Request.
  Time since last request: 559.980522 seconds.
  path: Assets/Scenes/SampleScene.unity
  artifactKey: Guid(9fc0d4010bbf28b4594072e72b8655ab) Importer(2089858483,0ecaa5967403d082aa24f35e1b516d23)
Start importing Assets/Scenes/SampleScene.unity using Guid(9fc0d4010bbf28b4594072e72b8655ab) Importer(2089858483,0ecaa5967403d082aa24f35e1b516d23) [PhysX] Initialized MultithreadedTaskDispatcher with 16 workers.
 -> (artifact id: '8ebd77c91b4be19058da858e6e4b48cf') in 0.045396 seconds
Number of updated asset objects reloaded before import = 0
Number of asset objects unloaded after import = 1
========================================================================
Received Import Request.
  Time since last request: 0.000019 seconds.
  path: Assets/TextMesh Pro/Shaders/TMPro_Mobile.cginc
  artifactKey: Guid(c334973cef89a9840b0b0c507e0377ab) Importer(2089858483,0ecaa5967403d082aa24f35e1b516d23)
Start importing Assets/TextMesh Pro/Shaders/TMPro_Mobile.cginc using Guid(c334973cef89a9840b0b0c507e0377ab) Importer(2089858483,0ecaa5967403d082aa24f35e1b516d23) [PhysX] Initialized MultithreadedTaskDispatcher with 16 workers.
 -> (artifact id: '1e97b7fcf7d0da1156a0db651eae727d') in 0.012722 seconds
Number of updated asset objects reloaded before import = 0
Number of asset objects unloaded after import = 1
========================================================================
Received Import Request.
  Time since last request: 0.000018 seconds.
  path: Assets/ModernSupermarket/Models/Architecture/Wall.fbx
  artifactKey: Guid(50a1ba2266688a74a8ab759b0d83ff11) Importer(2089858483,0ecaa5967403d082aa24f35e1b516d23)
Start importing Assets/ModernSupermarket/Models/Architecture/Wall.fbx using Guid(50a1ba2266688a74a8ab759b0d83ff11) Importer(2089858483,0ecaa5967403d082aa24f35e1b516d23) [PhysX] Initialized MultithreadedTaskDispatcher with 16 workers.
 -> (artifact id: 'a81dc5c7ae5d5c44fa0a894857c53190') in 0.042623 seconds
Number of updated asset objects reloaded before import = 0
Number of asset objects unloaded after import = 7
========================================================================
Received Import Request.
  Time since last request: 0.000075 seconds.
  path: Assets/TextMesh Pro/Shaders/TMPro.cginc
  artifactKey: Guid(407bc68d299748449bbf7f48ee690f8d) Importer(2089858483,0ecaa5967403d082aa24f35e1b516d23)
Start importing Assets/TextMesh Pro/Shaders/TMPro.cginc using Guid(407bc68d299748449bbf7f48ee690f8d) Importer(2089858483,0ecaa5967403d082aa24f35e1b516d23) [PhysX] Initialized MultithreadedTaskDispatcher with 16 workers.
 -> (artifact id: 'd63f335d84394f50b94613b6a700f74d') in 0.013414 seconds
Number of updated asset objects reloaded before import = 0
Number of asset objects unloaded after import = 1
========================================================================
Received Import Request.
  Time since last request: 0.000037 seconds.
  path: Assets/ModernSupermarket/Prefabs/Furniture/Fridge_4ttiif.prefab
  artifactKey: Guid(cfeb1ca3472ff614dbf78e77108155bc) Importer(2089858483,0ecaa5967403d082aa24f35e1b516d23)
Start importing Assets/ModernSupermarket/Prefabs/Furniture/Fridge_4ttiif.prefab using Guid(cfeb1ca3472ff614dbf78e77108155bc) Importer(2089858483,0ecaa5967403d082aa24f35e1b516d23) [PhysX] Initialized MultithreadedTaskDispatcher with 16 workers.
 -> (artifact id: '1b8e8a157b4939e65c5b2bcb0272bc2b') in 0.009851 seconds
Number of updated asset objects reloaded before import = 0
Number of asset objects unloaded after import = 25
========================================================================
Received Import Request.
  Time since last request: 0.000015 seconds.
  path: Assets/ModernSupermarket/Shaders/MaskedColor.shader
  artifactKey: Guid(25e035f1747cebe47a24a855a3f80093) Importer(2089858483,0ecaa5967403d082aa24f35e1b516d23)
Start importing Assets/ModernSupermarket/Shaders/MaskedColor.shader using Guid(25e035f1747cebe47a24a855a3f80093) Importer(2089858483,0ecaa5967403d082aa24f35e1b516d23) [PhysX] Initialized MultithreadedTaskDispatcher with 16 workers.
 -> (artifact id: '8a9e8bddb7f8320d79f2d9cd599b7cd3') in 0.010548 seconds
Number of updated asset objects reloaded before import = 0
Number of asset objects unloaded after import = 1
========================================================================
Received Import Request.
  Time since last request: 0.000017 seconds.
  path: Assets/TextMesh Pro/Shaders/TMP_SDF-Mobile Overlay.shader
  artifactKey: Guid(a02a7d8c237544f1962732b55a9aebf1) Importer(2089858483,0ecaa5967403d082aa24f35e1b516d23)
Start importing Assets/TextMesh Pro/Shaders/TMP_SDF-Mobile Overlay.shader using Guid(a02a7d8c237544f1962732b55a9aebf1) Importer(2089858483,0ecaa5967403d082aa24f35e1b516d23) [PhysX] Initialized MultithreadedTaskDispatcher with 16 workers.
 -> (artifact id: '603b06c32eea911458bce941b1de4c5e') in 0.007757 seconds
Number of updated asset objects reloaded before import = 0
Number of asset objects unloaded after import = 1
========================================================================
Received Import Request.
  Time since last request: 0.000048 seconds.
  path: Assets/ModernSupermarket/Shaders/Label.shader
  artifactKey: Guid(12e16dfd48fbfb34aa8ff59876104728) Importer(2089858483,0ecaa5967403d082aa24f35e1b516d23)
Start importing Assets/ModernSupermarket/Shaders/Label.shader using Guid(12e16dfd48fbfb34aa8ff59876104728) Importer(2089858483,0ecaa5967403d082aa24f35e1b516d23) [PhysX] Initialized MultithreadedTaskDispatcher with 16 workers.
 -> (artifact id: '317c8f46a47549b38cb75585fc60f8e1') in 0.007736 seconds
Number of updated asset objects reloaded before import = 0
Number of asset objects unloaded after import = 1
========================================================================
Received Import Request.
  Time since last request: 0.000014 seconds.
  path: Assets/ModernSupermarket/Prefabs/Furniture/Grid_kdypaf.prefab
  artifactKey: Guid(418c83d15b19c404e8c7a435e44a243b) Importer(2089858483,0ecaa5967403d082aa24f35e1b516d23)
Start importing Assets/ModernSupermarket/Prefabs/Furniture/Grid_kdypaf.prefab using Guid(418c83d15b19c404e8c7a435e44a243b) Importer(2089858483,0ecaa5967403d082aa24f35e1b516d23) [PhysX] Initialized MultithreadedTaskDispatcher with 16 workers.
 -> (artifact id: '13fa3481a9050c6ab16dc0ba6e2c9214') in 0.011088 seconds
Number of updated asset objects reloaded before import = 0
Number of asset objects unloaded after import = 8
========================================================================
Received Import Request.
  Time since last request: 0.000018 seconds.
  path: Assets/ModernSupermarket/Prefabs/Architecture/Vent_9y3yod_Grid04.prefab
  artifactKey: Guid(a3bd7168031eab14c80b43f7f11cc0de) Importer(2089858483,0ecaa5967403d082aa24f35e1b516d23)
Start importing Assets/ModernSupermarket/Prefabs/Architecture/Vent_9y3yod_Grid04.prefab using Guid(a3bd7168031eab14c80b43f7f11cc0de) Importer(2089858483,0ecaa5967403d082aa24f35e1b516d23) [PhysX] Initialized MultithreadedTaskDispatcher with 16 workers.
 -> (artifact id: 'a8a2b24d417275da2885b5ba6b0a11e6') in 0.009351 seconds
Number of updated asset objects reloaded before import = 0
Number of asset objects unloaded after import = 8
========================================================================
Received Import Request.
  Time since last request: 0.000014 seconds.
  path: Assets/ModernSupermarket/Models/Architecture/WallDoorLarge.fbx
  artifactKey: Guid(341bfc77891beaa42bd191cfef5c2d35) Importer(2089858483,0ecaa5967403d082aa24f35e1b516d23)
Start importing Assets/ModernSupermarket/Models/Architecture/WallDoorLarge.fbx using Guid(341bfc77891beaa42bd191cfef5c2d35) Importer(2089858483,0ecaa5967403d082aa24f35e1b516d23) [PhysX] Initialized MultithreadedTaskDispatcher with 16 workers.
 -> (artifact id: '5f5fef9642c70dc71bde8ef28939563b') in 0.011721 seconds
Number of updated asset objects reloaded before import = 0
Number of asset objects unloaded after import = 7
========================================================================
Received Import Request.
  Time since last request: 0.000019 seconds.
  path: Assets/ModernSupermarket/Prefabs/Furniture/Shelf_6h7vop.prefab
  artifactKey: Guid(8cebf82815fd35d4aabcf69f9681605f) Importer(2089858483,0ecaa5967403d082aa24f35e1b516d23)
Start importing Assets/ModernSupermarket/Prefabs/Furniture/Shelf_6h7vop.prefab using Guid(8cebf82815fd35d4aabcf69f9681605f) Importer(2089858483,0ecaa5967403d082aa24f35e1b516d23) [PhysX] Initialized MultithreadedTaskDispatcher with 16 workers.
 -> (artifact id: 'e08db1de395768fe6972d1e82d9a42b2') in 0.012583 seconds
Number of updated asset objects reloaded before import = 0
Number of asset objects unloaded after import = 11
========================================================================
Received Import Request.
  Time since last request: 0.000013 seconds.
  path: Assets/ModernSupermarket/Prefabs/Architecture/Vent_9y3yod_Grid02.prefab
  artifactKey: Guid(d902df3aef2935e4eb07ce8ea4eab913) Importer(2089858483,0ecaa5967403d082aa24f35e1b516d23)
Start importing Assets/ModernSupermarket/Prefabs/Architecture/Vent_9y3yod_Grid02.prefab using Guid(d902df3aef2935e4eb07ce8ea4eab913) Importer(2089858483,0ecaa5967403d082aa24f35e1b516d23) [PhysX] Initialized MultithreadedTaskDispatcher with 16 workers.
 -> (artifact id: '3411d32cb52d30ffeea9ab386770f9a4') in 0.009465 seconds
Number of updated asset objects reloaded before import = 0
Number of asset objects unloaded after import = 8
========================================================================
Received Import Request.
  Time since last request: 0.000016 seconds.
  path: Assets/ModernSupermarket/Prefabs/Furniture/Grid_ff0dgb.prefab
  artifactKey: Guid(b6f85558cf7e6b64bb96a9163a6cc0cf) Importer(2089858483,0ecaa5967403d082aa24f35e1b516d23)
Start importing Assets/ModernSupermarket/Prefabs/Furniture/Grid_ff0dgb.prefab using Guid(b6f85558cf7e6b64bb96a9163a6cc0cf) Importer(2089858483,0ecaa5967403d082aa24f35e1b516d23) [PhysX] Initialized MultithreadedTaskDispatcher with 16 workers.
 -> (artifact id: '4d71ff8111a9b74da1d9c22d8450bfff') in 0.011142 seconds
Number of updated asset objects reloaded before import = 0
Number of asset objects unloaded after import = 8
========================================================================
Received Import Request.
  Time since last request: 0.000016 seconds.
  path: Assets/ModernSupermarket/Models/Architecture/Floor.fbx
  artifactKey: Guid(85491b0953cc55e4381b02e4495d4a00) Importer(2089858483,0ecaa5967403d082aa24f35e1b516d23)
Start importing Assets/ModernSupermarket/Models/Architecture/Floor.fbx using Guid(85491b0953cc55e4381b02e4495d4a00) Importer(2089858483,0ecaa5967403d082aa24f35e1b516d23) [PhysX] Initialized MultithreadedTaskDispatcher with 16 workers.
 -> (artifact id: '790d25dc801f671d50342d819990340b') in 0.009004 seconds
Number of updated asset objects reloaded before import = 0
Number of asset objects unloaded after import = 7
========================================================================
Received Import Request.
  Time since last request: 0.000012 seconds.
  path: Assets/ModernSupermarket/Scripts/AppleInspector.cs
  artifactKey: Guid(0b0eb1acfbf7ca843b6e175b288e018e) Importer(2089858483,0ecaa5967403d082aa24f35e1b516d23)
Start importing Assets/ModernSupermarket/Scripts/AppleInspector.cs using Guid(0b0eb1acfbf7ca843b6e175b288e018e) Importer(2089858483,0ecaa5967403d082aa24f35e1b516d23) [PhysX] Initialized MultithreadedTaskDispatcher with 16 workers.
 -> (artifact id: '95ddb4126f6b2c158316e6801ce30a0b') in 0.007911 seconds
Number of updated asset objects reloaded before import = 0
Number of asset objects unloaded after import = 1
========================================================================
Received Import Request.
  Time since last request: 0.000019 seconds.
  path: Assets/ModernSupermarket/Models/Architecture/PillarTop_BeamTee.fbx
  artifactKey: Guid(c4cfc9954937299489921c97b69d9fb9) Importer(2089858483,0ecaa5967403d082aa24f35e1b516d23)
Start importing Assets/ModernSupermarket/Models/Architecture/PillarTop_BeamTee.fbx using Guid(c4cfc9954937299489921c97b69d9fb9) Importer(2089858483,0ecaa5967403d082aa24f35e1b516d23) [PhysX] Initialized MultithreadedTaskDispatcher with 16 workers.
 -> (artifact id: '79eab30bf846041b6eb9828a296494d6') in 0.011654 seconds
Number of updated asset objects reloaded before import = 0
Number of asset objects unloaded after import = 7
========================================================================
Received Import Request.
  Time since last request: 0.000014 seconds.
  path: Assets/ModernSupermarket/Prefabs/Furniture/HeritageStall_0hvi4wVar01.prefab
  artifactKey: Guid(a106300d002197d42ac0626dae3abe84) Importer(2089858483,0ecaa5967403d082aa24f35e1b516d23)
Start importing Assets/ModernSupermarket/Prefabs/Furniture/HeritageStall_0hvi4wVar01.prefab using Guid(a106300d002197d42ac0626dae3abe84) Importer(2089858483,0ecaa5967403d082aa24f35e1b516d23) [PhysX] Initialized MultithreadedTaskDispatcher with 16 workers.
 -> (artifact id: '160570da595d3cb6b2ccef3d26721ba7') in 0.011167 seconds
Number of updated asset objects reloaded before import = 0
Number of asset objects unloaded after import = 15
========================================================================
Received Import Request.
  Time since last request: 0.000015 seconds.
  path: Assets/ModernSupermarket/Prefabs/Furniture/Grid_dyxmv5.prefab
  artifactKey: Guid(6bbc7d782f3b681438c645efab1e311b) Importer(2089858483,0ecaa5967403d082aa24f35e1b516d23)
Start importing Assets/ModernSupermarket/Prefabs/Furniture/Grid_dyxmv5.prefab using Guid(6bbc7d782f3b681438c645efab1e311b) Importer(2089858483,0ecaa5967403d082aa24f35e1b516d23) [PhysX] Initialized MultithreadedTaskDispatcher with 16 workers.
 -> (artifact id: 'c9553cda0267fca4e041d0aaa1b9b9be') in 0.010866 seconds
Number of updated asset objects reloaded before import = 0
Number of asset objects unloaded after import = 8
========================================================================
Received Import Request.
  Time since last request: 0.000019 seconds.
  path: Assets/ModernSupermarket/Prefabs/Architecture/PillarTop_BeamRight.prefab
  artifactKey: Guid(4eec0794275c82745986ff2c1776dd3e) Importer(2089858483,0ecaa5967403d082aa24f35e1b516d23)
Start importing Assets/ModernSupermarket/Prefabs/Architecture/PillarTop_BeamRight.prefab using Guid(4eec0794275c82745986ff2c1776dd3e) Importer(2089858483,0ecaa5967403d082aa24f35e1b516d23) [PhysX] Initialized MultithreadedTaskDispatcher with 16 workers.
 -> (artifact id: '95a84ebf2fe58c455fd17e81457f1430') in 0.010630 seconds
Number of updated asset objects reloaded before import = 0
Number of asset objects unloaded after import = 8
========================================================================
Received Import Request.
  Time since last request: 0.000015 seconds.
  path: Assets/ModernSupermarket/Prefabs/Furniture/HeritageBuffet_wkjvvgVar01.prefab
  artifactKey: Guid(2ab1c9d9ccabbf345bee8f7a13b4faf1) Importer(2089858483,0ecaa5967403d082aa24f35e1b516d23)
Start importing Assets/ModernSupermarket/Prefabs/Furniture/HeritageBuffet_wkjvvgVar01.prefab using Guid(2ab1c9d9ccabbf345bee8f7a13b4faf1) Importer(2089858483,0ecaa5967403d082aa24f35e1b516d23) [PhysX] Initialized MultithreadedTaskDispatcher with 16 workers.
 -> (artifact id: 'c22d784c08dc9d806c30edfdff5a341e') in 0.008926 seconds
Number of updated asset objects reloaded before import = 0
Number of asset objects unloaded after import = 15
========================================================================
Received Import Request.
  Time since last request: 0.000014 seconds.
  path: Assets/ModernSupermarket/Prefabs/Architecture/PillarTop_Beam.prefab
  artifactKey: Guid(f3fe27302e576a245b73371978238ea8) Importer(2089858483,0ecaa5967403d082aa24f35e1b516d23)
Start importing Assets/ModernSupermarket/Prefabs/Architecture/PillarTop_Beam.prefab using Guid(f3fe27302e576a245b73371978238ea8) Importer(2089858483,0ecaa5967403d082aa24f35e1b516d23) [PhysX] Initialized MultithreadedTaskDispatcher with 16 workers.
 -> (artifact id: 'f4e8dc9322e129695cecb3ea90fa62e3') in 0.009338 seconds
Number of updated asset objects reloaded before import = 0
Number of asset objects unloaded after import = 8
========================================================================
Received Import Request.
  Time since last request: 0.000018 seconds.
  path: Assets/ModernSupermarket/Shaders/Tesselation.shader
  artifactKey: Guid(97927c4e9c7bca44486b7e4ea6a8f639) Importer(2089858483,0ecaa5967403d082aa24f35e1b516d23)
Start importing Assets/ModernSupermarket/Shaders/Tesselation.shader using Guid(97927c4e9c7bca44486b7e4ea6a8f639) Importer(2089858483,0ecaa5967403d082aa24f35e1b516d23) [PhysX] Initialized MultithreadedTaskDispatcher with 16 workers.
 -> (artifact id: 'ce4b36fa06b860eb0dfd3d740940b50b') in 0.008232 seconds
Number of updated asset objects reloaded before import = 0
Number of asset objects unloaded after import = 1
========================================================================
Received Import Request.
  Time since last request: 0.000021 seconds.
  path: Assets/ModernSupermarket/Prefabs/Furniture/Fridge_f13xen.prefab
  artifactKey: Guid(a871a10bcb3dcd64fb8684376cc4b30b) Importer(2089858483,0ecaa5967403d082aa24f35e1b516d23)
Start importing Assets/ModernSupermarket/Prefabs/Furniture/Fridge_f13xen.prefab using Guid(a871a10bcb3dcd64fb8684376cc4b30b) Importer(2089858483,0ecaa5967403d082aa24f35e1b516d23) [PhysX] Initialized MultithreadedTaskDispatcher with 16 workers.
 -> (artifact id: '5d0dbb5330c312c2474c60f8da861b9e') in 0.008930 seconds
Number of updated asset objects reloaded before import = 0
Number of asset objects unloaded after import = 19
========================================================================
Received Import Request.
  Time since last request: 0.000023 seconds.
  path: Assets/ModernSupermarket/Prefabs/Architecture/Floor_Var01.prefab
  artifactKey: Guid(59d3ac7c5b47b3244a72c764d076967e) Importer(2089858483,0ecaa5967403d082aa24f35e1b516d23)
Start importing Assets/ModernSupermarket/Prefabs/Architecture/Floor_Var01.prefab using Guid(59d3ac7c5b47b3244a72c764d076967e) Importer(2089858483,0ecaa5967403d082aa24f35e1b516d23) [PhysX] Initialized MultithreadedTaskDispatcher with 16 workers.
 -> (artifact id: '1d39d9c32ad8062b6263126161ef0610') in 0.010950 seconds
Number of updated asset objects reloaded before import = 0
Number of asset objects unloaded after import = 15
========================================================================
Received Import Request.
  Time since last request: 0.000022 seconds.
  path: Assets/ModernSupermarket/Scripts/ItemInfo.cs
  artifactKey: Guid(54f6ec3aaa3304548b40d4e79cedb250) Importer(2089858483,0ecaa5967403d082aa24f35e1b516d23)
Start importing Assets/ModernSupermarket/Scripts/ItemInfo.cs using Guid(54f6ec3aaa3304548b40d4e79cedb250) Importer(2089858483,0ecaa5967403d082aa24f35e1b516d23) [PhysX] Initialized MultithreadedTaskDispatcher with 16 workers.
 -> (artifact id: 'a449fe5fa08484553d8b72690cf05945') in 0.007068 seconds
Number of updated asset objects reloaded before import = 0
Number of asset objects unloaded after import = 1
========================================================================
Received Import Request.
  Time since last request: 0.000015 seconds.
  path: Assets/TextMesh Pro/Sprites/EmojiOne Attribution.txt
  artifactKey: Guid(381dcb09d5029d14897e55f98031fca5) Importer(2089858483,0ecaa5967403d082aa24f35e1b516d23)
Start importing Assets/TextMesh Pro/Sprites/EmojiOne Attribution.txt using Guid(381dcb09d5029d14897e55f98031fca5) Importer(2089858483,0ecaa5967403d082aa24f35e1b516d23) [PhysX] Initialized MultithreadedTaskDispatcher with 16 workers.
 -> (artifact id: '4cbd3b26da25c9671603ee5131f14429') in 0.008583 seconds
Number of updated asset objects reloaded before import = 0
Number of asset objects unloaded after import = 1
========================================================================
Received Import Request.
  Time since last request: 0.000013 seconds.
  path: Assets/ModernSupermarket/Prefabs/Architecture/Vent_9y3yod_Straight.prefab
  artifactKey: Guid(f195c1a4dfe26ac48870be379b5890f2) Importer(2089858483,0ecaa5967403d082aa24f35e1b516d23)
Start importing Assets/ModernSupermarket/Prefabs/Architecture/Vent_9y3yod_Straight.prefab using Guid(f195c1a4dfe26ac48870be379b5890f2) Importer(2089858483,0ecaa5967403d082aa24f35e1b516d23) [PhysX] Initialized MultithreadedTaskDispatcher with 16 workers.
 -> (artifact id: 'f84faca5029a820d7dfd7601651f13f8') in 0.009270 seconds
Number of updated asset objects reloaded before import = 0
Number of asset objects unloaded after import = 8
========================================================================
Received Import Request.
  Time since last request: 0.000017 seconds.
  path: Assets/ModernSupermarket/Prefabs/Architecture/Vent_9y3yod_Bias.prefab
  artifactKey: Guid(c3ae1f5c01727e8498387caf4a649b30) Importer(2089858483,0ecaa5967403d082aa24f35e1b516d23)
Start importing Assets/ModernSupermarket/Prefabs/Architecture/Vent_9y3yod_Bias.prefab using Guid(c3ae1f5c01727e8498387caf4a649b30) Importer(2089858483,0ecaa5967403d082aa24f35e1b516d23) [PhysX] Initialized MultithreadedTaskDispatcher with 16 workers.
 -> (artifact id: 'a374615ec150d4939f5f94b6611c453e') in 0.009725 seconds
Number of updated asset objects reloaded before import = 0
Number of asset objects unloaded after import = 8
========================================================================
Received Import Request.
  Time since last request: 0.000017 seconds.
  path: Assets/ModernSupermarket/Prefabs/Furniture/Checkout_4295b5.prefab
  artifactKey: Guid(b30f3eb612c28b84aafe176c38502680) Importer(2089858483,0ecaa5967403d082aa24f35e1b516d23)
Start importing Assets/ModernSupermarket/Prefabs/Furniture/Checkout_4295b5.prefab using Guid(b30f3eb612c28b84aafe176c38502680) Importer(2089858483,0ecaa5967403d082aa24f35e1b516d23) [PhysX] Initialized MultithreadedTaskDispatcher with 16 workers.
 -> (artifact id: '2b1097f7f7675c4e33884f4c1b219a84') in 0.008246 seconds
Number of updated asset objects reloaded before import = 0
Number of asset objects unloaded after import = 8
========================================================================
Received Import Request.
  Time since last request: 0.000012 seconds.
  path: Assets/TextMesh Pro/Fonts/LiberationSans.ttf
  artifactKey: Guid(e3265ab4bf004d28a9537516768c1c75) Importer(2089858483,0ecaa5967403d082aa24f35e1b516d23)
Start importing Assets/TextMesh Pro/Fonts/LiberationSans.ttf using Guid(e3265ab4bf004d28a9537516768c1c75) Importer(2089858483,0ecaa5967403d082aa24f35e1b516d23) [PhysX] Initialized MultithreadedTaskDispatcher with 16 workers.
 -> (artifact id: '5249f6a7efd0de26e1f0987163db9dd6') in 0.018701 seconds
Number of updated asset objects reloaded before import = 0
Number of asset objects unloaded after import = 3
========================================================================
Received Import Request.
  Time since last request: 0.000015 seconds.
  path: Assets/ModernSupermarket/Prefabs/Furniture/Counter_wh1nba.prefab
  artifactKey: Guid(e1ba54eeae249de4dafc7d3a4dfae543) Importer(2089858483,0ecaa5967403d082aa24f35e1b516d23)
Start importing Assets/ModernSupermarket/Prefabs/Furniture/Counter_wh1nba.prefab using Guid(e1ba54eeae249de4dafc7d3a4dfae543) Importer(2089858483,0ecaa5967403d082aa24f35e1b516d23) [PhysX] Initialized MultithreadedTaskDispatcher with 16 workers.
 -> (artifact id: 'b85c74de44e2d5e8d7366dab368edb24') in 0.009846 seconds
Number of updated asset objects reloaded before import = 0
Number of asset objects unloaded after import = 8
========================================================================
Received Import Request.
  Time since last request: 0.000018 seconds.
  path: Assets/ModernSupermarket/Prefabs/Architecture/PillarTop_BeamTee.prefab
  artifactKey: Guid(5ed29bab0b3484547831f49e356b9d8d) Importer(2089858483,0ecaa5967403d082aa24f35e1b516d23)
Start importing Assets/ModernSupermarket/Prefabs/Architecture/PillarTop_BeamTee.prefab using Guid(5ed29bab0b3484547831f49e356b9d8d) Importer(2089858483,0ecaa5967403d082aa24f35e1b516d23) [PhysX] Initialized MultithreadedTaskDispatcher with 16 workers.
 -> (artifact id: '0742326dacd0243e461141868aedd55e') in 0.009274 seconds
Number of updated asset objects reloaded before import = 0
Number of asset objects unloaded after import = 8
========================================================================
Received Import Request.
  Time since last request: 0.000018 seconds.
  path: Assets/TextMesh Pro/Resources/TMP Settings.asset
  artifactKey: Guid(3f5b5dff67a942289a9defa416b206f3) Importer(2089858483,0ecaa5967403d082aa24f35e1b516d23)
Start importing Assets/TextMesh Pro/Resources/TMP Settings.asset using Guid(3f5b5dff67a942289a9defa416b206f3) Importer(2089858483,0ecaa5967403d082aa24f35e1b516d23) [PhysX] Initialized MultithreadedTaskDispatcher with 16 workers.
 -> (artifact id: 'f48290686664241c48bbd444f1f05a9b') in 0.036685 seconds
Number of updated asset objects reloaded before import = 0
Number of asset objects unloaded after import = 15
========================================================================
Received Import Request.
  Time since last request: 0.000018 seconds.
  path: Assets/ModernSupermarket/Prefabs/Architecture/Vent_9y3yod_Curve.prefab
  artifactKey: Guid(493951e7f8b8ac643aed1f48f0f4804a) Importer(2089858483,0ecaa5967403d082aa24f35e1b516d23)
Start importing Assets/ModernSupermarket/Prefabs/Architecture/Vent_9y3yod_Curve.prefab using Guid(493951e7f8b8ac643aed1f48f0f4804a) Importer(2089858483,0ecaa5967403d082aa24f35e1b516d23) [PhysX] Initialized MultithreadedTaskDispatcher with 16 workers.
 -> (artifact id: 'fbefb1cfafe0aa8b0aafcb0e56f9ec55') in 0.010566 seconds
Number of updated asset objects reloaded before import = 0
Number of asset objects unloaded after import = 8
========================================================================
Received Import Request.
  Time since last request: 0.000021 seconds.
  path: Assets/ModernSupermarket/Prefabs/Furniture/Counter_attlsv.prefab
  artifactKey: Guid(a259acacddc0d754c9883eaf0f64e1ee) Importer(2089858483,0ecaa5967403d082aa24f35e1b516d23)
Start importing Assets/ModernSupermarket/Prefabs/Furniture/Counter_attlsv.prefab using Guid(a259acacddc0d754c9883eaf0f64e1ee) Importer(2089858483,0ecaa5967403d082aa24f35e1b516d23) [PhysX] Initialized MultithreadedTaskDispatcher with 16 workers.
 -> (artifact id: '8e75f661e66f57bbd8f90ae2dbc34528') in 0.011567 seconds
Number of updated asset objects reloaded before import = 0
Number of asset objects unloaded after import = 8
========================================================================
Received Import Request.
  Time since last request: 0.000018 seconds.
  path: Assets/ModernSupermarket/Prefabs/Furniture/HeritageStall_0hvi4w.prefab
  artifactKey: Guid(a1a44b7cae039064e90ea12da06a2113) Importer(2089858483,0ecaa5967403d082aa24f35e1b516d23)
Start importing Assets/ModernSupermarket/Prefabs/Furniture/HeritageStall_0hvi4w.prefab using Guid(a1a44b7cae039064e90ea12da06a2113) Importer(2089858483,0ecaa5967403d082aa24f35e1b516d23) [PhysX] Initialized MultithreadedTaskDispatcher with 16 workers.
 -> (artifact id: '47f2730c06b03780fe72e7084ad4460a') in 0.010696 seconds
Number of updated asset objects reloaded before import = 0
Number of asset objects unloaded after import = 8
========================================================================
Received Import Request.
  Time since last request: 0.000017 seconds.
  path: Assets/ModernSupermarket/Prefabs/Architecture/Ceiling.prefab
  artifactKey: Guid(c85ea330b01fd4341bbc049ea7f1a130) Importer(2089858483,0ecaa5967403d082aa24f35e1b516d23)
Start importing Assets/ModernSupermarket/Prefabs/Architecture/Ceiling.prefab using Guid(c85ea330b01fd4341bbc049ea7f1a130) Importer(2089858483,0ecaa5967403d082aa24f35e1b516d23) [PhysX] Initialized MultithreadedTaskDispatcher with 16 workers.
 -> (artifact id: 'e98490a23dc82b8bb53b41b993148b02') in 0.010678 seconds
Number of updated asset objects reloaded before import = 0
Number of asset objects unloaded after import = 8
========================================================================
Received Import Request.
  Time since last request: 0.000025 seconds.
  path: Assets/ModernSupermarket/Prefabs/Architecture/Vent_9y3yod_Grid03.prefab
  artifactKey: Guid(58ea999476bb2744bbf7211361df52b0) Importer(2089858483,0ecaa5967403d082aa24f35e1b516d23)
Start importing Assets/ModernSupermarket/Prefabs/Architecture/Vent_9y3yod_Grid03.prefab using Guid(58ea999476bb2744bbf7211361df52b0) Importer(2089858483,0ecaa5967403d082aa24f35e1b516d23) [PhysX] Initialized MultithreadedTaskDispatcher with 16 workers.
 -> (artifact id: '7a1574c08dc338ea58fa38cbf48abb5e') in 0.010851 seconds
Number of updated asset objects reloaded before import = 0
Number of asset objects unloaded after import = 8
========================================================================
Received Import Request.
  Time since last request: 0.000018 seconds.
  path: Assets/ModernSupermarket/Prefabs/Furniture/Checkout_gueqmj.prefab
  artifactKey: Guid(05e1e92b4e8a9694db8e1a8c69293ed5) Importer(2089858483,0ecaa5967403d082aa24f35e1b516d23)
Start importing Assets/ModernSupermarket/Prefabs/Furniture/Checkout_gueqmj.prefab using Guid(05e1e92b4e8a9694db8e1a8c69293ed5) Importer(2089858483,0ecaa5967403d082aa24f35e1b516d23) [PhysX] Initialized MultithreadedTaskDispatcher with 16 workers.
 -> (artifact id: 'b2b7ce349a316476cfcdbe06f45e9e83') in 0.010686 seconds
Number of updated asset objects reloaded before import = 0
Number of asset objects unloaded after import = 8
========================================================================
Received Import Request.
  Time since last request: 0.000018 seconds.
  path: Assets/ModernSupermarket/Prefabs/Architecture/Vent_9y3yod_Grid01.prefab
  artifactKey: Guid(f8bcd3322f0b7e441aa3a3058f622768) Importer(2089858483,0ecaa5967403d082aa24f35e1b516d23)
Start importing Assets/ModernSupermarket/Prefabs/Architecture/Vent_9y3yod_Grid01.prefab using Guid(f8bcd3322f0b7e441aa3a3058f622768) Importer(2089858483,0ecaa5967403d082aa24f35e1b516d23) [PhysX] Initialized MultithreadedTaskDispatcher with 16 workers.
 -> (artifact id: 'c366fa3eee76ff92b3e9864d64686f2e') in 0.010600 seconds
Number of updated asset objects reloaded before import = 0
Number of asset objects unloaded after import = 8
========================================================================
Received Import Request.
  Time since last request: 0.000021 seconds.
  path: Assets/TextMesh Pro/Shaders/TMP_Bitmap-Mobile.shader
  artifactKey: Guid(1e3b057af24249748ff873be7fafee47) Importer(2089858483,0ecaa5967403d082aa24f35e1b516d23)
Start importing Assets/TextMesh Pro/Shaders/TMP_Bitmap-Mobile.shader using Guid(1e3b057af24249748ff873be7fafee47) Importer(2089858483,0ecaa5967403d082aa24f35e1b516d23) [PhysX] Initialized MultithreadedTaskDispatcher with 16 workers.
 -> (artifact id: '16944e08a2e0f3de5affea496e65f48a') in 0.008053 seconds
Number of updated asset objects reloaded before import = 0
Number of asset objects unloaded after import = 1
========================================================================
Received Import Request.
  Time since last request: 0.000029 seconds.
  path: Assets/ModernSupermarket/Models/Architecture/WallTop.fbx
  artifactKey: Guid(8559874c06f9aad4cbc9373c8a0dab6b) Importer(2089858483,0ecaa5967403d082aa24f35e1b516d23)
Start importing Assets/ModernSupermarket/Models/Architecture/WallTop.fbx using Guid(8559874c06f9aad4cbc9373c8a0dab6b) Importer(2089858483,0ecaa5967403d082aa24f35e1b516d23) [PhysX] Initialized MultithreadedTaskDispatcher with 16 workers.
 -> (artifact id: '9bd4fb4db326a26a41d57443be41c981') in 0.011279 seconds
Number of updated asset objects reloaded before import = 0
Number of asset objects unloaded after import = 7
========================================================================
Received Import Request.
  Time since last request: 0.000017 seconds.
  path: Assets/ModernSupermarket/Prefabs/Architecture/PillarTop_BeamLeft.prefab
  artifactKey: Guid(3fffb567d7ab59149b900c6324c1c5a4) Importer(2089858483,0ecaa5967403d082aa24f35e1b516d23)
Start importing Assets/ModernSupermarket/Prefabs/Architecture/PillarTop_BeamLeft.prefab using Guid(3fffb567d7ab59149b900c6324c1c5a4) Importer(2089858483,0ecaa5967403d082aa24f35e1b516d23) [PhysX] Initialized MultithreadedTaskDispatcher with 16 workers.
 -> (artifact id: '8eefcc398f7f43e6b2c7285eaf3bc8b8') in 0.010606 seconds
Number of updated asset objects reloaded before import = 0
Number of asset objects unloaded after import = 8
========================================================================
Received Import Request.
  Time since last request: 0.000017 seconds.
  path: Assets/TextMesh Pro/Shaders/TMP_SDF-Surface.shader
  artifactKey: Guid(f7ada0af4f174f0694ca6a487b8f543d) Importer(2089858483,0ecaa5967403d082aa24f35e1b516d23)
Start importing Assets/TextMesh Pro/Shaders/TMP_SDF-Surface.shader using Guid(f7ada0af4f174f0694ca6a487b8f543d) Importer(2089858483,0ecaa5967403d082aa24f35e1b516d23) [PhysX] Initialized MultithreadedTaskDispatcher with 16 workers.
 -> (artifact id: '7574902a834e715b3b1d29aeabce5350') in 0.009799 seconds
Number of updated asset objects reloaded before import = 0
Number of asset objects unloaded after import = 1
========================================================================
Received Import Request.
  Time since last request: 0.000024 seconds.
  path: Assets/ModernSupermarket/Scripts/AppleGrabber.cs
  artifactKey: Guid(c5a1b5cf25606db4a9a47731914e3d81) Importer(2089858483,0ecaa5967403d082aa24f35e1b516d23)
Start importing Assets/ModernSupermarket/Scripts/AppleGrabber.cs using Guid(c5a1b5cf25606db4a9a47731914e3d81) Importer(2089858483,0ecaa5967403d082aa24f35e1b516d23) [PhysX] Initialized MultithreadedTaskDispatcher with 16 workers.
 -> (artifact id: '0dc29d3611fd6970b0b8bcccad3fcec9') in 0.007235 seconds
Number of updated asset objects reloaded before import = 0
Number of asset objects unloaded after import = 1
========================================================================
Received Import Request.
  Time since last request: 0.000016 seconds.
  path: Assets/TextMesh Pro/Fonts/LiberationSans - OFL.txt
  artifactKey: Guid(6e59c59b81ab47f9b6ec5781fa725d2c) Importer(2089858483,0ecaa5967403d082aa24f35e1b516d23)
Start importing Assets/TextMesh Pro/Fonts/LiberationSans - OFL.txt using Guid(6e59c59b81ab47f9b6ec5781fa725d2c) Importer(2089858483,0ecaa5967403d082aa24f35e1b516d23) [PhysX] Initialized MultithreadedTaskDispatcher with 16 workers.
 -> (artifact id: '70d0cd8e2f94da975f941ff8e612e560') in 0.010267 seconds
Number of updated asset objects reloaded before import = 0
Number of asset objects unloaded after import = 1
========================================================================
Received Import Request.
  Time since last request: 0.000015 seconds.
  path: Assets/ModernSupermarket/Models/Architecture/FloorSmall.fbx
  artifactKey: Guid(444f1f2b3898be8498844e603f48f087) Importer(2089858483,0ecaa5967403d082aa24f35e1b516d23)
Start importing Assets/ModernSupermarket/Models/Architecture/FloorSmall.fbx using Guid(444f1f2b3898be8498844e603f48f087) Importer(2089858483,0ecaa5967403d082aa24f35e1b516d23) [PhysX] Initialized MultithreadedTaskDispatcher with 16 workers.
 -> (artifact id: 'e9eae94bb27fa151c195f527da1bd8f0') in 0.011637 seconds
Number of updated asset objects reloaded before import = 0
Number of asset objects unloaded after import = 7
========================================================================
Received Import Request.
  Time since last request: 0.000023 seconds.
  path: Assets/ModernSupermarket/Prefabs/Architecture/Wall.prefab
  artifactKey: Guid(9aac5da4c249fb943b2f58502039d284) Importer(2089858483,0ecaa5967403d082aa24f35e1b516d23)
Start importing Assets/ModernSupermarket/Prefabs/Architecture/Wall.prefab using Guid(9aac5da4c249fb943b2f58502039d284) Importer(2089858483,0ecaa5967403d082aa24f35e1b516d23) [PhysX] Initialized MultithreadedTaskDispatcher with 16 workers.
 -> (artifact id: '8617e129644e43baf23cd6ec3566f6f6') in 0.010372 seconds
Number of updated asset objects reloaded before import = 0
Number of asset objects unloaded after import = 8
========================================================================
Received Import Request.
  Time since last request: 1.846703 seconds.
  path: Assets/ModernSupermarket/Prefabs/Furniture/Shelf_kicg9f.prefab
  artifactKey: Guid(aa2a0d13525651b429ef1e12dc3e15f4) Importer(2089858483,0ecaa5967403d082aa24f35e1b516d23)
Start importing Assets/ModernSupermarket/Prefabs/Furniture/Shelf_kicg9f.prefab using Guid(aa2a0d13525651b429ef1e12dc3e15f4) Importer(2089858483,0ecaa5967403d082aa24f35e1b516d23) [PhysX] Initialized MultithreadedTaskDispatcher with 16 workers.
 -> (artifact id: '26646bc43fc2f3f9d91176f8a483d6f2') in 0.009067 seconds
Number of updated asset objects reloaded before import = 0
Number of asset objects unloaded after import = 30
========================================================================
Received Import Request.
  Time since last request: 0.000017 seconds.
  path: Assets/TextMesh Pro/Examples & Extras/Materials/Small Crate_diffuse.mat
  artifactKey: Guid(22262639920f43d6be32430e4e58350d) Importer(2089858483,0ecaa5967403d082aa24f35e1b516d23)
Start importing Assets/TextMesh Pro/Examples & Extras/Materials/Small Crate_diffuse.mat using Guid(22262639920f43d6be32430e4e58350d) Importer(2089858483,0ecaa5967403d082aa24f35e1b516d23) [PhysX] Initialized MultithreadedTaskDispatcher with 16 workers.
 -> (artifact id: 'ed136057231ecb9579d7575a11eb660e') in 0.029356 seconds
Number of updated asset objects reloaded before import = 0
Number of asset objects unloaded after import = 3
========================================================================
Received Import Request.
  Time since last request: 0.000021 seconds.
  path: Assets/ModernSupermarket/Prefabs/Furniture/Sign_04h2fw_Books.prefab
  artifactKey: Guid(47c91b64530d3e6419877775c1450dea) Importer(2089858483,0ecaa5967403d082aa24f35e1b516d23)
Start importing Assets/ModernSupermarket/Prefabs/Furniture/Sign_04h2fw_Books.prefab using Guid(47c91b64530d3e6419877775c1450dea) Importer(2089858483,0ecaa5967403d082aa24f35e1b516d23) [PhysX] Initialized MultithreadedTaskDispatcher with 16 workers.
 -> (artifact id: 'b5aab2140d69e3d3e2d58b0f72247b95') in 0.012361 seconds
Number of updated asset objects reloaded before import = 0
Number of asset objects unloaded after import = 21
========================================================================
Received Import Request.
  Time since last request: 0.000016 seconds.
  path: Assets/TextMesh Pro/Examples & Extras/Scripts/TextConsoleSimulator.cs
  artifactKey: Guid(43bcd35a1c0c40ccb6d472893fe2093f) Importer(2089858483,0ecaa5967403d082aa24f35e1b516d23)
Start importing Assets/TextMesh Pro/Examples & Extras/Scripts/TextConsoleSimulator.cs using Guid(43bcd35a1c0c40ccb6d472893fe2093f) Importer(2089858483,0ecaa5967403d082aa24f35e1b516d23) [PhysX] Initialized MultithreadedTaskDispatcher with 16 workers.
 -> (artifact id: '04b9e7e5af5c5f2d7c4014374d325615') in 0.008183 seconds
Number of updated asset objects reloaded before import = 0
Number of asset objects unloaded after import = 1
========================================================================
Received Import Request.
  Time since last request: 0.000017 seconds.
  path: Assets/TextMesh Pro/Examples & Extras/Scenes/12a - Text Interactions.unity
  artifactKey: Guid(08572ab7713642c8a60789750f0bce5c) Importer(2089858483,0ecaa5967403d082aa24f35e1b516d23)
Start importing Assets/TextMesh Pro/Examples & Extras/Scenes/12a - Text Interactions.unity using Guid(08572ab7713642c8a60789750f0bce5c) Importer(2089858483,0ecaa5967403d082aa24f35e1b516d23) [PhysX] Initialized MultithreadedTaskDispatcher with 16 workers.
 -> (artifact id: 'cda29f241da70e6b41696e6c961509e5') in 0.006522 seconds
Number of updated asset objects reloaded before import = 0
Number of asset objects unloaded after import = 1
========================================================================
Received Import Request.
  Time since last request: 0.000032 seconds.
  path: Assets/TextMesh Pro/Examples & Extras/Scripts/ShaderPropAnimator.cs
  artifactKey: Guid(2787a46a4dc848c1b4b7b9307b614bfd) Importer(2089858483,0ecaa5967403d082aa24f35e1b516d23)
Start importing Assets/TextMesh Pro/Examples & Extras/Scripts/ShaderPropAnimator.cs using Guid(2787a46a4dc848c1b4b7b9307b614bfd) Importer(2089858483,0ecaa5967403d082aa24f35e1b516d23) [PhysX] Initialized MultithreadedTaskDispatcher with 16 workers.
 -> (artifact id: 'bd9b74a92052cb61be0eab566e80a091') in 0.012219 seconds
Number of updated asset objects reloaded before import = 0
Number of asset objects unloaded after import = 1
========================================================================
Received Import Request.
  Time since last request: 0.000030 seconds.
  path: Assets/ModernSupermarket/Prefabs/Furniture/Sign_9jlt52_Circle_Var01.prefab
  artifactKey: Guid(684866136f4cb04488154ecf2ebe92a9) Importer(2089858483,0ecaa5967403d082aa24f35e1b516d23)
Start importing Assets/ModernSupermarket/Prefabs/Furniture/Sign_9jlt52_Circle_Var01.prefab using Guid(684866136f4cb04488154ecf2ebe92a9) Importer(2089858483,0ecaa5967403d082aa24f35e1b516d23) [PhysX] Initialized MultithreadedTaskDispatcher with 16 workers.
 -> (artifact id: '551ab7012e77480e175a2d262c984040') in 0.011502 seconds
Number of updated asset objects reloaded before import = 0
Number of asset objects unloaded after import = 15
========================================================================
Received Import Request.
  Time since last request: 0.000018 seconds.
  path: Assets/ModernSupermarket/Prefabs/Furniture/Sign_04h2fw.prefab
  artifactKey: Guid(fdb459abb4f9ba047871edccfb9e72d6) Importer(2089858483,0ecaa5967403d082aa24f35e1b516d23)
Start importing Assets/ModernSupermarket/Prefabs/Furniture/Sign_04h2fw.prefab using Guid(fdb459abb4f9ba047871edccfb9e72d6) Importer(2089858483,0ecaa5967403d082aa24f35e1b516d23) [PhysX] Initialized MultithreadedTaskDispatcher with 16 workers.
 -> (artifact id: '7d73689a69cc2d01ca905ef04a90c7c0') in 0.011313 seconds
Number of updated asset objects reloaded before import = 0
Number of asset objects unloaded after import = 8
========================================================================
Received Import Request.
  Time since last request: 0.000018 seconds.
  path: Assets/ModernSupermarket/Prefabs/Furniture/Sign_9jlt52_Rounded.prefab
  artifactKey: Guid(103ceaf3a14449b49bdfa057bb183273) Importer(2089858483,0ecaa5967403d082aa24f35e1b516d23)
Start importing Assets/ModernSupermarket/Prefabs/Furniture/Sign_9jlt52_Rounded.prefab using Guid(103ceaf3a14449b49bdfa057bb183273) Importer(2089858483,0ecaa5967403d082aa24f35e1b516d23) [PhysX] Initialized MultithreadedTaskDispatcher with 16 workers.
 -> (artifact id: '073d1954a74da9a631fdedb587da19d0') in 0.011732 seconds
Number of updated asset objects reloaded before import = 0
Number of asset objects unloaded after import = 8
========================================================================
Received Import Request.
  Time since last request: 0.000018 seconds.
  path: Assets/TextMesh Pro/Examples & Extras/Materials/Ground - Logo Scene.mat
  artifactKey: Guid(c719e38f25a9480abd2480ab621a2949) Importer(2089858483,0ecaa5967403d082aa24f35e1b516d23)
Start importing Assets/TextMesh Pro/Examples & Extras/Materials/Ground - Logo Scene.mat using Guid(c719e38f25a9480abd2480ab621a2949) Importer(2089858483,0ecaa5967403d082aa24f35e1b516d23) [PhysX] Initialized MultithreadedTaskDispatcher with 16 workers.
 -> (artifact id: '0c87744280db3f080902c9fd00b5e13e') in 0.015479 seconds
Number of updated asset objects reloaded before import = 0
Number of asset objects unloaded after import = 2
========================================================================
Received Import Request.
  Time since last request: 0.000021 seconds.
  path: Assets/TextMesh Pro/Examples & Extras/Scripts/DropdownSample.cs
  artifactKey: Guid(ac1eb05af6d391b4eb0f4c070a99f1d0) Importer(2089858483,0ecaa5967403d082aa24f35e1b516d23)
Start importing Assets/TextMesh Pro/Examples & Extras/Scripts/DropdownSample.cs using Guid(ac1eb05af6d391b4eb0f4c070a99f1d0) Importer(2089858483,0ecaa5967403d082aa24f35e1b516d23) [PhysX] Initialized MultithreadedTaskDispatcher with 16 workers.
 -> (artifact id: 'ea5829dab2ed775aa3ef6d214878193b') in 0.009465 seconds
Number of updated asset objects reloaded before import = 0
Number of asset objects unloaded after import = 1
========================================================================
Received Import Request.
  Time since last request: 0.000027 seconds.
  path: Assets/ModernSupermarket/Prefabs/Furniture/Sign_04h2fw_Cleaning.prefab
  artifactKey: Guid(5216e785d6e568d4db22a355d3c81a15) Importer(2089858483,0ecaa5967403d082aa24f35e1b516d23)
Start importing Assets/ModernSupermarket/Prefabs/Furniture/Sign_04h2fw_Cleaning.prefab using Guid(5216e785d6e568d4db22a355d3c81a15) Importer(2089858483,0ecaa5967403d082aa24f35e1b516d23) [PhysX] Initialized MultithreadedTaskDispatcher with 16 workers.
 -> (artifact id: 'e293b130c9facec879220bdac2758025') in 0.011005 seconds
Number of updated asset objects reloaded before import = 0
Number of asset objects unloaded after import = 15
========================================================================
Received Import Request.
  Time since last request: 0.000016 seconds.
  path: Assets/ModernSupermarket/Prefabs/Furniture/Sign_9jlt52_Rounded_Var01.prefab
  artifactKey: Guid(dc9ad7b0292edc541aa980dac40c4ec0) Importer(2089858483,0ecaa5967403d082aa24f35e1b516d23)
Start importing Assets/ModernSupermarket/Prefabs/Furniture/Sign_9jlt52_Rounded_Var01.prefab using Guid(dc9ad7b0292edc541aa980dac40c4ec0) Importer(2089858483,0ecaa5967403d082aa24f35e1b516d23) [PhysX] Initialized MultithreadedTaskDispatcher with 16 workers.
 -> (artifact id: '36f7c0b96084d80e47ff3908c294d6f6') in 0.012501 seconds
Number of updated asset objects reloaded before import = 0
Number of asset objects unloaded after import = 15
========================================================================
Received Import Request.
  Time since last request: 0.000018 seconds.
  path: Assets/TextMesh Pro/Examples & Extras/Scripts/Benchmark01_UGUI.cs
  artifactKey: Guid(8ef7be1c625941f7ba8ed7cc71718c0d) Importer(2089858483,0ecaa5967403d082aa24f35e1b516d23)
Start importing Assets/TextMesh Pro/Examples & Extras/Scripts/Benchmark01_UGUI.cs using Guid(8ef7be1c625941f7ba8ed7cc71718c0d) Importer(2089858483,0ecaa5967403d082aa24f35e1b516d23) [PhysX] Initialized MultithreadedTaskDispatcher with 16 workers.
 -> (artifact id: '95c1115463a1ac2d777ae211343aede2') in 0.009863 seconds
Number of updated asset objects reloaded before import = 0
Number of asset objects unloaded after import = 1
========================================================================
Received Import Request.
  Time since last request: 0.000020 seconds.
  path: Assets/TextMesh Pro/Examples & Extras/Scripts/TeleType.cs
  artifactKey: Guid(e32c266ee6204b21a427753cb0694c81) Importer(2089858483,0ecaa5967403d082aa24f35e1b516d23)
Start importing Assets/TextMesh Pro/Examples & Extras/Scripts/TeleType.cs using Guid(e32c266ee6204b21a427753cb0694c81) Importer(2089858483,0ecaa5967403d082aa24f35e1b516d23) [PhysX] Initialized MultithreadedTaskDispatcher with 16 workers.
 -> (artifact id: 'd3c31d1070743e63cf4bebf7be464ee6') in 0.009840 seconds
Number of updated asset objects reloaded before import = 0
Number of asset objects unloaded after import = 1
========================================================================
Received Import Request.
  Time since last request: 0.000024 seconds.
  path: Assets/TextMesh Pro/Examples & Extras/Fonts/Electronic Highway Sign.TTF
  artifactKey: Guid(8a2b9e2a607dd2143b58c44bc32410b4) Importer(2089858483,0ecaa5967403d082aa24f35e1b516d23)
Start importing Assets/TextMesh Pro/Examples & Extras/Fonts/Electronic Highway Sign.TTF using Guid(8a2b9e2a607dd2143b58c44bc32410b4) Importer(2089858483,0ecaa5967403d082aa24f35e1b516d23) [PhysX] Initialized MultithreadedTaskDispatcher with 16 workers.
 -> (artifact id: 'cc00c01bcce76d1e1053c83159e95c9a') in 0.015067 seconds
Number of updated asset objects reloaded before import = 0
Number of asset objects unloaded after import = 3
========================================================================
Received Import Request.
  Time since last request: 0.000015 seconds.
  path: Assets/ModernSupermarket/Prefabs/Furniture/Sign_04h2fw_Toilet.prefab
  artifactKey: Guid(200bdf6ff9f10f146b6838c487560787) Importer(2089858483,0ecaa5967403d082aa24f35e1b516d23)
Start importing Assets/ModernSupermarket/Prefabs/Furniture/Sign_04h2fw_Toilet.prefab using Guid(200bdf6ff9f10f146b6838c487560787) Importer(2089858483,0ecaa5967403d082aa24f35e1b516d23) [PhysX] Initialized MultithreadedTaskDispatcher with 16 workers.
 -> (artifact id: '0c2c8592c8b8f76bf3850f800c197c27') in 0.009726 seconds
Number of updated asset objects reloaded before import = 0
Number of asset objects unloaded after import = 15
========================================================================
Received Import Request.
  Time since last request: 0.000019 seconds.
  path: Assets/TextMesh Pro/Examples & Extras/Materials/Crate - Surface Shader Scene.mat
  artifactKey: Guid(e6b9b44320f4448d9d5e0ee634259966) Importer(2089858483,0ecaa5967403d082aa24f35e1b516d23)
Start importing Assets/TextMesh Pro/Examples & Extras/Materials/Crate - Surface Shader Scene.mat using Guid(e6b9b44320f4448d9d5e0ee634259966) Importer(2089858483,0ecaa5967403d082aa24f35e1b516d23) [PhysX] Initialized MultithreadedTaskDispatcher with 16 workers.
 -> (artifact id: '17420dfb9ae28b6286393df16ca63e42') in 0.028241 seconds
Number of updated asset objects reloaded before import = 0
Number of asset objects unloaded after import = 3
========================================================================
Received Import Request.
  Time since last request: 0.000018 seconds.
  path: Assets/TextMesh Pro/Examples & Extras/Scenes/20 - Input Field with Scrollbar.unity
  artifactKey: Guid(337f92480dd24675aae9e79210fb1ad9) Importer(2089858483,0ecaa5967403d082aa24f35e1b516d23)
Start importing Assets/TextMesh Pro/Examples & Extras/Scenes/20 - Input Field with Scrollbar.unity using Guid(337f92480dd24675aae9e79210fb1ad9) Importer(2089858483,0ecaa5967403d082aa24f35e1b516d23) [PhysX] Initialized MultithreadedTaskDispatcher with 16 workers.
 -> (artifact id: '8ab486473800f41d663c265035c2fd42') in 0.007722 seconds
Number of updated asset objects reloaded before import = 0
Number of asset objects unloaded after import = 1
========================================================================
Received Import Request.
  Time since last request: 0.000044 seconds.
  path: Assets/TextMesh Pro/Examples & Extras/Scenes/03 - Line Justification.unity
  artifactKey: Guid(21a509e1d3cd49978623fa564adb6f02) Importer(2089858483,0ecaa5967403d082aa24f35e1b516d23)
Start importing Assets/TextMesh Pro/Examples & Extras/Scenes/03 - Line Justification.unity using Guid(21a509e1d3cd49978623fa564adb6f02) Importer(2089858483,0ecaa5967403d082aa24f35e1b516d23) [PhysX] Initialized MultithreadedTaskDispatcher with 16 workers.
 -> (artifact id: 'd0a715fefd886543fed617110969924e') in 0.007789 seconds
Number of updated asset objects reloaded before import = 0
Number of asset objects unloaded after import = 1
========================================================================
Received Import Request.
  Time since last request: 0.000030 seconds.
  path: Assets/TextMesh Pro/Examples & Extras/Scenes/22 - Basic Scripting Example.unity
  artifactKey: Guid(6250f98e58fe4abbaada5d84b7ca846d) Importer(2089858483,0ecaa5967403d082aa24f35e1b516d23)
Start importing Assets/TextMesh Pro/Examples & Extras/Scenes/22 - Basic Scripting Example.unity using Guid(6250f98e58fe4abbaada5d84b7ca846d) Importer(2089858483,0ecaa5967403d082aa24f35e1b516d23) [PhysX] Initialized MultithreadedTaskDispatcher with 16 workers.
 -> (artifact id: '78483697199b145fc2086877e577755a') in 0.007879 seconds
Number of updated asset objects reloaded before import = 0
Number of asset objects unloaded after import = 1
========================================================================
Received Import Request.
  Time since last request: 0.000021 seconds.
  path: Assets/ModernSupermarket/Settings/Standard/Scene_Supermarket Post-processing Profile.asset
  artifactKey: Guid(e46336d849bf2414685b85fc0b0eac50) Importer(2089858483,0ecaa5967403d082aa24f35e1b516d23)
Start importing Assets/ModernSupermarket/Settings/Standard/Scene_Supermarket Post-processing Profile.asset using Guid(e46336d849bf2414685b85fc0b0eac50) Importer(2089858483,0ecaa5967403d082aa24f35e1b516d23) [PhysX] Initialized MultithreadedTaskDispatcher with 16 workers.
 -> (artifact id: '2cf3aedb6e6825d05f7a86ac9a0a26a2') in 0.008478 seconds
Number of updated asset objects reloaded before import = 0
Number of asset objects unloaded after import = 1
========================================================================
Received Import Request.
  Time since last request: 0.000023 seconds.
  path: Assets/TextMesh Pro/Examples & Extras/Scripts/Benchmark02.cs
  artifactKey: Guid(e8538afcddc14efbb5d9e94b7ae50197) Importer(2089858483,0ecaa5967403d082aa24f35e1b516d23)
Start importing Assets/TextMesh Pro/Examples & Extras/Scripts/Benchmark02.cs using Guid(e8538afcddc14efbb5d9e94b7ae50197) Importer(2089858483,0ecaa5967403d082aa24f35e1b516d23) [PhysX] Initialized MultithreadedTaskDispatcher with 16 workers.
 -> (artifact id: '737288726a8420d558e731ab19092638') in 0.008438 seconds
Number of updated asset objects reloaded before import = 0
Number of asset objects unloaded after import = 1
========================================================================
Received Import Request.
  Time since last request: 0.000018 seconds.
  path: Assets/ModernSupermarket/Prefabs/Furniture/Sign_04h2fw_Water.prefab
  artifactKey: Guid(6ee5422a479fadc4dafea0d217b567ec) Importer(2089858483,0ecaa5967403d082aa24f35e1b516d23)
Start importing Assets/ModernSupermarket/Prefabs/Furniture/Sign_04h2fw_Water.prefab using Guid(6ee5422a479fadc4dafea0d217b567ec) Importer(2089858483,0ecaa5967403d082aa24f35e1b516d23) [PhysX] Initialized MultithreadedTaskDispatcher with 16 workers.
 -> (artifact id: 'faf06423d69409ca7de39ba0bac57b2f') in 0.011928 seconds
Number of updated asset objects reloaded before import = 0
Number of asset objects unloaded after import = 39
========================================================================
Received Import Request.
  Time since last request: 0.000023 seconds.
  path: Assets/TextMesh Pro/Examples & Extras/Scripts/SimpleScript.cs
  artifactKey: Guid(9eff140b25d64601aabc6ba32245d099) Importer(2089858483,0ecaa5967403d082aa24f35e1b516d23)
Start importing Assets/TextMesh Pro/Examples & Extras/Scripts/SimpleScript.cs using Guid(9eff140b25d64601aabc6ba32245d099) Importer(2089858483,0ecaa5967403d082aa24f35e1b516d23) [PhysX] Initialized MultithreadedTaskDispatcher with 16 workers.
 -> (artifact id: 'ec385a46ba53761793812563149f1636') in 0.008770 seconds
Number of updated asset objects reloaded before import = 0
Number of asset objects unloaded after import = 1
========================================================================
Received Import Request.
  Time since last request: 0.000017 seconds.
  path: Assets/ModernSupermarket/Scenes/Scene_Supermarket/Supermarket.unity
  artifactKey: Guid(95cb9ac7a1494454abac29b7879ed266) Importer(2089858483,0ecaa5967403d082aa24f35e1b516d23)
Start importing Assets/ModernSupermarket/Scenes/Scene_Supermarket/Supermarket.unity using Guid(95cb9ac7a1494454abac29b7879ed266) Importer(2089858483,0ecaa5967403d082aa24f35e1b516d23) [PhysX] Initialized MultithreadedTaskDispatcher with 16 workers.
 -> (artifact id: '2841efe8d6a0d315e5c5266a58486f24') in 0.008900 seconds
Number of updated asset objects reloaded before import = 0
Number of asset objects unloaded after import = 1
========================================================================
Received Import Request.
  Time since last request: 0.000044 seconds.
  path: Assets/TextMesh Pro/Examples & Extras/Scenes/08 - Improved Text Alignment.unity
  artifactKey: Guid(5fe2257128d9401fad0790f581dc8a6f) Importer(2089858483,0ecaa5967403d082aa24f35e1b516d23)
Start importing Assets/TextMesh Pro/Examples & Extras/Scenes/08 - Improved Text Alignment.unity using Guid(5fe2257128d9401fad0790f581dc8a6f) Importer(2089858483,0ecaa5967403d082aa24f35e1b516d23) [PhysX] Initialized MultithreadedTaskDispatcher with 16 workers.
 -> (artifact id: '38a44ca8e7f9f5d0f496cc8fdfd5ed31') in 0.007398 seconds
Number of updated asset objects reloaded before import = 0
Number of asset objects unloaded after import = 1
========================================================================
Received Import Request.
  Time since last request: 0.000019 seconds.
  path: Assets/ModernSupermarket/Prefabs/Furniture/Table_8sjjys.prefab
  artifactKey: Guid(cfeafa383293e234d928ae08c2ebfb25) Importer(2089858483,0ecaa5967403d082aa24f35e1b516d23)
Start importing Assets/ModernSupermarket/Prefabs/Furniture/Table_8sjjys.prefab using Guid(cfeafa383293e234d928ae08c2ebfb25) Importer(2089858483,0ecaa5967403d082aa24f35e1b516d23) [PhysX] Initialized MultithreadedTaskDispatcher with 16 workers.
 -> (artifact id: '68ae2c9fd925a5b6b421f778ba4bfee4') in 0.011686 seconds
Number of updated asset objects reloaded before import = 0
Number of asset objects unloaded after import = 8
========================================================================
Received Import Request.
  Time since last request: 0.000024 seconds.
  path: Assets/TextMesh Pro/Examples & Extras/Scripts/CameraController.cs
  artifactKey: Guid(2d687537154440a3913a9a3c7977978c) Importer(2089858483,0ecaa5967403d082aa24f35e1b516d23)
Start importing Assets/TextMesh Pro/Examples & Extras/Scripts/CameraController.cs using Guid(2d687537154440a3913a9a3c7977978c) Importer(2089858483,0ecaa5967403d082aa24f35e1b516d23) [PhysX] Initialized MultithreadedTaskDispatcher with 16 workers.
 -> (artifact id: '383bb2171a3cc846f3b76d20b65a4516') in 0.007033 seconds
Number of updated asset objects reloaded before import = 0
Number of asset objects unloaded after import = 1
========================================================================
Received Import Request.
  Time since last request: 0.000018 seconds.
  path: Assets/ModernSupermarket/Prefabs/Furniture/Sign_9jlt52_Square.prefab
  artifactKey: Guid(84faa979b58fa0b4386498c7f0e969a3) Importer(2089858483,0ecaa5967403d082aa24f35e1b516d23)
Start importing Assets/ModernSupermarket/Prefabs/Furniture/Sign_9jlt52_Square.prefab using Guid(84faa979b58fa0b4386498c7f0e969a3) Importer(2089858483,0ecaa5967403d082aa24f35e1b516d23) [PhysX] Initialized MultithreadedTaskDispatcher with 16 workers.
 -> (artifact id: 'c71d623c88ad871fe31243d6f1915ab6') in 0.011567 seconds
Number of updated asset objects reloaded before import = 0
Number of asset objects unloaded after import = 8
========================================================================
Received Import Request.
  Time since last request: 0.000033 seconds.
  path: Assets/TextMesh Pro/Examples & Extras/Scenes/15 - Inline Graphics & Sprites.unity
  artifactKey: Guid(e76e6c0f81964cbda3fe0b7d26ed8060) Importer(2089858483,0ecaa5967403d082aa24f35e1b516d23)
Start importing Assets/TextMesh Pro/Examples & Extras/Scenes/15 - Inline Graphics & Sprites.unity using Guid(e76e6c0f81964cbda3fe0b7d26ed8060) Importer(2089858483,0ecaa5967403d082aa24f35e1b516d23) [PhysX] Initialized MultithreadedTaskDispatcher with 16 workers.
 -> (artifact id: 'be4fc8b868e662aaf61d6b7755860c4c') in 0.008672 seconds
Number of updated asset objects reloaded before import = 0
Number of asset objects unloaded after import = 1
========================================================================
Received Import Request.
  Time since last request: 0.000054 seconds.
  path: Assets/ModernSupermarket/Settings/Standard/Scene_Prefabs Post-processing Profile.asset
  artifactKey: Guid(a5186034c9bed7e4b9f8175c0f423a19) Importer(2089858483,0ecaa5967403d082aa24f35e1b516d23)
Start importing Assets/ModernSupermarket/Settings/Standard/Scene_Prefabs Post-processing Profile.asset using Guid(a5186034c9bed7e4b9f8175c0f423a19) Importer(2089858483,0ecaa5967403d082aa24f35e1b516d23) [PhysX] Initialized MultithreadedTaskDispatcher with 16 workers.
 -> (artifact id: '534b1a3f56d32014d23ea677893385a3') in 0.006544 seconds
Number of updated asset objects reloaded before import = 0
Number of asset objects unloaded after import = 1
========================================================================
Received Import Request.
  Time since last request: 0.000016 seconds.
  path: Assets/ModernSupermarket/Prefabs/Furniture/Sign_04h2fw_Breakfast.prefab
  artifactKey: Guid(5bc12c99a1df09444a52ed31e866b8cd) Importer(2089858483,0ecaa5967403d082aa24f35e1b516d23)
Start importing Assets/ModernSupermarket/Prefabs/Furniture/Sign_04h2fw_Breakfast.prefab using Guid(5bc12c99a1df09444a52ed31e866b8cd) Importer(2089858483,0ecaa5967403d082aa24f35e1b516d23) [PhysX] Initialized MultithreadedTaskDispatcher with 16 workers.
 -> (artifact id: 'cf081efd1c3a74481bb3c560b6426d40') in 0.012507 seconds
Number of updated asset objects reloaded before import = 0
Number of asset objects unloaded after import = 27
========================================================================
Received Import Request.
  Time since last request: 0.000016 seconds.
  path: Assets/ModernSupermarket/Prefabs/Furniture/Sign_9jlt52_Star_Var01.prefab
  artifactKey: Guid(746d07ce8c039064984c9555cddf122e) Importer(2089858483,0ecaa5967403d082aa24f35e1b516d23)
Start importing Assets/ModernSupermarket/Prefabs/Furniture/Sign_9jlt52_Star_Var01.prefab using Guid(746d07ce8c039064984c9555cddf122e) Importer(2089858483,0ecaa5967403d082aa24f35e1b516d23) [PhysX] Initialized MultithreadedTaskDispatcher with 16 workers.
 -> (artifact id: 'd65899f7e8414e0f6677c890b3d0acf8') in 0.012061 seconds
Number of updated asset objects reloaded before import = 0
Number of asset objects unloaded after import = 15
========================================================================
Received Import Request.
  Time since last request: 0.000022 seconds.
  path: Assets/ModernSupermarket/Scenes/Scene_Prefabs/Scene_Prefabs.unity
  artifactKey: Guid(d92c2ea084647464ab785d9fda51475d) Importer(2089858483,0ecaa5967403d082aa24f35e1b516d23)
Start importing Assets/ModernSupermarket/Scenes/Scene_Prefabs/Scene_Prefabs.unity using Guid(d92c2ea084647464ab785d9fda51475d) Importer(2089858483,0ecaa5967403d082aa24f35e1b516d23) [PhysX] Initialized MultithreadedTaskDispatcher with 16 workers.
 -> (artifact id: 'c5f632a4577aca9cd53d611cd8f3f6a2') in 0.007538 seconds
Number of updated asset objects reloaded before import = 0
Number of asset objects unloaded after import = 1
========================================================================
Received Import Request.
  Time since last request: 0.000054 seconds.
  path: Assets/ModernSupermarket/Scripts/3DApple/3DApple001_LQ-2K-JPG_AmbientOcclusion.jpg
  artifactKey: Guid(4705c10c74508df4d92c03b58d81c5fb) Importer(2089858483,0ecaa5967403d082aa24f35e1b516d23)
Start importing Assets/ModernSupermarket/Scripts/3DApple/3DApple001_LQ-2K-JPG_AmbientOcclusion.jpg using Guid(4705c10c74508df4d92c03b58d81c5fb) Importer(2089858483,0ecaa5967403d082aa24f35e1b516d23) [PhysX] Initialized MultithreadedTaskDispatcher with 16 workers.
 -> (artifact id: '8de8a902ac32511ba7ccdfe277e81983') in 0.026204 seconds
Number of updated asset objects reloaded before import = 0
Number of asset objects unloaded after import = 1
========================================================================
Received Import Request.
  Time since last request: 0.000020 seconds.
  path: Assets/TextMesh Pro/Examples & Extras/Scripts/EnvMapAnimator.cs
  artifactKey: Guid(a4b6f99e8bc54541bbd149b014ff441c) Importer(2089858483,0ecaa5967403d082aa24f35e1b516d23)
Start importing Assets/TextMesh Pro/Examples & Extras/Scripts/EnvMapAnimator.cs using Guid(a4b6f99e8bc54541bbd149b014ff441c) Importer(2089858483,0ecaa5967403d082aa24f35e1b516d23) [PhysX] Initialized MultithreadedTaskDispatcher with 16 workers.
 -> (artifact id: '32c32ec8375245dc3651777fc011d02a') in 0.008745 seconds
Number of updated asset objects reloaded before import = 0
Number of asset objects unloaded after import = 1
========================================================================
Received Import Request.
  Time since last request: 0.000021 seconds.
  path: Assets/TextMesh Pro/Examples & Extras/Scenes/25 - Sunny Days Example.unity
  artifactKey: Guid(f9b4c22e15cff344ba9fc6542a58dd07) Importer(2089858483,0ecaa5967403d082aa24f35e1b516d23)
Start importing Assets/TextMesh Pro/Examples & Extras/Scenes/25 - Sunny Days Example.unity using Guid(f9b4c22e15cff344ba9fc6542a58dd07) Importer(2089858483,0ecaa5967403d082aa24f35e1b516d23) [PhysX] Initialized MultithreadedTaskDispatcher with 16 workers.
 -> (artifact id: 'a6a7b3cf113cbe8946599e9a286316f1') in 0.008583 seconds
Number of updated asset objects reloaded before import = 0
Number of asset objects unloaded after import = 1
========================================================================
Received Import Request.
  Time since last request: 0.000041 seconds.
  path: Assets/TextMesh Pro/Examples & Extras/Fonts/Bangers.ttf
  artifactKey: Guid(5dd49b3eacc540408c98eee0de38e0f1) Importer(2089858483,0ecaa5967403d082aa24f35e1b516d23)
Start importing Assets/TextMesh Pro/Examples & Extras/Fonts/Bangers.ttf using Guid(5dd49b3eacc540408c98eee0de38e0f1) Importer(2089858483,0ecaa5967403d082aa24f35e1b516d23) [PhysX] Initialized MultithreadedTaskDispatcher with 16 workers.
 -> (artifact id: 'e71f04a8d5d0a5982b4f05e548ba7e08') in 0.015614 seconds
Number of updated asset objects reloaded before import = 0
Number of asset objects unloaded after import = 3
========================================================================
Received Import Request.
  Time since last request: 0.000016 seconds.
  path: Assets/TextMesh Pro/Examples & Extras/Scripts/Benchmark03.cs
  artifactKey: Guid(a73109742c8d47ac822895a473300c29) Importer(2089858483,0ecaa5967403d082aa24f35e1b516d23)
Start importing Assets/TextMesh Pro/Examples & Extras/Scripts/Benchmark03.cs using Guid(a73109742c8d47ac822895a473300c29) Importer(2089858483,0ecaa5967403d082aa24f35e1b516d23) [PhysX] Initialized MultithreadedTaskDispatcher with 16 workers.
 -> (artifact id: '98b599dba0dbcb98bdbf504b50c77a08') in 0.008514 seconds
Number of updated asset objects reloaded before import = 0
Number of asset objects unloaded after import = 1
========================================================================
Received Import Request.
  Time since last request: 0.000020 seconds.
  path: Assets/TextMesh Pro/Examples & Extras/Fonts/Roboto-Bold.ttf
  artifactKey: Guid(4beb055f07aaff244873dec698d0363e) Importer(2089858483,0ecaa5967403d082aa24f35e1b516d23)
Start importing Assets/TextMesh Pro/Examples & Extras/Fonts/Roboto-Bold.ttf using Guid(4beb055f07aaff244873dec698d0363e) Importer(2089858483,0ecaa5967403d082aa24f35e1b516d23) [PhysX] Initialized MultithreadedTaskDispatcher with 16 workers.
 -> (artifact id: 'ee298232df217abc56119afa2548311c') in 0.016647 seconds
Number of updated asset objects reloaded before import = 0
Number of asset objects unloaded after import = 3
========================================================================
Received Import Request.
  Time since last request: 0.000017 seconds.
  path: Assets/ModernSupermarket/Settings/URP/URP.unitypackage
  artifactKey: Guid(de1316af19fe91b4b9b0052d2168cf73) Importer(2089858483,0ecaa5967403d082aa24f35e1b516d23)
Start importing Assets/ModernSupermarket/Settings/URP/URP.unitypackage using Guid(de1316af19fe91b4b9b0052d2168cf73) Importer(2089858483,0ecaa5967403d082aa24f35e1b516d23) [PhysX] Initialized MultithreadedTaskDispatcher with 16 workers.
 -> (artifact id: '7f060924dfa9e101d7ae081bd8119491') in 0.007207 seconds
Number of updated asset objects reloaded before import = 0
Number of asset objects unloaded after import = 1
========================================================================
Received Import Request.
  Time since last request: 0.000051 seconds.
  path: Assets/TextMesh Pro/Examples & Extras/Scenes/21 - Script Example.unity
  artifactKey: Guid(50f52f9274434ecfb34dd87f0836f323) Importer(2089858483,0ecaa5967403d082aa24f35e1b516d23)
Start importing Assets/TextMesh Pro/Examples & Extras/Scenes/21 - Script Example.unity using Guid(50f52f9274434ecfb34dd87f0836f323) Importer(2089858483,0ecaa5967403d082aa24f35e1b516d23) [PhysX] Initialized MultithreadedTaskDispatcher with 16 workers.
 -> (artifact id: '42867d0f74054420c98054c3f23dc7c9') in 0.009171 seconds
Number of updated asset objects reloaded before import = 0
Number of asset objects unloaded after import = 1
========================================================================
Received Import Request.
  Time since last request: 0.000015 seconds.
  path: Assets/ModernSupermarket/Scripts/3DApple/3DApple001_LQ-2K-JPG_NormalDX.jpg
  artifactKey: Guid(5060c7b259ad4d048a4b1e197d096fb8) Importer(2089858483,0ecaa5967403d082aa24f35e1b516d23)
Start importing Assets/ModernSupermarket/Scripts/3DApple/3DApple001_LQ-2K-JPG_NormalDX.jpg using Guid(5060c7b259ad4d048a4b1e197d096fb8) Importer(2089858483,0ecaa5967403d082aa24f35e1b516d23) [PhysX] Initialized MultithreadedTaskDispatcher with 16 workers.
 -> (artifact id: 'b6ed082a03c40089e6ed973c4bb62e2d') in 0.014006 seconds
Number of updated asset objects reloaded before import = 0
Number of asset objects unloaded after import = 1
========================================================================
Received Import Request.
  Time since last request: 0.000018 seconds.
  path: Assets/ModernSupermarket/Textures/_Dev/GridGrey.png
  artifactKey: Guid(7b622ad2640b049418c522477b815a6b) Importer(2089858483,0ecaa5967403d082aa24f35e1b516d23)
Start importing Assets/ModernSupermarket/Textures/_Dev/GridGrey.png using Guid(7b622ad2640b049418c522477b815a6b) Importer(2089858483,0ecaa5967403d082aa24f35e1b516d23) [PhysX] Initialized MultithreadedTaskDispatcher with 16 workers.
 -> (artifact id: '47f658a5cbf600a68056b1cfa72b0309') in 0.030193 seconds
Number of updated asset objects reloaded before import = 0
Number of asset objects unloaded after import = 1
========================================================================
Received Import Request.
  Time since last request: 0.000021 seconds.
  path: Assets/TextMesh Pro/Examples & Extras/Scenes/10 - Bullets & Numbered List Example.unity
  artifactKey: Guid(c3f814e1d12c45568daf3dd9a86a0e61) Importer(2089858483,0ecaa5967403d082aa24f35e1b516d23)
Start importing Assets/TextMesh Pro/Examples & Extras/Scenes/10 - Bullets & Numbered List Example.unity using Guid(c3f814e1d12c45568daf3dd9a86a0e61) Importer(2089858483,0ecaa5967403d082aa24f35e1b516d23) [PhysX] Initialized MultithreadedTaskDispatcher with 16 workers.
 -> (artifact id: 'fa4d720bc3f83b3ac5bae5a650378600') in 0.010551 seconds
Number of updated asset objects reloaded before import = 0
Number of asset objects unloaded after import = 1
========================================================================
Received Import Request.
  Time since last request: 0.000022 seconds.
  path: Assets/TextMesh Pro/Examples & Extras/Scripts/ChatController.cs
  artifactKey: Guid(53d91f98a2664f5cb9af11de72ac54ec) Importer(2089858483,0ecaa5967403d082aa24f35e1b516d23)
Start importing Assets/TextMesh Pro/Examples & Extras/Scripts/ChatController.cs using Guid(53d91f98a2664f5cb9af11de72ac54ec) Importer(2089858483,0ecaa5967403d082aa24f35e1b516d23) [PhysX] Initialized MultithreadedTaskDispatcher with 16 workers.
 -> (artifact id: '831faeb50a5c699cd11a56ded8e3aebd') in 0.009931 seconds
Number of updated asset objects reloaded before import = 0
Number of asset objects unloaded after import = 1
========================================================================
Received Import Request.
  Time since last request: 0.000027 seconds.
  path: Assets/TextMesh Pro/Examples & Extras/Scenes/19 - Masking Texture & Soft Mask.unity
  artifactKey: Guid(9abcd5bd764646568a6ea70d00f9264c) Importer(2089858483,0ecaa5967403d082aa24f35e1b516d23)
Start importing Assets/TextMesh Pro/Examples & Extras/Scenes/19 - Masking Texture & Soft Mask.unity using Guid(9abcd5bd764646568a6ea70d00f9264c) Importer(2089858483,0ecaa5967403d082aa24f35e1b516d23) [PhysX] Initialized MultithreadedTaskDispatcher with 16 workers.
 -> (artifact id: '9e5bce282d81b38701212fb8f5a0dbcd') in 0.008822 seconds
Number of updated asset objects reloaded before import = 0
Number of asset objects unloaded after import = 1
========================================================================
Received Import Request.
  Time since last request: 0.000044 seconds.
  path: Assets/TextMesh Pro/Examples & Extras/Scenes/14 - Multi Font & Sprites.unity
  artifactKey: Guid(22a2fba786ad4c40ac0ba09f0b933100) Importer(2089858483,0ecaa5967403d082aa24f35e1b516d23)
Start importing Assets/TextMesh Pro/Examples & Extras/Scenes/14 - Multi Font & Sprites.unity using Guid(22a2fba786ad4c40ac0ba09f0b933100) Importer(2089858483,0ecaa5967403d082aa24f35e1b516d23) [PhysX] Initialized MultithreadedTaskDispatcher with 16 workers.
 -> (artifact id: 'aa7fe6f43761259c4b2acc3f69b70d3f') in 0.006872 seconds
Number of updated asset objects reloaded before import = 0
Number of asset objects unloaded after import = 1
========================================================================
Received Import Request.
  Time since last request: 0.000016 seconds.
  path: Assets/TextMesh Pro/Examples & Extras/Scenes/26 - Dropdown Placeholder Example.unity
  artifactKey: Guid(0851605490a599b46b6ac5cb681d93ea) Importer(2089858483,0ecaa5967403d082aa24f35e1b516d23)
Start importing Assets/TextMesh Pro/Examples & Extras/Scenes/26 - Dropdown Placeholder Example.unity using Guid(0851605490a599b46b6ac5cb681d93ea) Importer(2089858483,0ecaa5967403d082aa24f35e1b516d23) [PhysX] Initialized MultithreadedTaskDispatcher with 16 workers.
 -> (artifact id: 'f8a28293552b407b93098797adbbcf56') in 0.007302 seconds
Number of updated asset objects reloaded before import = 0
Number of asset objects unloaded after import = 1
========================================================================
Received Import Request.
  Time since last request: 0.000017 seconds.
  path: Assets/TextMesh Pro/Examples & Extras/Scenes/01-  Single Line TextMesh Pro.unity
  artifactKey: Guid(2ac8cf212df6445e8aebbe3cb832e993) Importer(2089858483,0ecaa5967403d082aa24f35e1b516d23)
Start importing Assets/TextMesh Pro/Examples & Extras/Scenes/01-  Single Line TextMesh Pro.unity using Guid(2ac8cf212df6445e8aebbe3cb832e993) Importer(2089858483,0ecaa5967403d082aa24f35e1b516d23) [PhysX] Initialized MultithreadedTaskDispatcher with 16 workers.
 -> (artifact id: 'bd23c7c9cface3e8cc739d1db859968a') in 0.007894 seconds
Number of updated asset objects reloaded before import = 0
Number of asset objects unloaded after import = 1
========================================================================
Received Import Request.
  Time since last request: 0.000025 seconds.
  path: Assets/TextMesh Pro/Examples & Extras/Scenes/04 - Word Wrapping.unity
  artifactKey: Guid(8f7137eacd7042d5b17ef0efe5e744f5) Importer(2089858483,0ecaa5967403d082aa24f35e1b516d23)
Start importing Assets/TextMesh Pro/Examples & Extras/Scenes/04 - Word Wrapping.unity using Guid(8f7137eacd7042d5b17ef0efe5e744f5) Importer(2089858483,0ecaa5967403d082aa24f35e1b516d23) [PhysX] Initialized MultithreadedTaskDispatcher with 16 workers.
 -> (artifact id: '23e3a5339346a4514b5fa8db38032815') in 0.008203 seconds
Number of updated asset objects reloaded before import = 0
Number of asset objects unloaded after import = 1
========================================================================
Received Import Request.
  Time since last request: 0.000166 seconds.
  path: Assets/TextMesh Pro/Examples & Extras/Fonts/Oswald-Bold - OFL.txt
  artifactKey: Guid(d2cf87a8a7a94aa8b80dff1c807c1178) Importer(2089858483,0ecaa5967403d082aa24f35e1b516d23)
Start importing Assets/TextMesh Pro/Examples & Extras/Fonts/Oswald-Bold - OFL.txt using Guid(d2cf87a8a7a94aa8b80dff1c807c1178) Importer(2089858483,0ecaa5967403d082aa24f35e1b516d23) [PhysX] Initialized MultithreadedTaskDispatcher with 16 workers.
 -> (artifact id: 'd3cc5a0273ff98fcbe2fc58118781634') in 0.013730 seconds
Number of updated asset objects reloaded before import = 0
Number of asset objects unloaded after import = 1
========================================================================
Received Import Request.
  Time since last request: 1.720089 seconds.
  path: Assets/TextMesh Pro/Examples & Extras/Scripts/TMPro_InstructionOverlay.cs
  artifactKey: Guid(c3c1afeda5e545e0b19add5373896d2e) Importer(2089858483,0ecaa5967403d082aa24f35e1b516d23)
Start importing Assets/TextMesh Pro/Examples & Extras/Scripts/TMPro_InstructionOverlay.cs using Guid(c3c1afeda5e545e0b19add5373896d2e) Importer(2089858483,0ecaa5967403d082aa24f35e1b516d23) [PhysX] Initialized MultithreadedTaskDispatcher with 16 workers.
 -> (artifact id: '435a8ed1ab7ddc5ea0cd3134301907dc') in 0.011264 seconds
Number of updated asset objects reloaded before import = 0
Number of asset objects unloaded after import = 1
========================================================================
Received Import Request.
  Time since last request: 0.000022 seconds.
  path: Assets/TextMesh Pro/Resources/Fonts & Materials/LiberationSans SDF - Drop Shadow.mat
  artifactKey: Guid(e73a58f6e2794ae7b1b7e50b7fb811b0) Importer(2089858483,0ecaa5967403d082aa24f35e1b516d23)
Start importing Assets/TextMesh Pro/Resources/Fonts & Materials/LiberationSans SDF - Drop Shadow.mat using Guid(e73a58f6e2794ae7b1b7e50b7fb811b0) Importer(2089858483,0ecaa5967403d082aa24f35e1b516d23) [PhysX] Initialized MultithreadedTaskDispatcher with 16 workers.
 -> (artifact id: '5c6724bc1314d6fe5cbaa7cf91cb5395') in 0.022064 seconds
Number of updated asset objects reloaded before import = 0
Number of asset objects unloaded after import = 2
========================================================================
Received Import Request.
  Time since last request: 0.000016 seconds.
  path: Assets/ModernSupermarket/Prefabs/Props/Produce/Carrot_i2roww.prefab
  artifactKey: Guid(d97217d4b06887941b6b0f4083dac63a) Importer(2089858483,0ecaa5967403d082aa24f35e1b516d23)
Start importing Assets/ModernSupermarket/Prefabs/Props/Produce/Carrot_i2roww.prefab using Guid(d97217d4b06887941b6b0f4083dac63a) Importer(2089858483,0ecaa5967403d082aa24f35e1b516d23) [PhysX] Initialized MultithreadedTaskDispatcher with 16 workers.
 -> (artifact id: '3cf5ad303a22c4ed50f07fbace204cef') in 0.019516 seconds
Number of updated asset objects reloaded before import = 0
Number of asset objects unloaded after import = 8
========================================================================
Received Import Request.
  Time since last request: 0.000018 seconds.
  path: Assets/ModernSupermarket/Prefabs/Props/Produce/Melon_h6xrq4.prefab
  artifactKey: Guid(35b3954b8f11c3c46ab6c5009e7cc11f) Importer(2089858483,0ecaa5967403d082aa24f35e1b516d23)
Start importing Assets/ModernSupermarket/Prefabs/Props/Produce/Melon_h6xrq4.prefab using Guid(35b3954b8f11c3c46ab6c5009e7cc11f) Importer(2089858483,0ecaa5967403d082aa24f35e1b516d23) [PhysX] Initialized MultithreadedTaskDispatcher with 16 workers.
 -> (artifact id: 'bb61522c01fa25da5c1bae30871f5396') in 0.018261 seconds
Number of updated asset objects reloaded before import = 0
Number of asset objects unloaded after import = 8
========================================================================
Received Import Request.
  Time since last request: 0.000019 seconds.
  path: Assets/ModernSupermarket/Prefabs/Props/Produce/Apple_k7nzrr_Pack01.prefab
  artifactKey: Guid(76d3926b4a8eac94799dcf34a78ff235) Importer(2089858483,0ecaa5967403d082aa24f35e1b516d23)
Start importing Assets/ModernSupermarket/Prefabs/Props/Produce/Apple_k7nzrr_Pack01.prefab using Guid(76d3926b4a8eac94799dcf34a78ff235) Importer(2089858483,0ecaa5967403d082aa24f35e1b516d23) [PhysX] Initialized MultithreadedTaskDispatcher with 16 workers.
 -> (artifact id: '6149022371c81505279df079107aec30') in 0.011109 seconds
Number of updated asset objects reloaded before import = 0
Number of asset objects unloaded after import = 8
========================================================================
Received Import Request.
  Time since last request: 0.000032 seconds.
  path: Assets/ModernSupermarket/Prefabs/Props/Produce/Pineapple_c1vx80_Crate.prefab
  artifactKey: Guid(64ea65fee36a248458405a2cf7342fbd) Importer(2089858483,0ecaa5967403d082aa24f35e1b516d23)
Start importing Assets/ModernSupermarket/Prefabs/Props/Produce/Pineapple_c1vx80_Crate.prefab using Guid(64ea65fee36a248458405a2cf7342fbd) Importer(2089858483,0ecaa5967403d082aa24f35e1b516d23) [PhysX] Initialized MultithreadedTaskDispatcher with 16 workers.
 -> (artifact id: '36e58a58a183c58f036d08f042678ed8') in 0.010068 seconds
Number of updated asset objects reloaded before import = 0
Number of asset objects unloaded after import = 26
========================================================================
Received Import Request.
  Time since last request: 0.000017 seconds.
  path: Assets/ModernSupermarket/Prefabs/Props/Produce/Pineapple_c1vx80.prefab
  artifactKey: Guid(d354f60515d290f4e9dc76ba0fef2774) Importer(2089858483,0ecaa5967403d082aa24f35e1b516d23)
Start importing Assets/ModernSupermarket/Prefabs/Props/Produce/Pineapple_c1vx80.prefab using Guid(d354f60515d290f4e9dc76ba0fef2774) Importer(2089858483,0ecaa5967403d082aa24f35e1b516d23) [PhysX] Initialized MultithreadedTaskDispatcher with 16 workers.
 -> (artifact id: '5612ed6b23474f262639236f898fc811') in 0.011300 seconds
Number of updated asset objects reloaded before import = 0
Number of asset objects unloaded after import = 8
========================================================================
Received Import Request.
  Time since last request: 0.000017 seconds.
  path: Assets/ModernSupermarket/Models/Furniture/Vent_9y3yo/Vent_9y3yod_Grid04.fbx
  artifactKey: Guid(60c55599c5a0d4e408237055ef85f717) Importer(2089858483,0ecaa5967403d082aa24f35e1b516d23)
Start importing Assets/ModernSupermarket/Models/Furniture/Vent_9y3yo/Vent_9y3yod_Grid04.fbx using Guid(60c55599c5a0d4e408237055ef85f717) Importer(2089858483,0ecaa5967403d082aa24f35e1b516d23) [PhysX] Initialized MultithreadedTaskDispatcher with 16 workers.
 -> (artifact id: '3bc84fac019612b1c7f7fd5fa2438f95') in 0.010824 seconds
Number of updated asset objects reloaded before import = 0
Number of asset objects unloaded after import = 7
========================================================================
Received Import Request.
  Time since last request: 0.000019 seconds.
  path: Assets/TextMesh Pro/Examples & Extras/Scripts/TMP_TextSelector_A.cs
  artifactKey: Guid(103e0a6a1d404693b9fb1a5173e0e979) Importer(2089858483,0ecaa5967403d082aa24f35e1b516d23)
Start importing Assets/TextMesh Pro/Examples & Extras/Scripts/TMP_TextSelector_A.cs using Guid(103e0a6a1d404693b9fb1a5173e0e979) Importer(2089858483,0ecaa5967403d082aa24f35e1b516d23) [PhysX] Initialized MultithreadedTaskDispatcher with 16 workers.
 -> (artifact id: '2ecb35bf7bf968c87b4f95d4f1d65f1d') in 0.008781 seconds
Number of updated asset objects reloaded before import = 0
Number of asset objects unloaded after import = 1
========================================================================
Received Import Request.
  Time since last request: 0.000018 seconds.
  path: Assets/ModernSupermarket/Prefabs/Props/Produce/Mushroom_43xvit_Pack01.prefab
  artifactKey: Guid(ad8e024acf368084cbe5eba1305cbc99) Importer(2089858483,0ecaa5967403d082aa24f35e1b516d23)
Start importing Assets/ModernSupermarket/Prefabs/Props/Produce/Mushroom_43xvit_Pack01.prefab using Guid(ad8e024acf368084cbe5eba1305cbc99) Importer(2089858483,0ecaa5967403d082aa24f35e1b516d23) [PhysX] Initialized MultithreadedTaskDispatcher with 16 workers.
 -> (artifact id: 'a3bed13ce9a3c52bc60311f996db42a5') in 0.014668 seconds
Number of updated asset objects reloaded before import = 0
Number of asset objects unloaded after import = 8
========================================================================
Received Import Request.
  Time since last request: 0.000017 seconds.
  path: Assets/ModernSupermarket/Models/Architecture/Textures/Pillar_n.png
  artifactKey: Guid(8ed4a0c6a4da90b4ebb9d37a74c926d7) Importer(2089858483,0ecaa5967403d082aa24f35e1b516d23)
Start importing Assets/ModernSupermarket/Models/Architecture/Textures/Pillar_n.png using Guid(8ed4a0c6a4da90b4ebb9d37a74c926d7) Importer(2089858483,0ecaa5967403d082aa24f35e1b516d23) [PhysX] Initialized MultithreadedTaskDispatcher with 16 workers.
 -> (artifact id: 'f4571055d9a5bb3cd002b91d38d472bb') in 0.013525 seconds
Number of updated asset objects reloaded before import = 0
Number of asset objects unloaded after import = 1
========================================================================
Received Import Request.
  Time since last request: 0.000020 seconds.
  path: Assets/TextMesh Pro/Examples & Extras/Textures/Text Overflow - Linked Text Image 1.png
  artifactKey: Guid(4ccf43d26c4748c792174516f4a8fcef) Importer(2089858483,0ecaa5967403d082aa24f35e1b516d23)
Start importing Assets/TextMesh Pro/Examples & Extras/Textures/Text Overflow - Linked Text Image 1.png using Guid(4ccf43d26c4748c792174516f4a8fcef) Importer(2089858483,0ecaa5967403d082aa24f35e1b516d23) [PhysX] Initialized MultithreadedTaskDispatcher with 16 workers.
 -> (artifact id: '92401d3b54647b1540a1f9d22c622a7d') in 0.017454 seconds
Number of updated asset objects reloaded before import = 0
Number of asset objects unloaded after import = 1
========================================================================
Received Import Request.
  Time since last request: 0.000019 seconds.
  path: Assets/TextMesh Pro/Examples & Extras/Scripts/TMP_ExampleScript_01.cs
  artifactKey: Guid(6f2c5b59b6874405865e2616e4ec276a) Importer(2089858483,0ecaa5967403d082aa24f35e1b516d23)
Start importing Assets/TextMesh Pro/Examples & Extras/Scripts/TMP_ExampleScript_01.cs using Guid(6f2c5b59b6874405865e2616e4ec276a) Importer(2089858483,0ecaa5967403d082aa24f35e1b516d23) [PhysX] Initialized MultithreadedTaskDispatcher with 16 workers.
 -> (artifact id: '0e91cdbd3e7d9ea849c3a84b82179833') in 0.009597 seconds
Number of updated asset objects reloaded before import = 0
Number of asset objects unloaded after import = 1
========================================================================
Received Import Request.
  Time since last request: 0.000020 seconds.
  path: Assets/ModernSupermarket/Models/Furniture/Door_c5bu08/Door_c5bu08.fbx
  artifactKey: Guid(d8e49e3e299549c498b5da827346cb94) Importer(2089858483,0ecaa5967403d082aa24f35e1b516d23)
Start importing Assets/ModernSupermarket/Models/Furniture/Door_c5bu08/Door_c5bu08.fbx using Guid(d8e49e3e299549c498b5da827346cb94) Importer(2089858483,0ecaa5967403d082aa24f35e1b516d23) [PhysX] Initialized MultithreadedTaskDispatcher with 16 workers.
 -> (artifact id: '9c783c0e4f1698fb358afb9d928954d3') in 0.014227 seconds
Number of updated asset objects reloaded before import = 0
Number of asset objects unloaded after import = 19
========================================================================
Received Import Request.
  Time since last request: 0.000018 seconds.
  path: Assets/ModernSupermarket/Prefabs/Props/Produce/Onion_mut7xz.prefab
  artifactKey: Guid(77913529fbb423b4ea211445e79fd6cf) Importer(2089858483,0ecaa5967403d082aa24f35e1b516d23)
Start importing Assets/ModernSupermarket/Prefabs/Props/Produce/Onion_mut7xz.prefab using Guid(77913529fbb423b4ea211445e79fd6cf) Importer(2089858483,0ecaa5967403d082aa24f35e1b516d23) [PhysX] Initialized MultithreadedTaskDispatcher with 16 workers.
 -> (artifact id: '8ba1cadae7921abbe77a14e798a7e74b') in 0.017833 seconds
Number of updated asset objects reloaded before import = 0
Number of asset objects unloaded after import = 8
========================================================================
Received Import Request.
  Time since last request: 0.000018 seconds.
  path: Assets/ModernSupermarket/Prefabs/Props/Produce/Lemon_ahopes_Pack01.prefab
  artifactKey: Guid(970e2594cf0ec0049b3af9042b61ce9b) Importer(2089858483,0ecaa5967403d082aa24f35e1b516d23)
Start importing Assets/ModernSupermarket/Prefabs/Props/Produce/Lemon_ahopes_Pack01.prefab using Guid(970e2594cf0ec0049b3af9042b61ce9b) Importer(2089858483,0ecaa5967403d082aa24f35e1b516d23) [PhysX] Initialized MultithreadedTaskDispatcher with 16 workers.
 -> (artifact id: 'aee5a2e4ddcce40a51979ce414e372e2') in 0.014401 seconds
Number of updated asset objects reloaded before import = 0
Number of asset objects unloaded after import = 8
========================================================================
Received Import Request.
  Time since last request: 0.000020 seconds.
  path: Assets/ModernSupermarket/Models/Furniture/Door_o8w2gy/Door_o8w2gy.fbx
  artifactKey: Guid(7cc56a3e97e785e4291e508372873433) Importer(2089858483,0ecaa5967403d082aa24f35e1b516d23)
Start importing Assets/ModernSupermarket/Models/Furniture/Door_o8w2gy/Door_o8w2gy.fbx using Guid(7cc56a3e97e785e4291e508372873433) Importer(2089858483,0ecaa5967403d082aa24f35e1b516d23) [PhysX] Initialized MultithreadedTaskDispatcher with 16 workers.
 -> (artifact id: 'bb3267bbcb6da7a21bd6ceaef0ce9cb4') in 0.014156 seconds
Number of updated asset objects reloaded before import = 0
Number of asset objects unloaded after import = 7
========================================================================
Received Import Request.
  Time since last request: 0.000018 seconds.
  path: Assets/ModernSupermarket/Models/Furniture/Grid_ff0dgb/Grid_ff0dgb.fbx
  artifactKey: Guid(0952c5f195c27544fb3075db8b80f165) Importer(2089858483,0ecaa5967403d082aa24f35e1b516d23)
Start importing Assets/ModernSupermarket/Models/Furniture/Grid_ff0dgb/Grid_ff0dgb.fbx using Guid(0952c5f195c27544fb3075db8b80f165) Importer(2089858483,0ecaa5967403d082aa24f35e1b516d23) [PhysX] Initialized MultithreadedTaskDispatcher with 16 workers.
 -> (artifact id: 'c58eb0862715d4e75e3664dd5d20aa02') in 0.014433 seconds
Number of updated asset objects reloaded before import = 0
Number of asset objects unloaded after import = 7
========================================================================
Received Import Request.
  Time since last request: 0.000021 seconds.
  path: Assets/ModernSupermarket/Prefabs/Props/Produce/Perry_fhz4xg_Crate.prefab
  artifactKey: Guid(4e31a18989743e647a4c3455fae85dd5) Importer(2089858483,0ecaa5967403d082aa24f35e1b516d23)
Start importing Assets/ModernSupermarket/Prefabs/Props/Produce/Perry_fhz4xg_Crate.prefab using Guid(4e31a18989743e647a4c3455fae85dd5) Importer(2089858483,0ecaa5967403d082aa24f35e1b516d23) [PhysX] Initialized MultithreadedTaskDispatcher with 16 workers.
 -> (artifact id: '082b5a7301b6bec9a31d150ce51dbe33') in 0.010756 seconds
Number of updated asset objects reloaded before import = 0
Number of asset objects unloaded after import = 16
========================================================================
Received Import Request.
  Time since last request: 0.000021 seconds.
  path: Assets/ModernSupermarket/Models/Furniture/Checkout_4295b5/Checkout_4295b5.fbx
  artifactKey: Guid(f1251013646a511409a1d4393de89fc2) Importer(2089858483,0ecaa5967403d082aa24f35e1b516d23)
Start importing Assets/ModernSupermarket/Models/Furniture/Checkout_4295b5/Checkout_4295b5.fbx using Guid(f1251013646a511409a1d4393de89fc2) Importer(2089858483,0ecaa5967403d082aa24f35e1b516d23) [PhysX] Initialized MultithreadedTaskDispatcher with 16 workers.
 -> (artifact id: '49ec4d49bfbedd74f5aab75dd54758ca') in 0.013187 seconds
Number of updated asset objects reloaded before import = 0
Number of asset objects unloaded after import = 8
========================================================================
Received Import Request.
  Time since last request: 0.000039 seconds.
  path: Assets/ModernSupermarket/Prefabs/Props/Produce/Grapefruit_mrfrpw.prefab
  artifactKey: Guid(c91c58ca9f7e30242969f6f813e748cf) Importer(2089858483,0ecaa5967403d082aa24f35e1b516d23)
Start importing Assets/ModernSupermarket/Prefabs/Props/Produce/Grapefruit_mrfrpw.prefab using Guid(c91c58ca9f7e30242969f6f813e748cf) Importer(2089858483,0ecaa5967403d082aa24f35e1b516d23) [PhysX] Initialized MultithreadedTaskDispatcher with 16 workers.
 -> (artifact id: '55d794bd2b1758120930fb0c64cca533') in 0.017115 seconds
Number of updated asset objects reloaded before import = 0
Number of asset objects unloaded after import = 8
========================================================================
Received Import Request.
  Time since last request: 0.000026 seconds.
  path: Assets/TextMesh Pro/Examples & Extras/Scripts/WarpTextExample.cs
  artifactKey: Guid(790744c462254b7ba8038e6ed28b3db2) Importer(2089858483,0ecaa5967403d082aa24f35e1b516d23)
Start importing Assets/TextMesh Pro/Examples & Extras/Scripts/WarpTextExample.cs using Guid(790744c462254b7ba8038e6ed28b3db2) Importer(2089858483,0ecaa5967403d082aa24f35e1b516d23) [PhysX] Initialized MultithreadedTaskDispatcher with 16 workers.
 -> (artifact id: 'ce7e6a45c0d0823d72a17a809c7b74a6') in 0.009927 seconds
Number of updated asset objects reloaded before import = 0
Number of asset objects unloaded after import = 1
========================================================================
Received Import Request.
  Time since last request: 0.000020 seconds.
  path: Assets/ModernSupermarket/Prefabs/Props/Produce/Garlic_tkqeno_Pack01.prefab
  artifactKey: Guid(08fef7351cfe1cf4cbf4af6273cbea96) Importer(2089858483,0ecaa5967403d082aa24f35e1b516d23)
Start importing Assets/ModernSupermarket/Prefabs/Props/Produce/Garlic_tkqeno_Pack01.prefab using Guid(08fef7351cfe1cf4cbf4af6273cbea96) Importer(2089858483,0ecaa5967403d082aa24f35e1b516d23) [PhysX] Initialized MultithreadedTaskDispatcher with 16 workers.
 -> (artifact id: 'b7c7cd809672d385285f8f83cc68a10d') in 0.014558 seconds
Number of updated asset objects reloaded before import = 0
Number of asset objects unloaded after import = 8
========================================================================
Received Import Request.
  Time since last request: 0.000019 seconds.
  path: Assets/TextMesh Pro/Examples & Extras/Sprites/Default Sprites.png
  artifactKey: Guid(a0fc465d6cf04254a2938578735e2383) Importer(2089858483,0ecaa5967403d082aa24f35e1b516d23)
Start importing Assets/TextMesh Pro/Examples & Extras/Sprites/Default Sprites.png using Guid(a0fc465d6cf04254a2938578735e2383) Importer(2089858483,0ecaa5967403d082aa24f35e1b516d23) [PhysX] Initialized MultithreadedTaskDispatcher with 16 workers.
 -> (artifact id: '9aad0c939107b63ecc13fff8d55348ac') in 0.017913 seconds
Number of updated asset objects reloaded before import = 0
Number of asset objects unloaded after import = 1
========================================================================
Received Import Request.
  Time since last request: 0.000019 seconds.
  path: Assets/ModernSupermarket/Models/Furniture/Slate_t3iq3t/Slate_t3iq3t.fbx
  artifactKey: Guid(d6471eb05b004744a93fa7c592e1ff42) Importer(2089858483,0ecaa5967403d082aa24f35e1b516d23)
Start importing Assets/ModernSupermarket/Models/Furniture/Slate_t3iq3t/Slate_t3iq3t.fbx using Guid(d6471eb05b004744a93fa7c592e1ff42) Importer(2089858483,0ecaa5967403d082aa24f35e1b516d23) [PhysX] Initialized MultithreadedTaskDispatcher with 16 workers.
 -> (artifact id: '6be7bf303658beb0af6db56ecd38d1f9') in 0.014408 seconds
Number of updated asset objects reloaded before import = 0
Number of asset objects unloaded after import = 7
========================================================================
Received Import Request.
  Time since last request: 0.000019 seconds.
  path: Assets/ModernSupermarket/Prefabs/Props/Produce/Clementine_7okhg9_Crate.prefab
  artifactKey: Guid(8ee64b8e051e119429c8cb7536240b46) Importer(2089858483,0ecaa5967403d082aa24f35e1b516d23)
Start importing Assets/ModernSupermarket/Prefabs/Props/Produce/Clementine_7okhg9_Crate.prefab using Guid(8ee64b8e051e119429c8cb7536240b46) Importer(2089858483,0ecaa5967403d082aa24f35e1b516d23) [PhysX] Initialized MultithreadedTaskDispatcher with 16 workers.
 -> (artifact id: '98a16ea82eaf0c8b49f36253e3ac7dac') in 0.012380 seconds
Number of updated asset objects reloaded before import = 0
Number of asset objects unloaded after import = 16
========================================================================
Received Import Request.
  Time since last request: 0.000019 seconds.
  path: Assets/ModernSupermarket/Prefabs/Props/Produce/Apple_yf18nm.prefab
  artifactKey: Guid(cf73a1e54a1bd8c4689ad45d61cc0f84) Importer(2089858483,0ecaa5967403d082aa24f35e1b516d23)
Start importing Assets/ModernSupermarket/Prefabs/Props/Produce/Apple_yf18nm.prefab using Guid(cf73a1e54a1bd8c4689ad45d61cc0f84) Importer(2089858483,0ecaa5967403d082aa24f35e1b516d23) [PhysX] Initialized MultithreadedTaskDispatcher with 16 workers.
 -> (artifact id: '970d8886aae39c9b2fee82fc171ca212') in 0.020303 seconds
Number of updated asset objects reloaded before import = 0
Number of asset objects unloaded after import = 8
========================================================================
Received Import Request.
  Time since last request: 0.000095 seconds.
  path: Assets/TextMesh Pro/Resources/Style Sheets/Default Style Sheet.asset
  artifactKey: Guid(f952c082cb03451daed3ee968ac6c63e) Importer(2089858483,0ecaa5967403d082aa24f35e1b516d23)
Start importing Assets/TextMesh Pro/Resources/Style Sheets/Default Style Sheet.asset using Guid(f952c082cb03451daed3ee968ac6c63e) Importer(2089858483,0ecaa5967403d082aa24f35e1b516d23) [PhysX] Initialized MultithreadedTaskDispatcher with 16 workers.
 -> (artifact id: '397e2cd16ea69c57b9205f43e017f992') in 0.009193 seconds
Number of updated asset objects reloaded before import = 0
Number of asset objects unloaded after import = 1
========================================================================
Received Import Request.
  Time since last request: 0.000016 seconds.
  path: Assets/ModernSupermarket/Prefabs/Props/Produce/Garlic_tkqeno_Crate.prefab
  artifactKey: Guid(fe59bcdc86a99d84da3e4ea7f8c934ff) Importer(2089858483,0ecaa5967403d082aa24f35e1b516d23)
Start importing Assets/ModernSupermarket/Prefabs/Props/Produce/Garlic_tkqeno_Crate.prefab using Guid(fe59bcdc86a99d84da3e4ea7f8c934ff) Importer(2089858483,0ecaa5967403d082aa24f35e1b516d23) [PhysX] Initialized MultithreadedTaskDispatcher with 16 workers.
 -> (artifact id: '76fe1dad0b1cc2cc0479f7b64c134fa0') in 0.009702 seconds
Number of updated asset objects reloaded before import = 0
Number of asset objects unloaded after import = 16
========================================================================
Received Import Request.
  Time since last request: 0.000017 seconds.
  path: Assets/ModernSupermarket/Prefabs/Props/Produce/Clementine_7okhg9.prefab
  artifactKey: Guid(e7133c450268b184aae89057f00a9f0b) Importer(2089858483,0ecaa5967403d082aa24f35e1b516d23)
Start importing Assets/ModernSupermarket/Prefabs/Props/Produce/Clementine_7okhg9.prefab using Guid(e7133c450268b184aae89057f00a9f0b) Importer(2089858483,0ecaa5967403d082aa24f35e1b516d23) [PhysX] Initialized MultithreadedTaskDispatcher with 16 workers.
 -> (artifact id: '2d585bc63bef0680b8a7d1c011c45d74') in 0.019341 seconds
Number of updated asset objects reloaded before import = 0
Number of asset objects unloaded after import = 8
========================================================================
Received Import Request.
  Time since last request: 0.000018 seconds.
  path: Assets/TextMesh Pro/Examples & Extras/Textures/Mask Zig-n-Zag.psd
  artifactKey: Guid(bb8dfcd263ad4eb383a33d74a720be6f) Importer(2089858483,0ecaa5967403d082aa24f35e1b516d23)
Start importing Assets/TextMesh Pro/Examples & Extras/Textures/Mask Zig-n-Zag.psd using Guid(bb8dfcd263ad4eb383a33d74a720be6f) Importer(2089858483,0ecaa5967403d082aa24f35e1b516d23) [PhysX] Initialized MultithreadedTaskDispatcher with 16 workers.
 -> (artifact id: '231e28ef73cfbd3a1581e61f43e3f257') in 0.016221 seconds
Number of updated asset objects reloaded before import = 0
Number of asset objects unloaded after import = 1
========================================================================
Received Import Request.
  Time since last request: 0.000019 seconds.
  path: Assets/ModernSupermarket/Models/Furniture/Grid_kdypaf/Grid_kdypaf.fbx
  artifactKey: Guid(eba8507a71f7fea41b7e800f7ddd1b7a) Importer(2089858483,0ecaa5967403d082aa24f35e1b516d23)
Start importing Assets/ModernSupermarket/Models/Furniture/Grid_kdypaf/Grid_kdypaf.fbx using Guid(eba8507a71f7fea41b7e800f7ddd1b7a) Importer(2089858483,0ecaa5967403d082aa24f35e1b516d23) [PhysX] Initialized MultithreadedTaskDispatcher with 16 workers.
 -> (artifact id: '6c22306c298a7ebf43ec88ed4a389e2b') in 0.013561 seconds
Number of updated asset objects reloaded before import = 0
Number of asset objects unloaded after import = 7
========================================================================
Received Import Request.
  Time since last request: 0.000021 seconds.
  path: Assets/ModernSupermarket/Models/Furniture/Stall_6f5bo1/Stall_6f5bo1.fbx
  artifactKey: Guid(39425aee6a10f194788edff9f95c8c33) Importer(2089858483,0ecaa5967403d082aa24f35e1b516d23)
Start importing Assets/ModernSupermarket/Models/Furniture/Stall_6f5bo1/Stall_6f5bo1.fbx using Guid(39425aee6a10f194788edff9f95c8c33) Importer(2089858483,0ecaa5967403d082aa24f35e1b516d23) [PhysX] Initialized MultithreadedTaskDispatcher with 16 workers.
 -> (artifact id: 'e066fe1b67db3ff60f99a650521269d1') in 0.013419 seconds
Number of updated asset objects reloaded before import = 0
Number of asset objects unloaded after import = 7
========================================================================
Received Import Request.
  Time since last request: 0.000017 seconds.
  path: Assets/ModernSupermarket/Prefabs/Props/Produce/Garlic_tkqeno.prefab
  artifactKey: Guid(12cc23afa9bcf6440aca0631fd106c89) Importer(2089858483,0ecaa5967403d082aa24f35e1b516d23)
Start importing Assets/ModernSupermarket/Prefabs/Props/Produce/Garlic_tkqeno.prefab using Guid(12cc23afa9bcf6440aca0631fd106c89) Importer(2089858483,0ecaa5967403d082aa24f35e1b516d23) [PhysX] Initialized MultithreadedTaskDispatcher with 16 workers.
 -> (artifact id: '5a49406a852dfc36ccfcd9acbf6d4822') in 0.020326 seconds
Number of updated asset objects reloaded before import = 0
Number of asset objects unloaded after import = 8
========================================================================
Received Import Request.
  Time since last request: 0.000020 seconds.
  path: Assets/ModernSupermarket/Prefabs/Props/Produce/Onion_mut7xz_Crate.prefab
  artifactKey: Guid(934d2d55ae2dbff42affcd2f0ae1edbe) Importer(2089858483,0ecaa5967403d082aa24f35e1b516d23)
Start importing Assets/ModernSupermarket/Prefabs/Props/Produce/Onion_mut7xz_Crate.prefab using Guid(934d2d55ae2dbff42affcd2f0ae1edbe) Importer(2089858483,0ecaa5967403d082aa24f35e1b516d23) [PhysX] Initialized MultithreadedTaskDispatcher with 16 workers.
 -> (artifact id: '2547e299860127cb7058a96a1b20f414') in 0.009464 seconds
Number of updated asset objects reloaded before import = 0
Number of asset objects unloaded after import = 16
========================================================================
Received Import Request.
  Time since last request: 0.000022 seconds.
  path: Assets/TextMesh Pro/Examples & Extras/Textures/Text Overflow - Linked Text UI Screenshot.png
  artifactKey: Guid(c76d18757a194d618355f05f815cb0a1) Importer(2089858483,0ecaa5967403d082aa24f35e1b516d23)
Start importing Assets/TextMesh Pro/Examples & Extras/Textures/Text Overflow - Linked Text UI Screenshot.png using Guid(c76d18757a194d618355f05f815cb0a1) Importer(2089858483,0ecaa5967403d082aa24f35e1b516d23) [PhysX] Initialized MultithreadedTaskDispatcher with 16 workers.
 -> (artifact id: 'd9643d9a2c9279a12c78bd4f3027e3f6') in 0.018750 seconds
Number of updated asset objects reloaded before import = 0
Number of asset objects unloaded after import = 1
========================================================================
Received Import Request.
  Time since last request: 0.000028 seconds.
  path: Assets/ModernSupermarket/Models/Furniture/Fridge_4ttiif/Fridge_4ttiif.fbx
  artifactKey: Guid(3b82eef328d1cf74f9dfc4dc39bdc481) Importer(2089858483,0ecaa5967403d082aa24f35e1b516d23)
Start importing Assets/ModernSupermarket/Models/Furniture/Fridge_4ttiif/Fridge_4ttiif.fbx using Guid(3b82eef328d1cf74f9dfc4dc39bdc481) Importer(2089858483,0ecaa5967403d082aa24f35e1b516d23) [PhysX] Initialized MultithreadedTaskDispatcher with 16 workers.
 -> (artifact id: 'a35d9eb9b5a681c48e360d7faac11832') in 0.015091 seconds
Number of updated asset objects reloaded before import = 0
Number of asset objects unloaded after import = 19
========================================================================
Received Import Request.
  Time since last request: 0.000035 seconds.
  path: Assets/ModernSupermarket/Models/Furniture/Grid_dyxmv5/Grid_dyxmv5.fbx
  artifactKey: Guid(00726ff65d4708843a8c71d1a669ded9) Importer(2089858483,0ecaa5967403d082aa24f35e1b516d23)
Start importing Assets/ModernSupermarket/Models/Furniture/Grid_dyxmv5/Grid_dyxmv5.fbx using Guid(00726ff65d4708843a8c71d1a669ded9) Importer(2089858483,0ecaa5967403d082aa24f35e1b516d23) [PhysX] Initialized MultithreadedTaskDispatcher with 16 workers.
 -> (artifact id: '73d6a7f307b928a04b0f068d361badb0') in 0.012390 seconds
Number of updated asset objects reloaded before import = 0
Number of asset objects unloaded after import = 7
========================================================================
Received Import Request.
  Time since last request: 0.000019 seconds.
  path: Assets/TextMesh Pro/Examples & Extras/Textures/Gradient Horizontal (Color).jpg
  artifactKey: Guid(6eb184de103d4b3f812b38561065192f) Importer(2089858483,0ecaa5967403d082aa24f35e1b516d23)
Start importing Assets/TextMesh Pro/Examples & Extras/Textures/Gradient Horizontal (Color).jpg using Guid(6eb184de103d4b3f812b38561065192f) Importer(2089858483,0ecaa5967403d082aa24f35e1b516d23) [PhysX] Initialized MultithreadedTaskDispatcher with 16 workers.
 -> (artifact id: '0f59fb739e5b7d90a89c124468243ddd') in 0.015206 seconds
Number of updated asset objects reloaded before import = 0
Number of asset objects unloaded after import = 1
========================================================================
Received Import Request.
  Time since last request: 0.000022 seconds.
  path: Assets/TextMesh Pro/Examples & Extras/Scripts/VertexColorCycler.cs
  artifactKey: Guid(91b8ba3d52e041fab2d0e0f169855539) Importer(2089858483,0ecaa5967403d082aa24f35e1b516d23)
Start importing Assets/TextMesh Pro/Examples & Extras/Scripts/VertexColorCycler.cs using Guid(91b8ba3d52e041fab2d0e0f169855539) Importer(2089858483,0ecaa5967403d082aa24f35e1b516d23) [PhysX] Initialized MultithreadedTaskDispatcher with 16 workers.
 -> (artifact id: '070a4a613f645040ef3c825ad7b108b8') in 0.009616 seconds
Number of updated asset objects reloaded before import = 0
Number of asset objects unloaded after import = 1
========================================================================
Received Import Request.
  Time since last request: 0.000021 seconds.
  path: Assets/TextMesh Pro/Examples & Extras/Scripts/TMP_TextEventHandler.cs
  artifactKey: Guid(1312ae25639a4bae8e25ae223209cc50) Importer(2089858483,0ecaa5967403d082aa24f35e1b516d23)
Start importing Assets/TextMesh Pro/Examples & Extras/Scripts/TMP_TextEventHandler.cs using Guid(1312ae25639a4bae8e25ae223209cc50) Importer(2089858483,0ecaa5967403d082aa24f35e1b516d23) [PhysX] Initialized MultithreadedTaskDispatcher with 16 workers.
 -> (artifact id: '1e99dd83bb02a8caa175caf0c9127b0d') in 0.007317 seconds
Number of updated asset objects reloaded before import = 0
Number of asset objects unloaded after import = 1
========================================================================
Received Import Request.
  Time since last request: 0.000018 seconds.
  path: Assets/TextMesh Pro/Examples & Extras/Scripts/VertexZoom.cs
  artifactKey: Guid(52ec835d14bd486f900952b77698b7eb) Importer(2089858483,0ecaa5967403d082aa24f35e1b516d23)
Start importing Assets/TextMesh Pro/Examples & Extras/Scripts/VertexZoom.cs using Guid(52ec835d14bd486f900952b77698b7eb) Importer(2089858483,0ecaa5967403d082aa24f35e1b516d23) [PhysX] Initialized MultithreadedTaskDispatcher with 16 workers.
 -> (artifact id: '32a7e0088e00720c5da3864484f093b8') in 0.010988 seconds
Number of updated asset objects reloaded before import = 0
Number of asset objects unloaded after import = 1
========================================================================
Received Import Request.
  Time since last request: 0.000036 seconds.
  path: Assets/ModernSupermarket/Models/Furniture/Vent_9y3yo/Vent_9y3yod_Curve.fbx
  artifactKey: Guid(26676b2a41268314e9e165e858ed63ef) Importer(2089858483,0ecaa5967403d082aa24f35e1b516d23)
Start importing Assets/ModernSupermarket/Models/Furniture/Vent_9y3yo/Vent_9y3yod_Curve.fbx using Guid(26676b2a41268314e9e165e858ed63ef) Importer(2089858483,0ecaa5967403d082aa24f35e1b516d23) [PhysX] Initialized MultithreadedTaskDispatcher with 16 workers.
 -> (artifact id: 'ff4186077c768cf8548d04c0326204bf') in 0.011734 seconds
Number of updated asset objects reloaded before import = 0
Number of asset objects unloaded after import = 7
========================================================================
Received Import Request.
  Time since last request: 1.638418 seconds.
  path: Assets/ModernSupermarket/Prefabs/Props/Produce/Potato_px2ht4_Pack01.prefab
  artifactKey: Guid(ec3e2ffb6bc340541bc3ba0d8d16f27e) Importer(2089858483,0ecaa5967403d082aa24f35e1b516d23)
Start importing Assets/ModernSupermarket/Prefabs/Props/Produce/Potato_px2ht4_Pack01.prefab using Guid(ec3e2ffb6bc340541bc3ba0d8d16f27e) Importer(2089858483,0ecaa5967403d082aa24f35e1b516d23) [PhysX] Initialized MultithreadedTaskDispatcher with 16 workers.
 -> (artifact id: 'b316ce8763a531b27ef106554858d022') in 0.022741 seconds
Number of updated asset objects reloaded before import = 0
Number of asset objects unloaded after import = 8
========================================================================
Received Import Request.
  Time since last request: 0.000018 seconds.
  path: Assets/ModernSupermarket/Prefabs/Props/Products/Cheese_bn26cq.prefab
  artifactKey: Guid(4e4e5e8d73802ce4a9f026cf5a1c3400) Importer(2089858483,0ecaa5967403d082aa24f35e1b516d23)
Start importing Assets/ModernSupermarket/Prefabs/Props/Products/Cheese_bn26cq.prefab using Guid(4e4e5e8d73802ce4a9f026cf5a1c3400) Importer(2089858483,0ecaa5967403d082aa24f35e1b516d23) [PhysX] Initialized MultithreadedTaskDispatcher with 16 workers.
 -> (artifact id: '837511774d89ca12e73e9e6e4edd3b83') in 0.017809 seconds
Number of updated asset objects reloaded before import = 0
Number of asset objects unloaded after import = 8
========================================================================
Received Import Request.
  Time since last request: 0.000017 seconds.
  path: Assets/ModernSupermarket/Prefabs/Props/Products/Cake_a3h87k_Var02.prefab
  artifactKey: Guid(b1a45b17f4ef871419011c8092b22d4e) Importer(2089858483,0ecaa5967403d082aa24f35e1b516d23)
Start importing Assets/ModernSupermarket/Prefabs/Props/Products/Cake_a3h87k_Var02.prefab using Guid(b1a45b17f4ef871419011c8092b22d4e) Importer(2089858483,0ecaa5967403d082aa24f35e1b516d23) [PhysX] Initialized MultithreadedTaskDispatcher with 16 workers.
 -> (artifact id: '2811ff0cd52b0c074519625f28bcce29') in 0.019682 seconds
Number of updated asset objects reloaded before import = 0
Number of asset objects unloaded after import = 15
========================================================================
Received Import Request.
  Time since last request: 0.000021 seconds.
  path: Assets/ModernSupermarket/Prefabs/Props/Products/Alcohol_eoojba_Pack01.prefab
  artifactKey: Guid(1fa542a672dcea44a93124631297a047) Importer(2089858483,0ecaa5967403d082aa24f35e1b516d23)
Start importing Assets/ModernSupermarket/Prefabs/Props/Products/Alcohol_eoojba_Pack01.prefab using Guid(1fa542a672dcea44a93124631297a047) Importer(2089858483,0ecaa5967403d082aa24f35e1b516d23) [PhysX] Initialized MultithreadedTaskDispatcher with 16 workers.
 -> (artifact id: '11160ce6861eecdadd6b41712af8bae1') in 0.013979 seconds
Number of updated asset objects reloaded before import = 0
Number of asset objects unloaded after import = 8
========================================================================
Received Import Request.
  Time since last request: 0.000025 seconds.
  path: Assets/ModernSupermarket/Prefabs/Props/Products/Cake_a3h87k_Pack01.prefab
  artifactKey: Guid(c9411a3fb3b69f14b9823a09b2ef20d4) Importer(2089858483,0ecaa5967403d082aa24f35e1b516d23)
Start importing Assets/ModernSupermarket/Prefabs/Props/Products/Cake_a3h87k_Pack01.prefab using Guid(c9411a3fb3b69f14b9823a09b2ef20d4) Importer(2089858483,0ecaa5967403d082aa24f35e1b516d23) [PhysX] Initialized MultithreadedTaskDispatcher with 16 workers.
 -> (artifact id: '4162372ee2e6d3dff673121ea0354c47') in 0.010811 seconds
Number of updated asset objects reloaded before import = 0
Number of asset objects unloaded after import = 8
========================================================================
Received Import Request.
  Time since last request: 0.000017 seconds.
  path: Assets/ModernSupermarket/Prefabs/Props/Products/ChocolateSpread_xhkyij_Var02.prefab
  artifactKey: Guid(52a3e1be1152f484fa987ec81a4c0ad9) Importer(2089858483,0ecaa5967403d082aa24f35e1b516d23)
Start importing Assets/ModernSupermarket/Prefabs/Props/Products/ChocolateSpread_xhkyij_Var02.prefab using Guid(52a3e1be1152f484fa987ec81a4c0ad9) Importer(2089858483,0ecaa5967403d082aa24f35e1b516d23) [PhysX] Initialized MultithreadedTaskDispatcher with 16 workers.
 -> (artifact id: '894ce8ce812f86e2f99a0da05da45570') in 0.025571 seconds
Number of updated asset objects reloaded before import = 0
Number of asset objects unloaded after import = 15
========================================================================
Received Import Request.
  Time since last request: 0.000021 seconds.
  path: Assets/ModernSupermarket/Prefabs/Props/Produce/Zucchini_z21819.prefab
  artifactKey: Guid(1c484a383d5c64340b0289fc6cc08dec) Importer(2089858483,0ecaa5967403d082aa24f35e1b516d23)
Start importing Assets/ModernSupermarket/Prefabs/Props/Produce/Zucchini_z21819.prefab using Guid(1c484a383d5c64340b0289fc6cc08dec) Importer(2089858483,0ecaa5967403d082aa24f35e1b516d23) [PhysX] Initialized MultithreadedTaskDispatcher with 16 workers.
 -> (artifact id: '7275485a3c14b01e292b70c191bc818a') in 0.019844 seconds
Number of updated asset objects reloaded before import = 0
Number of asset objects unloaded after import = 8
========================================================================
Received Import Request.
  Time since last request: 0.000017 seconds.
  path: Assets/ModernSupermarket/Prefabs/Props/Products/Book_bpxngl_04.prefab
  artifactKey: Guid(ad1c413ba682bbc49bf6bf209786a8ba) Importer(2089858483,0ecaa5967403d082aa24f35e1b516d23)
Start importing Assets/ModernSupermarket/Prefabs/Props/Products/Book_bpxngl_04.prefab using Guid(ad1c413ba682bbc49bf6bf209786a8ba) Importer(2089858483,0ecaa5967403d082aa24f35e1b516d23) [PhysX] Initialized MultithreadedTaskDispatcher with 16 workers.
 -> (artifact id: '82f969a41cd3b7c7691e625708ee078e') in 0.011871 seconds
Number of updated asset objects reloaded before import = 0
Number of asset objects unloaded after import = 8
========================================================================
Received Import Request.
  Time since last request: 0.000019 seconds.
  path: Assets/ModernSupermarket/Prefabs/Props/Products/CandyPack_qkmq5d.prefab
  artifactKey: Guid(0241520004fc10d49869f6131cfff326) Importer(2089858483,0ecaa5967403d082aa24f35e1b516d23)
Start importing Assets/ModernSupermarket/Prefabs/Props/Products/CandyPack_qkmq5d.prefab using Guid(0241520004fc10d49869f6131cfff326) Importer(2089858483,0ecaa5967403d082aa24f35e1b516d23) [PhysX] Initialized MultithreadedTaskDispatcher with 16 workers.
 -> (artifact id: '7e2362f227b140cb22e492855a952457') in 0.010342 seconds
Number of updated asset objects reloaded before import = 0
Number of asset objects unloaded after import = 8
========================================================================
Received Import Request.
  Time since last request: 0.000027 seconds.
  path: Assets/ModernSupermarket/Prefabs/Props/Products/Cheese_ipc281.prefab
  artifactKey: Guid(34e33a767ff4c3e41aad6a700b3aba11) Importer(2089858483,0ecaa5967403d082aa24f35e1b516d23)
Start importing Assets/ModernSupermarket/Prefabs/Props/Products/Cheese_ipc281.prefab using Guid(34e33a767ff4c3e41aad6a700b3aba11) Importer(2089858483,0ecaa5967403d082aa24f35e1b516d23) [PhysX] Initialized MultithreadedTaskDispatcher with 16 workers.
 -> (artifact id: '15cba83718137c3a990f7f64152f60ef') in 0.009872 seconds
Number of updated asset objects reloaded before import = 0
Number of asset objects unloaded after import = 8
========================================================================
Received Import Request.
  Time since last request: 0.000018 seconds.
  path: Assets/ModernSupermarket/Prefabs/Props/Products/Chips_w4tja8_Var04.prefab
  artifactKey: Guid(ae25a2e007e5e6a41ba94aecd337da15) Importer(2089858483,0ecaa5967403d082aa24f35e1b516d23)
Start importing Assets/ModernSupermarket/Prefabs/Props/Products/Chips_w4tja8_Var04.prefab using Guid(ae25a2e007e5e6a41ba94aecd337da15) Importer(2089858483,0ecaa5967403d082aa24f35e1b516d23) [PhysX] Initialized MultithreadedTaskDispatcher with 16 workers.
 -> (artifact id: 'e60afcf8c6c6f3557b127c58d2676604') in 0.024550 seconds
Number of updated asset objects reloaded before import = 0
Number of asset objects unloaded after import = 15
========================================================================
Received Import Request.
  Time since last request: 0.000019 seconds.
  path: Assets/ModernSupermarket/Prefabs/Props/Products/Bag_s45li3_Var02.prefab
  artifactKey: Guid(916e5d11fdc41234bbc9c83d8f27780a) Importer(2089858483,0ecaa5967403d082aa24f35e1b516d23)
Start importing Assets/ModernSupermarket/Prefabs/Props/Products/Bag_s45li3_Var02.prefab using Guid(916e5d11fdc41234bbc9c83d8f27780a) Importer(2089858483,0ecaa5967403d082aa24f35e1b516d23) [PhysX] Initialized MultithreadedTaskDispatcher with 16 workers.
 -> (artifact id: 'b7c3f7eaddb8c4e98a3a16068682889f') in 0.015187 seconds
Number of updated asset objects reloaded before import = 0
Number of asset objects unloaded after import = 15
========================================================================
Received Import Request.
  Time since last request: 0.000019 seconds.
  path: Assets/ModernSupermarket/Prefabs/Props/Products/Cereals_me9j99.prefab
  artifactKey: Guid(727381a80c9ddc14e844acb429a552e2) Importer(2089858483,0ecaa5967403d082aa24f35e1b516d23)
Start importing Assets/ModernSupermarket/Prefabs/Props/Products/Cereals_me9j99.prefab using Guid(727381a80c9ddc14e844acb429a552e2) Importer(2089858483,0ecaa5967403d082aa24f35e1b516d23) [PhysX] Initialized MultithreadedTaskDispatcher with 16 workers.
 -> (artifact id: '42e5c58efc80f935da0ccc7216d92a3b') in 0.020227 seconds
Number of updated asset objects reloaded before import = 0
Number of asset objects unloaded after import = 8
========================================================================
Received Import Request.
  Time since last request: 0.000020 seconds.
  path: Assets/ModernSupermarket/Prefabs/Props/Produce/Zucchini_z21819_Crate.prefab
  artifactKey: Guid(b75be5922d5d2a64ea81366e6222cada) Importer(2089858483,0ecaa5967403d082aa24f35e1b516d23)
Start importing Assets/ModernSupermarket/Prefabs/Props/Produce/Zucchini_z21819_Crate.prefab using Guid(b75be5922d5d2a64ea81366e6222cada) Importer(2089858483,0ecaa5967403d082aa24f35e1b516d23) [PhysX] Initialized MultithreadedTaskDispatcher with 16 workers.
 -> (artifact id: '5787795ec53a1c933a5d9424c206ae76') in 0.010377 seconds
Number of updated asset objects reloaded before import = 0
Number of asset objects unloaded after import = 16
========================================================================
Received Import Request.
  Time since last request: 0.000019 seconds.
  path: Assets/ModernSupermarket/Prefabs/Props/Products/ChocolateSpread_xhkyij.prefab
  artifactKey: Guid(417d906534e8bec45ba6483b949e91f4) Importer(2089858483,0ecaa5967403d082aa24f35e1b516d23)
Start importing Assets/ModernSupermarket/Prefabs/Props/Products/ChocolateSpread_xhkyij.prefab using Guid(417d906534e8bec45ba6483b949e91f4) Importer(2089858483,0ecaa5967403d082aa24f35e1b516d23) [PhysX] Initialized MultithreadedTaskDispatcher with 16 workers.
 -> (artifact id: 'b331e067738ca2944ad95bbcefa598fb') in 0.011796 seconds
Number of updated asset objects reloaded before import = 0
Number of asset objects unloaded after import = 8
========================================================================
Received Import Request.
  Time since last request: 0.000020 seconds.
  path: Assets/ModernSupermarket/Prefabs/Props/Products/Bag_s45li3_Pack01.prefab
  artifactKey: Guid(c61d11cef03c968449558b8b6a77145c) Importer(2089858483,0ecaa5967403d082aa24f35e1b516d23)
Start importing Assets/ModernSupermarket/Prefabs/Props/Products/Bag_s45li3_Pack01.prefab using Guid(c61d11cef03c968449558b8b6a77145c) Importer(2089858483,0ecaa5967403d082aa24f35e1b516d23) [PhysX] Initialized MultithreadedTaskDispatcher with 16 workers.
 -> (artifact id: 'eb4a286b70912955fde1c567756ccbf8') in 0.010766 seconds
Number of updated asset objects reloaded before import = 0
Number of asset objects unloaded after import = 8
========================================================================
Received Import Request.
  Time since last request: 0.000021 seconds.
  path: Assets/ModernSupermarket/Prefabs/Props/Products/Cream_jatl5h_Pack01_Var01.prefab
  artifactKey: Guid(174dbb2ecd2fb354aa5370dd3c78290d) Importer(2089858483,0ecaa5967403d082aa24f35e1b516d23)
Start importing Assets/ModernSupermarket/Prefabs/Props/Products/Cream_jatl5h_Pack01_Var01.prefab using Guid(174dbb2ecd2fb354aa5370dd3c78290d) Importer(2089858483,0ecaa5967403d082aa24f35e1b516d23) [PhysX] Initialized MultithreadedTaskDispatcher with 16 workers.
 -> (artifact id: '62f2928f7f67a49164bb498c62ebb6a3') in 0.012782 seconds
Number of updated asset objects reloaded before import = 0
Number of asset objects unloaded after import = 15
========================================================================
Received Import Request.
  Time since last request: 0.000022 seconds.
  path: Assets/ModernSupermarket/Prefabs/Props/Products/Butter_5ttny6_Pack01.prefab
  artifactKey: Guid(7fbac2d34a5a1b6488ece24a4bdd032a) Importer(2089858483,0ecaa5967403d082aa24f35e1b516d23)
Start importing Assets/ModernSupermarket/Prefabs/Props/Products/Butter_5ttny6_Pack01.prefab using Guid(7fbac2d34a5a1b6488ece24a4bdd032a) Importer(2089858483,0ecaa5967403d082aa24f35e1b516d23) [PhysX] Initialized MultithreadedTaskDispatcher with 16 workers.
 -> (artifact id: '069e94617d9144f3ef451ac68fe64c6b') in 0.013715 seconds
Number of updated asset objects reloaded before import = 0
Number of asset objects unloaded after import = 8
========================================================================
Received Import Request.
  Time since last request: 0.000024 seconds.
  path: Assets/ModernSupermarket/Prefabs/Props/Products/Bleach_irrpnt.prefab
  artifactKey: Guid(c6db090194bd0d64e983d905a17623f5) Importer(2089858483,0ecaa5967403d082aa24f35e1b516d23)
Start importing Assets/ModernSupermarket/Prefabs/Props/Products/Bleach_irrpnt.prefab using Guid(c6db090194bd0d64e983d905a17623f5) Importer(2089858483,0ecaa5967403d082aa24f35e1b516d23) [PhysX] Initialized MultithreadedTaskDispatcher with 16 workers.
 -> (artifact id: '5c73858dbe839a0852d1fe9904299446') in 0.016444 seconds
Number of updated asset objects reloaded before import = 0
Number of asset objects unloaded after import = 8
========================================================================
Received Import Request.
  Time since last request: 0.000019 seconds.
  path: Assets/ModernSupermarket/Prefabs/Props/Products/Book_bpxngl_03.prefab
  artifactKey: Guid(308f6e6e510550b4a92387b1bf3bf477) Importer(2089858483,0ecaa5967403d082aa24f35e1b516d23)
Start importing Assets/ModernSupermarket/Prefabs/Props/Products/Book_bpxngl_03.prefab using Guid(308f6e6e510550b4a92387b1bf3bf477) Importer(2089858483,0ecaa5967403d082aa24f35e1b516d23) [PhysX] Initialized MultithreadedTaskDispatcher with 16 workers.
 -> (artifact id: 'bdce707c4fbbb211543151340490217f') in 0.010750 seconds
Number of updated asset objects reloaded before import = 0
Number of asset objects unloaded after import = 8
========================================================================
Received Import Request.
  Time since last request: 0.000018 seconds.
  path: Assets/ModernSupermarket/Prefabs/Props/Products/Cheese_bn26cq_Var02.prefab
  artifactKey: Guid(c5f638dd73fde034f917979c7e24da0a) Importer(2089858483,0ecaa5967403d082aa24f35e1b516d23)
Start importing Assets/ModernSupermarket/Prefabs/Props/Products/Cheese_bn26cq_Var02.prefab using Guid(c5f638dd73fde034f917979c7e24da0a) Importer(2089858483,0ecaa5967403d082aa24f35e1b516d23) [PhysX] Initialized MultithreadedTaskDispatcher with 16 workers.
 -> (artifact id: '9ccbcb555d695929ff31847f7113e38b') in 0.022001 seconds
Number of updated asset objects reloaded before import = 0
Number of asset objects unloaded after import = 21
========================================================================
Received Import Request.
  Time since last request: 0.000020 seconds.
  path: Assets/ModernSupermarket/Prefabs/Props/Products/Cleanser_7dsib5_Pack01.prefab
  artifactKey: Guid(c2e37f4974c5cd24ba7134eb98a09d98) Importer(2089858483,0ecaa5967403d082aa24f35e1b516d23)
Start importing Assets/ModernSupermarket/Prefabs/Props/Products/Cleanser_7dsib5_Pack01.prefab using Guid(c2e37f4974c5cd24ba7134eb98a09d98) Importer(2089858483,0ecaa5967403d082aa24f35e1b516d23) [PhysX] Initialized MultithreadedTaskDispatcher with 16 workers.
 -> (artifact id: 'c86b5e27ee14c6a97cd5e57e20d06bba') in 0.010783 seconds
Number of updated asset objects reloaded before import = 0
Number of asset objects unloaded after import = 8
========================================================================
Received Import Request.
  Time since last request: 0.000019 seconds.
  path: Assets/ModernSupermarket/Prefabs/Props/Products/BeerKeg_byk96e_Var01.prefab
  artifactKey: Guid(3b955f70801ef3a41a6ef2a627d82102) Importer(2089858483,0ecaa5967403d082aa24f35e1b516d23)
Start importing Assets/ModernSupermarket/Prefabs/Props/Products/BeerKeg_byk96e_Var01.prefab using Guid(3b955f70801ef3a41a6ef2a627d82102) Importer(2089858483,0ecaa5967403d082aa24f35e1b516d23) [PhysX] Initialized MultithreadedTaskDispatcher with 16 workers.
 -> (artifact id: 'e84d70fe2cb7dd5b0b2f9fef2f219f12') in 0.010326 seconds
Number of updated asset objects reloaded before import = 0
Number of asset objects unloaded after import = 8
========================================================================
Received Import Request.
  Time since last request: 0.000024 seconds.
  path: Assets/ModernSupermarket/Prefabs/Props/Products/Cheese_ipc281_Pack01_Var01.prefab
  artifactKey: Guid(4db4101ad54379742a25c9d3b1813500) Importer(2089858483,0ecaa5967403d082aa24f35e1b516d23)
Start importing Assets/ModernSupermarket/Prefabs/Props/Products/Cheese_ipc281_Pack01_Var01.prefab using Guid(4db4101ad54379742a25c9d3b1813500) Importer(2089858483,0ecaa5967403d082aa24f35e1b516d23) [PhysX] Initialized MultithreadedTaskDispatcher with 16 workers.
 -> (artifact id: '5e8098a6bea019a87f6411bd6c3e2150') in 0.010178 seconds
Number of updated asset objects reloaded before import = 0
Number of asset objects unloaded after import = 15
========================================================================
Received Import Request.
  Time since last request: 0.000026 seconds.
  path: Assets/ModernSupermarket/Prefabs/Props/Products/Chips_w4tja8.prefab
  artifactKey: Guid(c4ed65979e053b942afaeac7a2ef5524) Importer(2089858483,0ecaa5967403d082aa24f35e1b516d23)
Start importing Assets/ModernSupermarket/Prefabs/Props/Products/Chips_w4tja8.prefab using Guid(c4ed65979e053b942afaeac7a2ef5524) Importer(2089858483,0ecaa5967403d082aa24f35e1b516d23) [PhysX] Initialized MultithreadedTaskDispatcher with 16 workers.
 -> (artifact id: 'c2190c1655a8868a98150d1f66838da2') in 0.011023 seconds
Number of updated asset objects reloaded before import = 0
Number of asset objects unloaded after import = 8
========================================================================
Received Import Request.
  Time since last request: 0.000017 seconds.
  path: Assets/ModernSupermarket/Prefabs/Props/Products/BeerKeg_byk96e_Pack02.prefab
  artifactKey: Guid(bf2f75e1c5fd85f43bff852384581d47) Importer(2089858483,0ecaa5967403d082aa24f35e1b516d23)
Start importing Assets/ModernSupermarket/Prefabs/Props/Products/BeerKeg_byk96e_Pack02.prefab using Guid(bf2f75e1c5fd85f43bff852384581d47) Importer(2089858483,0ecaa5967403d082aa24f35e1b516d23) [PhysX] Initialized MultithreadedTaskDispatcher with 16 workers.
 -> (artifact id: 'db8197da6d8171f701703873b26fb6b9') in 0.011268 seconds
Number of updated asset objects reloaded before import = 0
Number of asset objects unloaded after import = 8
========================================================================
Received Import Request.
  Time since last request: 0.000022 seconds.
  path: Assets/ModernSupermarket/Prefabs/Props/Products/Cereals_me9j99_Pack01.prefab
  artifactKey: Guid(249569072ac361945a138a9cd01c3faf) Importer(2089858483,0ecaa5967403d082aa24f35e1b516d23)
Start importing Assets/ModernSupermarket/Prefabs/Props/Products/Cereals_me9j99_Pack01.prefab using Guid(249569072ac361945a138a9cd01c3faf) Importer(2089858483,0ecaa5967403d082aa24f35e1b516d23) [PhysX] Initialized MultithreadedTaskDispatcher with 16 workers.
 -> (artifact id: '5d346bab233a50468faf29622162a4e9') in 0.011129 seconds
Number of updated asset objects reloaded before import = 0
Number of asset objects unloaded after import = 8
========================================================================
Received Import Request.
  Time since last request: 0.000018 seconds.
  path: Assets/ModernSupermarket/Prefabs/Props/Products/Beer_lryra7_Var02_Pack01.prefab
  artifactKey: Guid(38e9a43e4a2f3934c831e233237e9676) Importer(2089858483,0ecaa5967403d082aa24f35e1b516d23)
Start importing Assets/ModernSupermarket/Prefabs/Props/Products/Beer_lryra7_Var02_Pack01.prefab using Guid(38e9a43e4a2f3934c831e233237e9676) Importer(2089858483,0ecaa5967403d082aa24f35e1b516d23) [PhysX] Initialized MultithreadedTaskDispatcher with 16 workers.
 -> (artifact id: '2ea6f133bfa63d2fdd1dfb7388e033c5') in 0.012340 seconds
Number of updated asset objects reloaded before import = 0
Number of asset objects unloaded after import = 16
========================================================================
Received Import Request.
  Time since last request: 0.000018 seconds.
  path: Assets/ModernSupermarket/Prefabs/Props/Products/Beer_lryra7_Pack01.prefab
  artifactKey: Guid(01cdda436a2b1324fa6ed7fcbf2e09a6) Importer(2089858483,0ecaa5967403d082aa24f35e1b516d23)
Start importing Assets/ModernSupermarket/Prefabs/Props/Products/Beer_lryra7_Pack01.prefab using Guid(01cdda436a2b1324fa6ed7fcbf2e09a6) Importer(2089858483,0ecaa5967403d082aa24f35e1b516d23) [PhysX] Initialized MultithreadedTaskDispatcher with 16 workers.
 -> (artifact id: '24c1fa731e14a59142c3715c293d9c85') in 0.011367 seconds
Number of updated asset objects reloaded before import = 0
Number of asset objects unloaded after import = 8
========================================================================
Received Import Request.
  Time since last request: 0.000017 seconds.
  path: Assets/ModernSupermarket/Prefabs/Props/Products/Alcohol_qi7uqv.prefab
  artifactKey: Guid(d0b72d8e138411342939f9de971f7127) Importer(2089858483,0ecaa5967403d082aa24f35e1b516d23)
Start importing Assets/ModernSupermarket/Prefabs/Props/Products/Alcohol_qi7uqv.prefab using Guid(d0b72d8e138411342939f9de971f7127) Importer(2089858483,0ecaa5967403d082aa24f35e1b516d23) [PhysX] Initialized MultithreadedTaskDispatcher with 16 workers.
 -> (artifact id: 'c164806f2b20b7d8349bfbe84d5544c8') in 0.020954 seconds
Number of updated asset objects reloaded before import = 0
Number of asset objects unloaded after import = 8
========================================================================
Received Import Request.
  Time since last request: 0.000022 seconds.
  path: Assets/ModernSupermarket/Prefabs/Props/Products/Alcohol_tqkp8c.prefab
  artifactKey: Guid(72a5ecf378139ae4e866d4419f33f3ab) Importer(2089858483,0ecaa5967403d082aa24f35e1b516d23)
Start importing Assets/ModernSupermarket/Prefabs/Props/Products/Alcohol_tqkp8c.prefab using Guid(72a5ecf378139ae4e866d4419f33f3ab) Importer(2089858483,0ecaa5967403d082aa24f35e1b516d23) [PhysX] Initialized MultithreadedTaskDispatcher with 16 workers.
 -> (artifact id: 'ab87f61b4c431e36fad01156f4c0273c') in 0.018612 seconds
Number of updated asset objects reloaded before import = 0
Number of asset objects unloaded after import = 8
========================================================================
Received Import Request.
  Time since last request: 0.000018 seconds.
  path: Assets/ModernSupermarket/Prefabs/Props/Products/Chips_w4tja8_Var02.prefab
  artifactKey: Guid(c1a88614e57ccb7408cd17be8bbb5569) Importer(2089858483,0ecaa5967403d082aa24f35e1b516d23)
Start importing Assets/ModernSupermarket/Prefabs/Props/Products/Chips_w4tja8_Var02.prefab using Guid(c1a88614e57ccb7408cd17be8bbb5569) Importer(2089858483,0ecaa5967403d082aa24f35e1b516d23) [PhysX] Initialized MultithreadedTaskDispatcher with 16 workers.
 -> (artifact id: 'c82662b33c3c166411fc6d2eeaa48d3a') in 0.014432 seconds
Number of updated asset objects reloaded before import = 0
Number of asset objects unloaded after import = 15
========================================================================
Received Import Request.
  Time since last request: 0.000016 seconds.
  path: Assets/ModernSupermarket/Prefabs/Props/Produce/Watermelon_z0o9y3.prefab
  artifactKey: Guid(8f5c9f829e6987b408c4320785b0ca31) Importer(2089858483,0ecaa5967403d082aa24f35e1b516d23)
Start importing Assets/ModernSupermarket/Prefabs/Props/Produce/Watermelon_z0o9y3.prefab using Guid(8f5c9f829e6987b408c4320785b0ca31) Importer(2089858483,0ecaa5967403d082aa24f35e1b516d23) [PhysX] Initialized MultithreadedTaskDispatcher with 16 workers.
 -> (artifact id: 'be4a2f9d200d179f13879ea9cf37f678') in 0.018969 seconds
Number of updated asset objects reloaded before import = 0
Number of asset objects unloaded after import = 8
========================================================================
Received Import Request.
  Time since last request: 0.000019 seconds.
  path: Assets/ModernSupermarket/Prefabs/Props/Products/Cereals_me9j99_Var01.prefab
  artifactKey: Guid(71e08fab5c9d6904691bdca792ba6201) Importer(2089858483,0ecaa5967403d082aa24f35e1b516d23)
Start importing Assets/ModernSupermarket/Prefabs/Props/Products/Cereals_me9j99_Var01.prefab using Guid(71e08fab5c9d6904691bdca792ba6201) Importer(2089858483,0ecaa5967403d082aa24f35e1b516d23) [PhysX] Initialized MultithreadedTaskDispatcher with 16 workers.
 -> (artifact id: 'f662f14b4e32cca66d3462bfd9900851') in 0.017184 seconds
Number of updated asset objects reloaded before import = 0
Number of asset objects unloaded after import = 15
========================================================================
Received Import Request.
  Time since last request: 0.000020 seconds.
  path: Assets/ModernSupermarket/Prefabs/Props/Products/Coffee_5uj6zk_Var02.prefab
  artifactKey: Guid(552f96cc8dd492147a6243403875880c) Importer(2089858483,0ecaa5967403d082aa24f35e1b516d23)
Start importing Assets/ModernSupermarket/Prefabs/Props/Products/Coffee_5uj6zk_Var02.prefab using Guid(552f96cc8dd492147a6243403875880c) Importer(2089858483,0ecaa5967403d082aa24f35e1b516d23) [PhysX] Initialized MultithreadedTaskDispatcher with 16 workers.
 -> (artifact id: 'da73e0ad824eb8e2c2060025803b304f') in 0.015442 seconds
Number of updated asset objects reloaded before import = 0
Number of asset objects unloaded after import = 15
========================================================================
Received Import Request.
  Time since last request: 0.000020 seconds.
  path: Assets/ModernSupermarket/Prefabs/Props/Products/Book_bpxngl_01.prefab
  artifactKey: Guid(332012b48fa2fd141b7304dbb3e212b7) Importer(2089858483,0ecaa5967403d082aa24f35e1b516d23)
Start importing Assets/ModernSupermarket/Prefabs/Props/Products/Book_bpxngl_01.prefab using Guid(332012b48fa2fd141b7304dbb3e212b7) Importer(2089858483,0ecaa5967403d082aa24f35e1b516d23) [PhysX] Initialized MultithreadedTaskDispatcher with 16 workers.
 -> (artifact id: 'd57254e79e21b5e5c2976f4db42dfced') in 0.010312 seconds
Number of updated asset objects reloaded before import = 0
Number of asset objects unloaded after import = 8
========================================================================
Received Import Request.
  Time since last request: 0.000022 seconds.
  path: Assets/ModernSupermarket/Prefabs/Props/Products/ChocolateBox_b94wj0_Pack01.prefab
  artifactKey: Guid(3219ac10ab8cc5c4ab37ec4a4431ad84) Importer(2089858483,0ecaa5967403d082aa24f35e1b516d23)
Start importing Assets/ModernSupermarket/Prefabs/Props/Products/ChocolateBox_b94wj0_Pack01.prefab using Guid(3219ac10ab8cc5c4ab37ec4a4431ad84) Importer(2089858483,0ecaa5967403d082aa24f35e1b516d23) [PhysX] Initialized MultithreadedTaskDispatcher with 16 workers.
 -> (artifact id: '5a30ce3161b711893c0b2207c559504a') in 0.011521 seconds
Number of updated asset objects reloaded before import = 0
Number of asset objects unloaded after import = 8
========================================================================
Received Import Request.
  Time since last request: 1.539438 seconds.
  path: Assets/ModernSupermarket/Prefabs/Props/Products/Decoration_3k4dyn_05.prefab
  artifactKey: Guid(599778eafcaff394bacdc37cff12adea) Importer(2089858483,0ecaa5967403d082aa24f35e1b516d23)
Start importing Assets/ModernSupermarket/Prefabs/Props/Products/Decoration_3k4dyn_05.prefab using Guid(599778eafcaff394bacdc37cff12adea) Importer(2089858483,0ecaa5967403d082aa24f35e1b516d23) [PhysX] Initialized MultithreadedTaskDispatcher with 16 workers.
 -> (artifact id: 'bc4854fe352ea0322a27818245510887') in 0.009385 seconds
Number of updated asset objects reloaded before import = 0
Number of asset objects unloaded after import = 8
========================================================================
Received Import Request.
  Time since last request: 0.000015 seconds.
  path: Assets/ModernSupermarket/Prefabs/Props/Products/Teabox_5oq0ki.prefab
  artifactKey: Guid(57984c482ade36749be036a2e470fa60) Importer(2089858483,0ecaa5967403d082aa24f35e1b516d23)
Start importing Assets/ModernSupermarket/Prefabs/Props/Products/Teabox_5oq0ki.prefab using Guid(57984c482ade36749be036a2e470fa60) Importer(2089858483,0ecaa5967403d082aa24f35e1b516d23) [PhysX] Initialized MultithreadedTaskDispatcher with 16 workers.
 -> (artifact id: 'c1f53ab17b70bfa999448512320e680d') in 0.011720 seconds
Number of updated asset objects reloaded before import = 0
Number of asset objects unloaded after import = 8
========================================================================
Received Import Request.
  Time since last request: 0.000017 seconds.
  path: Assets/ModernSupermarket/Prefabs/Props/Products/Pasta_g87jtq.prefab
  artifactKey: Guid(e873c551b173cc74ca58985ac9b506c5) Importer(2089858483,0ecaa5967403d082aa24f35e1b516d23)
Start importing Assets/ModernSupermarket/Prefabs/Props/Products/Pasta_g87jtq.prefab using Guid(e873c551b173cc74ca58985ac9b506c5) Importer(2089858483,0ecaa5967403d082aa24f35e1b516d23) [PhysX] Initialized MultithreadedTaskDispatcher with 16 workers.
 -> (artifact id: '08c439ad768fdc1fe209064acef9b5b3') in 0.009085 seconds
Number of updated asset objects reloaded before import = 0
Number of asset objects unloaded after import = 8
========================================================================
Received Import Request.
  Time since last request: 0.000018 seconds.
  path: Assets/ModernSupermarket/Prefabs/Props/Products/Shampoo_vimakk.prefab
  artifactKey: Guid(c35f656580b483644a2227cac1c4505e) Importer(2089858483,0ecaa5967403d082aa24f35e1b516d23)
Start importing Assets/ModernSupermarket/Prefabs/Props/Products/Shampoo_vimakk.prefab using Guid(c35f656580b483644a2227cac1c4505e) Importer(2089858483,0ecaa5967403d082aa24f35e1b516d23) [PhysX] Initialized MultithreadedTaskDispatcher with 16 workers.
 -> (artifact id: '803842d3840bb210a5fd1341bdfb9330') in 0.021407 seconds
Number of updated asset objects reloaded before import = 0
Number of asset objects unloaded after import = 8
========================================================================
Received Import Request.
  Time since last request: 0.000017 seconds.
  path: Assets/ModernSupermarket/Prefabs/Props/Products/Soap_eegrv7_Pack01_Var01.prefab
  artifactKey: Guid(9f53b5ef2887e8d4d957972b5e0f97e5) Importer(2089858483,0ecaa5967403d082aa24f35e1b516d23)
Start importing Assets/ModernSupermarket/Prefabs/Props/Products/Soap_eegrv7_Pack01_Var01.prefab using Guid(9f53b5ef2887e8d4d957972b5e0f97e5) Importer(2089858483,0ecaa5967403d082aa24f35e1b516d23) [PhysX] Initialized MultithreadedTaskDispatcher with 16 workers.
 -> (artifact id: '7c889229671a6cd86175ec8416b55082') in 0.011214 seconds
Number of updated asset objects reloaded before import = 0
Number of asset objects unloaded after import = 15
========================================================================
Received Import Request.
  Time since last request: 0.000023 seconds.
  path: Assets/ModernSupermarket/Prefabs/Props/Products/Sugar_prsmvy.prefab
  artifactKey: Guid(b9ea5c95e24a94142a2983b811b920f8) Importer(2089858483,0ecaa5967403d082aa24f35e1b516d23)
Start importing Assets/ModernSupermarket/Prefabs/Props/Products/Sugar_prsmvy.prefab using Guid(b9ea5c95e24a94142a2983b811b920f8) Importer(2089858483,0ecaa5967403d082aa24f35e1b516d23) [PhysX] Initialized MultithreadedTaskDispatcher with 16 workers.
 -> (artifact id: '0426cad86fd189ad85c3b104ca98e6c6') in 0.017501 seconds
Number of updated asset objects reloaded before import = 0
Number of asset objects unloaded after import = 8
========================================================================
Received Import Request.
  Time since last request: 0.000021 seconds.
  path: Assets/ModernSupermarket/Prefabs/Props/Products/Vase_enq19o_01.prefab
  artifactKey: Guid(4b95bd7c96f347840a8dba6f695b033b) Importer(2089858483,0ecaa5967403d082aa24f35e1b516d23)
Start importing Assets/ModernSupermarket/Prefabs/Props/Products/Vase_enq19o_01.prefab using Guid(4b95bd7c96f347840a8dba6f695b033b) Importer(2089858483,0ecaa5967403d082aa24f35e1b516d23) [PhysX] Initialized MultithreadedTaskDispatcher with 16 workers.
 -> (artifact id: '5e18e3e7f38b729677b7dbaa0b518c4e') in 0.016363 seconds
Number of updated asset objects reloaded before import = 0
Number of asset objects unloaded after import = 8
========================================================================
Received Import Request.
  Time since last request: 0.000021 seconds.
  path: Assets/ModernSupermarket/Prefabs/Props/Products/FrozenBox_vhvpd4_Pack01.prefab
  artifactKey: Guid(8f088eb85b3bc5a40b7e9081c8faf083) Importer(2089858483,0ecaa5967403d082aa24f35e1b516d23)
Start importing Assets/ModernSupermarket/Prefabs/Props/Products/FrozenBox_vhvpd4_Pack01.prefab using Guid(8f088eb85b3bc5a40b7e9081c8faf083) Importer(2089858483,0ecaa5967403d082aa24f35e1b516d23) [PhysX] Initialized MultithreadedTaskDispatcher with 16 workers.
 -> (artifact id: '52baf1a357e7ba6ebe1e8d78fcd9fe47') in 0.011340 seconds
Number of updated asset objects reloaded before import = 0
Number of asset objects unloaded after import = 8
========================================================================
Received Import Request.
  Time since last request: 0.000032 seconds.
  path: Assets/ModernSupermarket/Prefabs/Props/Products/Vase_0p0iky_02_Var01.prefab
  artifactKey: Guid(1acbe60780f88144fa54937335b10704) Importer(2089858483,0ecaa5967403d082aa24f35e1b516d23)
Start importing Assets/ModernSupermarket/Prefabs/Props/Products/Vase_0p0iky_02_Var01.prefab using Guid(1acbe60780f88144fa54937335b10704) Importer(2089858483,0ecaa5967403d082aa24f35e1b516d23) [PhysX] Initialized MultithreadedTaskDispatcher with 16 workers.
 -> (artifact id: '0c44285beb69490beb830d0445884ae1') in 0.020140 seconds
Number of updated asset objects reloaded before import = 0
Number of asset objects unloaded after import = 16
========================================================================
Received Import Request.
  Time since last request: 0.000018 seconds.
  path: Assets/ModernSupermarket/Prefabs/Props/Products/JuiceBrick_6ljfy3_Pack01.prefab
  artifactKey: Guid(2e7084b87f7cbff45847c29a6e5ebacd) Importer(2089858483,0ecaa5967403d082aa24f35e1b516d23)
Start importing Assets/ModernSupermarket/Prefabs/Props/Products/JuiceBrick_6ljfy3_Pack01.prefab using Guid(2e7084b87f7cbff45847c29a6e5ebacd) Importer(2089858483,0ecaa5967403d082aa24f35e1b516d23) [PhysX] Initialized MultithreadedTaskDispatcher with 16 workers.
 -> (artifact id: 'fba52057222e639441dc474f1988d59e') in 0.011433 seconds
Number of updated asset objects reloaded before import = 0
Number of asset objects unloaded after import = 8
========================================================================
Received Import Request.
  Time since last request: 0.000017 seconds.
  path: Assets/ModernSupermarket/Prefabs/Props/Products/ToiletPaper_tunz3i_Var01.prefab
  artifactKey: Guid(eb5b5c6a41c4d1d44b55dd62de4e05a2) Importer(2089858483,0ecaa5967403d082aa24f35e1b516d23)
Start importing Assets/ModernSupermarket/Prefabs/Props/Products/ToiletPaper_tunz3i_Var01.prefab using Guid(eb5b5c6a41c4d1d44b55dd62de4e05a2) Importer(2089858483,0ecaa5967403d082aa24f35e1b516d23) [PhysX] Initialized MultithreadedTaskDispatcher with 16 workers.
 -> (artifact id: '75934e7c3bc5f674443f59d4637dce21') in 0.011176 seconds
Number of updated asset objects reloaded before import = 0
Number of asset objects unloaded after import = 15
========================================================================
Received Import Request.
  Time since last request: 0.000020 seconds.
  path: Assets/ModernSupermarket/Prefabs/Props/Products/FrozenPack_t7wenh_Pack01_Var04.prefab
  artifactKey: Guid(2d2b86b085c47144e888fedbe7142f35) Importer(2089858483,0ecaa5967403d082aa24f35e1b516d23)
Start importing Assets/ModernSupermarket/Prefabs/Props/Products/FrozenPack_t7wenh_Pack01_Var04.prefab using Guid(2d2b86b085c47144e888fedbe7142f35) Importer(2089858483,0ecaa5967403d082aa24f35e1b516d23) [PhysX] Initialized MultithreadedTaskDispatcher with 16 workers.
 -> (artifact id: '1136395b0808928952f35b86aa6372de') in 0.011830 seconds
Number of updated asset objects reloaded before import = 0
Number of asset objects unloaded after import = 15
========================================================================
Received Import Request.
  Time since last request: 0.000019 seconds.
  path: Assets/ModernSupermarket/Prefabs/Props/Products/MeatTray_fbw8xf.prefab
  artifactKey: Guid(070b6ec138857d74299ee0e067484135) Importer(2089858483,0ecaa5967403d082aa24f35e1b516d23)
Start importing Assets/ModernSupermarket/Prefabs/Props/Products/MeatTray_fbw8xf.prefab using Guid(070b6ec138857d74299ee0e067484135) Importer(2089858483,0ecaa5967403d082aa24f35e1b516d23) [PhysX] Initialized MultithreadedTaskDispatcher with 16 workers.
 -> (artifact id: '432ad6f47c1549278d59119ff873efbd') in 0.017634 seconds
Number of updated asset objects reloaded before import = 0
Number of asset objects unloaded after import = 8
========================================================================
Received Import Request.
  Time since last request: 0.000024 seconds.
  path: Assets/ModernSupermarket/Prefabs/Props/Products/Pizza_ehb1pe_Pack02.prefab
  artifactKey: Guid(67d671ef194cb244295b37041199f57d) Importer(2089858483,0ecaa5967403d082aa24f35e1b516d23)
Start importing Assets/ModernSupermarket/Prefabs/Props/Products/Pizza_ehb1pe_Pack02.prefab using Guid(67d671ef194cb244295b37041199f57d) Importer(2089858483,0ecaa5967403d082aa24f35e1b516d23) [PhysX] Initialized MultithreadedTaskDispatcher with 16 workers.
 -> (artifact id: '1576b4080c29c913609564a0dda54c1c') in 0.010801 seconds
Number of updated asset objects reloaded before import = 0
Number of asset objects unloaded after import = 8
========================================================================
Received Import Request.
  Time since last request: 0.000019 seconds.
  path: Assets/ModernSupermarket/Prefabs/Props/Products/ToiletPaper_tunz3i_Pack02.prefab
  artifactKey: Guid(1a2ba8f338e28994fb26b447e4a5568b) Importer(2089858483,0ecaa5967403d082aa24f35e1b516d23)
Start importing Assets/ModernSupermarket/Prefabs/Props/Products/ToiletPaper_tunz3i_Pack02.prefab using Guid(1a2ba8f338e28994fb26b447e4a5568b) Importer(2089858483,0ecaa5967403d082aa24f35e1b516d23) [PhysX] Initialized MultithreadedTaskDispatcher with 16 workers.
 -> (artifact id: 'cc9adc9b13adf4305068ceeff3df819a') in 0.012165 seconds
Number of updated asset objects reloaded before import = 0
Number of asset objects unloaded after import = 8
========================================================================
Received Import Request.
  Time since last request: 0.000020 seconds.
  path: Assets/ModernSupermarket/Prefabs/Props/Products/Toothpaste_duqkf2.prefab
  artifactKey: Guid(04711a67d674b624fb80daac94d6d4be) Importer(2089858483,0ecaa5967403d082aa24f35e1b516d23)
Start importing Assets/ModernSupermarket/Prefabs/Props/Products/Toothpaste_duqkf2.prefab using Guid(04711a67d674b624fb80daac94d6d4be) Importer(2089858483,0ecaa5967403d082aa24f35e1b516d23) [PhysX] Initialized MultithreadedTaskDispatcher with 16 workers.
 -> (artifact id: '3a7679413de2727e5487edd4cb696484') in 0.019486 seconds
Number of updated asset objects reloaded before import = 0
Number of asset objects unloaded after import = 8
========================================================================
Received Import Request.
  Time since last request: 0.000023 seconds.
  path: Assets/ModernSupermarket/Prefabs/Props/Products/Pasta_9duit2.prefab
  artifactKey: Guid(2ffb446c5e43dd447af0a240ccb79385) Importer(2089858483,0ecaa5967403d082aa24f35e1b516d23)
Start importing Assets/ModernSupermarket/Prefabs/Props/Products/Pasta_9duit2.prefab using Guid(2ffb446c5e43dd447af0a240ccb79385) Importer(2089858483,0ecaa5967403d082aa24f35e1b516d23) [PhysX] Initialized MultithreadedTaskDispatcher with 16 workers.
 -> (artifact id: 'b1e8446471ceb69da68e9b864b66e602') in 0.017662 seconds
Number of updated asset objects reloaded before import = 0
Number of asset objects unloaded after import = 8
========================================================================
Received Import Request.
  Time since last request: 0.000024 seconds.
  path: Assets/ModernSupermarket/Prefabs/Props/Products/Laundry_mm7gx5_Var02.prefab
  artifactKey: Guid(67f6b708f4253704ab6e2149f61cb150) Importer(2089858483,0ecaa5967403d082aa24f35e1b516d23)
Start importing Assets/ModernSupermarket/Prefabs/Props/Products/Laundry_mm7gx5_Var02.prefab using Guid(67f6b708f4253704ab6e2149f61cb150) Importer(2089858483,0ecaa5967403d082aa24f35e1b516d23) [PhysX] Initialized MultithreadedTaskDispatcher with 16 workers.
 -> (artifact id: '01665f3bebaf1e4f8282676013158558') in 0.024018 seconds
Number of updated asset objects reloaded before import = 0
Number of asset objects unloaded after import = 15
========================================================================
Received Import Request.
  Time since last request: 0.000017 seconds.
  path: Assets/ModernSupermarket/Prefabs/Props/Products/FrozenPack_t7wenh_Pack01.prefab
  artifactKey: Guid(f1fecc3e9f27f9f468dfd5c9ce6030bf) Importer(2089858483,0ecaa5967403d082aa24f35e1b516d23)
Start importing Assets/ModernSupermarket/Prefabs/Props/Products/FrozenPack_t7wenh_Pack01.prefab using Guid(f1fecc3e9f27f9f468dfd5c9ce6030bf) Importer(2089858483,0ecaa5967403d082aa24f35e1b516d23) [PhysX] Initialized MultithreadedTaskDispatcher with 16 workers.
 -> (artifact id: 'c12b56a1220f29e2ef4b3b6fe49ebcdd') in 0.011999 seconds
Number of updated asset objects reloaded before import = 0
Number of asset objects unloaded after import = 8
========================================================================
Received Import Request.
  Time since last request: 0.000025 seconds.
  path: Assets/ModernSupermarket/Prefabs/Props/Products/Laundry_mm7gx5.prefab
  artifactKey: Guid(8d05524d6be5e4c4c8e25f5a2bcb7172) Importer(2089858483,0ecaa5967403d082aa24f35e1b516d23)
Start importing Assets/ModernSupermarket/Prefabs/Props/Products/Laundry_mm7gx5.prefab using Guid(8d05524d6be5e4c4c8e25f5a2bcb7172) Importer(2089858483,0ecaa5967403d082aa24f35e1b516d23) [PhysX] Initialized MultithreadedTaskDispatcher with 16 workers.
 -> (artifact id: '486bc3bf218bdaad53e4b2c2c6cf2f71') in 0.011227 seconds
Number of updated asset objects reloaded before import = 0
Number of asset objects unloaded after import = 8
========================================================================
Received Import Request.
  Time since last request: 0.000022 seconds.
  path: Assets/ModernSupermarket/Prefabs/Props/Products/Shampoo_u15m67_Pack01_Var03.prefab
  artifactKey: Guid(50c6c36d0f574234299dca24bdb7c6d3) Importer(2089858483,0ecaa5967403d082aa24f35e1b516d23)
Start importing Assets/ModernSupermarket/Prefabs/Props/Products/Shampoo_u15m67_Pack01_Var03.prefab using Guid(50c6c36d0f574234299dca24bdb7c6d3) Importer(2089858483,0ecaa5967403d082aa24f35e1b516d23) [PhysX] Initialized MultithreadedTaskDispatcher with 16 workers.
 -> (artifact id: 'ba7970019bb305bf2a15bd20e852cc57') in 0.014780 seconds
Number of updated asset objects reloaded before import = 0
Number of asset objects unloaded after import = 15
========================================================================
Received Import Request.
  Time since last request: 0.000022 seconds.
  path: Assets/ModernSupermarket/Prefabs/Props/Products/Soda_d7rdw9_Pack02_Var01.prefab
  artifactKey: Guid(60e891492f25992429dc0c779ed7ef67) Importer(2089858483,0ecaa5967403d082aa24f35e1b516d23)
Start importing Assets/ModernSupermarket/Prefabs/Props/Products/Soda_d7rdw9_Pack02_Var01.prefab using Guid(60e891492f25992429dc0c779ed7ef67) Importer(2089858483,0ecaa5967403d082aa24f35e1b516d23) [PhysX] Initialized MultithreadedTaskDispatcher with 16 workers.
 -> (artifact id: '6d44fd8e14312b0b2b4e1b2146802de6') in 0.026932 seconds
Number of updated asset objects reloaded before import = 0
Number of asset objects unloaded after import = 16
========================================================================
Received Import Request.
  Time since last request: 0.000021 seconds.
  path: Assets/ModernSupermarket/Prefabs/Props/Products/Vase_enq19o_03.prefab
  artifactKey: Guid(c846c643e91ceb745a05176026a67fa1) Importer(2089858483,0ecaa5967403d082aa24f35e1b516d23)
Start importing Assets/ModernSupermarket/Prefabs/Props/Products/Vase_enq19o_03.prefab using Guid(c846c643e91ceb745a05176026a67fa1) Importer(2089858483,0ecaa5967403d082aa24f35e1b516d23) [PhysX] Initialized MultithreadedTaskDispatcher with 16 workers.
 -> (artifact id: 'f126d09448b393e78bc198d88ce57ea4') in 0.011478 seconds
Number of updated asset objects reloaded before import = 0
Number of asset objects unloaded after import = 8
========================================================================
Received Import Request.
  Time since last request: 0.000040 seconds.
  path: Assets/ModernSupermarket/Prefabs/Props/Products/Sugar_ffc568_Var02.prefab
  artifactKey: Guid(c6cd619830a4cff428318660958476e2) Importer(2089858483,0ecaa5967403d082aa24f35e1b516d23)
Start importing Assets/ModernSupermarket/Prefabs/Props/Products/Sugar_ffc568_Var02.prefab using Guid(c6cd619830a4cff428318660958476e2) Importer(2089858483,0ecaa5967403d082aa24f35e1b516d23) [PhysX] Initialized MultithreadedTaskDispatcher with 16 workers.
 -> (artifact id: '7829e8e79b43a6dba0955b9284b28c3f') in 0.015249 seconds
Number of updated asset objects reloaded before import = 0
Number of asset objects unloaded after import = 15
========================================================================
Received Import Request.
  Time since last request: 0.000019 seconds.
  path: Assets/ModernSupermarket/Prefabs/Props/Products/FlourPack_ckgfmu_Var02.prefab
  artifactKey: Guid(e5d09de59e2fece48919bc8f72b246c0) Importer(2089858483,0ecaa5967403d082aa24f35e1b516d23)
Start importing Assets/ModernSupermarket/Prefabs/Props/Products/FlourPack_ckgfmu_Var02.prefab using Guid(e5d09de59e2fece48919bc8f72b246c0) Importer(2089858483,0ecaa5967403d082aa24f35e1b516d23) [PhysX] Initialized MultithreadedTaskDispatcher with 16 workers.
 -> (artifact id: 'e166ead2729875e13d8d9407bf490018') in 0.022206 seconds
Number of updated asset objects reloaded before import = 0
Number of asset objects unloaded after import = 23
========================================================================
Received Import Request.
  Time since last request: 0.000020 seconds.
  path: Assets/ModernSupermarket/Prefabs/Props/Products/MashPotatoe_3n44xc_Pack01.prefab
  artifactKey: Guid(632862b46c7ba544f80e54da2351d9f2) Importer(2089858483,0ecaa5967403d082aa24f35e1b516d23)
Start importing Assets/ModernSupermarket/Prefabs/Props/Products/MashPotatoe_3n44xc_Pack01.prefab using Guid(632862b46c7ba544f80e54da2351d9f2) Importer(2089858483,0ecaa5967403d082aa24f35e1b516d23) [PhysX] Initialized MultithreadedTaskDispatcher with 16 workers.
 -> (artifact id: '71b354bedcd664258532bb094da51abd') in 0.012584 seconds
Number of updated asset objects reloaded before import = 0
Number of asset objects unloaded after import = 8
========================================================================
Received Import Request.
  Time since last request: 0.000018 seconds.
  path: Assets/ModernSupermarket/Prefabs/Props/Products/Sugar_o0f6pn_Var01.prefab
  artifactKey: Guid(2ee8c7a5c5e82de48b195b0d5cc8b22d) Importer(2089858483,0ecaa5967403d082aa24f35e1b516d23)
Start importing Assets/ModernSupermarket/Prefabs/Props/Products/Sugar_o0f6pn_Var01.prefab using Guid(2ee8c7a5c5e82de48b195b0d5cc8b22d) Importer(2089858483,0ecaa5967403d082aa24f35e1b516d23) [PhysX] Initialized MultithreadedTaskDispatcher with 16 workers.
 -> (artifact id: 'a85c35be5898f9dcc6d88ffb2125cd3b') in 0.016060 seconds
Number of updated asset objects reloaded before import = 0
Number of asset objects unloaded after import = 15
========================================================================
Received Import Request.
  Time since last request: 0.000018 seconds.
  path: Assets/ModernSupermarket/Prefabs/Props/Products/Sugar_prsmvy_Pack01.prefab
  artifactKey: Guid(6f0f925fece957e4e8e7d97b2963c343) Importer(2089858483,0ecaa5967403d082aa24f35e1b516d23)
Start importing Assets/ModernSupermarket/Prefabs/Props/Products/Sugar_prsmvy_Pack01.prefab using Guid(6f0f925fece957e4e8e7d97b2963c343) Importer(2089858483,0ecaa5967403d082aa24f35e1b516d23) [PhysX] Initialized MultithreadedTaskDispatcher with 16 workers.
 -> (artifact id: 'ccb6e1a5ccefe75311a645ae65ff2499') in 0.010825 seconds
Number of updated asset objects reloaded before import = 0
Number of asset objects unloaded after import = 8
========================================================================
Received Import Request.
  Time since last request: 0.000019 seconds.
  path: Assets/ModernSupermarket/Prefabs/Props/Products/PetFood_2ujlf0_Pack01.prefab
  artifactKey: Guid(9530b727ff97a44498a8685a42f5746f) Importer(2089858483,0ecaa5967403d082aa24f35e1b516d23)
Start importing Assets/ModernSupermarket/Prefabs/Props/Products/PetFood_2ujlf0_Pack01.prefab using Guid(9530b727ff97a44498a8685a42f5746f) Importer(2089858483,0ecaa5967403d082aa24f35e1b516d23) [PhysX] Initialized MultithreadedTaskDispatcher with 16 workers.
 -> (artifact id: 'b356069841719fe3bac18f351266adc1') in 0.011245 seconds
Number of updated asset objects reloaded before import = 0
Number of asset objects unloaded after import = 8
========================================================================
Received Import Request.
  Time since last request: 0.000027 seconds.
  path: Assets/ModernSupermarket/Prefabs/Props/Products/FrozenPack_xp713y_Var01.prefab
  artifactKey: Guid(748655338a4694941ab566f9a5b34ae1) Importer(2089858483,0ecaa5967403d082aa24f35e1b516d23)
Start importing Assets/ModernSupermarket/Prefabs/Props/Products/FrozenPack_xp713y_Var01.prefab using Guid(748655338a4694941ab566f9a5b34ae1) Importer(2089858483,0ecaa5967403d082aa24f35e1b516d23) [PhysX] Initialized MultithreadedTaskDispatcher with 16 workers.
 -> (artifact id: '01f7afcdc44dd5c03b4ccc3d72d38d56') in 0.015147 seconds
Number of updated asset objects reloaded before import = 0
Number of asset objects unloaded after import = 15
========================================================================
Received Import Request.
  Time since last request: 0.000018 seconds.
  path: Assets/ModernSupermarket/Prefabs/Props/Products/Teabox_l5w9ll.prefab
  artifactKey: Guid(10234af7a554e7d4a9d359ca2519eb85) Importer(2089858483,0ecaa5967403d082aa24f35e1b516d23)
Start importing Assets/ModernSupermarket/Prefabs/Props/Products/Teabox_l5w9ll.prefab using Guid(10234af7a554e7d4a9d359ca2519eb85) Importer(2089858483,0ecaa5967403d082aa24f35e1b516d23) [PhysX] Initialized MultithreadedTaskDispatcher with 16 workers.
 -> (artifact id: 'c333f113549d48935f05f4d0c3139f7d') in 0.011235 seconds
Number of updated asset objects reloaded before import = 0
Number of asset objects unloaded after import = 8
========================================================================
Received Import Request.
  Time since last request: 0.000018 seconds.
  path: Assets/ModernSupermarket/Prefabs/Props/Products/Teabox_fhe54d.prefab
  artifactKey: Guid(54deff073cbd82042af0edb1fe5e7c57) Importer(2089858483,0ecaa5967403d082aa24f35e1b516d23)
Start importing Assets/ModernSupermarket/Prefabs/Props/Products/Teabox_fhe54d.prefab using Guid(54deff073cbd82042af0edb1fe5e7c57) Importer(2089858483,0ecaa5967403d082aa24f35e1b516d23) [PhysX] Initialized MultithreadedTaskDispatcher with 16 workers.
 -> (artifact id: 'c6d8707d263d6e92cb1a4ec37329643b') in 0.018228 seconds
Number of updated asset objects reloaded before import = 0
Number of asset objects unloaded after import = 8
========================================================================
Received Import Request.
  Time since last request: 0.000022 seconds.
  path: Assets/ModernSupermarket/Prefabs/Props/Products/TinCan_60afsy_02_Var01.prefab
  artifactKey: Guid(480ac4db1301e3046b3fcd90828a33a9) Importer(2089858483,0ecaa5967403d082aa24f35e1b516d23)
Start importing Assets/ModernSupermarket/Prefabs/Props/Products/TinCan_60afsy_02_Var01.prefab using Guid(480ac4db1301e3046b3fcd90828a33a9) Importer(2089858483,0ecaa5967403d082aa24f35e1b516d23) [PhysX] Initialized MultithreadedTaskDispatcher with 16 workers.
 -> (artifact id: 'e9a7c797674ffe35d797f8062b15a91c') in 0.015759 seconds
Number of updated asset objects reloaded before import = 0
Number of asset objects unloaded after import = 15
========================================================================
Received Import Request.
  Time since last request: 0.000018 seconds.
  path: Assets/ModernSupermarket/Prefabs/Props/Products/Shampoo_lvhjkn_Pack01_Var01.prefab
  artifactKey: Guid(3d347801d6b57b742a1c7e3b1bb9e877) Importer(2089858483,0ecaa5967403d082aa24f35e1b516d23)
Start importing Assets/ModernSupermarket/Prefabs/Props/Products/Shampoo_lvhjkn_Pack01_Var01.prefab using Guid(3d347801d6b57b742a1c7e3b1bb9e877) Importer(2089858483,0ecaa5967403d082aa24f35e1b516d23) [PhysX] Initialized MultithreadedTaskDispatcher with 16 workers.
 -> (artifact id: '690c539d85fa5f2098b4bc08af0290ee') in 0.016510 seconds
Number of updated asset objects reloaded before import = 0
Number of asset objects unloaded after import = 15
========================================================================
Received Import Request.
  Time since last request: 0.000019 seconds.
  path: Assets/ModernSupermarket/Prefabs/Props/Products/TinCan_60afsy_01.prefab
  artifactKey: Guid(c79380fa6bd100440b9de57703bcf9cd) Importer(2089858483,0ecaa5967403d082aa24f35e1b516d23)
Start importing Assets/ModernSupermarket/Prefabs/Props/Products/TinCan_60afsy_01.prefab using Guid(c79380fa6bd100440b9de57703bcf9cd) Importer(2089858483,0ecaa5967403d082aa24f35e1b516d23) [PhysX] Initialized MultithreadedTaskDispatcher with 16 workers.
 -> (artifact id: 'c2dd6c59da31f4411bd05b3b34b9312b') in 0.011913 seconds
Number of updated asset objects reloaded before import = 0
Number of asset objects unloaded after import = 8
========================================================================
Received Import Request.
  Time since last request: 0.000021 seconds.
  path: Assets/ModernSupermarket/Prefabs/Props/Products/TinCan_60afsy_03.prefab
  artifactKey: Guid(8abcb9608925b4b45adc69fe9cb9ec80) Importer(2089858483,0ecaa5967403d082aa24f35e1b516d23)
Start importing Assets/ModernSupermarket/Prefabs/Props/Products/TinCan_60afsy_03.prefab using Guid(8abcb9608925b4b45adc69fe9cb9ec80) Importer(2089858483,0ecaa5967403d082aa24f35e1b516d23) [PhysX] Initialized MultithreadedTaskDispatcher with 16 workers.
 -> (artifact id: '8a5a8be23430b9862529f1c667217cdf') in 0.011344 seconds
Number of updated asset objects reloaded before import = 0
Number of asset objects unloaded after import = 8
========================================================================
Received Import Request.
  Time since last request: 0.000018 seconds.
  path: Assets/ModernSupermarket/Prefabs/Props/Products/Shampoo_lvhjkn_Var02.prefab
  artifactKey: Guid(412529a781f99a34ba02c5f0a6b4b924) Importer(2089858483,0ecaa5967403d082aa24f35e1b516d23)
Start importing Assets/ModernSupermarket/Prefabs/Props/Products/Shampoo_lvhjkn_Var02.prefab using Guid(412529a781f99a34ba02c5f0a6b4b924) Importer(2089858483,0ecaa5967403d082aa24f35e1b516d23) [PhysX] Initialized MultithreadedTaskDispatcher with 16 workers.
 -> (artifact id: '566e48f73b22ff4c4a295e3b999a4ddb') in 0.016963 seconds
Number of updated asset objects reloaded before import = 0
Number of asset objects unloaded after import = 15
========================================================================
Received Import Request.
  Time since last request: 0.000030 seconds.
  path: Assets/ModernSupermarket/Prefabs/Props/Products/MilkBrick_e8foxc.prefab
  artifactKey: Guid(218cb19dc624df14f9c00a35de59262c) Importer(2089858483,0ecaa5967403d082aa24f35e1b516d23)
Start importing Assets/ModernSupermarket/Prefabs/Props/Products/MilkBrick_e8foxc.prefab using Guid(218cb19dc624df14f9c00a35de59262c) Importer(2089858483,0ecaa5967403d082aa24f35e1b516d23) [PhysX] Initialized MultithreadedTaskDispatcher with 16 workers.
 -> (artifact id: '7734c6209cf38c92aea5e0b07fd7ba2d') in 0.017273 seconds
Number of updated asset objects reloaded before import = 0
Number of asset objects unloaded after import = 8
========================================================================
Received Import Request.
  Time since last request: 0.000027 seconds.
  path: Assets/ModernSupermarket/Prefabs/Props/Products/FrozenPack_t7wenh_Var05.prefab
  artifactKey: Guid(6caf6192057592642886613d27f99e98) Importer(2089858483,0ecaa5967403d082aa24f35e1b516d23)
Start importing Assets/ModernSupermarket/Prefabs/Props/Products/FrozenPack_t7wenh_Var05.prefab using Guid(6caf6192057592642886613d27f99e98) Importer(2089858483,0ecaa5967403d082aa24f35e1b516d23) [PhysX] Initialized MultithreadedTaskDispatcher with 16 workers.
 -> (artifact id: 'f271c2bee0082cc1316b1d7d53fdeb5b') in 0.015747 seconds
Number of updated asset objects reloaded before import = 0
Number of asset objects unloaded after import = 15
========================================================================
Received Import Request.
  Time since last request: 0.000017 seconds.
  path: Assets/ModernSupermarket/Prefabs/Props/Products/FrozenPack_t7wenh_Pack01_Var01.prefab
  artifactKey: Guid(d2724a8fbe9b3ba4db5fa2f01b6d37aa) Importer(2089858483,0ecaa5967403d082aa24f35e1b516d23)
Start importing Assets/ModernSupermarket/Prefabs/Props/Products/FrozenPack_t7wenh_Pack01_Var01.prefab using Guid(d2724a8fbe9b3ba4db5fa2f01b6d37aa) Importer(2089858483,0ecaa5967403d082aa24f35e1b516d23) [PhysX] Initialized MultithreadedTaskDispatcher with 16 workers.
 -> (artifact id: '265179be18ab415a445d88deeb3f0c63') in 0.012123 seconds
Number of updated asset objects reloaded before import = 0
Number of asset objects unloaded after import = 15
========================================================================
Received Import Request.
  Time since last request: 0.000017 seconds.
  path: Assets/ModernSupermarket/Prefabs/Props/Products/Frozen_vhvpd4.prefab
  artifactKey: Guid(2003d1c96c98c1248b1016bdea165bb9) Importer(2089858483,0ecaa5967403d082aa24f35e1b516d23)
Start importing Assets/ModernSupermarket/Prefabs/Props/Products/Frozen_vhvpd4.prefab using Guid(2003d1c96c98c1248b1016bdea165bb9) Importer(2089858483,0ecaa5967403d082aa24f35e1b516d23) [PhysX] Initialized MultithreadedTaskDispatcher with 16 workers.
 -> (artifact id: '52a127ef8194268d754b30483555b3b5') in 0.026735 seconds
Number of updated asset objects reloaded before import = 0
Number of asset objects unloaded after import = 8
========================================================================
Received Import Request.
  Time since last request: 0.000026 seconds.
  path: Assets/ModernSupermarket/Prefabs/Props/Products/EggBox4x_nbzek2.prefab
  artifactKey: Guid(88c4e3a2157af504ba53474c0c432e1d) Importer(2089858483,0ecaa5967403d082aa24f35e1b516d23)
Start importing Assets/ModernSupermarket/Prefabs/Props/Products/EggBox4x_nbzek2.prefab using Guid(88c4e3a2157af504ba53474c0c432e1d) Importer(2089858483,0ecaa5967403d082aa24f35e1b516d23) [PhysX] Initialized MultithreadedTaskDispatcher with 16 workers.
 -> (artifact id: '068e3aeab4c65b359b73c25072d5f0bd') in 0.026701 seconds
Number of updated asset objects reloaded before import = 0
Number of asset objects unloaded after import = 8
========================================================================
Received Import Request.
  Time since last request: 0.000021 seconds.
  path: Assets/ModernSupermarket/Prefabs/Props/Products/TinCan_60afsy_Pack01.prefab
  artifactKey: Guid(265ca1fb21f0ae744a2ecd6b9b6c674e) Importer(2089858483,0ecaa5967403d082aa24f35e1b516d23)
Start importing Assets/ModernSupermarket/Prefabs/Props/Products/TinCan_60afsy_Pack01.prefab using Guid(265ca1fb21f0ae744a2ecd6b9b6c674e) Importer(2089858483,0ecaa5967403d082aa24f35e1b516d23) [PhysX] Initialized MultithreadedTaskDispatcher with 16 workers.
 -> (artifact id: '0fbf0f554da61b3fdd0277fa96f71021') in 0.010919 seconds
Number of updated asset objects reloaded before import = 0
Number of asset objects unloaded after import = 8
========================================================================
Received Import Request.
  Time since last request: 0.000022 seconds.
  path: Assets/ModernSupermarket/Prefabs/Props/Products/Shampoo_u15m67_Pack01_Var02.prefab
  artifactKey: Guid(6073fd63f410cb74eb4353563c318c51) Importer(2089858483,0ecaa5967403d082aa24f35e1b516d23)
Start importing Assets/ModernSupermarket/Prefabs/Props/Products/Shampoo_u15m67_Pack01_Var02.prefab using Guid(6073fd63f410cb74eb4353563c318c51) Importer(2089858483,0ecaa5967403d082aa24f35e1b516d23) [PhysX] Initialized MultithreadedTaskDispatcher with 16 workers.
 -> (artifact id: '6d814c7cd77d10c1eeae19410e9e3039') in 0.016075 seconds
Number of updated asset objects reloaded before import = 0
Number of asset objects unloaded after import = 15
========================================================================
Received Import Request.
  Time since last request: 0.000020 seconds.
  path: Assets/ModernSupermarket/Prefabs/Props/Products/PaperTowel_b8o0yi_Pack01.prefab
  artifactKey: Guid(96142c56dfeff2b42a1ddaa03836a8a9) Importer(2089858483,0ecaa5967403d082aa24f35e1b516d23)
Start importing Assets/ModernSupermarket/Prefabs/Props/Products/PaperTowel_b8o0yi_Pack01.prefab using Guid(96142c56dfeff2b42a1ddaa03836a8a9) Importer(2089858483,0ecaa5967403d082aa24f35e1b516d23) [PhysX] Initialized MultithreadedTaskDispatcher with 16 workers.
 -> (artifact id: 'fad872c791842920ee76b9a2e95e3b99') in 0.018572 seconds
Number of updated asset objects reloaded before import = 0
Number of asset objects unloaded after import = 8
========================================================================
Received Import Request.
  Time since last request: 0.000018 seconds.
  path: Assets/ModernSupermarket/Prefabs/Props/Products/Ham_wplnxm_Pack02.prefab
  artifactKey: Guid(1f1562b2bd26f2643bddf9b1909df2bf) Importer(2089858483,0ecaa5967403d082aa24f35e1b516d23)
Start importing Assets/ModernSupermarket/Prefabs/Props/Products/Ham_wplnxm_Pack02.prefab using Guid(1f1562b2bd26f2643bddf9b1909df2bf) Importer(2089858483,0ecaa5967403d082aa24f35e1b516d23) [PhysX] Initialized MultithreadedTaskDispatcher with 16 workers.
 -> (artifact id: '07c6d200180793390ee3cbd01ad5067b') in 0.011543 seconds
Number of updated asset objects reloaded before import = 0
Number of asset objects unloaded after import = 8
========================================================================
Received Import Request.
  Time since last request: 0.000018 seconds.
  path: Assets/ModernSupermarket/Prefabs/Props/Products/Shampoo_u15m67_Var01.prefab
  artifactKey: Guid(d5aeb169a768aeb4b9bf948f51c0b957) Importer(2089858483,0ecaa5967403d082aa24f35e1b516d23)
Start importing Assets/ModernSupermarket/Prefabs/Props/Products/Shampoo_u15m67_Var01.prefab using Guid(d5aeb169a768aeb4b9bf948f51c0b957) Importer(2089858483,0ecaa5967403d082aa24f35e1b516d23) [PhysX] Initialized MultithreadedTaskDispatcher with 16 workers.
 -> (artifact id: '8934b9dbda5014171856f4df3c0cae05') in 0.015624 seconds
Number of updated asset objects reloaded before import = 0
Number of asset objects unloaded after import = 15
========================================================================
Received Import Request.
  Time since last request: 0.000020 seconds.
  path: Assets/ModernSupermarket/Prefabs/Props/Products/Shampoo_u15m67_Var05.prefab
  artifactKey: Guid(e76559c3416f7834b9742d3d2d6feb6c) Importer(2089858483,0ecaa5967403d082aa24f35e1b516d23)
Start importing Assets/ModernSupermarket/Prefabs/Props/Products/Shampoo_u15m67_Var05.prefab using Guid(e76559c3416f7834b9742d3d2d6feb6c) Importer(2089858483,0ecaa5967403d082aa24f35e1b516d23) [PhysX] Initialized MultithreadedTaskDispatcher with 16 workers.
 -> (artifact id: '51e23da817314f7afbf0081353595f4f') in 0.014437 seconds
Number of updated asset objects reloaded before import = 0
Number of asset objects unloaded after import = 15
========================================================================
Received Import Request.
  Time since last request: 0.000019 seconds.
  path: Assets/ModernSupermarket/Prefabs/Props/Products/FrozenPack_xp713y_Var05.prefab
  artifactKey: Guid(673c21daa72818b4dbd5d8c6371b5739) Importer(2089858483,0ecaa5967403d082aa24f35e1b516d23)
Start importing Assets/ModernSupermarket/Prefabs/Props/Products/FrozenPack_xp713y_Var05.prefab using Guid(673c21daa72818b4dbd5d8c6371b5739) Importer(2089858483,0ecaa5967403d082aa24f35e1b516d23) [PhysX] Initialized MultithreadedTaskDispatcher with 16 workers.
 -> (artifact id: 'a5f019be55381154d126e9193b571864') in 0.015799 seconds
Number of updated asset objects reloaded before import = 0
Number of asset objects unloaded after import = 15
========================================================================
Received Import Request.
  Time since last request: 0.000019 seconds.
  path: Assets/ModernSupermarket/Prefabs/Props/Products/RicePack_rewt3q_Var01.prefab
  artifactKey: Guid(30428d206ac30d7439f48b1b69b46585) Importer(2089858483,0ecaa5967403d082aa24f35e1b516d23)
Start importing Assets/ModernSupermarket/Prefabs/Props/Products/RicePack_rewt3q_Var01.prefab using Guid(30428d206ac30d7439f48b1b69b46585) Importer(2089858483,0ecaa5967403d082aa24f35e1b516d23) [PhysX] Initialized MultithreadedTaskDispatcher with 16 workers.
 -> (artifact id: 'ea4026cd6012fa6d69c022469d70dacc') in 0.014166 seconds
Number of updated asset objects reloaded before import = 0
Number of asset objects unloaded after import = 15
========================================================================
Received Import Request.
  Time since last request: 0.000022 seconds.
  path: Assets/ModernSupermarket/Prefabs/Props/Products/Teabox_fhe54d_Pack01.prefab
  artifactKey: Guid(e01966c487a932e429530c427ea446ed) Importer(2089858483,0ecaa5967403d082aa24f35e1b516d23)
Start importing Assets/ModernSupermarket/Prefabs/Props/Products/Teabox_fhe54d_Pack01.prefab using Guid(e01966c487a932e429530c427ea446ed) Importer(2089858483,0ecaa5967403d082aa24f35e1b516d23) [PhysX] Initialized MultithreadedTaskDispatcher with 16 workers.
 -> (artifact id: '97751ee05abe4a6058d82d3db31d6619') in 0.012188 seconds
Number of updated asset objects reloaded before import = 0
Number of asset objects unloaded after import = 8
========================================================================
Received Import Request.
  Time since last request: 0.000021 seconds.
  path: Assets/ModernSupermarket/Prefabs/Props/Products/TinCan_60afsy_Pack02.prefab
  artifactKey: Guid(bfe86a87f3fb74b4aa4d66196f14d182) Importer(2089858483,0ecaa5967403d082aa24f35e1b516d23)
Start importing Assets/ModernSupermarket/Prefabs/Props/Products/TinCan_60afsy_Pack02.prefab using Guid(bfe86a87f3fb74b4aa4d66196f14d182) Importer(2089858483,0ecaa5967403d082aa24f35e1b516d23) [PhysX] Initialized MultithreadedTaskDispatcher with 16 workers.
 -> (artifact id: '1fe270b87ad059710a8691dc0ad5144d') in 0.013376 seconds
Number of updated asset objects reloaded before import = 0
Number of asset objects unloaded after import = 8
========================================================================
Received Import Request.
  Time since last request: 0.000028 seconds.
  path: Assets/ModernSupermarket/Prefabs/Props/Products/EggBox4x_nbzek2_Pack01.prefab
  artifactKey: Guid(e7c3fcb07feaf3a4cb8285416100dc4e) Importer(2089858483,0ecaa5967403d082aa24f35e1b516d23)
Start importing Assets/ModernSupermarket/Prefabs/Props/Products/EggBox4x_nbzek2_Pack01.prefab using Guid(e7c3fcb07feaf3a4cb8285416100dc4e) Importer(2089858483,0ecaa5967403d082aa24f35e1b516d23) [PhysX] Initialized MultithreadedTaskDispatcher with 16 workers.
 -> (artifact id: 'f97cef8d6286734c27525e5355badc4d') in 0.011663 seconds
Number of updated asset objects reloaded before import = 0
Number of asset objects unloaded after import = 8
========================================================================
Received Import Request.
  Time since last request: 0.000016 seconds.
  path: Assets/ModernSupermarket/Prefabs/Props/Products/Vase_0p0iky_02_Var02.prefab
  artifactKey: Guid(ce5897a2f38d4744fba24f17c7347c18) Importer(2089858483,0ecaa5967403d082aa24f35e1b516d23)
Start importing Assets/ModernSupermarket/Prefabs/Props/Products/Vase_0p0iky_02_Var02.prefab using Guid(ce5897a2f38d4744fba24f17c7347c18) Importer(2089858483,0ecaa5967403d082aa24f35e1b516d23) [PhysX] Initialized MultithreadedTaskDispatcher with 16 workers.
 -> (artifact id: 'a18de296e35d55cbec2c9c6663f9172c') in 0.011758 seconds
Number of updated asset objects reloaded before import = 0
Number of asset objects unloaded after import = 16
========================================================================
Received Import Request.
  Time since last request: 0.000018 seconds.
  path: Assets/ModernSupermarket/Prefabs/Props/Products/Slate_t3iq3t.prefab
  artifactKey: Guid(5bad6b3c2fbb8aa4fbc51e2fa77d0dca) Importer(2089858483,0ecaa5967403d082aa24f35e1b516d23)
Start importing Assets/ModernSupermarket/Prefabs/Props/Products/Slate_t3iq3t.prefab using Guid(5bad6b3c2fbb8aa4fbc51e2fa77d0dca) Importer(2089858483,0ecaa5967403d082aa24f35e1b516d23) [PhysX] Initialized MultithreadedTaskDispatcher with 16 workers.
 -> (artifact id: 'c5dc807b49e296afc94395242d870201') in 0.010561 seconds
Number of updated asset objects reloaded before import = 0
Number of asset objects unloaded after import = 8
========================================================================
Received Import Request.
  Time since last request: 1.104265 seconds.
  path: Assets/ModernSupermarket/Prefabs/Props/Products/Vase_x3wysg_02_Var01.prefab
  artifactKey: Guid(f09d6335562935c43ba704ac8e6b50c3) Importer(2089858483,0ecaa5967403d082aa24f35e1b516d23)
Start importing Assets/ModernSupermarket/Prefabs/Props/Products/Vase_x3wysg_02_Var01.prefab using Guid(f09d6335562935c43ba704ac8e6b50c3) Importer(2089858483,0ecaa5967403d082aa24f35e1b516d23) [PhysX] Initialized MultithreadedTaskDispatcher with 16 workers.
 -> (artifact id: '34f97feb495067e3f58baf3502a52441') in 0.018921 seconds
Number of updated asset objects reloaded before import = 0
Number of asset objects unloaded after import = 16
========================================================================
Received Import Request.
  Time since last request: 0.000021 seconds.
  path: Assets/ModernSupermarket/Prefabs/Props/Products/WineBottle_2b6kjh_Var02.prefab
  artifactKey: Guid(3e5fd6b48d608f7428eafda357abafe8) Importer(2089858483,0ecaa5967403d082aa24f35e1b516d23)
Start importing Assets/ModernSupermarket/Prefabs/Props/Products/WineBottle_2b6kjh_Var02.prefab using Guid(3e5fd6b48d608f7428eafda357abafe8) Importer(2089858483,0ecaa5967403d082aa24f35e1b516d23) [PhysX] Initialized MultithreadedTaskDispatcher with 16 workers.
 -> (artifact id: '4b1a63ca1477a460843872f579cfb091') in 0.028289 seconds
Number of updated asset objects reloaded before import = 0
Number of asset objects unloaded after import = 15
========================================================================
Received Import Request.
  Time since last request: 0.000065 seconds.
  path: Assets/ModernSupermarket/Models/Furniture/HeritageStall_0hvi4w/Textures/HeritageStall_0hvi4wVar01_mask.png
  artifactKey: Guid(b492a51d71dd5bf418d48985ab021217) Importer(2089858483,0ecaa5967403d082aa24f35e1b516d23)
Start importing Assets/ModernSupermarket/Models/Furniture/HeritageStall_0hvi4w/Textures/HeritageStall_0hvi4wVar01_mask.png using Guid(b492a51d71dd5bf418d48985ab021217) Importer(2089858483,0ecaa5967403d082aa24f35e1b516d23) [PhysX] Initialized MultithreadedTaskDispatcher with 16 workers.
 -> (artifact id: 'b7bcdfbb05649d688843e0c2ed4ededf') in 0.012370 seconds
Number of updated asset objects reloaded before import = 0
Number of asset objects unloaded after import = 1
========================================================================
Received Import Request.
  Time since last request: 0.000018 seconds.
  path: Assets/ModernSupermarket/Models/Furniture/Shelf_6h7vop/Textures/Shelf_6h7vop_n.png
  artifactKey: Guid(c962c4695edeafc4c943df70ed590c88) Importer(2089858483,0ecaa5967403d082aa24f35e1b516d23)
Start importing Assets/ModernSupermarket/Models/Furniture/Shelf_6h7vop/Textures/Shelf_6h7vop_n.png using Guid(c962c4695edeafc4c943df70ed590c88) Importer(2089858483,0ecaa5967403d082aa24f35e1b516d23) [PhysX] Initialized MultithreadedTaskDispatcher with 16 workers.
 -> (artifact id: '29fba61f606939d1e5a899dcc3523058') in 0.015433 seconds
Number of updated asset objects reloaded before import = 0
Number of asset objects unloaded after import = 1
========================================================================
Received Import Request.
  Time since last request: 0.000019 seconds.
  path: Assets/ModernSupermarket/Models/Furniture/Door_1jcm5g/Textures/Door_1jcm5g_m.png
  artifactKey: Guid(a40ef7537ff61b64c93c1a4cc40d12e4) Importer(2089858483,0ecaa5967403d082aa24f35e1b516d23)
Start importing Assets/ModernSupermarket/Models/Furniture/Door_1jcm5g/Textures/Door_1jcm5g_m.png using Guid(a40ef7537ff61b64c93c1a4cc40d12e4) Importer(2089858483,0ecaa5967403d082aa24f35e1b516d23) [PhysX] Initialized MultithreadedTaskDispatcher with 16 workers.
 -> (artifact id: '9c343b28216d028db2d905e50cff14fc') in 0.015047 seconds
Number of updated asset objects reloaded before import = 0
Number of asset objects unloaded after import = 1
========================================================================
Received Import Request.
  Time since last request: 0.000020 seconds.
  path: Assets/ModernSupermarket/Prefabs/Props/Products/Vase_x3wysg_03_Var01.prefab
  artifactKey: Guid(a5a703c74a5a2fe4abb386cc827cb6c6) Importer(2089858483,0ecaa5967403d082aa24f35e1b516d23)
Start importing Assets/ModernSupermarket/Prefabs/Props/Products/Vase_x3wysg_03_Var01.prefab using Guid(a5a703c74a5a2fe4abb386cc827cb6c6) Importer(2089858483,0ecaa5967403d082aa24f35e1b516d23) [PhysX] Initialized MultithreadedTaskDispatcher with 16 workers.
 -> (artifact id: '904bdfe27b5562c17a586f38694ba25d') in 0.016783 seconds
Number of updated asset objects reloaded before import = 0
Number of asset objects unloaded after import = 16
========================================================================
Received Import Request.
  Time since last request: 0.000028 seconds.
  path: Assets/ModernSupermarket/Models/Furniture/Sign_04h2fw/Textures/Sign_04h2fw_Book_a.png
  artifactKey: Guid(acec0e93c25731e4991f244534323788) Importer(2089858483,0ecaa5967403d082aa24f35e1b516d23)
Start importing Assets/ModernSupermarket/Models/Furniture/Sign_04h2fw/Textures/Sign_04h2fw_Book_a.png using Guid(acec0e93c25731e4991f244534323788) Importer(2089858483,0ecaa5967403d082aa24f35e1b516d23) [PhysX] Initialized MultithreadedTaskDispatcher with 16 workers.
 -> (artifact id: '32dfbca59b31eb1cebd8de7d436c9b7e') in 0.013315 seconds
Number of updated asset objects reloaded before import = 0
Number of asset objects unloaded after import = 1
========================================================================
Received Import Request.
  Time since last request: 0.000023 seconds.
  path: Assets/ModernSupermarket/Prefabs/Props/Utility/Crate_3m39yz.prefab
  artifactKey: Guid(a109db0239edfe44391d58c1eeb657b7) Importer(2089858483,0ecaa5967403d082aa24f35e1b516d23)
Start importing Assets/ModernSupermarket/Prefabs/Props/Utility/Crate_3m39yz.prefab using Guid(a109db0239edfe44391d58c1eeb657b7) Importer(2089858483,0ecaa5967403d082aa24f35e1b516d23) [PhysX] Initialized MultithreadedTaskDispatcher with 16 workers.
 -> (artifact id: '53eb0113d8cc51a1acfc2786e17a6355') in 0.011195 seconds
Number of updated asset objects reloaded before import = 0
Number of asset objects unloaded after import = 8
========================================================================
Received Import Request.
  Time since last request: 0.000021 seconds.
  path: Assets/ModernSupermarket/Models/Furniture/HeritageBuffet_wkjvvg/Textures/HeritageBuffet_wkjvvg_n.png
  artifactKey: Guid(83b26801cafc51f419525b4b719e512b) Importer(2089858483,0ecaa5967403d082aa24f35e1b516d23)
Start importing Assets/ModernSupermarket/Models/Furniture/HeritageBuffet_wkjvvg/Textures/HeritageBuffet_wkjvvg_n.png using Guid(83b26801cafc51f419525b4b719e512b) Importer(2089858483,0ecaa5967403d082aa24f35e1b516d23) [PhysX] Initialized MultithreadedTaskDispatcher with 16 workers.
 -> (artifact id: '7579d74f823c6ef76cce2d39578d4dc9') in 0.014815 seconds
Number of updated asset objects reloaded before import = 0
Number of asset objects unloaded after import = 1
========================================================================
Received Import Request.
  Time since last request: 0.000020 seconds.
  path: Assets/TextMesh Pro/Examples & Extras/Resources/Sprite Assets/Default Sprite Asset.asset
  artifactKey: Guid(fbef3c704dce48f08a44612d6c856c8d) Importer(2089858483,0ecaa5967403d082aa24f35e1b516d23)
Start importing Assets/TextMesh Pro/Examples & Extras/Resources/Sprite Assets/Default Sprite Asset.asset using Guid(fbef3c704dce48f08a44612d6c856c8d) Importer(2089858483,0ecaa5967403d082aa24f35e1b516d23) [PhysX] Initialized MultithreadedTaskDispatcher with 16 workers.
 -> (artifact id: '529f7b7cc3c398f9c5c0812c049644b6') in 0.013630 seconds
Number of updated asset objects reloaded before import = 0
Number of asset objects unloaded after import = 3
========================================================================
Received Import Request.
  Time since last request: 0.000026 seconds.
  path: Assets/ModernSupermarket/Models/Furniture/HeritageStall_0hvi4w/Textures/HeritageStall_0hvi4w_a.png
  artifactKey: Guid(a7e0bd77c02638a41a1e05a757d642e6) Importer(2089858483,0ecaa5967403d082aa24f35e1b516d23)
Start importing Assets/ModernSupermarket/Models/Furniture/HeritageStall_0hvi4w/Textures/HeritageStall_0hvi4w_a.png using Guid(a7e0bd77c02638a41a1e05a757d642e6) Importer(2089858483,0ecaa5967403d082aa24f35e1b516d23) [PhysX] Initialized MultithreadedTaskDispatcher with 16 workers.
 -> (artifact id: 'a17aeef1a5aa3bfe15b67f632d22d964') in 0.014837 seconds
Number of updated asset objects reloaded before import = 0
Number of asset objects unloaded after import = 1
========================================================================
Received Import Request.
  Time since last request: 0.000020 seconds.
  path: Assets/ModernSupermarket/Prefabs/Props/Products/YoghurtPack_rk7lsf_Var01.prefab
  artifactKey: Guid(c18e82116ecca5f4985b232f75c7666f) Importer(2089858483,0ecaa5967403d082aa24f35e1b516d23)
Start importing Assets/ModernSupermarket/Prefabs/Props/Products/YoghurtPack_rk7lsf_Var01.prefab using Guid(c18e82116ecca5f4985b232f75c7666f) Importer(2089858483,0ecaa5967403d082aa24f35e1b516d23) [PhysX] Initialized MultithreadedTaskDispatcher with 16 workers.
 -> (artifact id: '8ca32b5fb48a40f39ae7183e46eb4a2e') in 0.031641 seconds
Number of updated asset objects reloaded before import = 0
Number of asset objects unloaded after import = 15
========================================================================
Received Import Request.
  Time since last request: 0.000017 seconds.
  path: Assets/ModernSupermarket/Textures/Surfaces/TileFloor_j8qkl9/TileFloor_j8qkl9_m.png
  artifactKey: Guid(bee3973eed85e5942ae76959c6874c88) Importer(2089858483,0ecaa5967403d082aa24f35e1b516d23)
Start importing Assets/ModernSupermarket/Textures/Surfaces/TileFloor_j8qkl9/TileFloor_j8qkl9_m.png using Guid(bee3973eed85e5942ae76959c6874c88) Importer(2089858483,0ecaa5967403d082aa24f35e1b516d23) [PhysX] Initialized MultithreadedTaskDispatcher with 16 workers.
 -> (artifact id: '474653e7865f0d95236d60e5b4ec1ec7') in 0.031819 seconds
Number of updated asset objects reloaded before import = 0
Number of asset objects unloaded after import = 1
========================================================================
Received Import Request.
  Time since last request: 0.000018 seconds.
  path: Assets/ModernSupermarket/Models/Furniture/HeritageStall_0hvi4w/Textures/HeritageStall_0hvi4w_n.png
  artifactKey: Guid(14f30612ab395ef4d9df0a0015c0bc16) Importer(2089858483,0ecaa5967403d082aa24f35e1b516d23)
Start importing Assets/ModernSupermarket/Models/Furniture/HeritageStall_0hvi4w/Textures/HeritageStall_0hvi4w_n.png using Guid(14f30612ab395ef4d9df0a0015c0bc16) Importer(2089858483,0ecaa5967403d082aa24f35e1b516d23) [PhysX] Initialized MultithreadedTaskDispatcher with 16 workers.
 -> (artifact id: '9ae2071c5cdd9217e70b0934bf6639a5') in 0.014502 seconds
Number of updated asset objects reloaded before import = 0
Number of asset objects unloaded after import = 1
========================================================================
Received Import Request.
  Time since last request: 0.000019 seconds.
  path: Assets/ModernSupermarket/Models/Furniture/Fridge_4ttiif/Textures/Fridge_4ttiif_h.png
  artifactKey: Guid(7ab0e6e67b793ce47822790d9c217908) Importer(2089858483,0ecaa5967403d082aa24f35e1b516d23)
Start importing Assets/ModernSupermarket/Models/Furniture/Fridge_4ttiif/Textures/Fridge_4ttiif_h.png using Guid(7ab0e6e67b793ce47822790d9c217908) Importer(2089858483,0ecaa5967403d082aa24f35e1b516d23) [PhysX] Initialized MultithreadedTaskDispatcher with 16 workers.
 -> (artifact id: 'd71b8c4d2029192946c0a248b8102f44') in 0.019728 seconds
Number of updated asset objects reloaded before import = 0
Number of asset objects unloaded after import = 1
========================================================================
Received Import Request.
  Time since last request: 0.000022 seconds.
  path: Assets/TextMesh Pro/Examples & Extras/Resources/Sprite Assets/DropCap Numbers.asset
  artifactKey: Guid(14aa93acbb234d16aaef0e8b46814db6) Importer(2089858483,0ecaa5967403d082aa24f35e1b516d23)
Start importing Assets/TextMesh Pro/Examples & Extras/Resources/Sprite Assets/DropCap Numbers.asset using Guid(14aa93acbb234d16aaef0e8b46814db6) Importer(2089858483,0ecaa5967403d082aa24f35e1b516d23) [PhysX] Initialized MultithreadedTaskDispatcher with 16 workers.
 -> (artifact id: 'ece6fdcadfbaf8866360493860c05572') in 0.013447 seconds
Number of updated asset objects reloaded before import = 0
Number of asset objects unloaded after import = 3
========================================================================
Received Import Request.
  Time since last request: 0.000025 seconds.
  path: Assets/ModernSupermarket/Models/Furniture/Grid_kdypaf/Textures/Grid_kdypaf_o.png
  artifactKey: Guid(8c3f7cb6002c4714da4abc93f6adef35) Importer(2089858483,0ecaa5967403d082aa24f35e1b516d23)
Start importing Assets/ModernSupermarket/Models/Furniture/Grid_kdypaf/Textures/Grid_kdypaf_o.png using Guid(8c3f7cb6002c4714da4abc93f6adef35) Importer(2089858483,0ecaa5967403d082aa24f35e1b516d23) [PhysX] Initialized MultithreadedTaskDispatcher with 16 workers.
 -> (artifact id: 'a0be143dbf923b9544d4e9c30a3f915a') in 0.013593 seconds
Number of updated asset objects reloaded before import = 0
Number of asset objects unloaded after import = 1
========================================================================
Received Import Request.
  Time since last request: 0.000016 seconds.
  path: Assets/ModernSupermarket/Prefabs/Props/Utility/Camera_fbj1by.prefab
  artifactKey: Guid(1755c736e7f0c2c46aee0d2f6631f364) Importer(2089858483,0ecaa5967403d082aa24f35e1b516d23)
Start importing Assets/ModernSupermarket/Prefabs/Props/Utility/Camera_fbj1by.prefab using Guid(1755c736e7f0c2c46aee0d2f6631f364) Importer(2089858483,0ecaa5967403d082aa24f35e1b516d23) [PhysX] Initialized MultithreadedTaskDispatcher with 16 workers.
 -> (artifact id: '9fc39da629d4204b068717045e8ec62b') in 0.009739 seconds
Number of updated asset objects reloaded before import = 0
Number of asset objects unloaded after import = 16
========================================================================
Received Import Request.
  Time since last request: 0.000025 seconds.
  path: Assets/ModernSupermarket/Models/Furniture/Checkout_4295b5/Textures/Checkout_4295b5_e.png
  artifactKey: Guid(ba3f59fd61a38d14fa9ce45ffef3e65a) Importer(2089858483,0ecaa5967403d082aa24f35e1b516d23)
Start importing Assets/ModernSupermarket/Models/Furniture/Checkout_4295b5/Textures/Checkout_4295b5_e.png using Guid(ba3f59fd61a38d14fa9ce45ffef3e65a) Importer(2089858483,0ecaa5967403d082aa24f35e1b516d23) [PhysX] Initialized MultithreadedTaskDispatcher with 16 workers.
 -> (artifact id: '97038c8363347e1487b83d42be3f02b4') in 0.012580 seconds
Number of updated asset objects reloaded before import = 0
Number of asset objects unloaded after import = 1
========================================================================
Received Import Request.
  Time since last request: 0.000032 seconds.
  path: Assets/ModernSupermarket/Prefabs/Props/Products/WineBottle_2b6kjh.prefab
  artifactKey: Guid(090a9654f84d0684d87812a19d8e7698) Importer(2089858483,0ecaa5967403d082aa24f35e1b516d23)
Start importing Assets/ModernSupermarket/Prefabs/Props/Products/WineBottle_2b6kjh.prefab using Guid(090a9654f84d0684d87812a19d8e7698) Importer(2089858483,0ecaa5967403d082aa24f35e1b516d23) [PhysX] Initialized MultithreadedTaskDispatcher with 16 workers.
 -> (artifact id: 'a5adca02878bf3549e2df55ab5923f97') in 0.011782 seconds
Number of updated asset objects reloaded before import = 0
Number of asset objects unloaded after import = 8
========================================================================
Received Import Request.
  Time since last request: 0.000026 seconds.
  path: Assets/ModernSupermarket/Models/Furniture/Counter_wh1nba/Textures/Counter_wh1nba_a.png
  artifactKey: Guid(9bcccabcfb7d27049a9dceac3e2c2b7f) Importer(2089858483,0ecaa5967403d082aa24f35e1b516d23)
Start importing Assets/ModernSupermarket/Models/Furniture/Counter_wh1nba/Textures/Counter_wh1nba_a.png using Guid(9bcccabcfb7d27049a9dceac3e2c2b7f) Importer(2089858483,0ecaa5967403d082aa24f35e1b516d23) [PhysX] Initialized MultithreadedTaskDispatcher with 16 workers.
 -> (artifact id: '9d2e9a7167b2048b0f57de63d28d1740') in 0.013078 seconds
Number of updated asset objects reloaded before import = 0
Number of asset objects unloaded after import = 1
========================================================================
Received Import Request.
  Time since last request: 0.000022 seconds.
  path: Assets/ModernSupermarket/Models/Furniture/Checkout_4295b5/Textures/Checkout_4295b5_m.png
  artifactKey: Guid(d81e3b0326f4a1c4389a3b5225888c8e) Importer(2089858483,0ecaa5967403d082aa24f35e1b516d23)
Start importing Assets/ModernSupermarket/Models/Furniture/Checkout_4295b5/Textures/Checkout_4295b5_m.png using Guid(d81e3b0326f4a1c4389a3b5225888c8e) Importer(2089858483,0ecaa5967403d082aa24f35e1b516d23) [PhysX] Initialized MultithreadedTaskDispatcher with 16 workers.
 -> (artifact id: '05c493fd6eb05ce52cf920eefdc48fb7') in 0.013859 seconds
Number of updated asset objects reloaded before import = 0
Number of asset objects unloaded after import = 1
========================================================================
Received Import Request.
  Time since last request: 0.000105 seconds.
  path: Assets/ModernSupermarket/Textures/Skybox/HDRi/HDRi01.hdr
  artifactKey: Guid(6d1dc17583bf1b74e993fa7b7ef344df) Importer(2089858483,0ecaa5967403d082aa24f35e1b516d23)
Start importing Assets/ModernSupermarket/Textures/Skybox/HDRi/HDRi01.hdr using Guid(6d1dc17583bf1b74e993fa7b7ef344df) Importer(2089858483,0ecaa5967403d082aa24f35e1b516d23) [PhysX] Initialized MultithreadedTaskDispatcher with 16 workers.
 -> (artifact id: '9c7b78a469dfff63cb44d80e88bb530e') in 0.014158 seconds
Number of updated asset objects reloaded before import = 0
Number of asset objects unloaded after import = 1
========================================================================
Received Import Request.
  Time since last request: 0.000019 seconds.
  path: Assets/ModernSupermarket/Models/Furniture/HeritageBuffet_wkjvvg/Textures/HeritageBuffet_wkjvvg_o.png
  artifactKey: Guid(2adbd55f5949df64f98e1634fe0fd953) Importer(2089858483,0ecaa5967403d082aa24f35e1b516d23)
Start importing Assets/ModernSupermarket/Models/Furniture/HeritageBuffet_wkjvvg/Textures/HeritageBuffet_wkjvvg_o.png using Guid(2adbd55f5949df64f98e1634fe0fd953) Importer(2089858483,0ecaa5967403d082aa24f35e1b516d23) [PhysX] Initialized MultithreadedTaskDispatcher with 16 workers.
 -> (artifact id: 'd7deac97e6ff9974f0ba06c0ca9e2c85') in 0.013785 seconds
Number of updated asset objects reloaded before import = 0
Number of asset objects unloaded after import = 1
========================================================================
Received Import Request.
  Time since last request: 0.000028 seconds.
  path: Assets/ModernSupermarket/Models/Furniture/Sign_04h2fw/Textures/Sign_04h2fw_m.png
  artifactKey: Guid(1c7de249f6bc60b49a620030be12c29a) Importer(2089858483,0ecaa5967403d082aa24f35e1b516d23)
Start importing Assets/ModernSupermarket/Models/Furniture/Sign_04h2fw/Textures/Sign_04h2fw_m.png using Guid(1c7de249f6bc60b49a620030be12c29a) Importer(2089858483,0ecaa5967403d082aa24f35e1b516d23) [PhysX] Initialized MultithreadedTaskDispatcher with 16 workers.
 -> (artifact id: '2f5ac7ef18c55dbba3d7d0ac50043f2b') in 0.013421 seconds
Number of updated asset objects reloaded before import = 0
Number of asset objects unloaded after import = 1
========================================================================
Received Import Request.
  Time since last request: 0.000020 seconds.
  path: Assets/ModernSupermarket/Models/Furniture/HeritageStall_0hvi4w/Textures/HeritageStall_0hvi4wVar01_o.png
  artifactKey: Guid(ecc0b1934261d054db46512d96315d46) Importer(2089858483,0ecaa5967403d082aa24f35e1b516d23)
Start importing Assets/ModernSupermarket/Models/Furniture/HeritageStall_0hvi4w/Textures/HeritageStall_0hvi4wVar01_o.png using Guid(ecc0b1934261d054db46512d96315d46) Importer(2089858483,0ecaa5967403d082aa24f35e1b516d23) [PhysX] Initialized MultithreadedTaskDispatcher with 16 workers.
 -> (artifact id: '913923e76ae6c2b130548ff20aad3a5b') in 0.014187 seconds
Number of updated asset objects reloaded before import = 0
Number of asset objects unloaded after import = 1
========================================================================
Received Import Request.
  Time since last request: 0.000189 seconds.
  path: Assets/ModernSupermarket/Models/Furniture/Shelf_6h7vop/Textures/Shelf_6h7vop_a.png
  artifactKey: Guid(c9a76d545001d9445bea5d4300b4823a) Importer(2089858483,0ecaa5967403d082aa24f35e1b516d23)
Start importing Assets/ModernSupermarket/Models/Furniture/Shelf_6h7vop/Textures/Shelf_6h7vop_a.png using Guid(c9a76d545001d9445bea5d4300b4823a) Importer(2089858483,0ecaa5967403d082aa24f35e1b516d23) [PhysX] Initialized MultithreadedTaskDispatcher with 16 workers.
 -> (artifact id: '2ae3d2b7c76e0c7b3bc0bb459f937829') in 0.013204 seconds
Number of updated asset objects reloaded before import = 0
Number of asset objects unloaded after import = 1
========================================================================
Received Import Request.
  Time since last request: 0.000018 seconds.
  path: Assets/ModernSupermarket/Models/Furniture/HeritageBuffet_wkjvvg/Textures/HeritageBuffet_wkjvvgVar01_mask.png
  artifactKey: Guid(32b3468485f797446abac8781b2710a7) Importer(2089858483,0ecaa5967403d082aa24f35e1b516d23)
Start importing Assets/ModernSupermarket/Models/Furniture/HeritageBuffet_wkjvvg/Textures/HeritageBuffet_wkjvvgVar01_mask.png using Guid(32b3468485f797446abac8781b2710a7) Importer(2089858483,0ecaa5967403d082aa24f35e1b516d23) [PhysX] Initialized MultithreadedTaskDispatcher with 16 workers.
 -> (artifact id: '2d2618fb2695dd6a8be3740fecf9a8b7') in 0.015800 seconds
Number of updated asset objects reloaded before import = 0
Number of asset objects unloaded after import = 1
========================================================================
Received Import Request.
  Time since last request: 0.000023 seconds.
  path: Assets/ModernSupermarket/Models/Furniture/Counter_attlsv/Textures/Counter_attlsvVar01_mask.png
  artifactKey: Guid(fd2e323d772201a4a9216c3159d7ab99) Importer(2089858483,0ecaa5967403d082aa24f35e1b516d23)
Start importing Assets/ModernSupermarket/Models/Furniture/Counter_attlsv/Textures/Counter_attlsvVar01_mask.png using Guid(fd2e323d772201a4a9216c3159d7ab99) Importer(2089858483,0ecaa5967403d082aa24f35e1b516d23) [PhysX] Initialized MultithreadedTaskDispatcher with 16 workers.
 -> (artifact id: '41fb791e5e351b2cc546cf6a27ef84db') in 0.014246 seconds
Number of updated asset objects reloaded before import = 0
Number of asset objects unloaded after import = 1
========================================================================
Received Import Request.
  Time since last request: 0.000023 seconds.
  path: Assets/ModernSupermarket/Textures/Surfaces/TileFloor_j8qkl9/TileFloor_j8qkl9_a.png
  artifactKey: Guid(10c4abbd350e31641a2ff67b4e13d967) Importer(2089858483,0ecaa5967403d082aa24f35e1b516d23)
Start importing Assets/ModernSupermarket/Textures/Surfaces/TileFloor_j8qkl9/TileFloor_j8qkl9_a.png using Guid(10c4abbd350e31641a2ff67b4e13d967) Importer(2089858483,0ecaa5967403d082aa24f35e1b516d23) [PhysX] Initialized MultithreadedTaskDispatcher with 16 workers.
 -> (artifact id: '2a291f30b4f85faf66e087f69ed2b8e3') in 0.019946 seconds
Number of updated asset objects reloaded before import = 0
Number of asset objects unloaded after import = 1
========================================================================
Received Import Request.
  Time since last request: 0.000021 seconds.
  path: Assets/ModernSupermarket/Scenes/Scene_Supermarket/Supermarket/Lightmap-2_comp_dir.png
  artifactKey: Guid(e49015b35993890409884da703541a09) Importer(2089858483,0ecaa5967403d082aa24f35e1b516d23)
Start importing Assets/ModernSupermarket/Scenes/Scene_Supermarket/Supermarket/Lightmap-2_comp_dir.png using Guid(e49015b35993890409884da703541a09) Importer(2089858483,0ecaa5967403d082aa24f35e1b516d23) [PhysX] Initialized MultithreadedTaskDispatcher with 16 workers.
 -> (artifact id: 'ef5d2d924655bdd433091f9110dbd05b') in 0.027396 seconds
Number of updated asset objects reloaded before import = 0
Number of asset objects unloaded after import = 1
========================================================================
Received Import Request.
  Time since last request: 0.000019 seconds.
  path: Assets/ModernSupermarket/Prefabs/Props/Utility/Camera_9m4m3y.prefab
  artifactKey: Guid(c8954a970be2223428c2893ce18a067b) Importer(2089858483,0ecaa5967403d082aa24f35e1b516d23)
Start importing Assets/ModernSupermarket/Prefabs/Props/Utility/Camera_9m4m3y.prefab using Guid(c8954a970be2223428c2893ce18a067b) Importer(2089858483,0ecaa5967403d082aa24f35e1b516d23) [PhysX] Initialized MultithreadedTaskDispatcher with 16 workers.
 -> (artifact id: '066dd3b08ea133926a6ad4e3af70183b') in 0.019541 seconds
Number of updated asset objects reloaded before import = 0
Number of asset objects unloaded after import = 8
========================================================================
Received Import Request.
  Time since last request: 0.000027 seconds.
  path: Assets/ModernSupermarket/Prefabs/Props/Products/YoghurtPack_kjd150.prefab
  artifactKey: Guid(a7f09ccc2d3a442489dcb7abaa467ffd) Importer(2089858483,0ecaa5967403d082aa24f35e1b516d23)
Start importing Assets/ModernSupermarket/Prefabs/Props/Products/YoghurtPack_kjd150.prefab using Guid(a7f09ccc2d3a442489dcb7abaa467ffd) Importer(2089858483,0ecaa5967403d082aa24f35e1b516d23) [PhysX] Initialized MultithreadedTaskDispatcher with 16 workers.
 -> (artifact id: 'a12911f853b0b51d8078e654b2891826') in 0.010516 seconds
Number of updated asset objects reloaded before import = 0
Number of asset objects unloaded after import = 8
========================================================================
Received Import Request.
  Time since last request: 0.000031 seconds.
  path: Assets/ModernSupermarket/Models/Furniture/Counter_attlsv/Textures/Counter_attlsv_n.png
  artifactKey: Guid(e1a50581dfa71b54485f126e0c675f1a) Importer(2089858483,0ecaa5967403d082aa24f35e1b516d23)
Start importing Assets/ModernSupermarket/Models/Furniture/Counter_attlsv/Textures/Counter_attlsv_n.png using Guid(e1a50581dfa71b54485f126e0c675f1a) Importer(2089858483,0ecaa5967403d082aa24f35e1b516d23) [PhysX] Initialized MultithreadedTaskDispatcher with 16 workers.
 -> (artifact id: '00319944ab3603d6440fc57e034aa74c') in 0.013181 seconds
Number of updated asset objects reloaded before import = 0
Number of asset objects unloaded after import = 1
========================================================================
Received Import Request.
  Time since last request: 0.000017 seconds.
  path: Assets/ModernSupermarket/Models/Furniture/Sign_04h2fw/Textures/Sign_04h2fw_Frozen_a.png
  artifactKey: Guid(0fa0e18674fe21d468aa7f7ddd9c9f36) Importer(2089858483,0ecaa5967403d082aa24f35e1b516d23)
Start importing Assets/ModernSupermarket/Models/Furniture/Sign_04h2fw/Textures/Sign_04h2fw_Frozen_a.png using Guid(0fa0e18674fe21d468aa7f7ddd9c9f36) Importer(2089858483,0ecaa5967403d082aa24f35e1b516d23) [PhysX] Initialized MultithreadedTaskDispatcher with 16 workers.
 -> (artifact id: '6b81a9b897d0ceb10ed7188542644c27') in 0.013976 seconds
Number of updated asset objects reloaded before import = 0
Number of asset objects unloaded after import = 1
========================================================================
Received Import Request.
  Time since last request: 0.000019 seconds.
  path: Assets/TextMesh Pro/Examples & Extras/Resources/Fonts & Materials/Bangers SDF - Drop Shadow.mat
  artifactKey: Guid(f2dcf029949142e28b974630369c8b4e) Importer(2089858483,0ecaa5967403d082aa24f35e1b516d23)
Start importing Assets/TextMesh Pro/Examples & Extras/Resources/Fonts & Materials/Bangers SDF - Drop Shadow.mat using Guid(f2dcf029949142e28b974630369c8b4e) Importer(2089858483,0ecaa5967403d082aa24f35e1b516d23) [PhysX] Initialized MultithreadedTaskDispatcher with 16 workers.
 -> (artifact id: 'c02aa3da84a027c7d4640d6ce6b957e9') in 0.013336 seconds
Number of updated asset objects reloaded before import = 0
Number of asset objects unloaded after import = 2
========================================================================
Received Import Request.
  Time since last request: 0.000022 seconds.
  path: Assets/ModernSupermarket/Models/Furniture/Counter_attlsv/Textures/Counter_attlsv_o.png
  artifactKey: Guid(a136a083b38d3ac4b84bafbbf687cfa7) Importer(2089858483,0ecaa5967403d082aa24f35e1b516d23)
Start importing Assets/ModernSupermarket/Models/Furniture/Counter_attlsv/Textures/Counter_attlsv_o.png using Guid(a136a083b38d3ac4b84bafbbf687cfa7) Importer(2089858483,0ecaa5967403d082aa24f35e1b516d23) [PhysX] Initialized MultithreadedTaskDispatcher with 16 workers.
 -> (artifact id: 'fcd6d4919a88f7afe77d02d46e02ccdc') in 0.013523 seconds
Number of updated asset objects reloaded before import = 0
Number of asset objects unloaded after import = 1
========================================================================
Received Import Request.
  Time since last request: 0.000019 seconds.
  path: Assets/ModernSupermarket/Models/Architecture/Textures/Materials/Vents.mat
  artifactKey: Guid(fdda9a8433678d6478692d5a1ccbdb09) Importer(2089858483,0ecaa5967403d082aa24f35e1b516d23)
Start importing Assets/ModernSupermarket/Models/Architecture/Textures/Materials/Vents.mat using Guid(fdda9a8433678d6478692d5a1ccbdb09) Importer(2089858483,0ecaa5967403d082aa24f35e1b516d23) [PhysX] Initialized MultithreadedTaskDispatcher with 16 workers.
 -> (artifact id: '89eb704040d1bf8efea13af587d86b4b') in 0.014750 seconds
Number of updated asset objects reloaded before import = 0
Number of asset objects unloaded after import = 5
========================================================================
Received Import Request.
  Time since last request: 0.000017 seconds.
  path: Assets/ModernSupermarket/Prefabs/Props/Products/WaterPack_mqmuh7.prefab
  artifactKey: Guid(239825b5e2f78d54dbf72e52016c7d64) Importer(2089858483,0ecaa5967403d082aa24f35e1b516d23)
Start importing Assets/ModernSupermarket/Prefabs/Props/Products/WaterPack_mqmuh7.prefab using Guid(239825b5e2f78d54dbf72e52016c7d64) Importer(2089858483,0ecaa5967403d082aa24f35e1b516d23) [PhysX] Initialized MultithreadedTaskDispatcher with 16 workers.
 -> (artifact id: 'dd4387f3f44417d04b29802709d4e346') in 0.011684 seconds
Number of updated asset objects reloaded before import = 0
Number of asset objects unloaded after import = 8
========================================================================
Received Import Request.
  Time since last request: 0.000017 seconds.
  path: Assets/ModernSupermarket/Models/Furniture/Fridge_4ttiif/Textures/Fridge_4ttiif_o.png
  artifactKey: Guid(b4b8e95293173c7498dc5345b3ad1ed7) Importer(2089858483,0ecaa5967403d082aa24f35e1b516d23)
Start importing Assets/ModernSupermarket/Models/Furniture/Fridge_4ttiif/Textures/Fridge_4ttiif_o.png using Guid(b4b8e95293173c7498dc5345b3ad1ed7) Importer(2089858483,0ecaa5967403d082aa24f35e1b516d23) [PhysX] Initialized MultithreadedTaskDispatcher with 16 workers.
 -> (artifact id: '559c3aa5883c9ca4ecf7e40cbf97d1a1') in 0.013891 seconds
Number of updated asset objects reloaded before import = 0
Number of asset objects unloaded after import = 1
========================================================================
Received Import Request.
  Time since last request: 0.000102 seconds.
  path: Assets/ModernSupermarket/Scenes/Scene_Supermarket/Supermarket/ReflectionProbe-2.exr
  artifactKey: Guid(294577fb0f6c07f4596352d38b53bbe7) Importer(2089858483,0ecaa5967403d082aa24f35e1b516d23)
Start importing Assets/ModernSupermarket/Scenes/Scene_Supermarket/Supermarket/ReflectionProbe-2.exr using Guid(294577fb0f6c07f4596352d38b53bbe7) Importer(2089858483,0ecaa5967403d082aa24f35e1b516d23) [PhysX] Initialized MultithreadedTaskDispatcher with 16 workers.
 -> (artifact id: '7f97d915af7bfa16bcd58a437eaa4e3d') in 0.014392 seconds
Number of updated asset objects reloaded before import = 0
Number of asset objects unloaded after import = 1
========================================================================
Received Import Request.
  Time since last request: 0.000027 seconds.
  path: Assets/ModernSupermarket/Prefabs/Props/Products/WineBottle_2b6kjh_Pack01_Var02.prefab
  artifactKey: Guid(1c3d8b0c36c24e542a8f95c8bad14ea0) Importer(2089858483,0ecaa5967403d082aa24f35e1b516d23)
Start importing Assets/ModernSupermarket/Prefabs/Props/Products/WineBottle_2b6kjh_Pack01_Var02.prefab using Guid(1c3d8b0c36c24e542a8f95c8bad14ea0) Importer(2089858483,0ecaa5967403d082aa24f35e1b516d23) [PhysX] Initialized MultithreadedTaskDispatcher with 16 workers.
 -> (artifact id: '0f7710c306e29a40668233eafbf8cc6b') in 0.012039 seconds
Number of updated asset objects reloaded before import = 0
Number of asset objects unloaded after import = 15
========================================================================
Received Import Request.
  Time since last request: 0.000018 seconds.
  path: Assets/ModernSupermarket/Models/Furniture/Door_o8w2gy/Textures/Door_o8w2gy_a.png
  artifactKey: Guid(666dfeed95cfad8429c2463de87d864b) Importer(2089858483,0ecaa5967403d082aa24f35e1b516d23)
Start importing Assets/ModernSupermarket/Models/Furniture/Door_o8w2gy/Textures/Door_o8w2gy_a.png using Guid(666dfeed95cfad8429c2463de87d864b) Importer(2089858483,0ecaa5967403d082aa24f35e1b516d23) [PhysX] Initialized MultithreadedTaskDispatcher with 16 workers.
 -> (artifact id: '3bd0c73c0c8aeeaafb34216e766680e7') in 0.013551 seconds
Number of updated asset objects reloaded before import = 0
Number of asset objects unloaded after import = 1
========================================================================
Received Import Request.
  Time since last request: 0.000021 seconds.
  path: Assets/ModernSupermarket/Models/Furniture/HeritageStall_0hvi4w/Textures/HeritageStall_0hvi4wVar01_n.png
  artifactKey: Guid(e30327ce62e244748a08bcd1f449ee33) Importer(2089858483,0ecaa5967403d082aa24f35e1b516d23)
Start importing Assets/ModernSupermarket/Models/Furniture/HeritageStall_0hvi4w/Textures/HeritageStall_0hvi4wVar01_n.png using Guid(e30327ce62e244748a08bcd1f449ee33) Importer(2089858483,0ecaa5967403d082aa24f35e1b516d23) [PhysX] Initialized MultithreadedTaskDispatcher with 16 workers.
 -> (artifact id: '3ae5f9d94b128a0570de1e07ad945b16') in 0.014524 seconds
Number of updated asset objects reloaded before import = 0
Number of asset objects unloaded after import = 1
========================================================================
Received Import Request.
  Time since last request: 0.000021 seconds.
  path: Assets/ModernSupermarket/Models/Furniture/Door_1jcm5g/Textures/Door_1jcm5g_o.png
  artifactKey: Guid(4528cecb8727d4a42a28d26edcefac19) Importer(2089858483,0ecaa5967403d082aa24f35e1b516d23)
Start importing Assets/ModernSupermarket/Models/Furniture/Door_1jcm5g/Textures/Door_1jcm5g_o.png using Guid(4528cecb8727d4a42a28d26edcefac19) Importer(2089858483,0ecaa5967403d082aa24f35e1b516d23) [PhysX] Initialized MultithreadedTaskDispatcher with 16 workers.
 -> (artifact id: 'e04838aad167f2a4dfaff022e474552b') in 0.015035 seconds
Number of updated asset objects reloaded before import = 0
Number of asset objects unloaded after import = 1
========================================================================
Received Import Request.
  Time since last request: 0.000018 seconds.
  path: Assets/ModernSupermarket/Models/Furniture/Slate_t3iq3t/Textures/Slate_t3iq3t_a.png
  artifactKey: Guid(29c464044e75eaa449dbbb1fc175b17a) Importer(2089858483,0ecaa5967403d082aa24f35e1b516d23)
Start importing Assets/ModernSupermarket/Models/Furniture/Slate_t3iq3t/Textures/Slate_t3iq3t_a.png using Guid(29c464044e75eaa449dbbb1fc175b17a) Importer(2089858483,0ecaa5967403d082aa24f35e1b516d23) [PhysX] Initialized MultithreadedTaskDispatcher with 16 workers.
 -> (artifact id: '136b6a3d56f9c70d729773d754c2d4d5') in 0.012893 seconds
Number of updated asset objects reloaded before import = 0
Number of asset objects unloaded after import = 1
========================================================================
Received Import Request.
  Time since last request: 0.000018 seconds.
  path: Assets/ModernSupermarket/Models/Furniture/Counter_wh1nba/Textures/Counter_wh1nba_n.png
  artifactKey: Guid(af58dd53a9eb8684dbd3cbe41a354ccc) Importer(2089858483,0ecaa5967403d082aa24f35e1b516d23)
Start importing Assets/ModernSupermarket/Models/Furniture/Counter_wh1nba/Textures/Counter_wh1nba_n.png using Guid(af58dd53a9eb8684dbd3cbe41a354ccc) Importer(2089858483,0ecaa5967403d082aa24f35e1b516d23) [PhysX] Initialized MultithreadedTaskDispatcher with 16 workers.
 -> (artifact id: '4eee1e94ac958bf3e27605a0a1e103da') in 0.015027 seconds
Number of updated asset objects reloaded before import = 0
Number of asset objects unloaded after import = 1
========================================================================
Received Import Request.
  Time since last request: 0.000023 seconds.
  path: Assets/ModernSupermarket/Models/Furniture/HeritageBuffet_wkjvvg/Textures/HeritageBuffet_wkjvvgVar01_m.png
  artifactKey: Guid(fe2ff1e838021cd45b561cb219c3e307) Importer(2089858483,0ecaa5967403d082aa24f35e1b516d23)
Start importing Assets/ModernSupermarket/Models/Furniture/HeritageBuffet_wkjvvg/Textures/HeritageBuffet_wkjvvgVar01_m.png using Guid(fe2ff1e838021cd45b561cb219c3e307) Importer(2089858483,0ecaa5967403d082aa24f35e1b516d23) [PhysX] Initialized MultithreadedTaskDispatcher with 16 workers.
 -> (artifact id: 'c0f4a9d331385804976550a73b866862') in 0.016037 seconds
Number of updated asset objects reloaded before import = 0
Number of asset objects unloaded after import = 1
========================================================================
Received Import Request.
  Time since last request: 0.000027 seconds.
  path: Assets/TextMesh Pro/Examples & Extras/Resources/Color Gradient Presets/Light to Dark Green - Vertical.asset
  artifactKey: Guid(5cf8ae092ca54931b443bec5148f3c59) Importer(2089858483,0ecaa5967403d082aa24f35e1b516d23)
Start importing Assets/TextMesh Pro/Examples & Extras/Resources/Color Gradient Presets/Light to Dark Green - Vertical.asset using Guid(5cf8ae092ca54931b443bec5148f3c59) Importer(2089858483,0ecaa5967403d082aa24f35e1b516d23) [PhysX] Initialized MultithreadedTaskDispatcher with 16 workers.
 -> (artifact id: '97f2e4b40ae78b185fa32d7752c5654c') in 0.010579 seconds
Number of updated asset objects reloaded before import = 0
Number of asset objects unloaded after import = 1
========================================================================
Received Import Request.
  Time since last request: 0.000025 seconds.
  path: Assets/ModernSupermarket/Models/Furniture/HeritageBuffet_wkjvvg/Textures/HeritageBuffet_wkjvvgVar01_a.png
  artifactKey: Guid(286322f11ba09214c879f951433ae3c7) Importer(2089858483,0ecaa5967403d082aa24f35e1b516d23)
Start importing Assets/ModernSupermarket/Models/Furniture/HeritageBuffet_wkjvvg/Textures/HeritageBuffet_wkjvvgVar01_a.png using Guid(286322f11ba09214c879f951433ae3c7) Importer(2089858483,0ecaa5967403d082aa24f35e1b516d23) [PhysX] Initialized MultithreadedTaskDispatcher with 16 workers.
 -> (artifact id: '88d8192390bdd1c797cabffd5012f764') in 0.013786 seconds
Number of updated asset objects reloaded before import = 0
Number of asset objects unloaded after import = 1
========================================================================
Received Import Request.
  Time since last request: 0.000017 seconds.
  path: Assets/ModernSupermarket/Models/Furniture/Sign_04h2fw/Textures/Sign_04h2fw_n.png
  artifactKey: Guid(32247fbba169f6344a9dd56d37e796ae) Importer(2089858483,0ecaa5967403d082aa24f35e1b516d23)
Start importing Assets/ModernSupermarket/Models/Furniture/Sign_04h2fw/Textures/Sign_04h2fw_n.png using Guid(32247fbba169f6344a9dd56d37e796ae) Importer(2089858483,0ecaa5967403d082aa24f35e1b516d23) [PhysX] Initialized MultithreadedTaskDispatcher with 16 workers.
 -> (artifact id: '0f76d7a1df4dc3cd6b1f2a89a86b58ba') in 0.012833 seconds
Number of updated asset objects reloaded before import = 0
Number of asset objects unloaded after import = 1
========================================================================
Received Import Request.
  Time since last request: 0.000017 seconds.
  path: Assets/ModernSupermarket/Models/Furniture/Freezer_9olxw5/Textures/Freezer_9olxw5_o.png
  artifactKey: Guid(0c72968742a1b5c439e24f6419b2efab) Importer(2089858483,0ecaa5967403d082aa24f35e1b516d23)
Start importing Assets/ModernSupermarket/Models/Furniture/Freezer_9olxw5/Textures/Freezer_9olxw5_o.png using Guid(0c72968742a1b5c439e24f6419b2efab) Importer(2089858483,0ecaa5967403d082aa24f35e1b516d23) [PhysX] Initialized MultithreadedTaskDispatcher with 16 workers.
 -> (artifact id: '9983d8b0e4de06ab914a75f33c107d91') in 0.013366 seconds
Number of updated asset objects reloaded before import = 0
Number of asset objects unloaded after import = 1
========================================================================
Received Import Request.
  Time since last request: 0.000020 seconds.
  path: Assets/ModernSupermarket/Scenes/Scene_Prefabs/Scene_Prefabs/LightingData.asset
  artifactKey: Guid(74bf2963d26f3d04389d38ec4ec92258) Importer(2089858483,0ecaa5967403d082aa24f35e1b516d23)
Start importing Assets/ModernSupermarket/Scenes/Scene_Prefabs/Scene_Prefabs/LightingData.asset using Guid(74bf2963d26f3d04389d38ec4ec92258) Importer(2089858483,0ecaa5967403d082aa24f35e1b516d23) [PhysX] Initialized MultithreadedTaskDispatcher with 16 workers.
 -> (artifact id: '43af9d803b4698a918eb61dfc51c566e') in 0.007458 seconds
Number of updated asset objects reloaded before import = 0
Number of asset objects unloaded after import = 2
========================================================================
Received Import Request.
  Time since last request: 0.000019 seconds.
  path: Assets/TextMesh Pro/Examples & Extras/Resources/Fonts & Materials/LiberationSans SDF - Overlay.mat
  artifactKey: Guid(9ad269c99dcf42b7aedefd83dd5a7b9d) Importer(2089858483,0ecaa5967403d082aa24f35e1b516d23)
Start importing Assets/TextMesh Pro/Examples & Extras/Resources/Fonts & Materials/LiberationSans SDF - Overlay.mat using Guid(9ad269c99dcf42b7aedefd83dd5a7b9d) Importer(2089858483,0ecaa5967403d082aa24f35e1b516d23) [PhysX] Initialized MultithreadedTaskDispatcher with 16 workers.
 -> (artifact id: 'cbdcc8ce6bf3762fba60d75c4af8ee70') in 0.018865 seconds
Number of updated asset objects reloaded before import = 0
Number of asset objects unloaded after import = 2
========================================================================
Received Import Request.
  Time since last request: 0.000018 seconds.
  path: Assets/ModernSupermarket/Models/Furniture/Grid_dyxmv5/Textures/Grid_dyxmv5_o.png
  artifactKey: Guid(4ba674a9ab7166e47aa9089868408ef8) Importer(2089858483,0ecaa5967403d082aa24f35e1b516d23)
Start importing Assets/ModernSupermarket/Models/Furniture/Grid_dyxmv5/Textures/Grid_dyxmv5_o.png using Guid(4ba674a9ab7166e47aa9089868408ef8) Importer(2089858483,0ecaa5967403d082aa24f35e1b516d23) [PhysX] Initialized MultithreadedTaskDispatcher with 16 workers.
 -> (artifact id: '3660fb7b8e00ad4c30b22433e791d48b') in 0.013163 seconds
Number of updated asset objects reloaded before import = 0
Number of asset objects unloaded after import = 1
========================================================================
Received Import Request.
  Time since last request: 0.000019 seconds.
  path: Assets/ModernSupermarket/Prefabs/Props/Utility/Crate_omgea6_Var02.prefab
  artifactKey: Guid(3b9a9ff64dbebc9449515f08eb16ed82) Importer(2089858483,0ecaa5967403d082aa24f35e1b516d23)
Start importing Assets/ModernSupermarket/Prefabs/Props/Utility/Crate_omgea6_Var02.prefab using Guid(3b9a9ff64dbebc9449515f08eb16ed82) Importer(2089858483,0ecaa5967403d082aa24f35e1b516d23) [PhysX] Initialized MultithreadedTaskDispatcher with 16 workers.
 -> (artifact id: '46b6aade7d5dbf442e4d2e28fbfb0ef8') in 0.014263 seconds
Number of updated asset objects reloaded before import = 0
Number of asset objects unloaded after import = 8
========================================================================
Received Import Request.
  Time since last request: 0.000019 seconds.
  path: Assets/ModernSupermarket/Models/Furniture/HeritageBuffet_wkjvvg/Textures/HeritageBuffet_wkjvvg_m.png
  artifactKey: Guid(0c6016336f3599e44b5624a5f8c90e1d) Importer(2089858483,0ecaa5967403d082aa24f35e1b516d23)
Start importing Assets/ModernSupermarket/Models/Furniture/HeritageBuffet_wkjvvg/Textures/HeritageBuffet_wkjvvg_m.png using Guid(0c6016336f3599e44b5624a5f8c90e1d) Importer(2089858483,0ecaa5967403d082aa24f35e1b516d23) [PhysX] Initialized MultithreadedTaskDispatcher with 16 workers.
 -> (artifact id: 'd52bc43dcb3282632a0f5a0fdb760a30') in 0.013593 seconds
Number of updated asset objects reloaded before import = 0
Number of asset objects unloaded after import = 1
========================================================================
Received Import Request.
  Time since last request: 0.000019 seconds.
  path: Assets/TextMesh Pro/Examples & Extras/Resources/Fonts & Materials/Roboto-Bold SDF - Drop Shadow.mat
  artifactKey: Guid(b246c4190f4e46ec9352fe15a7b09ce0) Importer(2089858483,0ecaa5967403d082aa24f35e1b516d23)
Start importing Assets/TextMesh Pro/Examples & Extras/Resources/Fonts & Materials/Roboto-Bold SDF - Drop Shadow.mat using Guid(b246c4190f4e46ec9352fe15a7b09ce0) Importer(2089858483,0ecaa5967403d082aa24f35e1b516d23) [PhysX] Initialized MultithreadedTaskDispatcher with 16 workers.
 -> (artifact id: 'f53cf561f7e461149ac8b4d34fae60ad') in 0.008977 seconds
Number of updated asset objects reloaded before import = 0
Number of asset objects unloaded after import = 2
========================================================================
Received Import Request.
  Time since last request: 0.834354 seconds.
  path: Assets/ModernSupermarket/Models/Furniture/Stall_6f5bo1/Textures/Stall_6f5bo1_o.png
  artifactKey: Guid(0c0a92f1dcbc0cd4b9021b3ec1557159) Importer(2089858483,0ecaa5967403d082aa24f35e1b516d23)
Start importing Assets/ModernSupermarket/Models/Furniture/Stall_6f5bo1/Textures/Stall_6f5bo1_o.png using Guid(0c0a92f1dcbc0cd4b9021b3ec1557159) Importer(2089858483,0ecaa5967403d082aa24f35e1b516d23) [PhysX] Initialized MultithreadedTaskDispatcher with 16 workers.
 -> (artifact id: '266d43726610cdb814768cca57272a3a') in 0.013343 seconds
Number of updated asset objects reloaded before import = 0
Number of asset objects unloaded after import = 1
========================================================================
Received Import Request.
  Time since last request: 0.000023 seconds.
  path: Assets/ModernSupermarket/Models/Props/Products/Rice_rewt3q/Rice_rewt3q.fbx
  artifactKey: Guid(8f37053c6aaec804b92be20689a8403f) Importer(2089858483,0ecaa5967403d082aa24f35e1b516d23)
Start importing Assets/ModernSupermarket/Models/Props/Products/Rice_rewt3q/Rice_rewt3q.fbx using Guid(8f37053c6aaec804b92be20689a8403f) Importer(2089858483,0ecaa5967403d082aa24f35e1b516d23) [PhysX] Initialized MultithreadedTaskDispatcher with 16 workers.
 -> (artifact id: '119811d5f7d8d4e9792f153c4fe09cec') in 0.013236 seconds
Number of updated asset objects reloaded before import = 0
Number of asset objects unloaded after import = 7
========================================================================
Received Import Request.
  Time since last request: 0.000018 seconds.
  path: Assets/ModernSupermarket/Models/Furniture/Table_x90owh/Textures/Table_x90owh_o.png
  artifactKey: Guid(1a8b7974e8c79d54aabf996d55ba5285) Importer(2089858483,0ecaa5967403d082aa24f35e1b516d23)
Start importing Assets/ModernSupermarket/Models/Furniture/Table_x90owh/Textures/Table_x90owh_o.png using Guid(1a8b7974e8c79d54aabf996d55ba5285) Importer(2089858483,0ecaa5967403d082aa24f35e1b516d23) [PhysX] Initialized MultithreadedTaskDispatcher with 16 workers.
 -> (artifact id: 'abafafe956ced0d96a0c5372ce723585') in 0.014055 seconds
Number of updated asset objects reloaded before import = 0
Number of asset objects unloaded after import = 1
========================================================================
Received Import Request.
  Time since last request: 0.000019 seconds.
  path: Assets/ModernSupermarket/Models/Props/Utility/Scale_av1k2p/Scale_av1k2p.fbx
  artifactKey: Guid(0e97d7f2cbfc4e84ca2632b10ac8282d) Importer(2089858483,0ecaa5967403d082aa24f35e1b516d23)
Start importing Assets/ModernSupermarket/Models/Props/Utility/Scale_av1k2p/Scale_av1k2p.fbx using Guid(0e97d7f2cbfc4e84ca2632b10ac8282d) Importer(2089858483,0ecaa5967403d082aa24f35e1b516d23) [PhysX] Initialized MultithreadedTaskDispatcher with 16 workers.
 -> (artifact id: '6df3aa487efc1f3981094424ca04eecd') in 0.014242 seconds
Number of updated asset objects reloaded before import = 0
Number of asset objects unloaded after import = 7
========================================================================
Received Import Request.
  Time since last request: 0.000015 seconds.
  path: Assets/ModernSupermarket/Models/Props/Products/CansPack_f98qxo/CansPack_f98qxo_Pack02.fbx
  artifactKey: Guid(d23ed9966529a074283dd4943b9704f5) Importer(2089858483,0ecaa5967403d082aa24f35e1b516d23)
Start importing Assets/ModernSupermarket/Models/Props/Products/CansPack_f98qxo/CansPack_f98qxo_Pack02.fbx using Guid(d23ed9966529a074283dd4943b9704f5) Importer(2089858483,0ecaa5967403d082aa24f35e1b516d23) [PhysX] Initialized MultithreadedTaskDispatcher with 16 workers.
 -> (artifact id: 'bda67bd05cb76270ac92bf793d1cfc1f') in 0.016717 seconds
Number of updated asset objects reloaded before import = 0
Number of asset objects unloaded after import = 7
========================================================================
Received Import Request.
  Time since last request: 0.000025 seconds.
  path: Assets/ModernSupermarket/Models/Props/Produce/Apple_k7nzrr/Apple_k7nzrr.fbx
  artifactKey: Guid(1bf6b94c4eda80242bca0de4e3d3e955) Importer(2089858483,0ecaa5967403d082aa24f35e1b516d23)
Start importing Assets/ModernSupermarket/Models/Props/Produce/Apple_k7nzrr/Apple_k7nzrr.fbx using Guid(1bf6b94c4eda80242bca0de4e3d3e955) Importer(2089858483,0ecaa5967403d082aa24f35e1b516d23) [PhysX] Initialized MultithreadedTaskDispatcher with 16 workers.
 -> (artifact id: '54123729fb45ba6174441636c4c9e299') in 0.013407 seconds
Number of updated asset objects reloaded before import = 0
Number of asset objects unloaded after import = 7
========================================================================
Received Import Request.
  Time since last request: 0.000029 seconds.
  path: Assets/ModernSupermarket/Models/Props/Products/Shampoo_lvhjkn/Shampoo_lvhjkn_Pack01.fbx
  artifactKey: Guid(06cf9435a8601124cae966e6c1b8cc36) Importer(2089858483,0ecaa5967403d082aa24f35e1b516d23)
Start importing Assets/ModernSupermarket/Models/Props/Products/Shampoo_lvhjkn/Shampoo_lvhjkn_Pack01.fbx using Guid(06cf9435a8601124cae966e6c1b8cc36) Importer(2089858483,0ecaa5967403d082aa24f35e1b516d23) [PhysX] Initialized MultithreadedTaskDispatcher with 16 workers.
 -> (artifact id: '3796956e161ac1c7090b197ddff73cec') in 0.013624 seconds
Number of updated asset objects reloaded before import = 0
Number of asset objects unloaded after import = 7
========================================================================
Received Import Request.
  Time since last request: 0.000018 seconds.
  path: Assets/ModernSupermarket/Models/Props/Products/Cream_jatl5h/Cream_jatl5h_Pack01.fbx
  artifactKey: Guid(08314a05586d8e3469d1e888b0eed683) Importer(2089858483,0ecaa5967403d082aa24f35e1b516d23)
Start importing Assets/ModernSupermarket/Models/Props/Products/Cream_jatl5h/Cream_jatl5h_Pack01.fbx using Guid(08314a05586d8e3469d1e888b0eed683) Importer(2089858483,0ecaa5967403d082aa24f35e1b516d23) [PhysX] Initialized MultithreadedTaskDispatcher with 16 workers.
 -> (artifact id: 'c8b327dbe907ac0d9af9d76f49aa25dd') in 0.015192 seconds
Number of updated asset objects reloaded before import = 0
Number of asset objects unloaded after import = 7
========================================================================
Received Import Request.
  Time since last request: 0.000020 seconds.
  path: Assets/ModernSupermarket/Models/Props/Utility/Anti-thefhtDoor_9qs8y9/Anti-theftDoor_9qs8y9.fbx
  artifactKey: Guid(56e2ddc56124e5546a0bb9b23c222ebd) Importer(2089858483,0ecaa5967403d082aa24f35e1b516d23)
Start importing Assets/ModernSupermarket/Models/Props/Utility/Anti-thefhtDoor_9qs8y9/Anti-theftDoor_9qs8y9.fbx using Guid(56e2ddc56124e5546a0bb9b23c222ebd) Importer(2089858483,0ecaa5967403d082aa24f35e1b516d23) [PhysX] Initialized MultithreadedTaskDispatcher with 16 workers.
 -> (artifact id: '08d09370fd9727870497a3ced238dc1d') in 0.013440 seconds
Number of updated asset objects reloaded before import = 0
Number of asset objects unloaded after import = 14
========================================================================
Received Import Request.
  Time since last request: 0.000021 seconds.
  path: Assets/ModernSupermarket/Models/Props/Produce/Garlic_tkqeno/Garlic_tkqeno_Pack01.fbx
  artifactKey: Guid(6b41d6835f5849e4aa3b98e6575e9584) Importer(2089858483,0ecaa5967403d082aa24f35e1b516d23)
Start importing Assets/ModernSupermarket/Models/Props/Produce/Garlic_tkqeno/Garlic_tkqeno_Pack01.fbx using Guid(6b41d6835f5849e4aa3b98e6575e9584) Importer(2089858483,0ecaa5967403d082aa24f35e1b516d23) [PhysX] Initialized MultithreadedTaskDispatcher with 16 workers.
 -> (artifact id: '87c451b3464f37d79ff1b84850f9e001') in 0.014396 seconds
Number of updated asset objects reloaded before import = 0
Number of asset objects unloaded after import = 7
========================================================================
Received Import Request.
  Time since last request: 0.000017 seconds.
  path: Assets/ModernSupermarket/Models/Props/Products/CrabSticks_mu7h0i/CrabSticks_mu7h0i.fbx
  artifactKey: Guid(6764a7f4f703f1548b89d010934951f8) Importer(2089858483,0ecaa5967403d082aa24f35e1b516d23)
Start importing Assets/ModernSupermarket/Models/Props/Products/CrabSticks_mu7h0i/CrabSticks_mu7h0i.fbx using Guid(6764a7f4f703f1548b89d010934951f8) Importer(2089858483,0ecaa5967403d082aa24f35e1b516d23) [PhysX] Initialized MultithreadedTaskDispatcher with 16 workers.
 -> (artifact id: '24dc28838bbfd3f093ed69ca415ea48a') in 0.012929 seconds
Number of updated asset objects reloaded before import = 0
Number of asset objects unloaded after import = 7
========================================================================
Received Import Request.
  Time since last request: 0.000021 seconds.
  path: Assets/ModernSupermarket/Models/Furniture/HeritageBuffet_wkjvvg/Textures/Materials/HeritageBuffet_wkjvvgVar01.mat
  artifactKey: Guid(8dfffd5d61e6f4b42b9466d4e2075450) Importer(2089858483,0ecaa5967403d082aa24f35e1b516d23)
Start importing Assets/ModernSupermarket/Models/Furniture/HeritageBuffet_wkjvvg/Textures/Materials/HeritageBuffet_wkjvvgVar01.mat using Guid(8dfffd5d61e6f4b42b9466d4e2075450) Importer(2089858483,0ecaa5967403d082aa24f35e1b516d23) [PhysX] Initialized MultithreadedTaskDispatcher with 16 workers.
 -> (artifact id: '9e2f9b87cd8593108f4549d9dab3a4a2') in 0.019950 seconds
Number of updated asset objects reloaded before import = 0
Number of asset objects unloaded after import = 6
========================================================================
Received Import Request.
  Time since last request: 0.000018 seconds.
  path: Assets/ModernSupermarket/Models/Props/Products/Cheese_ipc281/Cheese_ipc281_Pack01.fbx
  artifactKey: Guid(b26779a65dff216459a546a32c926389) Importer(2089858483,0ecaa5967403d082aa24f35e1b516d23)
Start importing Assets/ModernSupermarket/Models/Props/Products/Cheese_ipc281/Cheese_ipc281_Pack01.fbx using Guid(b26779a65dff216459a546a32c926389) Importer(2089858483,0ecaa5967403d082aa24f35e1b516d23) [PhysX] Initialized MultithreadedTaskDispatcher with 16 workers.
 -> (artifact id: '5f2cc38f22e9d99069b6d0e04a398fe2') in 0.013593 seconds
Number of updated asset objects reloaded before import = 0
Number of asset objects unloaded after import = 7
========================================================================
Received Import Request.
  Time since last request: 0.000021 seconds.
  path: Assets/ModernSupermarket/Models/Furniture/Fridge_f13xen/Textures/Materials/Fridge_f13xen.mat
  artifactKey: Guid(d8b0a8ced23c292479107644e28a85ca) Importer(2089858483,0ecaa5967403d082aa24f35e1b516d23)
Start importing Assets/ModernSupermarket/Models/Furniture/Fridge_f13xen/Textures/Materials/Fridge_f13xen.mat using Guid(d8b0a8ced23c292479107644e28a85ca) Importer(2089858483,0ecaa5967403d082aa24f35e1b516d23) [PhysX] Initialized MultithreadedTaskDispatcher with 16 workers.
 -> (artifact id: 'aa49e2f064b5dec92fd110b14dbbcc53') in 0.016512 seconds
Number of updated asset objects reloaded before import = 0
Number of asset objects unloaded after import = 6
========================================================================
Received Import Request.
  Time since last request: 0.000020 seconds.
  path: Assets/ModernSupermarket/Models/Props/Produce/Mushroom_43xvit/Mushroom_43xvit_Pack01.fbx
  artifactKey: Guid(ffcae042fbea6b8439bd9d7a26ab7a86) Importer(2089858483,0ecaa5967403d082aa24f35e1b516d23)
Start importing Assets/ModernSupermarket/Models/Props/Produce/Mushroom_43xvit/Mushroom_43xvit_Pack01.fbx using Guid(ffcae042fbea6b8439bd9d7a26ab7a86) Importer(2089858483,0ecaa5967403d082aa24f35e1b516d23) [PhysX] Initialized MultithreadedTaskDispatcher with 16 workers.
 -> (artifact id: 'f318394994d6ef1ec07449665cc94265') in 0.012787 seconds
Number of updated asset objects reloaded before import = 0
Number of asset objects unloaded after import = 7
========================================================================
Received Import Request.
  Time since last request: 0.000019 seconds.
  path: Assets/ModernSupermarket/Models/Props/Products/EggBox12x_7zw3j2/EggBox12x_7zw3j2.fbx
  artifactKey: Guid(25123d2aa3d943f4aba992e44a744e32) Importer(2089858483,0ecaa5967403d082aa24f35e1b516d23)
Start importing Assets/ModernSupermarket/Models/Props/Products/EggBox12x_7zw3j2/EggBox12x_7zw3j2.fbx using Guid(25123d2aa3d943f4aba992e44a744e32) Importer(2089858483,0ecaa5967403d082aa24f35e1b516d23) [PhysX] Initialized MultithreadedTaskDispatcher with 16 workers.
 -> (artifact id: '035b0a859fb16af5a72861ed1dbdbd61') in 0.013969 seconds
Number of updated asset objects reloaded before import = 0
Number of asset objects unloaded after import = 7
========================================================================
Received Import Request.
  Time since last request: 0.000017 seconds.
  path: Assets/ModernSupermarket/Models/Props/Products/MilkBrick_e8foxc/MilkBrick_e8foxc_Pack01.fbx
  artifactKey: Guid(f3fcc5bb972f681499e53ae50457c0d9) Importer(2089858483,0ecaa5967403d082aa24f35e1b516d23)
Start importing Assets/ModernSupermarket/Models/Props/Products/MilkBrick_e8foxc/MilkBrick_e8foxc_Pack01.fbx using Guid(f3fcc5bb972f681499e53ae50457c0d9) Importer(2089858483,0ecaa5967403d082aa24f35e1b516d23) [PhysX] Initialized MultithreadedTaskDispatcher with 16 workers.
 -> (artifact id: '144e9bb3d91d86c012ab77d5e4add371') in 0.012960 seconds
Number of updated asset objects reloaded before import = 0
Number of asset objects unloaded after import = 7
========================================================================
Received Import Request.
  Time since last request: 0.000015 seconds.
  path: Assets/ModernSupermarket/Models/Props/Products/Alcohol_qi7uqvr/Alcohol_qi7uqv_Pack01.fbx
  artifactKey: Guid(6d30ae52d5866a8459f40f4b5b623d1a) Importer(2089858483,0ecaa5967403d082aa24f35e1b516d23)
Start importing Assets/ModernSupermarket/Models/Props/Products/Alcohol_qi7uqvr/Alcohol_qi7uqv_Pack01.fbx using Guid(6d30ae52d5866a8459f40f4b5b623d1a) Importer(2089858483,0ecaa5967403d082aa24f35e1b516d23) [PhysX] Initialized MultithreadedTaskDispatcher with 16 workers.
 -> (artifact id: '917ad26602d81f862282ac01976a84f9') in 0.015333 seconds
Number of updated asset objects reloaded before import = 0
Number of asset objects unloaded after import = 7
========================================================================
Received Import Request.
  Time since last request: 0.000019 seconds.
  path: Assets/ModernSupermarket/Models/Props/Products/Oil_ nutmjk/Oil_ nutmjk.fbx
  artifactKey: Guid(6ecd5dcba59d4554b8e45bb286db6808) Importer(2089858483,0ecaa5967403d082aa24f35e1b516d23)
Start importing Assets/ModernSupermarket/Models/Props/Products/Oil_ nutmjk/Oil_ nutmjk.fbx using Guid(6ecd5dcba59d4554b8e45bb286db6808) Importer(2089858483,0ecaa5967403d082aa24f35e1b516d23) [PhysX] Initialized MultithreadedTaskDispatcher with 16 workers.
 -> (artifact id: '1484163e313ae77ca8cef87101f52f4f') in 0.012718 seconds
Number of updated asset objects reloaded before import = 0
Number of asset objects unloaded after import = 7
========================================================================
Received Import Request.
  Time since last request: 0.000018 seconds.
  path: Assets/ModernSupermarket/Models/Furniture/Door_1jcm5g/Textures/Materials/Door_1jcm5g_a.mat
  artifactKey: Guid(a8be50d49f7bfe843a08a92604c190f8) Importer(2089858483,0ecaa5967403d082aa24f35e1b516d23)
Start importing Assets/ModernSupermarket/Models/Furniture/Door_1jcm5g/Textures/Materials/Door_1jcm5g_a.mat using Guid(a8be50d49f7bfe843a08a92604c190f8) Importer(2089858483,0ecaa5967403d082aa24f35e1b516d23) [PhysX] Initialized MultithreadedTaskDispatcher with 16 workers.
 -> (artifact id: '50f9c8ede8f53806ca6b9479db6191f3') in 0.013872 seconds
Number of updated asset objects reloaded before import = 0
Number of asset objects unloaded after import = 5
========================================================================
Received Import Request.
  Time since last request: 0.000022 seconds.
  path: Assets/ModernSupermarket/Models/Props/Produce/Mango_1xw10k/Mango_1xw10k.fbx
  artifactKey: Guid(024815e3b42c0a840bf2cf60a741d0ca) Importer(2089858483,0ecaa5967403d082aa24f35e1b516d23)
Start importing Assets/ModernSupermarket/Models/Props/Produce/Mango_1xw10k/Mango_1xw10k.fbx using Guid(024815e3b42c0a840bf2cf60a741d0ca) Importer(2089858483,0ecaa5967403d082aa24f35e1b516d23) [PhysX] Initialized MultithreadedTaskDispatcher with 16 workers.
 -> (artifact id: 'f55d6a055378f6fa6a9877f14ac4bfcc') in 0.012852 seconds
Number of updated asset objects reloaded before import = 0
Number of asset objects unloaded after import = 7
========================================================================
Received Import Request.
  Time since last request: 0.000025 seconds.
  path: Assets/ModernSupermarket/Models/Props/Products/MeatTray_bbcwdq/MeatTray_bbcwdq.fbx
  artifactKey: Guid(d4695bf655a62b44e9a995cefc69cd73) Importer(2089858483,0ecaa5967403d082aa24f35e1b516d23)
Start importing Assets/ModernSupermarket/Models/Props/Products/MeatTray_bbcwdq/MeatTray_bbcwdq.fbx using Guid(d4695bf655a62b44e9a995cefc69cd73) Importer(2089858483,0ecaa5967403d082aa24f35e1b516d23) [PhysX] Initialized MultithreadedTaskDispatcher with 16 workers.
 -> (artifact id: '83bb58fd2af3a2001f097f115daa5c63') in 0.016999 seconds
Number of updated asset objects reloaded before import = 0
Number of asset objects unloaded after import = 7
========================================================================
Received Import Request.
  Time since last request: 0.000023 seconds.
  path: Assets/ModernSupermarket/Models/Props/Products/Cheese_dx1ygk/Cheese_dx1ygk_Pack01.fbx
  artifactKey: Guid(a0e6322cee040874590957e4f752e5ec) Importer(2089858483,0ecaa5967403d082aa24f35e1b516d23)
Start importing Assets/ModernSupermarket/Models/Props/Products/Cheese_dx1ygk/Cheese_dx1ygk_Pack01.fbx using Guid(a0e6322cee040874590957e4f752e5ec) Importer(2089858483,0ecaa5967403d082aa24f35e1b516d23) [PhysX] Initialized MultithreadedTaskDispatcher with 16 workers.
 -> (artifact id: 'bf59d45889d2e7b5a85b0c0f8a46e1bb') in 0.012432 seconds
Number of updated asset objects reloaded before import = 0
Number of asset objects unloaded after import = 7
========================================================================
Received Import Request.
  Time since last request: 0.000021 seconds.
  path: Assets/ModernSupermarket/Models/Props/Products/Sugar_prsmvy/Sugar_prsmvy.fbx
  artifactKey: Guid(c6caf597be613e645aa3e39b0f8b860d) Importer(2089858483,0ecaa5967403d082aa24f35e1b516d23)
Start importing Assets/ModernSupermarket/Models/Props/Products/Sugar_prsmvy/Sugar_prsmvy.fbx using Guid(c6caf597be613e645aa3e39b0f8b860d) Importer(2089858483,0ecaa5967403d082aa24f35e1b516d23) [PhysX] Initialized MultithreadedTaskDispatcher with 16 workers.
 -> (artifact id: '2d40180774d7dce3fe665362d61fc77d') in 0.011688 seconds
Number of updated asset objects reloaded before import = 0
Number of asset objects unloaded after import = 7
========================================================================
Received Import Request.
  Time since last request: 0.000020 seconds.
  path: Assets/ModernSupermarket/Models/Props/Products/JuiceBrick_6ljfy3/JuiceBrick_6ljfy3.fbx
  artifactKey: Guid(6fb648af9b2299b4eb39c85d83d2a5a2) Importer(2089858483,0ecaa5967403d082aa24f35e1b516d23)
Start importing Assets/ModernSupermarket/Models/Props/Products/JuiceBrick_6ljfy3/JuiceBrick_6ljfy3.fbx using Guid(6fb648af9b2299b4eb39c85d83d2a5a2) Importer(2089858483,0ecaa5967403d082aa24f35e1b516d23) [PhysX] Initialized MultithreadedTaskDispatcher with 16 workers.
 -> (artifact id: '3d4b8bb50bf319f83bc3efd4be1bcee6') in 0.012599 seconds
Number of updated asset objects reloaded before import = 0
Number of asset objects unloaded after import = 7
========================================================================
Received Import Request.
  Time since last request: 0.000019 seconds.
  path: Assets/ModernSupermarket/Models/Props/Utility/Crate_omgea6/Crate_omgea6.fbx
  artifactKey: Guid(873a8cb3908dc364285092e516b1c806) Importer(2089858483,0ecaa5967403d082aa24f35e1b516d23)
Start importing Assets/ModernSupermarket/Models/Props/Utility/Crate_omgea6/Crate_omgea6.fbx using Guid(873a8cb3908dc364285092e516b1c806) Importer(2089858483,0ecaa5967403d082aa24f35e1b516d23) [PhysX] Initialized MultithreadedTaskDispatcher with 16 workers.
 -> (artifact id: '1843db0930fb580012a15ea7dbb84375') in 0.013156 seconds
Number of updated asset objects reloaded before import = 0
Number of asset objects unloaded after import = 19
========================================================================
Received Import Request.
  Time since last request: 0.000023 seconds.
  path: Assets/ModernSupermarket/Models/Props/Products/Vase_0p0iky/Vase_0p0iky.fbx
  artifactKey: Guid(f5da7c9845abe46459293000d46e0a28) Importer(2089858483,0ecaa5967403d082aa24f35e1b516d23)
Start importing Assets/ModernSupermarket/Models/Props/Products/Vase_0p0iky/Vase_0p0iky.fbx using Guid(f5da7c9845abe46459293000d46e0a28) Importer(2089858483,0ecaa5967403d082aa24f35e1b516d23) [PhysX] Initialized MultithreadedTaskDispatcher with 16 workers.
 -> (artifact id: '48b124f9365fb95968f29870cff94d5e') in 0.016752 seconds
Number of updated asset objects reloaded before import = 0
Number of asset objects unloaded after import = 19
========================================================================
Received Import Request.
  Time since last request: 0.000025 seconds.
  path: Assets/ModernSupermarket/Models/Props/Products/Decoration_3k4dyn/Decoration_3k4dyn.fbx
  artifactKey: Guid(6cd8ef7cad278f841bf04252df260ed2) Importer(2089858483,0ecaa5967403d082aa24f35e1b516d23)
Start importing Assets/ModernSupermarket/Models/Props/Products/Decoration_3k4dyn/Decoration_3k4dyn.fbx using Guid(6cd8ef7cad278f841bf04252df260ed2) Importer(2089858483,0ecaa5967403d082aa24f35e1b516d23) [PhysX] Initialized MultithreadedTaskDispatcher with 16 workers.
 -> (artifact id: '86144cd80d841deaa62ace188d86554e') in 0.018152 seconds
Number of updated asset objects reloaded before import = 0
Number of asset objects unloaded after import = 34
========================================================================
Received Import Request.
  Time since last request: 0.000018 seconds.
  path: Assets/ModernSupermarket/Models/Props/Products/Paintings_wmgwnw/Paintings_wmgwnw.fbx
  artifactKey: Guid(94fc3565bb585d74db1ecc2bb9ea6cbc) Importer(2089858483,0ecaa5967403d082aa24f35e1b516d23)
Start importing Assets/ModernSupermarket/Models/Props/Products/Paintings_wmgwnw/Paintings_wmgwnw.fbx using Guid(94fc3565bb585d74db1ecc2bb9ea6cbc) Importer(2089858483,0ecaa5967403d082aa24f35e1b516d23) [PhysX] Initialized MultithreadedTaskDispatcher with 16 workers.
 -> (artifact id: 'a015a38c2db6ff817395931ad8b47a44') in 0.015602 seconds
Number of updated asset objects reloaded before import = 0
Number of asset objects unloaded after import = 19
========================================================================
Received Import Request.
  Time since last request: 0.000020 seconds.
  path: Assets/ModernSupermarket/Models/Furniture/Checkout_gueqmj/Textures/Materials/Checkout_gueqmj.mat
  artifactKey: Guid(326919829ef5b5448a139ef9eb30d833) Importer(2089858483,0ecaa5967403d082aa24f35e1b516d23)
Start importing Assets/ModernSupermarket/Models/Furniture/Checkout_gueqmj/Textures/Materials/Checkout_gueqmj.mat using Guid(326919829ef5b5448a139ef9eb30d833) Importer(2089858483,0ecaa5967403d082aa24f35e1b516d23) [PhysX] Initialized MultithreadedTaskDispatcher with 16 workers.
 -> (artifact id: 'a07aabdcaff7245f9b5ed3823e3f23f2') in 0.018462 seconds
Number of updated asset objects reloaded before import = 0
Number of asset objects unloaded after import = 7
========================================================================
Received Import Request.
  Time since last request: 0.000020 seconds.
  path: Assets/ModernSupermarket/Models/Props/Products/Bleach_irrpnt/Bleach_irrpnt_Pack02.fbx
  artifactKey: Guid(2ecb8750f63db7f43b589e436d264dda) Importer(2089858483,0ecaa5967403d082aa24f35e1b516d23)
Start importing Assets/ModernSupermarket/Models/Props/Products/Bleach_irrpnt/Bleach_irrpnt_Pack02.fbx using Guid(2ecb8750f63db7f43b589e436d264dda) Importer(2089858483,0ecaa5967403d082aa24f35e1b516d23) [PhysX] Initialized MultithreadedTaskDispatcher with 16 workers.
 -> (artifact id: '49bfc88f711a4bd31b8b922f04c9ab44') in 0.014419 seconds
Number of updated asset objects reloaded before import = 0
Number of asset objects unloaded after import = 7
========================================================================
Received Import Request.
  Time since last request: 0.000020 seconds.
  path: Assets/ModernSupermarket/Models/Props/Produce/Clementine_7okhg9/Clementine_7okhg9_Pack01.fbx
  artifactKey: Guid(7376456b376d730408ad0120fd4087cc) Importer(2089858483,0ecaa5967403d082aa24f35e1b516d23)
Start importing Assets/ModernSupermarket/Models/Props/Produce/Clementine_7okhg9/Clementine_7okhg9_Pack01.fbx using Guid(7376456b376d730408ad0120fd4087cc) Importer(2089858483,0ecaa5967403d082aa24f35e1b516d23) [PhysX] Initialized MultithreadedTaskDispatcher with 16 workers.
 -> (artifact id: '70e03f5974c8ce6310ee92fd721a65c8') in 0.015033 seconds
Number of updated asset objects reloaded before import = 0
Number of asset objects unloaded after import = 7
========================================================================
Received Import Request.
  Time since last request: 0.000022 seconds.
  path: Assets/ModernSupermarket/Models/Props/Products/ChocolateBox_b94wj0/ChocolateBox_b94wj0.fbx
  artifactKey: Guid(d0acea62a3ddcbf4f8251bcd6d8d87aa) Importer(2089858483,0ecaa5967403d082aa24f35e1b516d23)
Start importing Assets/ModernSupermarket/Models/Props/Products/ChocolateBox_b94wj0/ChocolateBox_b94wj0.fbx using Guid(d0acea62a3ddcbf4f8251bcd6d8d87aa) Importer(2089858483,0ecaa5967403d082aa24f35e1b516d23) [PhysX] Initialized MultithreadedTaskDispatcher with 16 workers.
 -> (artifact id: '8be4108dff1b3055eaca36e48dcd214d') in 0.016887 seconds
Number of updated asset objects reloaded before import = 0
Number of asset objects unloaded after import = 7
========================================================================
Received Import Request.
  Time since last request: 0.000018 seconds.
  path: Assets/ModernSupermarket/Models/Furniture/Counter_attlsv/Textures/Materials/Counter_attlsvVar01.mat
  artifactKey: Guid(7675f26605a8a484f96b88ae3af0816e) Importer(2089858483,0ecaa5967403d082aa24f35e1b516d23)
Start importing Assets/ModernSupermarket/Models/Furniture/Counter_attlsv/Textures/Materials/Counter_attlsvVar01.mat using Guid(7675f26605a8a484f96b88ae3af0816e) Importer(2089858483,0ecaa5967403d082aa24f35e1b516d23) [PhysX] Initialized MultithreadedTaskDispatcher with 16 workers.
 -> (artifact id: '239ca4ea6b562a50ae0104be308c5a1b') in 0.018548 seconds
Number of updated asset objects reloaded before import = 0
Number of asset objects unloaded after import = 6
========================================================================
Received Import Request.
  Time since last request: 0.000019 seconds.
  path: Assets/ModernSupermarket/Models/Props/Products/Laundry_mm7gx5/Laundry_mm7gx5.fbx
  artifactKey: Guid(8236a3be3b22782418e3b65f1440e3b6) Importer(2089858483,0ecaa5967403d082aa24f35e1b516d23)
Start importing Assets/ModernSupermarket/Models/Props/Products/Laundry_mm7gx5/Laundry_mm7gx5.fbx using Guid(8236a3be3b22782418e3b65f1440e3b6) Importer(2089858483,0ecaa5967403d082aa24f35e1b516d23) [PhysX] Initialized MultithreadedTaskDispatcher with 16 workers.
 -> (artifact id: '044001a541d897db0696b27b819a278f') in 0.015490 seconds
Number of updated asset objects reloaded before import = 0
Number of asset objects unloaded after import = 7
========================================================================
Received Import Request.
  Time since last request: 0.000019 seconds.
  path: Assets/ModernSupermarket/Models/Props/Products/FrozenBox_vhvpd4/FrozenBox_vhvpd4_Pack01.fbx
  artifactKey: Guid(5e5475bc32fd63c43b84a3216985ad18) Importer(2089858483,0ecaa5967403d082aa24f35e1b516d23)
Start importing Assets/ModernSupermarket/Models/Props/Products/FrozenBox_vhvpd4/FrozenBox_vhvpd4_Pack01.fbx using Guid(5e5475bc32fd63c43b84a3216985ad18) Importer(2089858483,0ecaa5967403d082aa24f35e1b516d23) [PhysX] Initialized MultithreadedTaskDispatcher with 16 workers.
 -> (artifact id: '5a44a2e36d936e131d96fa681e269576') in 0.012594 seconds
Number of updated asset objects reloaded before import = 0
Number of asset objects unloaded after import = 7
========================================================================
Received Import Request.
  Time since last request: 0.000027 seconds.
  path: Assets/ModernSupermarket/Models/Furniture/Fridge_f13xen/Textures/Materials/Fridge_f13xen_Glass.mat
  artifactKey: Guid(79e9c16500e3f2740b02daebf00d8ac9) Importer(2089858483,0ecaa5967403d082aa24f35e1b516d23)
Start importing Assets/ModernSupermarket/Models/Furniture/Fridge_f13xen/Textures/Materials/Fridge_f13xen_Glass.mat using Guid(79e9c16500e3f2740b02daebf00d8ac9) Importer(2089858483,0ecaa5967403d082aa24f35e1b516d23) [PhysX] Initialized MultithreadedTaskDispatcher with 16 workers.
 -> (artifact id: 'd773e529b8ffc06bd740e523e8af158e') in 0.017090 seconds
Number of updated asset objects reloaded before import = 0
Number of asset objects unloaded after import = 5
========================================================================
Received Import Request.
  Time since last request: 0.000020 seconds.
  path: Assets/ModernSupermarket/Models/Props/Products/SweetJar_ma0jsk/SweetJar_ma0jsk_Pack01.fbx
  artifactKey: Guid(34774a7ef1ad6e141898d3f312fee59a) Importer(2089858483,0ecaa5967403d082aa24f35e1b516d23)
Start importing Assets/ModernSupermarket/Models/Props/Products/SweetJar_ma0jsk/SweetJar_ma0jsk_Pack01.fbx using Guid(34774a7ef1ad6e141898d3f312fee59a) Importer(2089858483,0ecaa5967403d082aa24f35e1b516d23) [PhysX] Initialized MultithreadedTaskDispatcher with 16 workers.
 -> (artifact id: '3218ca89a6aa52933fccd425eedff960') in 0.014830 seconds
Number of updated asset objects reloaded before import = 0
Number of asset objects unloaded after import = 7
========================================================================
Received Import Request.
  Time since last request: 0.000021 seconds.
  path: Assets/ModernSupermarket/Models/Props/Produce/Onion_mut7xz/Onion_mut7xz.fbx
  artifactKey: Guid(5bc4e3133877e1a4b940688072420287) Importer(2089858483,0ecaa5967403d082aa24f35e1b516d23)
Start importing Assets/ModernSupermarket/Models/Props/Produce/Onion_mut7xz/Onion_mut7xz.fbx using Guid(5bc4e3133877e1a4b940688072420287) Importer(2089858483,0ecaa5967403d082aa24f35e1b516d23) [PhysX] Initialized MultithreadedTaskDispatcher with 16 workers.
 -> (artifact id: 'c59bf5e9eaf413cee139433ae00eb528') in 0.014602 seconds
Number of updated asset objects reloaded before import = 0
Number of asset objects unloaded after import = 7
========================================================================
Received Import Request.
  Time since last request: 0.000025 seconds.
  path: Assets/ModernSupermarket/Models/Props/Produce/Pumpkin_hjtgsa/Pumpkin_hjtgsa.fbx
  artifactKey: Guid(0213e2957d3b14b48a0f87929ea5f22b) Importer(2089858483,0ecaa5967403d082aa24f35e1b516d23)
Start importing Assets/ModernSupermarket/Models/Props/Produce/Pumpkin_hjtgsa/Pumpkin_hjtgsa.fbx using Guid(0213e2957d3b14b48a0f87929ea5f22b) Importer(2089858483,0ecaa5967403d082aa24f35e1b516d23) [PhysX] Initialized MultithreadedTaskDispatcher with 16 workers.
 -> (artifact id: '42b8aa2864c7a53670b5f508dde0489d') in 0.013707 seconds
Number of updated asset objects reloaded before import = 0
Number of asset objects unloaded after import = 7
========================================================================
Received Import Request.
  Time since last request: 0.000023 seconds.
  path: Assets/ModernSupermarket/Models/Props/Products/Butter_5ttny6/Butter_5ttny6.fbx
  artifactKey: Guid(d46253bee40317946be4003c114638c7) Importer(2089858483,0ecaa5967403d082aa24f35e1b516d23)
Start importing Assets/ModernSupermarket/Models/Props/Products/Butter_5ttny6/Butter_5ttny6.fbx using Guid(d46253bee40317946be4003c114638c7) Importer(2089858483,0ecaa5967403d082aa24f35e1b516d23) [PhysX] Initialized MultithreadedTaskDispatcher with 16 workers.
 -> (artifact id: 'a29a1bc1d251565aa586a2f76fd183c0') in 0.013617 seconds
Number of updated asset objects reloaded before import = 0
Number of asset objects unloaded after import = 7
========================================================================
Received Import Request.
  Time since last request: 0.000017 seconds.
  path: Assets/ModernSupermarket/Models/Props/Utility/Camera_fbj1by/Camera_fbj1by.fbx
  artifactKey: Guid(2c77d9652c8d39f48ae8280e655fe419) Importer(2089858483,0ecaa5967403d082aa24f35e1b516d23)
Start importing Assets/ModernSupermarket/Models/Props/Utility/Camera_fbj1by/Camera_fbj1by.fbx using Guid(2c77d9652c8d39f48ae8280e655fe419) Importer(2089858483,0ecaa5967403d082aa24f35e1b516d23) [PhysX] Initialized MultithreadedTaskDispatcher with 16 workers.
 -> (artifact id: '1207916e21293bed1d43b226ac3b25c5') in 0.015717 seconds
Number of updated asset objects reloaded before import = 0
Number of asset objects unloaded after import = 14
========================================================================
Received Import Request.
  Time since last request: 0.000023 seconds.
  path: Assets/ModernSupermarket/Models/Props/Products/Milk_l6slvx/Milk_l6slvx.fbx
  artifactKey: Guid(a31b0e4e6b9fd6840b53533ad09e6787) Importer(2089858483,0ecaa5967403d082aa24f35e1b516d23)
Start importing Assets/ModernSupermarket/Models/Props/Products/Milk_l6slvx/Milk_l6slvx.fbx using Guid(a31b0e4e6b9fd6840b53533ad09e6787) Importer(2089858483,0ecaa5967403d082aa24f35e1b516d23) [PhysX] Initialized MultithreadedTaskDispatcher with 16 workers.
 -> (artifact id: '4ce965a6bc8bc6632120969b721a85df') in 0.013531 seconds
Number of updated asset objects reloaded before import = 0
Number of asset objects unloaded after import = 7
========================================================================
Received Import Request.
  Time since last request: 0.000018 seconds.
  path: Assets/ModernSupermarket/Models/Props/Products/Ham_wplnxm/Ham_wplnxm_Pack01.fbx
  artifactKey: Guid(b11d3cbfc9d495c498601059e7aeb3a0) Importer(2089858483,0ecaa5967403d082aa24f35e1b516d23)
Start importing Assets/ModernSupermarket/Models/Props/Products/Ham_wplnxm/Ham_wplnxm_Pack01.fbx using Guid(b11d3cbfc9d495c498601059e7aeb3a0) Importer(2089858483,0ecaa5967403d082aa24f35e1b516d23) [PhysX] Initialized MultithreadedTaskDispatcher with 16 workers.
 -> (artifact id: '1650f6ce6c9af8e684a3f5152df6f555') in 0.013263 seconds
Number of updated asset objects reloaded before import = 0
Number of asset objects unloaded after import = 7
========================================================================
Received Import Request.
  Time since last request: 0.000022 seconds.
  path: Assets/ModernSupermarket/Models/Props/Products/Pepper_ybmiq9/Pepper_ybmiq9_Pack01.fbx
  artifactKey: Guid(1e03f7d68c2056b46a545685a82672da) Importer(2089858483,0ecaa5967403d082aa24f35e1b516d23)
Start importing Assets/ModernSupermarket/Models/Props/Products/Pepper_ybmiq9/Pepper_ybmiq9_Pack01.fbx using Guid(1e03f7d68c2056b46a545685a82672da) Importer(2089858483,0ecaa5967403d082aa24f35e1b516d23) [PhysX] Initialized MultithreadedTaskDispatcher with 16 workers.
 -> (artifact id: 'a9cf8b45beb58b5b81e647b573403682') in 0.013751 seconds
Number of updated asset objects reloaded before import = 0
Number of asset objects unloaded after import = 7
========================================================================
Received Import Request.
  Time since last request: 0.000021 seconds.
  path: Assets/ModernSupermarket/Models/Props/Products/Books_bpxngl/Books_bpxngl.fbx
  artifactKey: Guid(7b42ba0e6e0cd734f89521146da796e1) Importer(2089858483,0ecaa5967403d082aa24f35e1b516d23)
Start importing Assets/ModernSupermarket/Models/Props/Products/Books_bpxngl/Books_bpxngl.fbx using Guid(7b42ba0e6e0cd734f89521146da796e1) Importer(2089858483,0ecaa5967403d082aa24f35e1b516d23) [PhysX] Initialized MultithreadedTaskDispatcher with 16 workers.
 -> (artifact id: '192f091d841c177aa0bfb2fc7f9b8dd7') in 0.024508 seconds
Number of updated asset objects reloaded before import = 0
Number of asset objects unloaded after import = 64
========================================================================
Received Import Request.
  Time since last request: 0.000017 seconds.
  path: Assets/ModernSupermarket/Models/Furniture/HeritageStall_0hvi4w/Textures/Materials/HeritageStall_0hvi4w.mat
  artifactKey: Guid(f590a352fd8f6a44a964e02159fb3d47) Importer(2089858483,0ecaa5967403d082aa24f35e1b516d23)
Start importing Assets/ModernSupermarket/Models/Furniture/HeritageStall_0hvi4w/Textures/Materials/HeritageStall_0hvi4w.mat using Guid(f590a352fd8f6a44a964e02159fb3d47) Importer(2089858483,0ecaa5967403d082aa24f35e1b516d23) [PhysX] Initialized MultithreadedTaskDispatcher with 16 workers.
 -> (artifact id: '78b9c615fbc56ea609fb9025fe9ea421') in 0.015924 seconds
Number of updated asset objects reloaded before import = 0
Number of asset objects unloaded after import = 5
========================================================================
Received Import Request.
  Time since last request: 0.000018 seconds.
  path: Assets/ModernSupermarket/Models/Props/Products/Bag_s45li3/Bag_s45li3_Pack01.fbx
  artifactKey: Guid(1f72446b148247d4e8da653722d98014) Importer(2089858483,0ecaa5967403d082aa24f35e1b516d23)
Start importing Assets/ModernSupermarket/Models/Props/Products/Bag_s45li3/Bag_s45li3_Pack01.fbx using Guid(1f72446b148247d4e8da653722d98014) Importer(2089858483,0ecaa5967403d082aa24f35e1b516d23) [PhysX] Initialized MultithreadedTaskDispatcher with 16 workers.
 -> (artifact id: '157495bccfb405997a5b92917824abd0') in 0.013052 seconds
Number of updated asset objects reloaded before import = 0
Number of asset objects unloaded after import = 7
========================================================================
Received Import Request.
  Time since last request: 0.000018 seconds.
  path: Assets/ModernSupermarket/Models/Props/Utility/Crate_7qf4hw/Crate_7qf4hw.fbx
  artifactKey: Guid(f408e9c7828346d4e84744d26fb59367) Importer(2089858483,0ecaa5967403d082aa24f35e1b516d23)
Start importing Assets/ModernSupermarket/Models/Props/Utility/Crate_7qf4hw/Crate_7qf4hw.fbx using Guid(f408e9c7828346d4e84744d26fb59367) Importer(2089858483,0ecaa5967403d082aa24f35e1b516d23) [PhysX] Initialized MultithreadedTaskDispatcher with 16 workers.
 -> (artifact id: 'e5401699ee09e177a094f6e5d42f4250') in 0.012199 seconds
Number of updated asset objects reloaded before import = 0
Number of asset objects unloaded after import = 7
========================================================================
Received Import Request.
  Time since last request: 0.000022 seconds.
  path: Assets/ModernSupermarket/Models/Furniture/Table_5ma72f/Textures/Table_5ma72f_a.png
  artifactKey: Guid(5346911d744dd074eb71e3b64d9fabcb) Importer(2089858483,0ecaa5967403d082aa24f35e1b516d23)
Start importing Assets/ModernSupermarket/Models/Furniture/Table_5ma72f/Textures/Table_5ma72f_a.png using Guid(5346911d744dd074eb71e3b64d9fabcb) Importer(2089858483,0ecaa5967403d082aa24f35e1b516d23) [PhysX] Initialized MultithreadedTaskDispatcher with 16 workers.
 -> (artifact id: '57ea66c7992ee0367f7635a292331d9d') in 0.012899 seconds
Number of updated asset objects reloaded before import = 0
Number of asset objects unloaded after import = 1
========================================================================
Received Import Request.
  Time since last request: 0.000059 seconds.
  path: Assets/ModernSupermarket/Models/Props/Produce/Apple_k7nzrr/Apple_k7nzrr_Pack01.fbx
  artifactKey: Guid(d75e2ae9ddf167c4d97a1fb52a3eab42) Importer(2089858483,0ecaa5967403d082aa24f35e1b516d23)
Start importing Assets/ModernSupermarket/Models/Props/Produce/Apple_k7nzrr/Apple_k7nzrr_Pack01.fbx using Guid(d75e2ae9ddf167c4d97a1fb52a3eab42) Importer(2089858483,0ecaa5967403d082aa24f35e1b516d23) [PhysX] Initialized MultithreadedTaskDispatcher with 16 workers.
 -> (artifact id: '4c0c05556098e2b4690b9a4674629349') in 0.012291 seconds
Number of updated asset objects reloaded before import = 0
Number of asset objects unloaded after import = 7
========================================================================
Received Import Request.
  Time since last request: 0.000029 seconds.
  path: Assets/ModernSupermarket/Models/Props/Products/MeatTray_dbf1nh/MeatTray_dbf1nh_Pack01.fbx
  artifactKey: Guid(da81cff28c4de5e4abd272a82fa64111) Importer(2089858483,0ecaa5967403d082aa24f35e1b516d23)
Start importing Assets/ModernSupermarket/Models/Props/Products/MeatTray_dbf1nh/MeatTray_dbf1nh_Pack01.fbx using Guid(da81cff28c4de5e4abd272a82fa64111) Importer(2089858483,0ecaa5967403d082aa24f35e1b516d23) [PhysX] Initialized MultithreadedTaskDispatcher with 16 workers.
 -> (artifact id: '6280b38ae4b8fee215b8fa76e70e2260') in 0.013868 seconds
Number of updated asset objects reloaded before import = 0
Number of asset objects unloaded after import = 7
========================================================================
Received Import Request.
  Time since last request: 0.000020 seconds.
  path: Assets/ModernSupermarket/Models/Props/Produce/Papaya_xt7unv/Papaya_xt7unv_Pack01.fbx
  artifactKey: Guid(67030b27794299749b47ad760f5b8f30) Importer(2089858483,0ecaa5967403d082aa24f35e1b516d23)
Start importing Assets/ModernSupermarket/Models/Props/Produce/Papaya_xt7unv/Papaya_xt7unv_Pack01.fbx using Guid(67030b27794299749b47ad760f5b8f30) Importer(2089858483,0ecaa5967403d082aa24f35e1b516d23) [PhysX] Initialized MultithreadedTaskDispatcher with 16 workers.
 -> (artifact id: 'c359ad79553ea87973467f5596781ec8') in 0.013322 seconds
Number of updated asset objects reloaded before import = 0
Number of asset objects unloaded after import = 7
========================================================================
Received Import Request.
  Time since last request: 0.000030 seconds.
  path: Assets/ModernSupermarket/Models/Props/Products/Soap_1rcsb1/Soap_1rcsb1_Pack01.fbx
  artifactKey: Guid(96842bf357e08d34780a105b0f39e1a8) Importer(2089858483,0ecaa5967403d082aa24f35e1b516d23)
Start importing Assets/ModernSupermarket/Models/Props/Products/Soap_1rcsb1/Soap_1rcsb1_Pack01.fbx using Guid(96842bf357e08d34780a105b0f39e1a8) Importer(2089858483,0ecaa5967403d082aa24f35e1b516d23) [PhysX] Initialized MultithreadedTaskDispatcher with 16 workers.
 -> (artifact id: 'b936ab1dd78036ae7d80062bac703842') in 0.014328 seconds
Number of updated asset objects reloaded before import = 0
Number of asset objects unloaded after import = 7
========================================================================
Received Import Request.
  Time since last request: 0.000019 seconds.
  path: Assets/ModernSupermarket/Models/Props/Products/TinCan_60afsy/TinCan_60afsy_Pack01.fbx
  artifactKey: Guid(5fb0e3a0980655b498c0dc39babe30a1) Importer(2089858483,0ecaa5967403d082aa24f35e1b516d23)
Start importing Assets/ModernSupermarket/Models/Props/Products/TinCan_60afsy/TinCan_60afsy_Pack01.fbx using Guid(5fb0e3a0980655b498c0dc39babe30a1) Importer(2089858483,0ecaa5967403d082aa24f35e1b516d23) [PhysX] Initialized MultithreadedTaskDispatcher with 16 workers.
 -> (artifact id: 'f70aca14d29fb3b6d591ac91a2e30382') in 0.014101 seconds
Number of updated asset objects reloaded before import = 0
Number of asset objects unloaded after import = 7
========================================================================
Received Import Request.
  Time since last request: 0.000018 seconds.
  path: Assets/ModernSupermarket/Models/Props/Products/MeatTray_qm4z4l/MeatTray_qm4z4l.fbx
  artifactKey: Guid(a14ebc665610e4e44be3a9abb3e57fd6) Importer(2089858483,0ecaa5967403d082aa24f35e1b516d23)
Start importing Assets/ModernSupermarket/Models/Props/Products/MeatTray_qm4z4l/MeatTray_qm4z4l.fbx using Guid(a14ebc665610e4e44be3a9abb3e57fd6) Importer(2089858483,0ecaa5967403d082aa24f35e1b516d23) [PhysX] Initialized MultithreadedTaskDispatcher with 16 workers.
 -> (artifact id: 'b636e2ef549cd53f0b53a8c047791c88') in 0.014726 seconds
Number of updated asset objects reloaded before import = 0
Number of asset objects unloaded after import = 7
========================================================================
Received Import Request.
  Time since last request: 0.000021 seconds.
  path: Assets/ModernSupermarket/Models/Props/Products/Toothpaste_duqkf2/Toothpaste_duqkf2_Pack01.fbx
  artifactKey: Guid(d9e40fd4cf2e1fc4b90a7ff3144c1fe3) Importer(2089858483,0ecaa5967403d082aa24f35e1b516d23)
Start importing Assets/ModernSupermarket/Models/Props/Products/Toothpaste_duqkf2/Toothpaste_duqkf2_Pack01.fbx using Guid(d9e40fd4cf2e1fc4b90a7ff3144c1fe3) Importer(2089858483,0ecaa5967403d082aa24f35e1b516d23) [PhysX] Initialized MultithreadedTaskDispatcher with 16 workers.
 -> (artifact id: 'e08441b6ef135905334187a16d88822f') in 0.015416 seconds
Number of updated asset objects reloaded before import = 0
Number of asset objects unloaded after import = 7
========================================================================
Received Import Request.
  Time since last request: 0.000019 seconds.
  path: Assets/ModernSupermarket/Models/Props/Products/PotatoBag_gcx3y2/PotatoBag_gcx3y2.fbx
  artifactKey: Guid(48a59338f2466fc41b13e462019887cc) Importer(2089858483,0ecaa5967403d082aa24f35e1b516d23)
Start importing Assets/ModernSupermarket/Models/Props/Products/PotatoBag_gcx3y2/PotatoBag_gcx3y2.fbx using Guid(48a59338f2466fc41b13e462019887cc) Importer(2089858483,0ecaa5967403d082aa24f35e1b516d23) [PhysX] Initialized MultithreadedTaskDispatcher with 16 workers.
 -> (artifact id: 'a69afa2ebd85bb5633fcad21dd6c1965') in 0.017211 seconds
Number of updated asset objects reloaded before import = 0
Number of asset objects unloaded after import = 7
========================================================================
Received Import Request.
  Time since last request: 0.000019 seconds.
  path: Assets/ModernSupermarket/Models/Props/Products/Pizza_ehb1pe/Pizza_ehb1pe.fbx
  artifactKey: Guid(4dda0facc42d2d344b70604c1171df02) Importer(2089858483,0ecaa5967403d082aa24f35e1b516d23)
Start importing Assets/ModernSupermarket/Models/Props/Products/Pizza_ehb1pe/Pizza_ehb1pe.fbx using Guid(4dda0facc42d2d344b70604c1171df02) Importer(2089858483,0ecaa5967403d082aa24f35e1b516d23) [PhysX] Initialized MultithreadedTaskDispatcher with 16 workers.
 -> (artifact id: '865cb655f532a1f9663fe5f0d5b6ed96') in 0.014686 seconds
Number of updated asset objects reloaded before import = 0
Number of asset objects unloaded after import = 7
========================================================================
Received Import Request.
  Time since last request: 0.000017 seconds.
  path: Assets/ModernSupermarket/Models/Props/Products/Rooflight_9ecem1/Rooflight_9ecem1.fbx
  artifactKey: Guid(5a4a99a00a34eb841b8ae2ef52adc8cd) Importer(2089858483,0ecaa5967403d082aa24f35e1b516d23)
Start importing Assets/ModernSupermarket/Models/Props/Products/Rooflight_9ecem1/Rooflight_9ecem1.fbx using Guid(5a4a99a00a34eb841b8ae2ef52adc8cd) Importer(2089858483,0ecaa5967403d082aa24f35e1b516d23) [PhysX] Initialized MultithreadedTaskDispatcher with 16 workers.
 -> (artifact id: 'a640e34bdd6df21fcb990be4b843f122') in 0.015693 seconds
Number of updated asset objects reloaded before import = 0
Number of asset objects unloaded after import = 16
========================================================================
Received Import Request.
  Time since last request: 0.000019 seconds.
  path: Assets/ModernSupermarket/Models/Furniture/Door_o8w2gy/Textures/Materials/Door_o8w2gy_a.mat
  artifactKey: Guid(05414e705ba5b5c4bbcd2384706ff430) Importer(2089858483,0ecaa5967403d082aa24f35e1b516d23)
Start importing Assets/ModernSupermarket/Models/Furniture/Door_o8w2gy/Textures/Materials/Door_o8w2gy_a.mat using Guid(05414e705ba5b5c4bbcd2384706ff430) Importer(2089858483,0ecaa5967403d082aa24f35e1b516d23) [PhysX] Initialized MultithreadedTaskDispatcher with 16 workers.
 -> (artifact id: 'e538b95f0378185242ff7fa4f224d45b') in 0.014260 seconds
Number of updated asset objects reloaded before import = 0
Number of asset objects unloaded after import = 5
========================================================================
Received Import Request.
  Time since last request: 0.000021 seconds.
  path: Assets/ModernSupermarket/Models/Props/Products/Sushis_r6r1w6/Sushis_r6r1w6_Pack01.fbx
  artifactKey: Guid(a1353b82246fb254e8f94848141c6fa7) Importer(2089858483,0ecaa5967403d082aa24f35e1b516d23)
Start importing Assets/ModernSupermarket/Models/Props/Products/Sushis_r6r1w6/Sushis_r6r1w6_Pack01.fbx using Guid(a1353b82246fb254e8f94848141c6fa7) Importer(2089858483,0ecaa5967403d082aa24f35e1b516d23) [PhysX] Initialized MultithreadedTaskDispatcher with 16 workers.
 -> (artifact id: '07f4d4ea189892ed517a3d4761d2ca23') in 0.015466 seconds
Number of updated asset objects reloaded before import = 0
Number of asset objects unloaded after import = 7
========================================================================
Received Import Request.
  Time since last request: 0.000022 seconds.
  path: Assets/ModernSupermarket/Models/Props/Products/Bag_s45li3/Bag_s45li3.fbx
  artifactKey: Guid(4b9839e483b431a4ea39304e2840307b) Importer(2089858483,0ecaa5967403d082aa24f35e1b516d23)
Start importing Assets/ModernSupermarket/Models/Props/Products/Bag_s45li3/Bag_s45li3.fbx using Guid(4b9839e483b431a4ea39304e2840307b) Importer(2089858483,0ecaa5967403d082aa24f35e1b516d23) [PhysX] Initialized MultithreadedTaskDispatcher with 16 workers.
 -> (artifact id: 'afcdb338545d95a3b50d6d88ce8224ea') in 0.014768 seconds
Number of updated asset objects reloaded before import = 0
Number of asset objects unloaded after import = 7
========================================================================
Received Import Request.
  Time since last request: 0.000019 seconds.
  path: Assets/ModernSupermarket/Models/Props/Products/Flour_ckgfmu/Flour_ckgfmu_Pack01.fbx
  artifactKey: Guid(68f6678268b3c934c97f57e8f6748fb5) Importer(2089858483,0ecaa5967403d082aa24f35e1b516d23)
Start importing Assets/ModernSupermarket/Models/Props/Products/Flour_ckgfmu/Flour_ckgfmu_Pack01.fbx using Guid(68f6678268b3c934c97f57e8f6748fb5) Importer(2089858483,0ecaa5967403d082aa24f35e1b516d23) [PhysX] Initialized MultithreadedTaskDispatcher with 16 workers.
 -> (artifact id: '50219fbf3f5a9257915f77a61f99b576') in 0.014912 seconds
Number of updated asset objects reloaded before import = 0
Number of asset objects unloaded after import = 7
========================================================================
Received Import Request.
  Time since last request: 0.000018 seconds.
  path: Assets/ModernSupermarket/Models/Props/Produce/Papaya_xt7unv/Papaya_xt7unv.fbx
  artifactKey: Guid(5063c67dd1f5b3b4cb6656603b6662cc) Importer(2089858483,0ecaa5967403d082aa24f35e1b516d23)
Start importing Assets/ModernSupermarket/Models/Props/Produce/Papaya_xt7unv/Papaya_xt7unv.fbx using Guid(5063c67dd1f5b3b4cb6656603b6662cc) Importer(2089858483,0ecaa5967403d082aa24f35e1b516d23) [PhysX] Initialized MultithreadedTaskDispatcher with 16 workers.
 -> (artifact id: 'b0a56ac01bbeef0abc7bcc3ffc5aa41c') in 0.012598 seconds
Number of updated asset objects reloaded before import = 0
Number of asset objects unloaded after import = 7
========================================================================
Received Import Request.
  Time since last request: 0.000020 seconds.
  path: Assets/ModernSupermarket/Models/Props/Produce/Squash_0r6m5l/Squash_0r6m5l_Pack01.fbx
  artifactKey: Guid(b4760630475bb5742ab626a5b922cfa2) Importer(2089858483,0ecaa5967403d082aa24f35e1b516d23)
Start importing Assets/ModernSupermarket/Models/Props/Produce/Squash_0r6m5l/Squash_0r6m5l_Pack01.fbx using Guid(b4760630475bb5742ab626a5b922cfa2) Importer(2089858483,0ecaa5967403d082aa24f35e1b516d23) [PhysX] Initialized MultithreadedTaskDispatcher with 16 workers.
 -> (artifact id: 'adabaea02668c2654cf0929f2ba6ddb3') in 0.013935 seconds
Number of updated asset objects reloaded before import = 0
Number of asset objects unloaded after import = 7
========================================================================
Received Import Request.
  Time since last request: 0.000026 seconds.
  path: Assets/ModernSupermarket/Models/Props/Products/Sushis_r6r1w6/Sushis_r6r1w6.fbx
  artifactKey: Guid(f27f5b5af668abc409c80ed644581626) Importer(2089858483,0ecaa5967403d082aa24f35e1b516d23)
Start importing Assets/ModernSupermarket/Models/Props/Products/Sushis_r6r1w6/Sushis_r6r1w6.fbx using Guid(f27f5b5af668abc409c80ed644581626) Importer(2089858483,0ecaa5967403d082aa24f35e1b516d23) [PhysX] Initialized MultithreadedTaskDispatcher with 16 workers.
 -> (artifact id: '0008f6b4e097a6e92ae4a6822f67d133') in 0.019390 seconds
Number of updated asset objects reloaded before import = 0
Number of asset objects unloaded after import = 7
========================================================================
Received Import Request.
  Time since last request: 0.000019 seconds.
  path: Assets/ModernSupermarket/Models/Furniture/Door_c5bu08/Textures/Materials/Door_c5bu08_Glass.mat
  artifactKey: Guid(17da1f718eecbc747ae6f43d2cdfee3e) Importer(2089858483,0ecaa5967403d082aa24f35e1b516d23)
Start importing Assets/ModernSupermarket/Models/Furniture/Door_c5bu08/Textures/Materials/Door_c5bu08_Glass.mat using Guid(17da1f718eecbc747ae6f43d2cdfee3e) Importer(2089858483,0ecaa5967403d082aa24f35e1b516d23) [PhysX] Initialized MultithreadedTaskDispatcher with 16 workers.
 -> (artifact id: '1dcd3b41435a2b86922a64e73d3728f7') in 0.014625 seconds
Number of updated asset objects reloaded before import = 0
Number of asset objects unloaded after import = 4
========================================================================
Received Import Request.
  Time since last request: 0.000032 seconds.
  path: Assets/ModernSupermarket/Models/Props/Products/Pasta_g87jtq/Pasta_g87jtq.fbx
  artifactKey: Guid(08fc0bbf5893d45469889ddc801e68f9) Importer(2089858483,0ecaa5967403d082aa24f35e1b516d23)
Start importing Assets/ModernSupermarket/Models/Props/Products/Pasta_g87jtq/Pasta_g87jtq.fbx using Guid(08fc0bbf5893d45469889ddc801e68f9) Importer(2089858483,0ecaa5967403d082aa24f35e1b516d23) [PhysX] Initialized MultithreadedTaskDispatcher with 16 workers.
 -> (artifact id: '2e169ce536bc834261c80e4f5193b751') in 0.015956 seconds
Number of updated asset objects reloaded before import = 0
Number of asset objects unloaded after import = 7
========================================================================
Received Import Request.
  Time since last request: 0.000020 seconds.
  path: Assets/ModernSupermarket/Models/Props/Products/Beer_lryra7/Beer_lryra7_Pack01.fbx
  artifactKey: Guid(26fc2782891671140a3dc1427ad4685f) Importer(2089858483,0ecaa5967403d082aa24f35e1b516d23)
Start importing Assets/ModernSupermarket/Models/Props/Products/Beer_lryra7/Beer_lryra7_Pack01.fbx using Guid(26fc2782891671140a3dc1427ad4685f) Importer(2089858483,0ecaa5967403d082aa24f35e1b516d23) [PhysX] Initialized MultithreadedTaskDispatcher with 16 workers.
 -> (artifact id: '850ad778ad3d6f1b5eab0b983eb6e6b4') in 0.013604 seconds
Number of updated asset objects reloaded before import = 0
Number of asset objects unloaded after import = 7
========================================================================
Received Import Request.
  Time since last request: 0.000018 seconds.
  path: Assets/ModernSupermarket/Models/Props/Produce/Zucchini_z21819/Zucchini_z21819_Pack01.fbx
  artifactKey: Guid(dd727fe1cfa7bf146b9c65758521ed72) Importer(2089858483,0ecaa5967403d082aa24f35e1b516d23)
Start importing Assets/ModernSupermarket/Models/Props/Produce/Zucchini_z21819/Zucchini_z21819_Pack01.fbx using Guid(dd727fe1cfa7bf146b9c65758521ed72) Importer(2089858483,0ecaa5967403d082aa24f35e1b516d23) [PhysX] Initialized MultithreadedTaskDispatcher with 16 workers.
 -> (artifact id: 'bd1c5d75b507a45b66f6509482a2ea58') in 0.013348 seconds
Number of updated asset objects reloaded before import = 0
Number of asset objects unloaded after import = 7
========================================================================
Received Import Request.
  Time since last request: 0.000018 seconds.
  path: Assets/ModernSupermarket/Models/Props/Products/Rooflight_ll6qt0/RoofLight_ll6qt0.fbx
  artifactKey: Guid(10be883f9da539a43862e043717b8548) Importer(2089858483,0ecaa5967403d082aa24f35e1b516d23)
Start importing Assets/ModernSupermarket/Models/Props/Products/Rooflight_ll6qt0/RoofLight_ll6qt0.fbx using Guid(10be883f9da539a43862e043717b8548) Importer(2089858483,0ecaa5967403d082aa24f35e1b516d23) [PhysX] Initialized MultithreadedTaskDispatcher with 16 workers.
 -> (artifact id: '380f687d601dc77fab7ccc08dcc7cd55') in 0.022761 seconds
Number of updated asset objects reloaded before import = 0
Number of asset objects unloaded after import = 9
========================================================================
Received Import Request.
  Time since last request: 0.000020 seconds.
  path: Assets/ModernSupermarket/Models/Props/Products/Vase_enq19o/Vase_enq19o.fbx
  artifactKey: Guid(71b9d4b1193626a45baa3e3dc897fb34) Importer(2089858483,0ecaa5967403d082aa24f35e1b516d23)
Start importing Assets/ModernSupermarket/Models/Props/Products/Vase_enq19o/Vase_enq19o.fbx using Guid(71b9d4b1193626a45baa3e3dc897fb34) Importer(2089858483,0ecaa5967403d082aa24f35e1b516d23) [PhysX] Initialized MultithreadedTaskDispatcher with 16 workers.
 -> (artifact id: 'ee3e767364d867419941535c9209612b') in 0.014404 seconds
Number of updated asset objects reloaded before import = 0
Number of asset objects unloaded after import = 19
========================================================================
Received Import Request.
  Time since last request: 0.000020 seconds.
  path: Assets/ModernSupermarket/Models/Props/Products/Butter_5ttny6/Butter_5ttny6_Pack01.fbx
  artifactKey: Guid(88d38c5810cf76845a6f2aebded5de41) Importer(2089858483,0ecaa5967403d082aa24f35e1b516d23)
Start importing Assets/ModernSupermarket/Models/Props/Products/Butter_5ttny6/Butter_5ttny6_Pack01.fbx using Guid(88d38c5810cf76845a6f2aebded5de41) Importer(2089858483,0ecaa5967403d082aa24f35e1b516d23) [PhysX] Initialized MultithreadedTaskDispatcher with 16 workers.
 -> (artifact id: 'adffe9cdd6001857f9e712dd00596990') in 0.012106 seconds
Number of updated asset objects reloaded before import = 0
Number of asset objects unloaded after import = 7
========================================================================
Received Import Request.
  Time since last request: 0.000021 seconds.
  path: Assets/ModernSupermarket/Textures/Surfaces/TileFloor_j8qkl9/Materials/TileFloor_j8qkl9.mat
  artifactKey: Guid(c2384f3293f1e544b8fe8b6d049a55d6) Importer(2089858483,0ecaa5967403d082aa24f35e1b516d23)
Start importing Assets/ModernSupermarket/Textures/Surfaces/TileFloor_j8qkl9/Materials/TileFloor_j8qkl9.mat using Guid(c2384f3293f1e544b8fe8b6d049a55d6) Importer(2089858483,0ecaa5967403d082aa24f35e1b516d23) [PhysX] Initialized MultithreadedTaskDispatcher with 16 workers.
 -> (artifact id: 'eb281b3a4cc49bdaa390437c4114706c') in 0.065731 seconds
Number of updated asset objects reloaded before import = 0
Number of asset objects unloaded after import = 5
========================================================================
Received Import Request.
  Time since last request: 0.000032 seconds.
  path: Assets/ModernSupermarket/Models/Props/Products/SweetJar_lpbii4/SweetJar_lpbii4_Pack01.fbx
  artifactKey: Guid(f514b8b42e42a6548b5aceaeab3c2b87) Importer(2089858483,0ecaa5967403d082aa24f35e1b516d23)
Start importing Assets/ModernSupermarket/Models/Props/Products/SweetJar_lpbii4/SweetJar_lpbii4_Pack01.fbx using Guid(f514b8b42e42a6548b5aceaeab3c2b87) Importer(2089858483,0ecaa5967403d082aa24f35e1b516d23) [PhysX] Initialized MultithreadedTaskDispatcher with 16 workers.
 -> (artifact id: 'e3cc378edc576b0e1debde2cf22790ce') in 0.013781 seconds
Number of updated asset objects reloaded before import = 0
Number of asset objects unloaded after import = 7
========================================================================
Received Import Request.
  Time since last request: 0.000023 seconds.
  path: Assets/ModernSupermarket/Models/Props/Products/ToiletPaper_tunz3i/ToiletPaper_tunz3i_Pack02.fbx
  artifactKey: Guid(de6851b76cafb444681c69e1a94dc2a5) Importer(2089858483,0ecaa5967403d082aa24f35e1b516d23)
Start importing Assets/ModernSupermarket/Models/Props/Products/ToiletPaper_tunz3i/ToiletPaper_tunz3i_Pack02.fbx using Guid(de6851b76cafb444681c69e1a94dc2a5) Importer(2089858483,0ecaa5967403d082aa24f35e1b516d23) [PhysX] Initialized MultithreadedTaskDispatcher with 16 workers.
 -> (artifact id: 'b5be0b9ff6a852e542fc4c3f4d2f201c') in 0.016426 seconds
Number of updated asset objects reloaded before import = 0
Number of asset objects unloaded after import = 7
========================================================================
Received Import Request.
  Time since last request: 0.000036 seconds.
  path: Assets/ModernSupermarket/Models/Props/Products/EggBox4x_nbzek2/EggBox4x_nbzek2.fbx
  artifactKey: Guid(85a034998e1b5054eb14a2c8160f35d6) Importer(2089858483,0ecaa5967403d082aa24f35e1b516d23)
Start importing Assets/ModernSupermarket/Models/Props/Products/EggBox4x_nbzek2/EggBox4x_nbzek2.fbx using Guid(85a034998e1b5054eb14a2c8160f35d6) Importer(2089858483,0ecaa5967403d082aa24f35e1b516d23) [PhysX] Initialized MultithreadedTaskDispatcher with 16 workers.
 -> (artifact id: 'f4b31c8d4c9b9ba528b622fde0f78e8c') in 0.015730 seconds
Number of updated asset objects reloaded before import = 0
Number of asset objects unloaded after import = 7
========================================================================
Received Import Request.
  Time since last request: 0.000023 seconds.
  path: Assets/ModernSupermarket/Models/Props/Produce/Perry_fhz4xg/Perry_fhz4xg.fbx
  artifactKey: Guid(e41ea80ea24387349b29ba6791e9e12e) Importer(2089858483,0ecaa5967403d082aa24f35e1b516d23)
Start importing Assets/ModernSupermarket/Models/Props/Produce/Perry_fhz4xg/Perry_fhz4xg.fbx using Guid(e41ea80ea24387349b29ba6791e9e12e) Importer(2089858483,0ecaa5967403d082aa24f35e1b516d23) [PhysX] Initialized MultithreadedTaskDispatcher with 16 workers.
 -> (artifact id: '61d4721158486c4481904009104693ba') in 0.013785 seconds
Number of updated asset objects reloaded before import = 0
Number of asset objects unloaded after import = 7
========================================================================
Received Import Request.
  Time since last request: 0.000021 seconds.
  path: Assets/ModernSupermarket/Models/Furniture/Table_5ma72f/Textures/Table_5ma72f_n.png
  artifactKey: Guid(a9e15160c93284e4e87eeea2167bdddd) Importer(2089858483,0ecaa5967403d082aa24f35e1b516d23)
Start importing Assets/ModernSupermarket/Models/Furniture/Table_5ma72f/Textures/Table_5ma72f_n.png using Guid(a9e15160c93284e4e87eeea2167bdddd) Importer(2089858483,0ecaa5967403d082aa24f35e1b516d23) [PhysX] Initialized MultithreadedTaskDispatcher with 16 workers.
 -> (artifact id: '4f7886ce488de8183fb807793bc369b4') in 0.013705 seconds
Number of updated asset objects reloaded before import = 0
Number of asset objects unloaded after import = 1
========================================================================
Received Import Request.
  Time since last request: 0.229138 seconds.
  path: Assets/ModernSupermarket/Models/Furniture/Shelf_6h7vop/Textures/Materials/Shelf_6h7vop.mat
  artifactKey: Guid(507b4b1b6a53d204db5527e79dd9abd9) Importer(2089858483,0ecaa5967403d082aa24f35e1b516d23)
Start importing Assets/ModernSupermarket/Models/Furniture/Shelf_6h7vop/Textures/Materials/Shelf_6h7vop.mat using Guid(507b4b1b6a53d204db5527e79dd9abd9) Importer(2089858483,0ecaa5967403d082aa24f35e1b516d23) [PhysX] Initialized MultithreadedTaskDispatcher with 16 workers.
 -> (artifact id: '78844332364497d9ff550f72f12f76f4') in 0.015135 seconds
Number of updated asset objects reloaded before import = 0
Number of asset objects unloaded after import = 5
========================================================================
Received Import Request.
  Time since last request: 0.000018 seconds.
  path: Assets/ModernSupermarket/Models/Props/Products/ChocolateBox_b94wj0/Textures/ChocolatBox_b94wj0_n.png
  artifactKey: Guid(b0bf28371bada0c4fa6675e3615ff78a) Importer(2089858483,0ecaa5967403d082aa24f35e1b516d23)
Start importing Assets/ModernSupermarket/Models/Props/Products/ChocolateBox_b94wj0/Textures/ChocolatBox_b94wj0_n.png using Guid(b0bf28371bada0c4fa6675e3615ff78a) Importer(2089858483,0ecaa5967403d082aa24f35e1b516d23) [PhysX] Initialized MultithreadedTaskDispatcher with 16 workers.
 -> (artifact id: '1ee57579b141e2dde7788ab4ed424b05') in 0.015251 seconds
Number of updated asset objects reloaded before import = 0
Number of asset objects unloaded after import = 1
========================================================================
Received Import Request.
  Time since last request: 0.000023 seconds.
  path: Assets/ModernSupermarket/Models/Props/Produce/Kiwi_leh3t9/Textures/Kiwi_leh3t9_o.png
  artifactKey: Guid(0f6304ed00de0f74caeb2b307ae64142) Importer(2089858483,0ecaa5967403d082aa24f35e1b516d23)
Start importing Assets/ModernSupermarket/Models/Props/Produce/Kiwi_leh3t9/Textures/Kiwi_leh3t9_o.png using Guid(0f6304ed00de0f74caeb2b307ae64142) Importer(2089858483,0ecaa5967403d082aa24f35e1b516d23) [PhysX] Initialized MultithreadedTaskDispatcher with 16 workers.
 -> (artifact id: '0d6b263493de47213a2191c680456f23') in 0.013161 seconds
Number of updated asset objects reloaded before import = 0
Number of asset objects unloaded after import = 1
========================================================================
Received Import Request.
  Time since last request: 0.000033 seconds.
  path: Assets/ModernSupermarket/Models/Props/Produce/Onion_mut7xz/Textures/Onion_mut7xz_n.png
  artifactKey: Guid(d8d655968d8967c42ade70c61e15dd0f) Importer(2089858483,0ecaa5967403d082aa24f35e1b516d23)
Start importing Assets/ModernSupermarket/Models/Props/Produce/Onion_mut7xz/Textures/Onion_mut7xz_n.png using Guid(d8d655968d8967c42ade70c61e15dd0f) Importer(2089858483,0ecaa5967403d082aa24f35e1b516d23) [PhysX] Initialized MultithreadedTaskDispatcher with 16 workers.
 -> (artifact id: 'd9442340cf422ef24e14b311658d4c06') in 0.012690 seconds
Number of updated asset objects reloaded before import = 0
Number of asset objects unloaded after import = 1
========================================================================
Received Import Request.
  Time since last request: 0.000018 seconds.
  path: Assets/ModernSupermarket/Models/Props/Products/ChocolatePowder_yqoigt/Textures/ChocolatePowder_yqoigt_a.png
  artifactKey: Guid(9d2ca1215af02af429d471daac86545a) Importer(2089858483,0ecaa5967403d082aa24f35e1b516d23)
Start importing Assets/ModernSupermarket/Models/Props/Products/ChocolatePowder_yqoigt/Textures/ChocolatePowder_yqoigt_a.png using Guid(9d2ca1215af02af429d471daac86545a) Importer(2089858483,0ecaa5967403d082aa24f35e1b516d23) [PhysX] Initialized MultithreadedTaskDispatcher with 16 workers.
 -> (artifact id: '77a10ffa9e44abe235483c65420846eb') in 0.013676 seconds
Number of updated asset objects reloaded before import = 0
Number of asset objects unloaded after import = 1
========================================================================
Received Import Request.
  Time since last request: 0.000020 seconds.
  path: Assets/ModernSupermarket/Models/Props/Products/Decoration_3k4dyn/Textures/Decoration_3k4dyn_a.png
  artifactKey: Guid(5f85d9f5937e9cb41bbcc06e4df30d4f) Importer(2089858483,0ecaa5967403d082aa24f35e1b516d23)
Start importing Assets/ModernSupermarket/Models/Props/Products/Decoration_3k4dyn/Textures/Decoration_3k4dyn_a.png using Guid(5f85d9f5937e9cb41bbcc06e4df30d4f) Importer(2089858483,0ecaa5967403d082aa24f35e1b516d23) [PhysX] Initialized MultithreadedTaskDispatcher with 16 workers.
 -> (artifact id: 'b3019f596cebe91610d38d96a2cafbd9') in 0.013022 seconds
Number of updated asset objects reloaded before import = 0
Number of asset objects unloaded after import = 1
========================================================================
Received Import Request.
  Time since last request: 0.000034 seconds.
  path: Assets/ModernSupermarket/Models/Props/Produce/Garlic_tkqeno/Textures/Garlic_tkqeno_a.png
  artifactKey: Guid(c9ac7659be40d5f44931dad911254ae8) Importer(2089858483,0ecaa5967403d082aa24f35e1b516d23)
Start importing Assets/ModernSupermarket/Models/Props/Produce/Garlic_tkqeno/Textures/Garlic_tkqeno_a.png using Guid(c9ac7659be40d5f44931dad911254ae8) Importer(2089858483,0ecaa5967403d082aa24f35e1b516d23) [PhysX] Initialized MultithreadedTaskDispatcher with 16 workers.
 -> (artifact id: 'fdca591c51b9f81f7b11e1b9977c8b7a') in 0.012743 seconds
Number of updated asset objects reloaded before import = 0
Number of asset objects unloaded after import = 1
========================================================================
Received Import Request.
  Time since last request: 0.000019 seconds.
  path: Assets/ModernSupermarket/Models/Props/Products/Coffee_5uj6zk/Textures/Coffee_5uj6zk_Var01_a.png
  artifactKey: Guid(d6c2d9c0baabf8e4cb4de0b0c33cd32e) Importer(2089858483,0ecaa5967403d082aa24f35e1b516d23)
Start importing Assets/ModernSupermarket/Models/Props/Products/Coffee_5uj6zk/Textures/Coffee_5uj6zk_Var01_a.png using Guid(d6c2d9c0baabf8e4cb4de0b0c33cd32e) Importer(2089858483,0ecaa5967403d082aa24f35e1b516d23) [PhysX] Initialized MultithreadedTaskDispatcher with 16 workers.
 -> (artifact id: 'd387c6f55d273d13bcfb9a1ac0d09c47') in 0.012999 seconds
Number of updated asset objects reloaded before import = 0
Number of asset objects unloaded after import = 1
========================================================================
Received Import Request.
  Time since last request: 0.000018 seconds.
  path: Assets/ModernSupermarket/Models/Props/Products/Alcohol_ao62w4/Textures/Alcool_ao62w4_a_Var01.png
  artifactKey: Guid(b0d25021a6b83a24fb7ee46bca447e6a) Importer(2089858483,0ecaa5967403d082aa24f35e1b516d23)
Start importing Assets/ModernSupermarket/Models/Props/Products/Alcohol_ao62w4/Textures/Alcool_ao62w4_a_Var01.png using Guid(b0d25021a6b83a24fb7ee46bca447e6a) Importer(2089858483,0ecaa5967403d082aa24f35e1b516d23) [PhysX] Initialized MultithreadedTaskDispatcher with 16 workers.
 -> (artifact id: '1688cc65602718e2eb50f308946f1e03') in 0.013425 seconds
Number of updated asset objects reloaded before import = 0
Number of asset objects unloaded after import = 1
========================================================================
Received Import Request.
  Time since last request: 0.000018 seconds.
  path: Assets/ModernSupermarket/Models/Props/Products/CansPack_f98qxo/Textures/CansPack_f98qxo_o.png
  artifactKey: Guid(c0ddfd0fd803b1f49a9e794701c7582f) Importer(2089858483,0ecaa5967403d082aa24f35e1b516d23)
Start importing Assets/ModernSupermarket/Models/Props/Products/CansPack_f98qxo/Textures/CansPack_f98qxo_o.png using Guid(c0ddfd0fd803b1f49a9e794701c7582f) Importer(2089858483,0ecaa5967403d082aa24f35e1b516d23) [PhysX] Initialized MultithreadedTaskDispatcher with 16 workers.
 -> (artifact id: '5ab7040b777291082778f171571fd707') in 0.013806 seconds
Number of updated asset objects reloaded before import = 0
Number of asset objects unloaded after import = 1
========================================================================
Received Import Request.
  Time since last request: 0.000019 seconds.
  path: Assets/ModernSupermarket/Models/Props/Products/Cheese_bn26cq/Textures/Cheese_bn26cq_m.png
  artifactKey: Guid(a47db71facf55174e8f5eb22602d8fea) Importer(2089858483,0ecaa5967403d082aa24f35e1b516d23)
Start importing Assets/ModernSupermarket/Models/Props/Products/Cheese_bn26cq/Textures/Cheese_bn26cq_m.png using Guid(a47db71facf55174e8f5eb22602d8fea) Importer(2089858483,0ecaa5967403d082aa24f35e1b516d23) [PhysX] Initialized MultithreadedTaskDispatcher with 16 workers.
 -> (artifact id: '9756f7e2cb8737fffa05a01156578b0f') in 0.011841 seconds
Number of updated asset objects reloaded before import = 0
Number of asset objects unloaded after import = 1
========================================================================
Received Import Request.
  Time since last request: 0.000033 seconds.
  path: Assets/ModernSupermarket/Models/Props/Products/Coffee_5uj6zk/Textures/Coffee_5uj6zk_Var02_a.png
  artifactKey: Guid(23d1bc429cc80584aaeae4ce030613b4) Importer(2089858483,0ecaa5967403d082aa24f35e1b516d23)
Start importing Assets/ModernSupermarket/Models/Props/Products/Coffee_5uj6zk/Textures/Coffee_5uj6zk_Var02_a.png using Guid(23d1bc429cc80584aaeae4ce030613b4) Importer(2089858483,0ecaa5967403d082aa24f35e1b516d23) [PhysX] Initialized MultithreadedTaskDispatcher with 16 workers.
 -> (artifact id: '8b1a1f5c48c5650416e2cdac9157af44') in 0.013553 seconds
Number of updated asset objects reloaded before import = 0
Number of asset objects unloaded after import = 1
========================================================================
Received Import Request.
  Time since last request: 0.000019 seconds.
  path: Assets/ModernSupermarket/Models/Props/Products/Cream_jatl5h/Textures/Cream_jatl5h_o.png
  artifactKey: Guid(be195e64f5145bc45830afa9a90e4fca) Importer(2089858483,0ecaa5967403d082aa24f35e1b516d23)
Start importing Assets/ModernSupermarket/Models/Props/Products/Cream_jatl5h/Textures/Cream_jatl5h_o.png using Guid(be195e64f5145bc45830afa9a90e4fca) Importer(2089858483,0ecaa5967403d082aa24f35e1b516d23) [PhysX] Initialized MultithreadedTaskDispatcher with 16 workers.
 -> (artifact id: '80bbb860c6fc65cbdf08f446717a1677') in 0.012043 seconds
Number of updated asset objects reloaded before import = 0
Number of asset objects unloaded after import = 1
========================================================================
Received Import Request.
  Time since last request: 0.000018 seconds.
  path: Assets/ModernSupermarket/Models/Props/Products/Cleanser_7dsib5/Textures/Cleanser_7dsib5_m.png
  artifactKey: Guid(a9c090a3d52caa34c881f99b481dac6f) Importer(2089858483,0ecaa5967403d082aa24f35e1b516d23)
Start importing Assets/ModernSupermarket/Models/Props/Products/Cleanser_7dsib5/Textures/Cleanser_7dsib5_m.png using Guid(a9c090a3d52caa34c881f99b481dac6f) Importer(2089858483,0ecaa5967403d082aa24f35e1b516d23) [PhysX] Initialized MultithreadedTaskDispatcher with 16 workers.
 -> (artifact id: '56d975d89016e84dcc8f0f1f5cececb5') in 0.013330 seconds
Number of updated asset objects reloaded before import = 0
Number of asset objects unloaded after import = 1
========================================================================
Received Import Request.
  Time since last request: 0.000022 seconds.
  path: Assets/ModernSupermarket/Models/Props/Produce/Tomato_u9ceyc/Textures/Tomato_u9ceyc_a.png
  artifactKey: Guid(19efe48c5b976354aa037f96604db1a5) Importer(2089858483,0ecaa5967403d082aa24f35e1b516d23)
Start importing Assets/ModernSupermarket/Models/Props/Produce/Tomato_u9ceyc/Textures/Tomato_u9ceyc_a.png using Guid(19efe48c5b976354aa037f96604db1a5) Importer(2089858483,0ecaa5967403d082aa24f35e1b516d23) [PhysX] Initialized MultithreadedTaskDispatcher with 16 workers.
 -> (artifact id: 'd52858e3faaaf6983b30b4180aed3d15') in 0.012484 seconds
Number of updated asset objects reloaded before import = 0
Number of asset objects unloaded after import = 1
========================================================================
Received Import Request.
  Time since last request: 0.000022 seconds.
  path: Assets/ModernSupermarket/Models/Props/Products/BeerKeg_byk96e/Textures/BeerKeg_byk96e_Var02_a.png
  artifactKey: Guid(a10c624b2a29f73498f171aa8ecc52c0) Importer(2089858483,0ecaa5967403d082aa24f35e1b516d23)
Start importing Assets/ModernSupermarket/Models/Props/Products/BeerKeg_byk96e/Textures/BeerKeg_byk96e_Var02_a.png using Guid(a10c624b2a29f73498f171aa8ecc52c0) Importer(2089858483,0ecaa5967403d082aa24f35e1b516d23) [PhysX] Initialized MultithreadedTaskDispatcher with 16 workers.
 -> (artifact id: '32d0e9eefd3f6363eb7f6661c57a8e43') in 0.012398 seconds
Number of updated asset objects reloaded before import = 0
Number of asset objects unloaded after import = 1
========================================================================
Received Import Request.
  Time since last request: 0.000023 seconds.
  path: Assets/ModernSupermarket/Models/Furniture/Shelf_kicg9f/Textures/Materials/Shelf_kicg9f.mat
  artifactKey: Guid(f66ade7c7febef3459add47bcc16a28b) Importer(2089858483,0ecaa5967403d082aa24f35e1b516d23)
Start importing Assets/ModernSupermarket/Models/Furniture/Shelf_kicg9f/Textures/Materials/Shelf_kicg9f.mat using Guid(f66ade7c7febef3459add47bcc16a28b) Importer(2089858483,0ecaa5967403d082aa24f35e1b516d23) [PhysX] Initialized MultithreadedTaskDispatcher with 16 workers.
 -> (artifact id: '0d825b41a2ea4ba94b3abd80bc8a4ffd') in 0.015565 seconds
Number of updated asset objects reloaded before import = 0
Number of asset objects unloaded after import = 5
========================================================================
Received Import Request.
  Time since last request: 0.000018 seconds.
  path: Assets/ModernSupermarket/Models/Props/Produce/Apple_yf18nm/Textures/Apple_yf18nm_o.png
  artifactKey: Guid(788bd05b87e89f247b313cced9e6a993) Importer(2089858483,0ecaa5967403d082aa24f35e1b516d23)
Start importing Assets/ModernSupermarket/Models/Props/Produce/Apple_yf18nm/Textures/Apple_yf18nm_o.png using Guid(788bd05b87e89f247b313cced9e6a993) Importer(2089858483,0ecaa5967403d082aa24f35e1b516d23) [PhysX] Initialized MultithreadedTaskDispatcher with 16 workers.
 -> (artifact id: 'fdefd5c16a02a0ae8847e663c45de4ad') in 0.012704 seconds
Number of updated asset objects reloaded before import = 0
Number of asset objects unloaded after import = 1
========================================================================
Received Import Request.
  Time since last request: 0.000034 seconds.
  path: Assets/ModernSupermarket/Models/Props/Products/Coffee_5uj6zk/Textures/Coffee_5uj6zk_m.png
  artifactKey: Guid(e70c7a1bf22169b49b225297e710ee0b) Importer(2089858483,0ecaa5967403d082aa24f35e1b516d23)
Start importing Assets/ModernSupermarket/Models/Props/Products/Coffee_5uj6zk/Textures/Coffee_5uj6zk_m.png using Guid(e70c7a1bf22169b49b225297e710ee0b) Importer(2089858483,0ecaa5967403d082aa24f35e1b516d23) [PhysX] Initialized MultithreadedTaskDispatcher with 16 workers.
 -> (artifact id: '11135519e290edf003ea5c4763b5bfd0') in 0.011987 seconds
Number of updated asset objects reloaded before import = 0
Number of asset objects unloaded after import = 1
========================================================================
Received Import Request.
  Time since last request: 0.000019 seconds.
  path: Assets/ModernSupermarket/Models/Props/Products/Cleanser_o964qg/Textures/Cleanser_o964qg_Var02_a.png
  artifactKey: Guid(2d591a716699e3f46a145c9483d3d035) Importer(2089858483,0ecaa5967403d082aa24f35e1b516d23)
Start importing Assets/ModernSupermarket/Models/Props/Products/Cleanser_o964qg/Textures/Cleanser_o964qg_Var02_a.png using Guid(2d591a716699e3f46a145c9483d3d035) Importer(2089858483,0ecaa5967403d082aa24f35e1b516d23) [PhysX] Initialized MultithreadedTaskDispatcher with 16 workers.
 -> (artifact id: '595b13a3fd2cd431154e222dbffade15') in 0.012493 seconds
Number of updated asset objects reloaded before import = 0
Number of asset objects unloaded after import = 1
========================================================================
Received Import Request.
  Time since last request: 0.000020 seconds.
  path: Assets/ModernSupermarket/Models/Props/Produce/Pumpkin_hjtgsa/Textures/Pumpkin_hjtgsa_o.png
  artifactKey: Guid(a48757ac3f91c4e419522e1e84b8fae0) Importer(2089858483,0ecaa5967403d082aa24f35e1b516d23)
Start importing Assets/ModernSupermarket/Models/Props/Produce/Pumpkin_hjtgsa/Textures/Pumpkin_hjtgsa_o.png using Guid(a48757ac3f91c4e419522e1e84b8fae0) Importer(2089858483,0ecaa5967403d082aa24f35e1b516d23) [PhysX] Initialized MultithreadedTaskDispatcher with 16 workers.
 -> (artifact id: '992f66aa1d173542cffedc28d9552404') in 0.012100 seconds
Number of updated asset objects reloaded before import = 0
Number of asset objects unloaded after import = 1
========================================================================
Received Import Request.
  Time since last request: 0.000025 seconds.
  path: Assets/ModernSupermarket/Models/Props/Produce/Potato_px2ht4/Textures/Potato_px2ht4_a.png
  artifactKey: Guid(a989558e92aa8c4428d3875eca466ba2) Importer(2089858483,0ecaa5967403d082aa24f35e1b516d23)
Start importing Assets/ModernSupermarket/Models/Props/Produce/Potato_px2ht4/Textures/Potato_px2ht4_a.png using Guid(a989558e92aa8c4428d3875eca466ba2) Importer(2089858483,0ecaa5967403d082aa24f35e1b516d23) [PhysX] Initialized MultithreadedTaskDispatcher with 16 workers.
 -> (artifact id: 'f45d471ce452b8b757a46f10a71b7c03') in 0.012853 seconds
Number of updated asset objects reloaded before import = 0
Number of asset objects unloaded after import = 1
========================================================================
Received Import Request.
  Time since last request: 0.000017 seconds.
  path: Assets/ModernSupermarket/Models/Props/Products/ChocolateBox_b94wj0/Textures/ChocolatBox_b94wj0_Var01_a.png
  artifactKey: Guid(48db8b6c4bc70b144998f717669eec84) Importer(2089858483,0ecaa5967403d082aa24f35e1b516d23)
Start importing Assets/ModernSupermarket/Models/Props/Products/ChocolateBox_b94wj0/Textures/ChocolatBox_b94wj0_Var01_a.png using Guid(48db8b6c4bc70b144998f717669eec84) Importer(2089858483,0ecaa5967403d082aa24f35e1b516d23) [PhysX] Initialized MultithreadedTaskDispatcher with 16 workers.
 -> (artifact id: '86609b5dc2af54db3dd50635785c580a') in 0.012540 seconds
Number of updated asset objects reloaded before import = 0
Number of asset objects unloaded after import = 1
========================================================================
Received Import Request.
  Time since last request: 0.000019 seconds.
  path: Assets/ModernSupermarket/Models/Props/Products/CrabSticks_mu7h0i/Textures/CrabSticks_mu7h0i_n.png
  artifactKey: Guid(5a531bfc9d2932d4796c5d23ffe39dea) Importer(2089858483,0ecaa5967403d082aa24f35e1b516d23)
Start importing Assets/ModernSupermarket/Models/Props/Products/CrabSticks_mu7h0i/Textures/CrabSticks_mu7h0i_n.png using Guid(5a531bfc9d2932d4796c5d23ffe39dea) Importer(2089858483,0ecaa5967403d082aa24f35e1b516d23) [PhysX] Initialized MultithreadedTaskDispatcher with 16 workers.
 -> (artifact id: '40d76d91fcc7cf15bbd12e4b2ebf904e') in 0.011237 seconds
Number of updated asset objects reloaded before import = 0
Number of asset objects unloaded after import = 1
========================================================================
Received Import Request.
  Time since last request: 0.000020 seconds.
  path: Assets/ModernSupermarket/Models/Props/Products/Bag_s45li3/Textures/Bag_s45li3_n.png
  artifactKey: Guid(7ca833a30ffb6364591d26b0d71c4852) Importer(2089858483,0ecaa5967403d082aa24f35e1b516d23)
Start importing Assets/ModernSupermarket/Models/Props/Products/Bag_s45li3/Textures/Bag_s45li3_n.png using Guid(7ca833a30ffb6364591d26b0d71c4852) Importer(2089858483,0ecaa5967403d082aa24f35e1b516d23) [PhysX] Initialized MultithreadedTaskDispatcher with 16 workers.
 -> (artifact id: '993b3a4fa3c4c002a8f21b5f05a0bfa1') in 0.012595 seconds
Number of updated asset objects reloaded before import = 0
Number of asset objects unloaded after import = 1
========================================================================
Received Import Request.
  Time since last request: 0.000025 seconds.
  path: Assets/ModernSupermarket/Models/Props/Products/BeerPack_74mugc/Textures/BeerPack_74mugc_n.png
  artifactKey: Guid(e89a9725c0dfc004c960591568c5dc79) Importer(2089858483,0ecaa5967403d082aa24f35e1b516d23)
Start importing Assets/ModernSupermarket/Models/Props/Products/BeerPack_74mugc/Textures/BeerPack_74mugc_n.png using Guid(e89a9725c0dfc004c960591568c5dc79) Importer(2089858483,0ecaa5967403d082aa24f35e1b516d23) [PhysX] Initialized MultithreadedTaskDispatcher with 16 workers.
 -> (artifact id: '34ef3706cbff5d0f7fcf942e7b06cdfb') in 0.014073 seconds
Number of updated asset objects reloaded before import = 0
Number of asset objects unloaded after import = 1
========================================================================
Received Import Request.
  Time since last request: 0.000019 seconds.
  path: Assets/ModernSupermarket/Models/Props/Produce/Pumpkin_hjtgsa/Textures/Pumpkin_hjtgsa_m.png
  artifactKey: Guid(738188c699e1aab4fbbf49aa12c2874a) Importer(2089858483,0ecaa5967403d082aa24f35e1b516d23)
Start importing Assets/ModernSupermarket/Models/Props/Produce/Pumpkin_hjtgsa/Textures/Pumpkin_hjtgsa_m.png using Guid(738188c699e1aab4fbbf49aa12c2874a) Importer(2089858483,0ecaa5967403d082aa24f35e1b516d23) [PhysX] Initialized MultithreadedTaskDispatcher with 16 workers.
 -> (artifact id: '02128dcdef3c7aaa13ea46978c19d071') in 0.013759 seconds
Number of updated asset objects reloaded before import = 0
Number of asset objects unloaded after import = 1
========================================================================
Received Import Request.
  Time since last request: 0.000021 seconds.
  path: Assets/ModernSupermarket/Models/Props/Products/Bleach_irrpnt/Textures/Bleach_irrpnt_n.png
  artifactKey: Guid(402eefa10aefc3e40bf1eec21dfc6dcc) Importer(2089858483,0ecaa5967403d082aa24f35e1b516d23)
Start importing Assets/ModernSupermarket/Models/Props/Products/Bleach_irrpnt/Textures/Bleach_irrpnt_n.png using Guid(402eefa10aefc3e40bf1eec21dfc6dcc) Importer(2089858483,0ecaa5967403d082aa24f35e1b516d23) [PhysX] Initialized MultithreadedTaskDispatcher with 16 workers.
 -> (artifact id: '0f443106141f8247116621e8addab6f3') in 0.012602 seconds
Number of updated asset objects reloaded before import = 0
Number of asset objects unloaded after import = 1
========================================================================
Received Import Request.
  Time since last request: 0.000028 seconds.
  path: Assets/ModernSupermarket/Models/Props/Products/CandyPack_qkmq5d/Textures/CandyPack_qkmq5d_m.png
  artifactKey: Guid(1fc1ed743fb5c584d984d65534bab840) Importer(2089858483,0ecaa5967403d082aa24f35e1b516d23)
Start importing Assets/ModernSupermarket/Models/Props/Products/CandyPack_qkmq5d/Textures/CandyPack_qkmq5d_m.png using Guid(1fc1ed743fb5c584d984d65534bab840) Importer(2089858483,0ecaa5967403d082aa24f35e1b516d23) [PhysX] Initialized MultithreadedTaskDispatcher with 16 workers.
 -> (artifact id: 'bbf94cc574db17f90dda6d1604bbb372') in 0.013080 seconds
Number of updated asset objects reloaded before import = 0
Number of asset objects unloaded after import = 1
========================================================================
Received Import Request.
  Time since last request: 0.000022 seconds.
  path: Assets/ModernSupermarket/Models/Props/Produce/Banana_zjs4oz/Textures/Banana_zjs4oz_n.png
  artifactKey: Guid(f6b960e58f4689147aaebd0b077e6ba6) Importer(2089858483,0ecaa5967403d082aa24f35e1b516d23)
Start importing Assets/ModernSupermarket/Models/Props/Produce/Banana_zjs4oz/Textures/Banana_zjs4oz_n.png using Guid(f6b960e58f4689147aaebd0b077e6ba6) Importer(2089858483,0ecaa5967403d082aa24f35e1b516d23) [PhysX] Initialized MultithreadedTaskDispatcher with 16 workers.
 -> (artifact id: '1e37bea0c7fcd92cb4820d67124184ca') in 0.014448 seconds
Number of updated asset objects reloaded before import = 0
Number of asset objects unloaded after import = 1
========================================================================
Received Import Request.
  Time since last request: 0.000016 seconds.
  path: Assets/ModernSupermarket/Models/Props/Produce/Apple_yf18nm/Textures/Apple_yf18nm_n.png
  artifactKey: Guid(17ba10d94d31f63479d0c8f225cfb366) Importer(2089858483,0ecaa5967403d082aa24f35e1b516d23)
Start importing Assets/ModernSupermarket/Models/Props/Produce/Apple_yf18nm/Textures/Apple_yf18nm_n.png using Guid(17ba10d94d31f63479d0c8f225cfb366) Importer(2089858483,0ecaa5967403d082aa24f35e1b516d23) [PhysX] Initialized MultithreadedTaskDispatcher with 16 workers.
 -> (artifact id: 'cbc9b1f811348f4d5614a1afe8883b93') in 0.012305 seconds
Number of updated asset objects reloaded before import = 0
Number of asset objects unloaded after import = 1
========================================================================
Received Import Request.
  Time since last request: 0.000022 seconds.
  path: Assets/ModernSupermarket/Models/Props/Products/BeerPack_74mugc/Textures/BeerPack_74mugc_Var02_a.png
  artifactKey: Guid(8be89673516735643a899200f4b8bac4) Importer(2089858483,0ecaa5967403d082aa24f35e1b516d23)
Start importing Assets/ModernSupermarket/Models/Props/Products/BeerPack_74mugc/Textures/BeerPack_74mugc_Var02_a.png using Guid(8be89673516735643a899200f4b8bac4) Importer(2089858483,0ecaa5967403d082aa24f35e1b516d23) [PhysX] Initialized MultithreadedTaskDispatcher with 16 workers.
 -> (artifact id: '65a6690439a65d0164149c416aa62fb2') in 0.012171 seconds
Number of updated asset objects reloaded before import = 0
Number of asset objects unloaded after import = 1
========================================================================
Received Import Request.
  Time since last request: 0.000019 seconds.
  path: Assets/ModernSupermarket/Models/Props/Produce/ChilliPepper_w388hm/Textures/ChilliPeppers_w388hm_mask.png
  artifactKey: Guid(f04fb68e44e2b2e49b2de51ebf717af9) Importer(2089858483,0ecaa5967403d082aa24f35e1b516d23)
Start importing Assets/ModernSupermarket/Models/Props/Produce/ChilliPepper_w388hm/Textures/ChilliPeppers_w388hm_mask.png using Guid(f04fb68e44e2b2e49b2de51ebf717af9) Importer(2089858483,0ecaa5967403d082aa24f35e1b516d23) [PhysX] Initialized MultithreadedTaskDispatcher with 16 workers.
 -> (artifact id: '7da6cf88f3bbee230c8653ce85c369d2') in 0.020042 seconds
Number of updated asset objects reloaded before import = 0
Number of asset objects unloaded after import = 1
========================================================================
Received Import Request.
  Time since last request: 0.000020 seconds.
  path: Assets/ModernSupermarket/Models/Props/Products/Cake_a3h87k/Textures/Cake_a3h87k_Var02.png
  artifactKey: Guid(4e51720f9517f0d45a14646a95639a43) Importer(2089858483,0ecaa5967403d082aa24f35e1b516d23)
Start importing Assets/ModernSupermarket/Models/Props/Products/Cake_a3h87k/Textures/Cake_a3h87k_Var02.png using Guid(4e51720f9517f0d45a14646a95639a43) Importer(2089858483,0ecaa5967403d082aa24f35e1b516d23) [PhysX] Initialized MultithreadedTaskDispatcher with 16 workers.
 -> (artifact id: 'ce836ce0fdf8a10bdde29c52d619ca9c') in 0.012631 seconds
Number of updated asset objects reloaded before import = 0
Number of asset objects unloaded after import = 1
========================================================================
Received Import Request.
  Time since last request: 0.000024 seconds.
  path: Assets/ModernSupermarket/Models/Props/Products/Beer_lryra7/Textures/BeerBottle_fdde0u_Var01_a.png
  artifactKey: Guid(85fbfbe522dc62a49a226cc9c94b9a5b) Importer(2089858483,0ecaa5967403d082aa24f35e1b516d23)
Start importing Assets/ModernSupermarket/Models/Props/Products/Beer_lryra7/Textures/BeerBottle_fdde0u_Var01_a.png using Guid(85fbfbe522dc62a49a226cc9c94b9a5b) Importer(2089858483,0ecaa5967403d082aa24f35e1b516d23) [PhysX] Initialized MultithreadedTaskDispatcher with 16 workers.
 -> (artifact id: '359e4017cb8501376376f599c2ccda3e') in 0.013844 seconds
Number of updated asset objects reloaded before import = 0
Number of asset objects unloaded after import = 1
========================================================================
Received Import Request.
  Time since last request: 0.000018 seconds.
  path: Assets/ModernSupermarket/Models/Props/Products/Alcohol_ao62w4/Textures/Alcool_ao62w4_o_Var01.png
  artifactKey: Guid(94e078b4b0ef16646bdf4c957ed01d8e) Importer(2089858483,0ecaa5967403d082aa24f35e1b516d23)
Start importing Assets/ModernSupermarket/Models/Props/Products/Alcohol_ao62w4/Textures/Alcool_ao62w4_o_Var01.png using Guid(94e078b4b0ef16646bdf4c957ed01d8e) Importer(2089858483,0ecaa5967403d082aa24f35e1b516d23) [PhysX] Initialized MultithreadedTaskDispatcher with 16 workers.
 -> (artifact id: '18cbc339004bcf5fff4aa411964f3054') in 0.019407 seconds
Number of updated asset objects reloaded before import = 0
Number of asset objects unloaded after import = 1
========================================================================
Received Import Request.
  Time since last request: 0.000024 seconds.
  path: Assets/ModernSupermarket/Models/Props/Products/Cheese_ipc281/Textures/Cheese_ipc281_Var01_a.png
  artifactKey: Guid(af9de6aa34c7b2449903954f7bbe6927) Importer(2089858483,0ecaa5967403d082aa24f35e1b516d23)
Start importing Assets/ModernSupermarket/Models/Props/Products/Cheese_ipc281/Textures/Cheese_ipc281_Var01_a.png using Guid(af9de6aa34c7b2449903954f7bbe6927) Importer(2089858483,0ecaa5967403d082aa24f35e1b516d23) [PhysX] Initialized MultithreadedTaskDispatcher with 16 workers.
 -> (artifact id: 'c8a7e73a2da46072f006a19eecfb573d') in 0.012999 seconds
Number of updated asset objects reloaded before import = 0
Number of asset objects unloaded after import = 1
========================================================================
Received Import Request.
  Time since last request: 0.000018 seconds.
  path: Assets/ModernSupermarket/Models/Props/Products/CrabSticks_mu7h0i/Textures/CrabSticks_mu7h0i_a.png
  artifactKey: Guid(2901eb5fb57d24045a9721e65663022b) Importer(2089858483,0ecaa5967403d082aa24f35e1b516d23)
Start importing Assets/ModernSupermarket/Models/Props/Products/CrabSticks_mu7h0i/Textures/CrabSticks_mu7h0i_a.png using Guid(2901eb5fb57d24045a9721e65663022b) Importer(2089858483,0ecaa5967403d082aa24f35e1b516d23) [PhysX] Initialized MultithreadedTaskDispatcher with 16 workers.
 -> (artifact id: '6dc24bb03223eabaeabbb5c84f6abeb6') in 0.014310 seconds
Number of updated asset objects reloaded before import = 0
Number of asset objects unloaded after import = 1
========================================================================
Received Import Request.
  Time since last request: 0.000019 seconds.
  path: Assets/ModernSupermarket/Models/Props/Products/Bag_s45li3/Textures/Bag_s45li3_a.png
  artifactKey: Guid(8bf877d5243b42d4dbc4f756db77599b) Importer(2089858483,0ecaa5967403d082aa24f35e1b516d23)
Start importing Assets/ModernSupermarket/Models/Props/Products/Bag_s45li3/Textures/Bag_s45li3_a.png using Guid(8bf877d5243b42d4dbc4f756db77599b) Importer(2089858483,0ecaa5967403d082aa24f35e1b516d23) [PhysX] Initialized MultithreadedTaskDispatcher with 16 workers.
 -> (artifact id: 'd2490f93c9e06d5cef4cd95dbeac02d0') in 0.012098 seconds
Number of updated asset objects reloaded before import = 0
Number of asset objects unloaded after import = 1
========================================================================
Received Import Request.
  Time since last request: 0.000036 seconds.
  path: Assets/ModernSupermarket/Models/Furniture/Sign_04h2fw/Textures/Materials/Sign_04h2fw_Breakfast.mat
  artifactKey: Guid(759b473d24ac8ff4f9c7e8fe4c1a332d) Importer(2089858483,0ecaa5967403d082aa24f35e1b516d23)
Start importing Assets/ModernSupermarket/Models/Furniture/Sign_04h2fw/Textures/Materials/Sign_04h2fw_Breakfast.mat using Guid(759b473d24ac8ff4f9c7e8fe4c1a332d) Importer(2089858483,0ecaa5967403d082aa24f35e1b516d23) [PhysX] Initialized MultithreadedTaskDispatcher with 16 workers.
 -> (artifact id: '1706e92827a547db7229f356bce4cc7c') in 0.014340 seconds
Number of updated asset objects reloaded before import = 0
Number of asset objects unloaded after import = 5
========================================================================
Received Import Request.
  Time since last request: 0.000024 seconds.
  path: Assets/ModernSupermarket/Models/Props/Products/CansPack_f98qxo/Textures/CansPack_f98qxo_m.png
  artifactKey: Guid(7c2ec417e4fccc9419f22c228c5d0bbb) Importer(2089858483,0ecaa5967403d082aa24f35e1b516d23)
Start importing Assets/ModernSupermarket/Models/Props/Products/CansPack_f98qxo/Textures/CansPack_f98qxo_m.png using Guid(7c2ec417e4fccc9419f22c228c5d0bbb) Importer(2089858483,0ecaa5967403d082aa24f35e1b516d23) [PhysX] Initialized MultithreadedTaskDispatcher with 16 workers.
 -> (artifact id: '42e3426dae2dc681809bcdb82b319c80') in 0.012868 seconds
Number of updated asset objects reloaded before import = 0
Number of asset objects unloaded after import = 1
========================================================================
Received Import Request.
  Time since last request: 0.000017 seconds.
  path: Assets/ModernSupermarket/Models/Props/Produce/Mango_1xw10k/Textures/Mango_1xw10k_a.png
  artifactKey: Guid(5f5b8334890f5f34897a63dd54f47c4d) Importer(2089858483,0ecaa5967403d082aa24f35e1b516d23)
Start importing Assets/ModernSupermarket/Models/Props/Produce/Mango_1xw10k/Textures/Mango_1xw10k_a.png using Guid(5f5b8334890f5f34897a63dd54f47c4d) Importer(2089858483,0ecaa5967403d082aa24f35e1b516d23) [PhysX] Initialized MultithreadedTaskDispatcher with 16 workers.
 -> (artifact id: '27af7e8ea1c02db2d4bb56034f16d641') in 0.012497 seconds
Number of updated asset objects reloaded before import = 0
Number of asset objects unloaded after import = 1
========================================================================
Received Import Request.
  Time since last request: 0.000021 seconds.
  path: Assets/ModernSupermarket/Models/Props/Products/Alcohol_ao62w4/Textures/Alcool_ao62w4_m.png
  artifactKey: Guid(63f9d819e8b7b4f469c31dff6fc6ddc0) Importer(2089858483,0ecaa5967403d082aa24f35e1b516d23)
Start importing Assets/ModernSupermarket/Models/Props/Products/Alcohol_ao62w4/Textures/Alcool_ao62w4_m.png using Guid(63f9d819e8b7b4f469c31dff6fc6ddc0) Importer(2089858483,0ecaa5967403d082aa24f35e1b516d23) [PhysX] Initialized MultithreadedTaskDispatcher with 16 workers.
 -> (artifact id: 'ca237ea1adf8cd7b1eb386e38a77f899') in 0.014174 seconds
Number of updated asset objects reloaded before import = 0
Number of asset objects unloaded after import = 1
========================================================================
Received Import Request.
  Time since last request: 0.000023 seconds.
  path: Assets/ModernSupermarket/Models/Props/Produce/Banana_zjs4oz/Textures/Banana_zjs4oz_o.png
  artifactKey: Guid(88008703c629865428c6cb5c4eb4c34a) Importer(2089858483,0ecaa5967403d082aa24f35e1b516d23)
Start importing Assets/ModernSupermarket/Models/Props/Produce/Banana_zjs4oz/Textures/Banana_zjs4oz_o.png using Guid(88008703c629865428c6cb5c4eb4c34a) Importer(2089858483,0ecaa5967403d082aa24f35e1b516d23) [PhysX] Initialized MultithreadedTaskDispatcher with 16 workers.
 -> (artifact id: '92e3b0b9d35975344f9930410ea5516c') in 0.012559 seconds
Number of updated asset objects reloaded before import = 0
Number of asset objects unloaded after import = 1
========================================================================
Received Import Request.
  Time since last request: 0.000032 seconds.
  path: Assets/ModernSupermarket/Models/Props/Products/Beer_lryra7/Textures/BeerBottle_fdde0u_o.png
  artifactKey: Guid(e83783cffdaf235488456a948e19bfc7) Importer(2089858483,0ecaa5967403d082aa24f35e1b516d23)
Start importing Assets/ModernSupermarket/Models/Props/Products/Beer_lryra7/Textures/BeerBottle_fdde0u_o.png using Guid(e83783cffdaf235488456a948e19bfc7) Importer(2089858483,0ecaa5967403d082aa24f35e1b516d23) [PhysX] Initialized MultithreadedTaskDispatcher with 16 workers.
 -> (artifact id: '62bfd92d0514349c3f0c6ede1a02c66b') in 0.014103 seconds
Number of updated asset objects reloaded before import = 0
Number of asset objects unloaded after import = 1
========================================================================
Received Import Request.
  Time since last request: 0.000019 seconds.
  path: Assets/ModernSupermarket/Models/Props/Products/EggBox8x_2zgq4h/Textures/EggBox8x_2zgq4h_o.png
  artifactKey: Guid(706e89ed21b84914e93b84d3a1bfddfe) Importer(2089858483,0ecaa5967403d082aa24f35e1b516d23)
Start importing Assets/ModernSupermarket/Models/Props/Products/EggBox8x_2zgq4h/Textures/EggBox8x_2zgq4h_o.png using Guid(706e89ed21b84914e93b84d3a1bfddfe) Importer(2089858483,0ecaa5967403d082aa24f35e1b516d23) [PhysX] Initialized MultithreadedTaskDispatcher with 16 workers.
 -> (artifact id: '22aaad2bb033e904cc91b77742bc2c22') in 0.013268 seconds
Number of updated asset objects reloaded before import = 0
Number of asset objects unloaded after import = 1
========================================================================
Received Import Request.
  Time since last request: 0.000019 seconds.
  path: Assets/ModernSupermarket/Models/Props/Products/Cleanser_o964qg/Textures/Cleanser_o964qg_n.png
  artifactKey: Guid(c491e67f834653f4688c7e10d2d7387f) Importer(2089858483,0ecaa5967403d082aa24f35e1b516d23)
Start importing Assets/ModernSupermarket/Models/Props/Products/Cleanser_o964qg/Textures/Cleanser_o964qg_n.png using Guid(c491e67f834653f4688c7e10d2d7387f) Importer(2089858483,0ecaa5967403d082aa24f35e1b516d23) [PhysX] Initialized MultithreadedTaskDispatcher with 16 workers.
 -> (artifact id: '4e83871796c007a23353601b6699b46f') in 0.011322 seconds
Number of updated asset objects reloaded before import = 0
Number of asset objects unloaded after import = 1
========================================================================
Received Import Request.
  Time since last request: 0.000022 seconds.
  path: Assets/ModernSupermarket/Models/Props/Products/Chips_w4tja8/Textures/Chips_w4tja8_a.png
  artifactKey: Guid(b62f19942cc66134c822bb225ebeae30) Importer(2089858483,0ecaa5967403d082aa24f35e1b516d23)
Start importing Assets/ModernSupermarket/Models/Props/Products/Chips_w4tja8/Textures/Chips_w4tja8_a.png using Guid(b62f19942cc66134c822bb225ebeae30) Importer(2089858483,0ecaa5967403d082aa24f35e1b516d23) [PhysX] Initialized MultithreadedTaskDispatcher with 16 workers.
 -> (artifact id: '4d22076ac51e3f957a68a2ebc0fe968a') in 0.011387 seconds
Number of updated asset objects reloaded before import = 0
Number of asset objects unloaded after import = 1
========================================================================
Received Import Request.
  Time since last request: 0.000021 seconds.
  path: Assets/ModernSupermarket/Models/Props/Products/Books_bpxngl/Textures/Books_bpxngl_n.png
  artifactKey: Guid(4abebf6e89a46564da35a91fdbcdcbce) Importer(2089858483,0ecaa5967403d082aa24f35e1b516d23)
Start importing Assets/ModernSupermarket/Models/Props/Products/Books_bpxngl/Textures/Books_bpxngl_n.png using Guid(4abebf6e89a46564da35a91fdbcdcbce) Importer(2089858483,0ecaa5967403d082aa24f35e1b516d23) [PhysX] Initialized MultithreadedTaskDispatcher with 16 workers.
 -> (artifact id: '812f7f3e44a9d394d2a4fcd915015ce2') in 0.013894 seconds
Number of updated asset objects reloaded before import = 0
Number of asset objects unloaded after import = 1
========================================================================
Received Import Request.
  Time since last request: 0.000018 seconds.
  path: Assets/ModernSupermarket/Models/Props/Produce/Artichoke_fdde0u/Textures/Artichoke_fdde0u_m.png
  artifactKey: Guid(6d2e3a97fabafaa4ea8cdf23a63a3976) Importer(2089858483,0ecaa5967403d082aa24f35e1b516d23)
Start importing Assets/ModernSupermarket/Models/Props/Produce/Artichoke_fdde0u/Textures/Artichoke_fdde0u_m.png using Guid(6d2e3a97fabafaa4ea8cdf23a63a3976) Importer(2089858483,0ecaa5967403d082aa24f35e1b516d23) [PhysX] Initialized MultithreadedTaskDispatcher with 16 workers.
 -> (artifact id: 'f586c7f4e20fec68a1b0875a4a890397') in 0.012673 seconds
Number of updated asset objects reloaded before import = 0
Number of asset objects unloaded after import = 1
========================================================================
Received Import Request.
  Time since last request: 0.000018 seconds.
  path: Assets/ModernSupermarket/Models/Props/Produce/ChilliPepper_w388hm/Textures/ChilliPeppers_w388hm_Var02_n.png
  artifactKey: Guid(ac40a02dcd1f6434eb8171478fc0417e) Importer(2089858483,0ecaa5967403d082aa24f35e1b516d23)
Start importing Assets/ModernSupermarket/Models/Props/Produce/ChilliPepper_w388hm/Textures/ChilliPeppers_w388hm_Var02_n.png using Guid(ac40a02dcd1f6434eb8171478fc0417e) Importer(2089858483,0ecaa5967403d082aa24f35e1b516d23) [PhysX] Initialized MultithreadedTaskDispatcher with 16 workers.
 -> (artifact id: '32e3a0349b65938df8a9b05d7b26cca9') in 0.020418 seconds
Number of updated asset objects reloaded before import = 0
Number of asset objects unloaded after import = 1
========================================================================
Received Import Request.
  Time since last request: 0.000018 seconds.
  path: Assets/ModernSupermarket/Models/Furniture/Sign_9jlt52/Textures/Materials/Sign_9jlt52_Var01.mat
  artifactKey: Guid(3fd2a41b7b1a5ba4c858eadb256f4220) Importer(2089858483,0ecaa5967403d082aa24f35e1b516d23)
Start importing Assets/ModernSupermarket/Models/Furniture/Sign_9jlt52/Textures/Materials/Sign_9jlt52_Var01.mat using Guid(3fd2a41b7b1a5ba4c858eadb256f4220) Importer(2089858483,0ecaa5967403d082aa24f35e1b516d23) [PhysX] Initialized MultithreadedTaskDispatcher with 16 workers.
 -> (artifact id: '61c063d440ebd7bd5a8d309fc28b3a2b') in 0.009200 seconds
Number of updated asset objects reloaded before import = 0
Number of asset objects unloaded after import = 2
========================================================================
Received Import Request.
  Time since last request: 0.000022 seconds.
  path: Assets/ModernSupermarket/Models/Props/Products/Chicken_ozj6pn/Textures/Chicken_ozj6pn_Meat_o.png
  artifactKey: Guid(f704b4f90bbeb7443876c4cacfaab8f2) Importer(2089858483,0ecaa5967403d082aa24f35e1b516d23)
Start importing Assets/ModernSupermarket/Models/Props/Products/Chicken_ozj6pn/Textures/Chicken_ozj6pn_Meat_o.png using Guid(f704b4f90bbeb7443876c4cacfaab8f2) Importer(2089858483,0ecaa5967403d082aa24f35e1b516d23) [PhysX] Initialized MultithreadedTaskDispatcher with 16 workers.
 -> (artifact id: '3a4d54ee04bcb0a127b1122073c42995') in 0.011925 seconds
Number of updated asset objects reloaded before import = 0
Number of asset objects unloaded after import = 1
========================================================================
Received Import Request.
  Time since last request: 0.000018 seconds.
  path: Assets/ModernSupermarket/Models/Props/Products/EggBox12x_7zw3j2/Textures/EggBox12x_7zw3j2_n.png
  artifactKey: Guid(e523a881a80b09e409ca9d5e2aa40864) Importer(2089858483,0ecaa5967403d082aa24f35e1b516d23)
Start importing Assets/ModernSupermarket/Models/Props/Products/EggBox12x_7zw3j2/Textures/EggBox12x_7zw3j2_n.png using Guid(e523a881a80b09e409ca9d5e2aa40864) Importer(2089858483,0ecaa5967403d082aa24f35e1b516d23) [PhysX] Initialized MultithreadedTaskDispatcher with 16 workers.
 -> (artifact id: '11602e848e86d0b6db34c7719dc71cce') in 0.013182 seconds
Number of updated asset objects reloaded before import = 0
Number of asset objects unloaded after import = 1
========================================================================
Received Import Request.
  Time since last request: 0.000019 seconds.
  path: Assets/ModernSupermarket/Models/Props/Products/Alcohol_eoojba/Textures/Whisky_eoojba_m.png
  artifactKey: Guid(de2b2fc0b26378f4daa681bea1e4826c) Importer(2089858483,0ecaa5967403d082aa24f35e1b516d23)
Start importing Assets/ModernSupermarket/Models/Props/Products/Alcohol_eoojba/Textures/Whisky_eoojba_m.png using Guid(de2b2fc0b26378f4daa681bea1e4826c) Importer(2089858483,0ecaa5967403d082aa24f35e1b516d23) [PhysX] Initialized MultithreadedTaskDispatcher with 16 workers.
 -> (artifact id: '733dd9b0b021dc7d1e0b118a3ad70446') in 0.012972 seconds
Number of updated asset objects reloaded before import = 0
Number of asset objects unloaded after import = 1
========================================================================
Received Import Request.
  Time since last request: 0.000019 seconds.
  path: Assets/ModernSupermarket/Models/Props/Products/Chips_w4tja8/Textures/Chips_w4tja8_o.png
  artifactKey: Guid(bcddd099df96672418c55cd9fec735cf) Importer(2089858483,0ecaa5967403d082aa24f35e1b516d23)
Start importing Assets/ModernSupermarket/Models/Props/Products/Chips_w4tja8/Textures/Chips_w4tja8_o.png using Guid(bcddd099df96672418c55cd9fec735cf) Importer(2089858483,0ecaa5967403d082aa24f35e1b516d23) [PhysX] Initialized MultithreadedTaskDispatcher with 16 workers.
 -> (artifact id: 'f2bdb97d432054da63a90499c4d6f616') in 0.011716 seconds
Number of updated asset objects reloaded before import = 0
Number of asset objects unloaded after import = 1
========================================================================
Received Import Request.
  Time since last request: 0.000017 seconds.
  path: Assets/ModernSupermarket/Models/Props/Produce/ChilliPepper_w388hm/Textures/ChilliPeppers_w388hm_Var02_a.png
  artifactKey: Guid(8e5360806188ce144a6e24f65a10b38b) Importer(2089858483,0ecaa5967403d082aa24f35e1b516d23)
Start importing Assets/ModernSupermarket/Models/Props/Produce/ChilliPepper_w388hm/Textures/ChilliPeppers_w388hm_Var02_a.png using Guid(8e5360806188ce144a6e24f65a10b38b) Importer(2089858483,0ecaa5967403d082aa24f35e1b516d23) [PhysX] Initialized MultithreadedTaskDispatcher with 16 workers.
 -> (artifact id: '0405f768e798bf5d0551f0b366c78d58') in 0.017524 seconds
Number of updated asset objects reloaded before import = 0
Number of asset objects unloaded after import = 1
========================================================================
Received Import Request.
  Time since last request: 0.000058 seconds.
  path: Assets/ModernSupermarket/Models/Props/Products/ChocolateSpread_xhkyij/Textures/ChocolateSpread_xhkyij_a.png
  artifactKey: Guid(a2f459c3dd3545e448b7dce97ecfa218) Importer(2089858483,0ecaa5967403d082aa24f35e1b516d23)
Start importing Assets/ModernSupermarket/Models/Props/Products/ChocolateSpread_xhkyij/Textures/ChocolateSpread_xhkyij_a.png using Guid(a2f459c3dd3545e448b7dce97ecfa218) Importer(2089858483,0ecaa5967403d082aa24f35e1b516d23) [PhysX] Initialized MultithreadedTaskDispatcher with 16 workers.
 -> (artifact id: 'ebf793c4c994bc9ed73170dd895af180') in 0.014025 seconds
Number of updated asset objects reloaded before import = 0
Number of asset objects unloaded after import = 1
========================================================================
Received Import Request.
  Time since last request: 0.000021 seconds.
  path: Assets/ModernSupermarket/Models/Props/Products/Decoration_q1fmhj/Textures/Decoration_q1fmhj_n.png
  artifactKey: Guid(baaa4d70bd524e1489e31e329db5d6c9) Importer(2089858483,0ecaa5967403d082aa24f35e1b516d23)
Start importing Assets/ModernSupermarket/Models/Props/Products/Decoration_q1fmhj/Textures/Decoration_q1fmhj_n.png using Guid(baaa4d70bd524e1489e31e329db5d6c9) Importer(2089858483,0ecaa5967403d082aa24f35e1b516d23) [PhysX] Initialized MultithreadedTaskDispatcher with 16 workers.
 -> (artifact id: '44961902b0e7de1e0b41b2d25f039b9b') in 0.018562 seconds
Number of updated asset objects reloaded before import = 0
Number of asset objects unloaded after import = 1
========================================================================
Received Import Request.
  Time since last request: 0.000027 seconds.
  path: Assets/ModernSupermarket/Models/Furniture/Slate_t3iq3t/Textures/Materials/Slate_t3iq3t.mat
  artifactKey: Guid(0dadcc7750010214f91cfb000f4e0e92) Importer(2089858483,0ecaa5967403d082aa24f35e1b516d23)
Start importing Assets/ModernSupermarket/Models/Furniture/Slate_t3iq3t/Textures/Materials/Slate_t3iq3t.mat using Guid(0dadcc7750010214f91cfb000f4e0e92) Importer(2089858483,0ecaa5967403d082aa24f35e1b516d23) [PhysX] Initialized MultithreadedTaskDispatcher with 16 workers.
 -> (artifact id: 'f6603f19df9fab95bfb87cd7e8ecaa17') in 0.016078 seconds
Number of updated asset objects reloaded before import = 0
Number of asset objects unloaded after import = 5
========================================================================
Received Import Request.
  Time since last request: 0.000028 seconds.
  path: Assets/ModernSupermarket/Models/Props/Produce/Clementine_7okhg9/Textures/Clementine_7okhg9_n.png
  artifactKey: Guid(3126a15e5371d84408d24c63d011ce2d) Importer(2089858483,0ecaa5967403d082aa24f35e1b516d23)
Start importing Assets/ModernSupermarket/Models/Props/Produce/Clementine_7okhg9/Textures/Clementine_7okhg9_n.png using Guid(3126a15e5371d84408d24c63d011ce2d) Importer(2089858483,0ecaa5967403d082aa24f35e1b516d23) [PhysX] Initialized MultithreadedTaskDispatcher with 16 workers.
 -> (artifact id: 'cf8cb0eb38c313cde84e3e367509412a') in 0.027145 seconds
Number of updated asset objects reloaded before import = 0
Number of asset objects unloaded after import = 1
========================================================================
Received Import Request.
  Time since last request: 0.000019 seconds.
  path: Assets/ModernSupermarket/Models/Props/Products/ChocolatePowder_yqoigt/Textures/ChocolatePowder_yqoigt_n.png
  artifactKey: Guid(0ddab39a300c09340870d1d035012abb) Importer(2089858483,0ecaa5967403d082aa24f35e1b516d23)
Start importing Assets/ModernSupermarket/Models/Props/Products/ChocolatePowder_yqoigt/Textures/ChocolatePowder_yqoigt_n.png using Guid(0ddab39a300c09340870d1d035012abb) Importer(2089858483,0ecaa5967403d082aa24f35e1b516d23) [PhysX] Initialized MultithreadedTaskDispatcher with 16 workers.
 -> (artifact id: '5ccd00e6dda61c06770c40979508cdc7') in 0.018374 seconds
Number of updated asset objects reloaded before import = 0
Number of asset objects unloaded after import = 1
========================================================================
Received Import Request.
  Time since last request: 0.000017 seconds.
  path: Assets/ModernSupermarket/Models/Props/Products/Alcohol_tqkp8c/Textures/Whisky_tqkp8c_a.png
  artifactKey: Guid(66f23d4f97d98374b94f989f2a4a1bad) Importer(2089858483,0ecaa5967403d082aa24f35e1b516d23)
Start importing Assets/ModernSupermarket/Models/Props/Products/Alcohol_tqkp8c/Textures/Whisky_tqkp8c_a.png using Guid(66f23d4f97d98374b94f989f2a4a1bad) Importer(2089858483,0ecaa5967403d082aa24f35e1b516d23) [PhysX] Initialized MultithreadedTaskDispatcher with 16 workers.
 -> (artifact id: '8f37a7bcffa994ec8a945486e4ebc862') in 0.013508 seconds
Number of updated asset objects reloaded before import = 0
Number of asset objects unloaded after import = 1
========================================================================
Received Import Request.
  Time since last request: 0.000020 seconds.
  path: Assets/ModernSupermarket/Models/Props/Products/Coffee_5uj6zk/Textures/Coffee_5uj6zk_o.png
  artifactKey: Guid(7c994cc816aa2164ca9bf1ee7cd7c40c) Importer(2089858483,0ecaa5967403d082aa24f35e1b516d23)
Start importing Assets/ModernSupermarket/Models/Props/Products/Coffee_5uj6zk/Textures/Coffee_5uj6zk_o.png using Guid(7c994cc816aa2164ca9bf1ee7cd7c40c) Importer(2089858483,0ecaa5967403d082aa24f35e1b516d23) [PhysX] Initialized MultithreadedTaskDispatcher with 16 workers.
 -> (artifact id: '7f254755ec8c1b38abd6816b6012262b') in 0.012874 seconds
Number of updated asset objects reloaded before import = 0
Number of asset objects unloaded after import = 1
========================================================================
Received Import Request.
  Time since last request: 0.000019 seconds.
  path: Assets/ModernSupermarket/Models/Props/Produce/Pineapple_c1vx80/Textures/Pineapple_c1vx80_a.png
  artifactKey: Guid(711f19111c2c0bc468bb2ca08bfe1b9d) Importer(2089858483,0ecaa5967403d082aa24f35e1b516d23)
Start importing Assets/ModernSupermarket/Models/Props/Produce/Pineapple_c1vx80/Textures/Pineapple_c1vx80_a.png using Guid(711f19111c2c0bc468bb2ca08bfe1b9d) Importer(2089858483,0ecaa5967403d082aa24f35e1b516d23) [PhysX] Initialized MultithreadedTaskDispatcher with 16 workers.
 -> (artifact id: 'f0962b596bcb18e396383d7963ab75f1') in 0.013890 seconds
Number of updated asset objects reloaded before import = 0
Number of asset objects unloaded after import = 1
========================================================================
Received Import Request.
  Time since last request: 0.000018 seconds.
  path: Assets/ModernSupermarket/Models/Props/Products/Capsule_dchvzi/Textures/Capsule_dchvzi_n.png
  artifactKey: Guid(044e92bda3a9bb142b6687c1778a6f6b) Importer(2089858483,0ecaa5967403d082aa24f35e1b516d23)
Start importing Assets/ModernSupermarket/Models/Props/Products/Capsule_dchvzi/Textures/Capsule_dchvzi_n.png using Guid(044e92bda3a9bb142b6687c1778a6f6b) Importer(2089858483,0ecaa5967403d082aa24f35e1b516d23) [PhysX] Initialized MultithreadedTaskDispatcher with 16 workers.
 -> (artifact id: 'bd0bff99800cbca1f7daa6abb160b68f') in 0.013453 seconds
Number of updated asset objects reloaded before import = 0
Number of asset objects unloaded after import = 1
========================================================================
Received Import Request.
  Time since last request: 0.000022 seconds.
  path: Assets/ModernSupermarket/Models/Props/Products/Bleach_irrpnt/Textures/Bleach_irrpnt_Var02_a.png
  artifactKey: Guid(cc5957d06f540e541a0645752bb948d9) Importer(2089858483,0ecaa5967403d082aa24f35e1b516d23)
Start importing Assets/ModernSupermarket/Models/Props/Products/Bleach_irrpnt/Textures/Bleach_irrpnt_Var02_a.png using Guid(cc5957d06f540e541a0645752bb948d9) Importer(2089858483,0ecaa5967403d082aa24f35e1b516d23) [PhysX] Initialized MultithreadedTaskDispatcher with 16 workers.
 -> (artifact id: 'da8711d0c61349de9397408312692eb4') in 0.012830 seconds
Number of updated asset objects reloaded before import = 0
Number of asset objects unloaded after import = 1
========================================================================
Received Import Request.
  Time since last request: 0.000023 seconds.
  path: Assets/ModernSupermarket/Models/Props/Products/EggBox8x_2zgq4h/Textures/EggBox8x_2zgq4h_n.png
  artifactKey: Guid(8aa2c32ffd70a4d428384d37f0d1b61b) Importer(2089858483,0ecaa5967403d082aa24f35e1b516d23)
Start importing Assets/ModernSupermarket/Models/Props/Products/EggBox8x_2zgq4h/Textures/EggBox8x_2zgq4h_n.png using Guid(8aa2c32ffd70a4d428384d37f0d1b61b) Importer(2089858483,0ecaa5967403d082aa24f35e1b516d23) [PhysX] Initialized MultithreadedTaskDispatcher with 16 workers.
 -> (artifact id: '60ec1764a8f5396af17746b14baabe02') in 0.014031 seconds
Number of updated asset objects reloaded before import = 0
Number of asset objects unloaded after import = 1
========================================================================
Received Import Request.
  Time since last request: 0.000146 seconds.
  path: Assets/ModernSupermarket/Models/Props/Produce/Perry_fhz4xg/Textures/Perry_fhz4xg_n.png
  artifactKey: Guid(be351816de942124e8a67b86d5c956c5) Importer(2089858483,0ecaa5967403d082aa24f35e1b516d23)
Start importing Assets/ModernSupermarket/Models/Props/Produce/Perry_fhz4xg/Textures/Perry_fhz4xg_n.png using Guid(be351816de942124e8a67b86d5c956c5) Importer(2089858483,0ecaa5967403d082aa24f35e1b516d23) [PhysX] Initialized MultithreadedTaskDispatcher with 16 workers.
 -> (artifact id: '417c6cf2e4b0a302a9de73e9c761cabc') in 0.015446 seconds
Number of updated asset objects reloaded before import = 0
Number of asset objects unloaded after import = 1
========================================================================
Received Import Request.
  Time since last request: 0.000018 seconds.
  path: Assets/ModernSupermarket/Models/Props/Products/Alcohol_tqkp8c/Textures/Whisky_tqkp8c_m.png
  artifactKey: Guid(292f3345adca3544590733fbc6bb9769) Importer(2089858483,0ecaa5967403d082aa24f35e1b516d23)
Start importing Assets/ModernSupermarket/Models/Props/Products/Alcohol_tqkp8c/Textures/Whisky_tqkp8c_m.png using Guid(292f3345adca3544590733fbc6bb9769) Importer(2089858483,0ecaa5967403d082aa24f35e1b516d23) [PhysX] Initialized MultithreadedTaskDispatcher with 16 workers.
 -> (artifact id: 'd37541d75e1eff966d394ebb39afe481') in 0.012775 seconds
Number of updated asset objects reloaded before import = 0
Number of asset objects unloaded after import = 1
========================================================================
Received Import Request.
  Time since last request: 0.000023 seconds.
  path: Assets/ModernSupermarket/Models/Props/Products/Beer_lryra7/Textures/BeerBottle_fdde0u_Var02_a.png
  artifactKey: Guid(50c70626e0952c946be7e153e0dd289d) Importer(2089858483,0ecaa5967403d082aa24f35e1b516d23)
Start importing Assets/ModernSupermarket/Models/Props/Products/Beer_lryra7/Textures/BeerBottle_fdde0u_Var02_a.png using Guid(50c70626e0952c946be7e153e0dd289d) Importer(2089858483,0ecaa5967403d082aa24f35e1b516d23) [PhysX] Initialized MultithreadedTaskDispatcher with 16 workers.
 -> (artifact id: '22fb78df9783b176f360a0d645193b34') in 0.012091 seconds
Number of updated asset objects reloaded before import = 0
Number of asset objects unloaded after import = 1
========================================================================
Received Import Request.
  Time since last request: 0.000021 seconds.
  path: Assets/ModernSupermarket/Models/Props/Products/Bleach_irrpnt/Textures/Bleach_irrpnt_o.png
  artifactKey: Guid(91d25626e38f33845ba60b8f60f4c64e) Importer(2089858483,0ecaa5967403d082aa24f35e1b516d23)
Start importing Assets/ModernSupermarket/Models/Props/Products/Bleach_irrpnt/Textures/Bleach_irrpnt_o.png using Guid(91d25626e38f33845ba60b8f60f4c64e) Importer(2089858483,0ecaa5967403d082aa24f35e1b516d23) [PhysX] Initialized MultithreadedTaskDispatcher with 16 workers.
 -> (artifact id: '512591c0d1648112fdfd6c90f1a9828b') in 0.014624 seconds
Number of updated asset objects reloaded before import = 0
Number of asset objects unloaded after import = 1
========================================================================
Received Import Request.
  Time since last request: 0.000022 seconds.
  path: Assets/ModernSupermarket/Models/Props/Products/Cake_a3h87k/Textures/Cake_a3h87k_n.png
  artifactKey: Guid(92e628c114e194049b6cedbb7e721050) Importer(2089858483,0ecaa5967403d082aa24f35e1b516d23)
Start importing Assets/ModernSupermarket/Models/Props/Products/Cake_a3h87k/Textures/Cake_a3h87k_n.png using Guid(92e628c114e194049b6cedbb7e721050) Importer(2089858483,0ecaa5967403d082aa24f35e1b516d23) [PhysX] Initialized MultithreadedTaskDispatcher with 16 workers.
 -> (artifact id: 'b8ce6581623141de0c42a726e44021a7') in 0.012710 seconds
Number of updated asset objects reloaded before import = 0
Number of asset objects unloaded after import = 1
========================================================================
Received Import Request.
  Time since last request: 0.000023 seconds.
  path: Assets/ModernSupermarket/Models/Props/Products/Chicken_ozj6pn/Textures/Chicken_ozj6pn_Meat_m.png
  artifactKey: Guid(e6c53c66ac92c4e48a04db336519187f) Importer(2089858483,0ecaa5967403d082aa24f35e1b516d23)
Start importing Assets/ModernSupermarket/Models/Props/Products/Chicken_ozj6pn/Textures/Chicken_ozj6pn_Meat_m.png using Guid(e6c53c66ac92c4e48a04db336519187f) Importer(2089858483,0ecaa5967403d082aa24f35e1b516d23) [PhysX] Initialized MultithreadedTaskDispatcher with 16 workers.
 -> (artifact id: 'ed8f6cab9e637fed15fb744175f3ea6a') in 0.013771 seconds
Number of updated asset objects reloaded before import = 0
Number of asset objects unloaded after import = 1
========================================================================
Received Import Request.
  Time since last request: 0.000020 seconds.
  path: Assets/ModernSupermarket/Models/Props/Products/Capsule_rk7lsf/Textures/Capsule_rk7lsf_m.png
  artifactKey: Guid(0e5e61eb1fc1ce94a9eed976c87a2ba3) Importer(2089858483,0ecaa5967403d082aa24f35e1b516d23)
Start importing Assets/ModernSupermarket/Models/Props/Products/Capsule_rk7lsf/Textures/Capsule_rk7lsf_m.png using Guid(0e5e61eb1fc1ce94a9eed976c87a2ba3) Importer(2089858483,0ecaa5967403d082aa24f35e1b516d23) [PhysX] Initialized MultithreadedTaskDispatcher with 16 workers.
 -> (artifact id: '24fe839c7f2708792b1c50c248ceac73') in 0.014315 seconds
Number of updated asset objects reloaded before import = 0
Number of asset objects unloaded after import = 1
========================================================================
Received Import Request.
  Time since last request: 0.000035 seconds.
  path: Assets/ModernSupermarket/Models/Props/Products/ChocolateBox_b94wj0/Textures/ChocolatBox_b94wj0_o.png
  artifactKey: Guid(cd82179fad263cd4db1ac9a05f12f66e) Importer(2089858483,0ecaa5967403d082aa24f35e1b516d23)
Start importing Assets/ModernSupermarket/Models/Props/Products/ChocolateBox_b94wj0/Textures/ChocolatBox_b94wj0_o.png using Guid(cd82179fad263cd4db1ac9a05f12f66e) Importer(2089858483,0ecaa5967403d082aa24f35e1b516d23) [PhysX] Initialized MultithreadedTaskDispatcher with 16 workers.
 -> (artifact id: '54e5adf4bfda8fa75b0e05f77246e40f') in 0.012849 seconds
Number of updated asset objects reloaded before import = 0
Number of asset objects unloaded after import = 1
========================================================================
Received Import Request.
  Time since last request: 0.000020 seconds.
  path: Assets/ModernSupermarket/Models/Props/Produce/Apple_k7nzrr/Textures/Apple_k7nzrr_a.png
  artifactKey: Guid(eadde1c0659f0304b96f115718aab63e) Importer(2089858483,0ecaa5967403d082aa24f35e1b516d23)
Start importing Assets/ModernSupermarket/Models/Props/Produce/Apple_k7nzrr/Textures/Apple_k7nzrr_a.png using Guid(eadde1c0659f0304b96f115718aab63e) Importer(2089858483,0ecaa5967403d082aa24f35e1b516d23) [PhysX] Initialized MultithreadedTaskDispatcher with 16 workers.
 -> (artifact id: '2915a07bb9097ebb6e2f4d71e1fa725e') in 0.011778 seconds
Number of updated asset objects reloaded before import = 0
Number of asset objects unloaded after import = 1
========================================================================
Received Import Request.
  Time since last request: 0.000021 seconds.
  path: Assets/ModernSupermarket/Models/Props/Produce/Carrot_i2roww/Textures/Carrot_i2roww_o.png
  artifactKey: Guid(b95c45a2f1893104f87c4a37933acb5f) Importer(2089858483,0ecaa5967403d082aa24f35e1b516d23)
Start importing Assets/ModernSupermarket/Models/Props/Produce/Carrot_i2roww/Textures/Carrot_i2roww_o.png using Guid(b95c45a2f1893104f87c4a37933acb5f) Importer(2089858483,0ecaa5967403d082aa24f35e1b516d23) [PhysX] Initialized MultithreadedTaskDispatcher with 16 workers.
 -> (artifact id: '9c118e6588a3cc1ae2cf49cd857aa95e') in 0.012238 seconds
Number of updated asset objects reloaded before import = 0
Number of asset objects unloaded after import = 1
========================================================================
Received Import Request.
  Time since last request: 0.000022 seconds.
  path: Assets/ModernSupermarket/Models/Furniture/Sign_04h2fw/Textures/Materials/Sign_04h2fw_Decoration.mat
  artifactKey: Guid(8211c515ae1117448b218bcfb0c5ff75) Importer(2089858483,0ecaa5967403d082aa24f35e1b516d23)
Start importing Assets/ModernSupermarket/Models/Furniture/Sign_04h2fw/Textures/Materials/Sign_04h2fw_Decoration.mat using Guid(8211c515ae1117448b218bcfb0c5ff75) Importer(2089858483,0ecaa5967403d082aa24f35e1b516d23) [PhysX] Initialized MultithreadedTaskDispatcher with 16 workers.
 -> (artifact id: '1739970b6406c6f289e24aefb1c52659') in 0.011185 seconds
Number of updated asset objects reloaded before import = 0
Number of asset objects unloaded after import = 5
========================================================================
Received Import Request.
  Time since last request: 0.000018 seconds.
  path: Assets/ModernSupermarket/Models/Props/Products/Chicken_ozj6pn/Textures/Chicken_ozj6pn_Meat_n.png
  artifactKey: Guid(1825f29416a8e844d9dae8c4478f00da) Importer(2089858483,0ecaa5967403d082aa24f35e1b516d23)
Start importing Assets/ModernSupermarket/Models/Props/Products/Chicken_ozj6pn/Textures/Chicken_ozj6pn_Meat_n.png using Guid(1825f29416a8e844d9dae8c4478f00da) Importer(2089858483,0ecaa5967403d082aa24f35e1b516d23) [PhysX] Initialized MultithreadedTaskDispatcher with 16 workers.
 -> (artifact id: 'c182e79734bde9af1f1e495b746f6469') in 0.012611 seconds
Number of updated asset objects reloaded before import = 0
Number of asset objects unloaded after import = 1
========================================================================
Received Import Request.
  Time since last request: 0.000021 seconds.
  path: Assets/ModernSupermarket/Models/Props/Products/EggBox4x_nbzek2/Textures/EggBox4x_nbzek2_Mask.png
  artifactKey: Guid(008e16c500ea751479534f12ffb3a1c5) Importer(2089858483,0ecaa5967403d082aa24f35e1b516d23)
Start importing Assets/ModernSupermarket/Models/Props/Products/EggBox4x_nbzek2/Textures/EggBox4x_nbzek2_Mask.png using Guid(008e16c500ea751479534f12ffb3a1c5) Importer(2089858483,0ecaa5967403d082aa24f35e1b516d23) [PhysX] Initialized MultithreadedTaskDispatcher with 16 workers.
 -> (artifact id: '8caa5793c838afc3bbfd8e0950c2d7c9') in 0.013706 seconds
Number of updated asset objects reloaded before import = 0
Number of asset objects unloaded after import = 1
========================================================================
Received Import Request.
  Time since last request: 0.000017 seconds.
  path: Assets/ModernSupermarket/Models/Props/Produce/Onion_mut7xz/Textures/Onion_mut7xz_o.png
  artifactKey: Guid(62491f3df01c8db478d24c7c9870fa82) Importer(2089858483,0ecaa5967403d082aa24f35e1b516d23)
Start importing Assets/ModernSupermarket/Models/Props/Produce/Onion_mut7xz/Textures/Onion_mut7xz_o.png using Guid(62491f3df01c8db478d24c7c9870fa82) Importer(2089858483,0ecaa5967403d082aa24f35e1b516d23) [PhysX] Initialized MultithreadedTaskDispatcher with 16 workers.
 -> (artifact id: 'c0d24ed7c8b2e9d0848868a369fe83a3') in 0.011176 seconds
Number of updated asset objects reloaded before import = 0
Number of asset objects unloaded after import = 1
========================================================================
Received Import Request.
  Time since last request: 0.000019 seconds.
  path: Assets/ModernSupermarket/Models/Props/Products/Capsule_xrahaz/Textures/Capsule_xrahaz_n.png
  artifactKey: Guid(716230e9a35086547acbcdc64582f302) Importer(2089858483,0ecaa5967403d082aa24f35e1b516d23)
Start importing Assets/ModernSupermarket/Models/Props/Products/Capsule_xrahaz/Textures/Capsule_xrahaz_n.png using Guid(716230e9a35086547acbcdc64582f302) Importer(2089858483,0ecaa5967403d082aa24f35e1b516d23) [PhysX] Initialized MultithreadedTaskDispatcher with 16 workers.
 -> (artifact id: 'ef762b01b1c82c7d0572047a7b70985f') in 0.012485 seconds
Number of updated asset objects reloaded before import = 0
Number of asset objects unloaded after import = 1
========================================================================
Received Import Request.
  Time since last request: 0.000021 seconds.
  path: Assets/ModernSupermarket/Models/Props/Products/Cake_a3h87k/Textures/Cake_a3h87k_o.png
  artifactKey: Guid(bf62567993e03814f8cdadff7e4e33cd) Importer(2089858483,0ecaa5967403d082aa24f35e1b516d23)
Start importing Assets/ModernSupermarket/Models/Props/Products/Cake_a3h87k/Textures/Cake_a3h87k_o.png using Guid(bf62567993e03814f8cdadff7e4e33cd) Importer(2089858483,0ecaa5967403d082aa24f35e1b516d23) [PhysX] Initialized MultithreadedTaskDispatcher with 16 workers.
 -> (artifact id: 'd51c74458e1ae304b3380d100b9d7f83') in 0.014012 seconds
Number of updated asset objects reloaded before import = 0
Number of asset objects unloaded after import = 1
========================================================================
Received Import Request.
  Time since last request: 0.000018 seconds.
  path: Assets/ModernSupermarket/Models/Props/Produce/Watermelon_z0o9y3/Textures/Watermelon_z0o9y3_m.png
  artifactKey: Guid(9d2a06a0136b4cd44957c7235c2cf96a) Importer(2089858483,0ecaa5967403d082aa24f35e1b516d23)
Start importing Assets/ModernSupermarket/Models/Props/Produce/Watermelon_z0o9y3/Textures/Watermelon_z0o9y3_m.png using Guid(9d2a06a0136b4cd44957c7235c2cf96a) Importer(2089858483,0ecaa5967403d082aa24f35e1b516d23) [PhysX] Initialized MultithreadedTaskDispatcher with 16 workers.
 -> (artifact id: '5057a5f750b2f3e872338540c6340cc8') in 0.012521 seconds
Number of updated asset objects reloaded before import = 0
Number of asset objects unloaded after import = 1
========================================================================
Received Import Request.
  Time since last request: 0.000020 seconds.
  path: Assets/ModernSupermarket/Models/Furniture/Table_5ma72f/Textures/Materials/Table_5ma72f.mat
  artifactKey: Guid(11fd86ee8ae9a4b40b47a6cd5f3e6fd4) Importer(2089858483,0ecaa5967403d082aa24f35e1b516d23)
Start importing Assets/ModernSupermarket/Models/Furniture/Table_5ma72f/Textures/Materials/Table_5ma72f.mat using Guid(11fd86ee8ae9a4b40b47a6cd5f3e6fd4) Importer(2089858483,0ecaa5967403d082aa24f35e1b516d23) [PhysX] Initialized MultithreadedTaskDispatcher with 16 workers.
 -> (artifact id: '9f5d46b64e728b4ffc726a821929d87b') in 0.012342 seconds
Number of updated asset objects reloaded before import = 0
Number of asset objects unloaded after import = 5
========================================================================
Received Import Request.
  Time since last request: 0.000020 seconds.
  path: Assets/ModernSupermarket/Models/Props/Products/ToiletPaper_tunz3i/Textures/ToiletPaper_tunz3i_Var01_a.png
  artifactKey: Guid(9d9d505a0c901b14f8f95ed6770f19a0) Importer(2089858483,0ecaa5967403d082aa24f35e1b516d23)
Start importing Assets/ModernSupermarket/Models/Props/Products/ToiletPaper_tunz3i/Textures/ToiletPaper_tunz3i_Var01_a.png using Guid(9d9d505a0c901b14f8f95ed6770f19a0) Importer(2089858483,0ecaa5967403d082aa24f35e1b516d23) [PhysX] Initialized MultithreadedTaskDispatcher with 16 workers.
 -> (artifact id: '5cf3bb538b25e13ea41475b30027eda5') in 0.013162 seconds
Number of updated asset objects reloaded before import = 0
Number of asset objects unloaded after import = 1
========================================================================
Received Import Request.
  Time since last request: 0.000018 seconds.
  path: Assets/ModernSupermarket/Models/Props/Products/WhippedCream_wm5t5v/Textures/WhippedCream_wm5t5v_m.png
  artifactKey: Guid(0c93ac47fbf919043a21e621feedbc00) Importer(2089858483,0ecaa5967403d082aa24f35e1b516d23)
Start importing Assets/ModernSupermarket/Models/Props/Products/WhippedCream_wm5t5v/Textures/WhippedCream_wm5t5v_m.png using Guid(0c93ac47fbf919043a21e621feedbc00) Importer(2089858483,0ecaa5967403d082aa24f35e1b516d23) [PhysX] Initialized MultithreadedTaskDispatcher with 16 workers.
 -> (artifact id: 'f8768c315284b842f1e8642764dcca37') in 0.020437 seconds
Number of updated asset objects reloaded before import = 0
Number of asset objects unloaded after import = 1
========================================================================
Received Import Request.
  Time since last request: 0.000056 seconds.
  path: Assets/ModernSupermarket/Models/Props/Products/Pasta_9duit2/Textures/PastaPack_9duit2_Penne_a.png
  artifactKey: Guid(b27fdfeff0902a84c8ad6448bc659092) Importer(2089858483,0ecaa5967403d082aa24f35e1b516d23)
Start importing Assets/ModernSupermarket/Models/Props/Products/Pasta_9duit2/Textures/PastaPack_9duit2_Penne_a.png using Guid(b27fdfeff0902a84c8ad6448bc659092) Importer(2089858483,0ecaa5967403d082aa24f35e1b516d23) [PhysX] Initialized MultithreadedTaskDispatcher with 16 workers.
 -> (artifact id: '725b17ec5acab02ef6a4ac5110195ff9') in 0.012635 seconds
Number of updated asset objects reloaded before import = 0
Number of asset objects unloaded after import = 1
========================================================================
Received Import Request.
  Time since last request: 0.000025 seconds.
  path: Assets/ModernSupermarket/Models/Props/Products/Soap_eegrv7/Textures/Soap_eegrv7_n.png
  artifactKey: Guid(a39b1d643f2544c4d87ef0c9a156efb8) Importer(2089858483,0ecaa5967403d082aa24f35e1b516d23)
Start importing Assets/ModernSupermarket/Models/Props/Products/Soap_eegrv7/Textures/Soap_eegrv7_n.png using Guid(a39b1d643f2544c4d87ef0c9a156efb8) Importer(2089858483,0ecaa5967403d082aa24f35e1b516d23) [PhysX] Initialized MultithreadedTaskDispatcher with 16 workers.
 -> (artifact id: '8eb0565f82f7143fba7a2e02f8d1a816') in 0.010588 seconds
Number of updated asset objects reloaded before import = 0
Number of asset objects unloaded after import = 1
========================================================================
Received Import Request.
  Time since last request: 0.000027 seconds.
  path: Assets/ModernSupermarket/Models/Props/Products/SweetJar_alnwix/Textures/SweetJar_alnwix_o.png
  artifactKey: Guid(3d6d54e0123981842a11699dc53c3190) Importer(2089858483,0ecaa5967403d082aa24f35e1b516d23)
Start importing Assets/ModernSupermarket/Models/Props/Products/SweetJar_alnwix/Textures/SweetJar_alnwix_o.png using Guid(3d6d54e0123981842a11699dc53c3190) Importer(2089858483,0ecaa5967403d082aa24f35e1b516d23) [PhysX] Initialized MultithreadedTaskDispatcher with 16 workers.
 -> (artifact id: 'bf984c8711e8a00d480bf40207d966ac') in 0.012719 seconds
Number of updated asset objects reloaded before import = 0
Number of asset objects unloaded after import = 1
========================================================================
Received Import Request.
  Time since last request: 0.000065 seconds.
  path: Assets/ModernSupermarket/Models/Props/Products/Laundry_mm7gx5/Textures/Laundry_mm7gx5_n.png
  artifactKey: Guid(1ef03a5dced63c34281b3137ad309995) Importer(2089858483,0ecaa5967403d082aa24f35e1b516d23)
Start importing Assets/ModernSupermarket/Models/Props/Products/Laundry_mm7gx5/Textures/Laundry_mm7gx5_n.png using Guid(1ef03a5dced63c34281b3137ad309995) Importer(2089858483,0ecaa5967403d082aa24f35e1b516d23) [PhysX] Initialized MultithreadedTaskDispatcher with 16 workers.
 -> (artifact id: 'cfec449f51b2369596521371ed388113') in 0.013231 seconds
Number of updated asset objects reloaded before import = 0
Number of asset objects unloaded after import = 1
========================================================================
Received Import Request.
  Time since last request: 0.000019 seconds.
  path: Assets/ModernSupermarket/Models/Props/Products/ToyCar_t5i4lw/Textures/ToyCar_t5i4lw_o.png
  artifactKey: Guid(bfac1c1e48b1574489962e68e2c3f4ef) Importer(2089858483,0ecaa5967403d082aa24f35e1b516d23)
Start importing Assets/ModernSupermarket/Models/Props/Products/ToyCar_t5i4lw/Textures/ToyCar_t5i4lw_o.png using Guid(bfac1c1e48b1574489962e68e2c3f4ef) Importer(2089858483,0ecaa5967403d082aa24f35e1b516d23) [PhysX] Initialized MultithreadedTaskDispatcher with 16 workers.
 -> (artifact id: '622fad67a449696d83021f176d094aee') in 0.013019 seconds
Number of updated asset objects reloaded before import = 0
Number of asset objects unloaded after import = 1
========================================================================
Received Import Request.
  Time since last request: 0.000017 seconds.
  path: Assets/ModernSupermarket/Models/Props/Products/TinCan_60afsy/Textures/TinCan_60afsy_m.png
  artifactKey: Guid(d78909c8e997e57418eb3fe506fb7183) Importer(2089858483,0ecaa5967403d082aa24f35e1b516d23)
Start importing Assets/ModernSupermarket/Models/Props/Products/TinCan_60afsy/Textures/TinCan_60afsy_m.png using Guid(d78909c8e997e57418eb3fe506fb7183) Importer(2089858483,0ecaa5967403d082aa24f35e1b516d23) [PhysX] Initialized MultithreadedTaskDispatcher with 16 workers.
 -> (artifact id: 'bf8d5a2c599658da4cb29423532f3f53') in 0.012706 seconds
Number of updated asset objects reloaded before import = 0
Number of asset objects unloaded after import = 1
========================================================================
Received Import Request.
  Time since last request: 0.000024 seconds.
  path: Assets/ModernSupermarket/Models/Props/Products/TinCan_60afsy/Textures/TinCan_60afsy_Var01_a.png
  artifactKey: Guid(68e7d12a348d0694298f48fbde645879) Importer(2089858483,0ecaa5967403d082aa24f35e1b516d23)
Start importing Assets/ModernSupermarket/Models/Props/Products/TinCan_60afsy/Textures/TinCan_60afsy_Var01_a.png using Guid(68e7d12a348d0694298f48fbde645879) Importer(2089858483,0ecaa5967403d082aa24f35e1b516d23) [PhysX] Initialized MultithreadedTaskDispatcher with 16 workers.
 -> (artifact id: '74eab241a41657fdbd51d57cec14b2d4') in 0.013859 seconds
Number of updated asset objects reloaded before import = 0
Number of asset objects unloaded after import = 1
========================================================================
Received Import Request.
  Time since last request: 0.000023 seconds.
  path: Assets/ModernSupermarket/Models/Props/Products/MashPotatoe_3n44xc/Textures/MashPotatoe_3n44xc_o.png
  artifactKey: Guid(52824678c3f41ac47acc20f726a117a6) Importer(2089858483,0ecaa5967403d082aa24f35e1b516d23)
Start importing Assets/ModernSupermarket/Models/Props/Products/MashPotatoe_3n44xc/Textures/MashPotatoe_3n44xc_o.png using Guid(52824678c3f41ac47acc20f726a117a6) Importer(2089858483,0ecaa5967403d082aa24f35e1b516d23) [PhysX] Initialized MultithreadedTaskDispatcher with 16 workers.
 -> (artifact id: 'bcce8c9e7049e6ca318e2fd059555471') in 0.011747 seconds
Number of updated asset objects reloaded before import = 0
Number of asset objects unloaded after import = 1
========================================================================
Received Import Request.
  Time since last request: 0.000019 seconds.
  path: Assets/ModernSupermarket/Models/Props/Utility/Anti-thefhtDoor_9qs8y9/Textures/Anti-theftDoor_9qs8y9_m.png
  artifactKey: Guid(48d4e5a5279a79f4f9e94e2a8a060ded) Importer(2089858483,0ecaa5967403d082aa24f35e1b516d23)
Start importing Assets/ModernSupermarket/Models/Props/Utility/Anti-thefhtDoor_9qs8y9/Textures/Anti-theftDoor_9qs8y9_m.png using Guid(48d4e5a5279a79f4f9e94e2a8a060ded) Importer(2089858483,0ecaa5967403d082aa24f35e1b516d23) [PhysX] Initialized MultithreadedTaskDispatcher with 16 workers.
 -> (artifact id: 'fbc14c60cd6420cf3ba3ce39b74ee465') in 0.012795 seconds
Number of updated asset objects reloaded before import = 0
Number of asset objects unloaded after import = 1
========================================================================
Received Import Request.
  Time since last request: 0.000018 seconds.
  path: Assets/ModernSupermarket/Models/Props/Products/MeatTray_fbw8xf/Textures/MeatTray_fbw8xf_a.png
  artifactKey: Guid(9e843e169e6b110468f072c3226c2166) Importer(2089858483,0ecaa5967403d082aa24f35e1b516d23)
Start importing Assets/ModernSupermarket/Models/Props/Products/MeatTray_fbw8xf/Textures/MeatTray_fbw8xf_a.png using Guid(9e843e169e6b110468f072c3226c2166) Importer(2089858483,0ecaa5967403d082aa24f35e1b516d23) [PhysX] Initialized MultithreadedTaskDispatcher with 16 workers.
 -> (artifact id: '3c0b1538da6578f635972a3a81dad3f2') in 0.012315 seconds
Number of updated asset objects reloaded before import = 0
Number of asset objects unloaded after import = 1
========================================================================
Received Import Request.
  Time since last request: 0.000020 seconds.
  path: Assets/ModernSupermarket/Models/Props/Products/PotatoBag_gcx3y2/Textures/PotatoeBag_gcx3y2_o.png
  artifactKey: Guid(7f2b5d1bc9d1e234c9a2305133a9afe3) Importer(2089858483,0ecaa5967403d082aa24f35e1b516d23)
Start importing Assets/ModernSupermarket/Models/Props/Products/PotatoBag_gcx3y2/Textures/PotatoeBag_gcx3y2_o.png using Guid(7f2b5d1bc9d1e234c9a2305133a9afe3) Importer(2089858483,0ecaa5967403d082aa24f35e1b516d23) [PhysX] Initialized MultithreadedTaskDispatcher with 16 workers.
 -> (artifact id: '9c9a31cc9744afcb8ae7bbf252468cf7') in 0.019738 seconds
Number of updated asset objects reloaded before import = 0
Number of asset objects unloaded after import = 1
========================================================================
Received Import Request.
  Time since last request: 0.000018 seconds.
  path: Assets/ModernSupermarket/Models/Props/Products/Ham_wplnxm/Textures/Ham_wplnxm_Var02_n.png
  artifactKey: Guid(6e1b9cc69a7ae72439c48d4da575a5d2) Importer(2089858483,0ecaa5967403d082aa24f35e1b516d23)
Start importing Assets/ModernSupermarket/Models/Props/Products/Ham_wplnxm/Textures/Ham_wplnxm_Var02_n.png using Guid(6e1b9cc69a7ae72439c48d4da575a5d2) Importer(2089858483,0ecaa5967403d082aa24f35e1b516d23) [PhysX] Initialized MultithreadedTaskDispatcher with 16 workers.
 -> (artifact id: '5202f8831cf776d79c2f95cb34f25347') in 0.014629 seconds
Number of updated asset objects reloaded before import = 0
Number of asset objects unloaded after import = 1
========================================================================
Received Import Request.
  Time since last request: 0.000021 seconds.
  path: Assets/ModernSupermarket/Models/Props/Products/SlicedBread_tp7aom/Textures/SlicedBread_tp7aom_Bread_n.png
  artifactKey: Guid(2f64f884a7d870c41ab31b27d3db88fa) Importer(2089858483,0ecaa5967403d082aa24f35e1b516d23)
Start importing Assets/ModernSupermarket/Models/Props/Products/SlicedBread_tp7aom/Textures/SlicedBread_tp7aom_Bread_n.png using Guid(2f64f884a7d870c41ab31b27d3db88fa) Importer(2089858483,0ecaa5967403d082aa24f35e1b516d23) [PhysX] Initialized MultithreadedTaskDispatcher with 16 workers.
 -> (artifact id: '56992f22f3fa54bdbe120adf43bffc27') in 0.012701 seconds
Number of updated asset objects reloaded before import = 0
Number of asset objects unloaded after import = 1
========================================================================
Received Import Request.
  Time since last request: 0.000020 seconds.
  path: Assets/ModernSupermarket/Models/Props/Products/Pepper_ybmiq9/Textures/Pepper_ybmiq9_n.png
  artifactKey: Guid(156212df441fc3d46a1f9edfaa1d78b2) Importer(2089858483,0ecaa5967403d082aa24f35e1b516d23)
Start importing Assets/ModernSupermarket/Models/Props/Products/Pepper_ybmiq9/Textures/Pepper_ybmiq9_n.png using Guid(156212df441fc3d46a1f9edfaa1d78b2) Importer(2089858483,0ecaa5967403d082aa24f35e1b516d23) [PhysX] Initialized MultithreadedTaskDispatcher with 16 workers.
 -> (artifact id: 'af37a326723b07895e93fc8b9f01dfe2') in 0.015611 seconds
Number of updated asset objects reloaded before import = 0
Number of asset objects unloaded after import = 1
========================================================================
Received Import Request.
  Time since last request: 0.000022 seconds.
  path: Assets/ModernSupermarket/Models/Props/Utility/Crate_omgea6/Textures/Crate_omgea6_n.png
  artifactKey: Guid(b2c5371bd91daa24bb5a934b1c2cb905) Importer(2089858483,0ecaa5967403d082aa24f35e1b516d23)
Start importing Assets/ModernSupermarket/Models/Props/Utility/Crate_omgea6/Textures/Crate_omgea6_n.png using Guid(b2c5371bd91daa24bb5a934b1c2cb905) Importer(2089858483,0ecaa5967403d082aa24f35e1b516d23) [PhysX] Initialized MultithreadedTaskDispatcher with 16 workers.
 -> (artifact id: '827d1400854ed4d544bf1f1d18d36611') in 0.013710 seconds
Number of updated asset objects reloaded before import = 0
Number of asset objects unloaded after import = 1
========================================================================
Received Import Request.
  Time since last request: 0.000024 seconds.
  path: Assets/ModernSupermarket/Models/Props/Products/MeatTray_bbcwdq/Textures/MeatTray_qm4z4l_n.png
  artifactKey: Guid(7398437188b343f48b7a8502b005d5cd) Importer(2089858483,0ecaa5967403d082aa24f35e1b516d23)
Start importing Assets/ModernSupermarket/Models/Props/Products/MeatTray_bbcwdq/Textures/MeatTray_qm4z4l_n.png using Guid(7398437188b343f48b7a8502b005d5cd) Importer(2089858483,0ecaa5967403d082aa24f35e1b516d23) [PhysX] Initialized MultithreadedTaskDispatcher with 16 workers.
 -> (artifact id: '68a3712f3e9fe956c478d66c79f82049') in 0.013056 seconds
Number of updated asset objects reloaded before import = 0
Number of asset objects unloaded after import = 1
========================================================================
Received Import Request.
  Time since last request: 0.000049 seconds.
  path: Assets/ModernSupermarket/Models/Props/Products/MeatTray_bbcwdq/Textures/MeatTray_bbcwdq_Meat_n.png
  artifactKey: Guid(e1d11966f6876df4db8408821d56c787) Importer(2089858483,0ecaa5967403d082aa24f35e1b516d23)
Start importing Assets/ModernSupermarket/Models/Props/Products/MeatTray_bbcwdq/Textures/MeatTray_bbcwdq_Meat_n.png using Guid(e1d11966f6876df4db8408821d56c787) Importer(2089858483,0ecaa5967403d082aa24f35e1b516d23) [PhysX] Initialized MultithreadedTaskDispatcher with 16 workers.
 -> (artifact id: '9223bbc426f1813fc5553a19c4ba7cf0') in 0.012652 seconds
Number of updated asset objects reloaded before import = 0
Number of asset objects unloaded after import = 1
========================================================================
Received Import Request.
  Time since last request: 0.000021 seconds.
  path: Assets/ModernSupermarket/Models/Props/Products/Shampoo_u15m67/Textures/Shampoo_u15m67_Var04.png
  artifactKey: Guid(7daa243e57452e947aeaaed76052852d) Importer(2089858483,0ecaa5967403d082aa24f35e1b516d23)
Start importing Assets/ModernSupermarket/Models/Props/Products/Shampoo_u15m67/Textures/Shampoo_u15m67_Var04.png using Guid(7daa243e57452e947aeaaed76052852d) Importer(2089858483,0ecaa5967403d082aa24f35e1b516d23) [PhysX] Initialized MultithreadedTaskDispatcher with 16 workers.
 -> (artifact id: '53632e0b2ae2e3ed75cf2c3b5bf6a1bb') in 0.018495 seconds
Number of updated asset objects reloaded before import = 0
Number of asset objects unloaded after import = 1
========================================================================
Received Import Request.
  Time since last request: 0.000019 seconds.
  path: Assets/ModernSupermarket/Models/Props/Products/ToyCar_t5i4lw/Textures/ToyCar_t5i4lw_mask.png
  artifactKey: Guid(17863b4ff5c6a0f4dadedbf5517985cf) Importer(2089858483,0ecaa5967403d082aa24f35e1b516d23)
Start importing Assets/ModernSupermarket/Models/Props/Products/ToyCar_t5i4lw/Textures/ToyCar_t5i4lw_mask.png using Guid(17863b4ff5c6a0f4dadedbf5517985cf) Importer(2089858483,0ecaa5967403d082aa24f35e1b516d23) [PhysX] Initialized MultithreadedTaskDispatcher with 16 workers.
 -> (artifact id: '358b9a21cd652d610f7b1f013590cdc7') in 0.013638 seconds
Number of updated asset objects reloaded before import = 0
Number of asset objects unloaded after import = 1
========================================================================
Received Import Request.
  Time since last request: 0.000032 seconds.
  path: Assets/ModernSupermarket/Models/Props/Products/WaterPack_mqmuh7/Textures/WaterPack_mqmuh7_o.png
  artifactKey: Guid(fa4e3479c76d7b4488a84414076186cb) Importer(2089858483,0ecaa5967403d082aa24f35e1b516d23)
Start importing Assets/ModernSupermarket/Models/Props/Products/WaterPack_mqmuh7/Textures/WaterPack_mqmuh7_o.png using Guid(fa4e3479c76d7b4488a84414076186cb) Importer(2089858483,0ecaa5967403d082aa24f35e1b516d23) [PhysX] Initialized MultithreadedTaskDispatcher with 16 workers.
 -> (artifact id: 'b03a76f2b2eab66c22f3a4199d58b4f6') in 0.013855 seconds
Number of updated asset objects reloaded before import = 0
Number of asset objects unloaded after import = 1
========================================================================
Received Import Request.
  Time since last request: 0.000017 seconds.
  path: Assets/ModernSupermarket/Models/Props/Products/OldMetalBox_edzkm9/Textures/OldMetalBox_Var02_edzkm9_a.png
  artifactKey: Guid(5526ae68f82dffe4fa7d107cac45f4a7) Importer(2089858483,0ecaa5967403d082aa24f35e1b516d23)
Start importing Assets/ModernSupermarket/Models/Props/Products/OldMetalBox_edzkm9/Textures/OldMetalBox_Var02_edzkm9_a.png using Guid(5526ae68f82dffe4fa7d107cac45f4a7) Importer(2089858483,0ecaa5967403d082aa24f35e1b516d23) [PhysX] Initialized MultithreadedTaskDispatcher with 16 workers.
 -> (artifact id: '3e192175240646b2362366aad2795fd1') in 0.016695 seconds
Number of updated asset objects reloaded before import = 0
Number of asset objects unloaded after import = 1
========================================================================
Received Import Request.
  Time since last request: 0.000021 seconds.
  path: Assets/ModernSupermarket/Models/Props/Products/SlicedBread_tp7aom/Textures/SlicedBread_tp7aom_m.png
  artifactKey: Guid(7b41caf8631e94b4ab5f143d9c026dd3) Importer(2089858483,0ecaa5967403d082aa24f35e1b516d23)
Start importing Assets/ModernSupermarket/Models/Props/Products/SlicedBread_tp7aom/Textures/SlicedBread_tp7aom_m.png using Guid(7b41caf8631e94b4ab5f143d9c026dd3) Importer(2089858483,0ecaa5967403d082aa24f35e1b516d23) [PhysX] Initialized MultithreadedTaskDispatcher with 16 workers.
 -> (artifact id: '229e2384799aa7597ac2aa5a1ec2bdc1') in 0.013456 seconds
Number of updated asset objects reloaded before import = 0
Number of asset objects unloaded after import = 1
========================================================================
Received Import Request.
  Time since last request: 0.000023 seconds.
  path: Assets/ModernSupermarket/Models/Props/Produce/ChilliPepper_w388hm/Textures/Materials/ChilliPeppers_w388hm.mat
  artifactKey: Guid(d82fdfdcad4e8a945a6adef71782e4d0) Importer(2089858483,0ecaa5967403d082aa24f35e1b516d23)
Start importing Assets/ModernSupermarket/Models/Props/Produce/ChilliPepper_w388hm/Textures/Materials/ChilliPeppers_w388hm.mat using Guid(d82fdfdcad4e8a945a6adef71782e4d0) Importer(2089858483,0ecaa5967403d082aa24f35e1b516d23) [PhysX] Initialized MultithreadedTaskDispatcher with 16 workers.
 -> (artifact id: 'bb1a61bca9e9c297cffe012e5e3365a3') in 0.012373 seconds
Number of updated asset objects reloaded before import = 0
Number of asset objects unloaded after import = 6
========================================================================
Received Import Request.
  Time since last request: 0.000021 seconds.
  path: Assets/ModernSupermarket/Models/Props/Products/Sugar_o0f6pn/Textures/Sugar_o0f6pn_a.png
  artifactKey: Guid(040f2f6af9fdf6c4b9a65a6d98d07792) Importer(2089858483,0ecaa5967403d082aa24f35e1b516d23)
Start importing Assets/ModernSupermarket/Models/Props/Products/Sugar_o0f6pn/Textures/Sugar_o0f6pn_a.png using Guid(040f2f6af9fdf6c4b9a65a6d98d07792) Importer(2089858483,0ecaa5967403d082aa24f35e1b516d23) [PhysX] Initialized MultithreadedTaskDispatcher with 16 workers.
 -> (artifact id: '8f6d3e4629e8b607a1cac7fc4d337b76') in 0.012373 seconds
Number of updated asset objects reloaded before import = 0
Number of asset objects unloaded after import = 1
========================================================================
Received Import Request.
  Time since last request: 0.000021 seconds.
  path: Assets/ModernSupermarket/Models/Props/Products/MeatTray_bbcwdq/Textures/MeatTray_qm4z4l_m.png
  artifactKey: Guid(eb06488e5c66ca045859a35e1bde52f3) Importer(2089858483,0ecaa5967403d082aa24f35e1b516d23)
Start importing Assets/ModernSupermarket/Models/Props/Products/MeatTray_bbcwdq/Textures/MeatTray_qm4z4l_m.png using Guid(eb06488e5c66ca045859a35e1bde52f3) Importer(2089858483,0ecaa5967403d082aa24f35e1b516d23) [PhysX] Initialized MultithreadedTaskDispatcher with 16 workers.
 -> (artifact id: '67759b35579fe4be7e5abbf5607d8efc') in 0.012583 seconds
Number of updated asset objects reloaded before import = 0
Number of asset objects unloaded after import = 1
========================================================================
Received Import Request.
  Time since last request: 0.000017 seconds.
  path: Assets/ModernSupermarket/Models/Props/Products/Soda_f6b9gw/Materials/Soda_7gwg2t_a_Var01.mat
  artifactKey: Guid(a5e6d0feeeaa91547bbbaf1dae227ba2) Importer(2089858483,0ecaa5967403d082aa24f35e1b516d23)
Start importing Assets/ModernSupermarket/Models/Props/Products/Soda_f6b9gw/Materials/Soda_7gwg2t_a_Var01.mat using Guid(a5e6d0feeeaa91547bbbaf1dae227ba2) Importer(2089858483,0ecaa5967403d082aa24f35e1b516d23) [PhysX] Initialized MultithreadedTaskDispatcher with 16 workers.
 -> (artifact id: 'c223b295179526c989961a062241d33b') in 0.011866 seconds
Number of updated asset objects reloaded before import = 0
Number of asset objects unloaded after import = 2
========================================================================
Received Import Request.
  Time since last request: 0.000020 seconds.
  path: Assets/ModernSupermarket/Models/Props/Products/Shampoo_lvhjkn/Textures/Shampoo_lvhjkn_n.png
  artifactKey: Guid(a64f4b81e5e1b924faca000595239f5d) Importer(2089858483,0ecaa5967403d082aa24f35e1b516d23)
Start importing Assets/ModernSupermarket/Models/Props/Products/Shampoo_lvhjkn/Textures/Shampoo_lvhjkn_n.png using Guid(a64f4b81e5e1b924faca000595239f5d) Importer(2089858483,0ecaa5967403d082aa24f35e1b516d23) [PhysX] Initialized MultithreadedTaskDispatcher with 16 workers.
 -> (artifact id: '961bfc0d88c7d7b875a10f3dcc3d1ca0') in 0.015128 seconds
Number of updated asset objects reloaded before import = 0
Number of asset objects unloaded after import = 1
========================================================================
Received Import Request.
  Time since last request: 0.000018 seconds.
  path: Assets/ModernSupermarket/Models/Props/Products/Pepper_ybmiq9/Textures/Pepper_ybmiq9_o.png
  artifactKey: Guid(ba9e3bf77e0dd544c8c1e8d6a6cfd476) Importer(2089858483,0ecaa5967403d082aa24f35e1b516d23)
Start importing Assets/ModernSupermarket/Models/Props/Products/Pepper_ybmiq9/Textures/Pepper_ybmiq9_o.png using Guid(ba9e3bf77e0dd544c8c1e8d6a6cfd476) Importer(2089858483,0ecaa5967403d082aa24f35e1b516d23) [PhysX] Initialized MultithreadedTaskDispatcher with 16 workers.
 -> (artifact id: '28d2eb01981a3a986999d395e2ee2551') in 0.013082 seconds
Number of updated asset objects reloaded before import = 0
Number of asset objects unloaded after import = 1
========================================================================
Received Import Request.
  Time since last request: 0.000018 seconds.
  path: Assets/ModernSupermarket/Models/Props/Products/Laundry_mm7gx5/Textures/Laundry_mm7gx5_Var02_a.png
  artifactKey: Guid(7b24637b4204cca47ae026521a570a10) Importer(2089858483,0ecaa5967403d082aa24f35e1b516d23)
Start importing Assets/ModernSupermarket/Models/Props/Products/Laundry_mm7gx5/Textures/Laundry_mm7gx5_Var02_a.png using Guid(7b24637b4204cca47ae026521a570a10) Importer(2089858483,0ecaa5967403d082aa24f35e1b516d23) [PhysX] Initialized MultithreadedTaskDispatcher with 16 workers.
 -> (artifact id: '45f3f333d1eaf88fe127e32f47427cc7') in 0.011775 seconds
Number of updated asset objects reloaded before import = 0
Number of asset objects unloaded after import = 1
========================================================================
Received Import Request.
  Time since last request: 0.000018 seconds.
  path: Assets/ModernSupermarket/Models/Props/Utility/Basket_o52iei/Textures/Basket_o52iei_condiments01_h.png
  artifactKey: Guid(5a397205c9bc7464f99c6c830599156a) Importer(2089858483,0ecaa5967403d082aa24f35e1b516d23)
Start importing Assets/ModernSupermarket/Models/Props/Utility/Basket_o52iei/Textures/Basket_o52iei_condiments01_h.png using Guid(5a397205c9bc7464f99c6c830599156a) Importer(2089858483,0ecaa5967403d082aa24f35e1b516d23) [PhysX] Initialized MultithreadedTaskDispatcher with 16 workers.
 -> (artifact id: '57be3e0ccab29de967b80f278161d916') in 0.016810 seconds
Number of updated asset objects reloaded before import = 0
Number of asset objects unloaded after import = 1
========================================================================
Received Import Request.
  Time since last request: 0.000019 seconds.
  path: Assets/ModernSupermarket/Models/Props/Produce/Apple_yf18nm/Textures/Materials/Apple_yf18nm.mat
  artifactKey: Guid(f5ace82b492a01248a4aa2af1d6ed022) Importer(2089858483,0ecaa5967403d082aa24f35e1b516d23)
Start importing Assets/ModernSupermarket/Models/Props/Produce/Apple_yf18nm/Textures/Materials/Apple_yf18nm.mat using Guid(f5ace82b492a01248a4aa2af1d6ed022) Importer(2089858483,0ecaa5967403d082aa24f35e1b516d23) [PhysX] Initialized MultithreadedTaskDispatcher with 16 workers.
 -> (artifact id: 'd8686bd47cf11fda66f70a195a2ed9d2') in 0.010288 seconds
Number of updated asset objects reloaded before import = 0
Number of asset objects unloaded after import = 5
========================================================================
Received Import Request.
  Time since last request: 0.000020 seconds.
  path: Assets/ModernSupermarket/Models/Props/Products/Sugar_o0f6pn/Textures/Sugar_o0f6pn_a_Var02.png
  artifactKey: Guid(a1779a3166b420242b31a2e357d45aba) Importer(2089858483,0ecaa5967403d082aa24f35e1b516d23)
Start importing Assets/ModernSupermarket/Models/Props/Products/Sugar_o0f6pn/Textures/Sugar_o0f6pn_a_Var02.png using Guid(a1779a3166b420242b31a2e357d45aba) Importer(2089858483,0ecaa5967403d082aa24f35e1b516d23) [PhysX] Initialized MultithreadedTaskDispatcher with 16 workers.
 -> (artifact id: '5cff7df3460704d2cfbb6c470f539571') in 0.013678 seconds
Number of updated asset objects reloaded before import = 0
Number of asset objects unloaded after import = 1
========================================================================
Received Import Request.
  Time since last request: 0.000022 seconds.
  path: Assets/ModernSupermarket/Models/Props/Products/JuiceBrick_6ljfy3/Textures/JuiceBrick_6ljfy3_o.png
  artifactKey: Guid(103047b20e6d1604cacdc6a3c042312e) Importer(2089858483,0ecaa5967403d082aa24f35e1b516d23)
Start importing Assets/ModernSupermarket/Models/Props/Products/JuiceBrick_6ljfy3/Textures/JuiceBrick_6ljfy3_o.png using Guid(103047b20e6d1604cacdc6a3c042312e) Importer(2089858483,0ecaa5967403d082aa24f35e1b516d23) [PhysX] Initialized MultithreadedTaskDispatcher with 16 workers.
 -> (artifact id: '24f223f4027aa7656ad7e8406263e9b1') in 0.018148 seconds
Number of updated asset objects reloaded before import = 0
Number of asset objects unloaded after import = 1
========================================================================
Received Import Request.
  Time since last request: 0.000022 seconds.
  path: Assets/ModernSupermarket/Models/Props/Products/WineBottle_2b6kjh/Textures/WineBottle_2b6kjh_Var01_a.png
  artifactKey: Guid(1009523f365172a4582123097996edb3) Importer(2089858483,0ecaa5967403d082aa24f35e1b516d23)
Start importing Assets/ModernSupermarket/Models/Props/Products/WineBottle_2b6kjh/Textures/WineBottle_2b6kjh_Var01_a.png using Guid(1009523f365172a4582123097996edb3) Importer(2089858483,0ecaa5967403d082aa24f35e1b516d23) [PhysX] Initialized MultithreadedTaskDispatcher with 16 workers.
 -> (artifact id: '1b075b64e5a3e1d2367e94e28b1acc76') in 0.012779 seconds
Number of updated asset objects reloaded before import = 0
Number of asset objects unloaded after import = 1
========================================================================
Received Import Request.
  Time since last request: 0.000021 seconds.
  path: Assets/ModernSupermarket/Models/Props/Products/Flour_ckgfmu/Textures/FlourPack_ckgfmu_n.png
  artifactKey: Guid(0ce6b1b6c2ee9d84896425ee32018797) Importer(2089858483,0ecaa5967403d082aa24f35e1b516d23)
Start importing Assets/ModernSupermarket/Models/Props/Products/Flour_ckgfmu/Textures/FlourPack_ckgfmu_n.png using Guid(0ce6b1b6c2ee9d84896425ee32018797) Importer(2089858483,0ecaa5967403d082aa24f35e1b516d23) [PhysX] Initialized MultithreadedTaskDispatcher with 16 workers.
 -> (artifact id: 'd646b26c7bb7036dded6e5d5ba2f6685') in 0.013963 seconds
Number of updated asset objects reloaded before import = 0
Number of asset objects unloaded after import = 1
========================================================================
Received Import Request.
  Time since last request: 0.000028 seconds.
  path: Assets/ModernSupermarket/Models/Props/Products/FrozenPack_xp713y/Textures/FrozenPack_xp713y_a_Var05.png
  artifactKey: Guid(84812cce13a43c545b674588c1fe76dd) Importer(2089858483,0ecaa5967403d082aa24f35e1b516d23)
Start importing Assets/ModernSupermarket/Models/Props/Products/FrozenPack_xp713y/Textures/FrozenPack_xp713y_a_Var05.png using Guid(84812cce13a43c545b674588c1fe76dd) Importer(2089858483,0ecaa5967403d082aa24f35e1b516d23) [PhysX] Initialized MultithreadedTaskDispatcher with 16 workers.
 -> (artifact id: '9afaefb089f25513250e851ede06fd81') in 0.012206 seconds
Number of updated asset objects reloaded before import = 0
Number of asset objects unloaded after import = 1
========================================================================
Received Import Request.
  Time since last request: 0.000018 seconds.
  path: Assets/ModernSupermarket/Models/Props/Products/Soap_1rcsb1/Textures/Soap_1rcsb1_a.png
  artifactKey: Guid(9284b9e5ae04eeb40911dcfac6bed04d) Importer(2089858483,0ecaa5967403d082aa24f35e1b516d23)
Start importing Assets/ModernSupermarket/Models/Props/Products/Soap_1rcsb1/Textures/Soap_1rcsb1_a.png using Guid(9284b9e5ae04eeb40911dcfac6bed04d) Importer(2089858483,0ecaa5967403d082aa24f35e1b516d23) [PhysX] Initialized MultithreadedTaskDispatcher with 16 workers.
 -> (artifact id: '48a876bdedfa78e665aea859a5c35149') in 0.012287 seconds
Number of updated asset objects reloaded before import = 0
Number of asset objects unloaded after import = 1
========================================================================
Received Import Request.
  Time since last request: 0.000018 seconds.
  path: Assets/ModernSupermarket/Models/Props/Products/Toothpaste_duqkf2/Textures/Toothpaste_duqkf2_o.png
  artifactKey: Guid(5f4b88788d07de241848a64e19696cdf) Importer(2089858483,0ecaa5967403d082aa24f35e1b516d23)
Start importing Assets/ModernSupermarket/Models/Props/Products/Toothpaste_duqkf2/Textures/Toothpaste_duqkf2_o.png using Guid(5f4b88788d07de241848a64e19696cdf) Importer(2089858483,0ecaa5967403d082aa24f35e1b516d23) [PhysX] Initialized MultithreadedTaskDispatcher with 16 workers.
 -> (artifact id: '647a88781b7cd24488ea82c6602f2c54') in 0.019337 seconds
Number of updated asset objects reloaded before import = 0
Number of asset objects unloaded after import = 1
========================================================================
Received Import Request.
  Time since last request: 0.000018 seconds.
  path: Assets/ModernSupermarket/Models/Props/Products/Sugar_ffc568/Textures/Sugar_ffc568_n.png
  artifactKey: Guid(bab65320b2465a246a79749cd3149f61) Importer(2089858483,0ecaa5967403d082aa24f35e1b516d23)
Start importing Assets/ModernSupermarket/Models/Props/Products/Sugar_ffc568/Textures/Sugar_ffc568_n.png using Guid(bab65320b2465a246a79749cd3149f61) Importer(2089858483,0ecaa5967403d082aa24f35e1b516d23) [PhysX] Initialized MultithreadedTaskDispatcher with 16 workers.
 -> (artifact id: 'bd54a36be481b799ef16cda79c583c63') in 0.014457 seconds
Number of updated asset objects reloaded before import = 0
Number of asset objects unloaded after import = 1
========================================================================
Received Import Request.
  Time since last request: 0.000019 seconds.
  path: Assets/ModernSupermarket/Models/Props/Products/Vase_0p0iky/Textures/Vase_0p0iky_Var02_n.png
  artifactKey: Guid(6cf121674a4afc448a3109579b7a8598) Importer(2089858483,0ecaa5967403d082aa24f35e1b516d23)
Start importing Assets/ModernSupermarket/Models/Props/Products/Vase_0p0iky/Textures/Vase_0p0iky_Var02_n.png using Guid(6cf121674a4afc448a3109579b7a8598) Importer(2089858483,0ecaa5967403d082aa24f35e1b516d23) [PhysX] Initialized MultithreadedTaskDispatcher with 16 workers.
 -> (artifact id: '367e6f3b693a14d7753f2851fd177174') in 0.013664 seconds
Number of updated asset objects reloaded before import = 0
Number of asset objects unloaded after import = 1
========================================================================
Received Import Request.
  Time since last request: 0.000021 seconds.
  path: Assets/ModernSupermarket/Models/Props/Utility/Camera_fbj1by/Textures/Camera_fbj1by_a.png
  artifactKey: Guid(e389830d5d6e55e48a26b0115692cbd9) Importer(2089858483,0ecaa5967403d082aa24f35e1b516d23)
Start importing Assets/ModernSupermarket/Models/Props/Utility/Camera_fbj1by/Textures/Camera_fbj1by_a.png using Guid(e389830d5d6e55e48a26b0115692cbd9) Importer(2089858483,0ecaa5967403d082aa24f35e1b516d23) [PhysX] Initialized MultithreadedTaskDispatcher with 16 workers.
 -> (artifact id: '5a43e0a4187560ebc4c380361567d0ef') in 0.011784 seconds
Number of updated asset objects reloaded before import = 0
Number of asset objects unloaded after import = 1
========================================================================
Received Import Request.
  Time since last request: 0.000061 seconds.
  path: Assets/ModernSupermarket/Models/Props/Products/FrozenPack_xp713y/Textures/FrozenPack_xp713y.png
  artifactKey: Guid(6196505357b2d0945b5dfc4efa037c98) Importer(2089858483,0ecaa5967403d082aa24f35e1b516d23)
Start importing Assets/ModernSupermarket/Models/Props/Products/FrozenPack_xp713y/Textures/FrozenPack_xp713y.png using Guid(6196505357b2d0945b5dfc4efa037c98) Importer(2089858483,0ecaa5967403d082aa24f35e1b516d23) [PhysX] Initialized MultithreadedTaskDispatcher with 16 workers.
 -> (artifact id: '96a415633c71a33e1d2467390b84cd6d') in 0.011770 seconds
Number of updated asset objects reloaded before import = 0
Number of asset objects unloaded after import = 1
========================================================================
Received Import Request.
  Time since last request: 0.000017 seconds.
  path: Assets/ModernSupermarket/Models/Props/Products/Pasta_g87jtq/Textures/PastaPack_g87jtq_o.png
  artifactKey: Guid(4bef529ec124cb746b36510209f5e289) Importer(2089858483,0ecaa5967403d082aa24f35e1b516d23)
Start importing Assets/ModernSupermarket/Models/Props/Products/Pasta_g87jtq/Textures/PastaPack_g87jtq_o.png using Guid(4bef529ec124cb746b36510209f5e289) Importer(2089858483,0ecaa5967403d082aa24f35e1b516d23) [PhysX] Initialized MultithreadedTaskDispatcher with 16 workers.
 -> (artifact id: 'fe703d879fec20a4125f86d7ef6c76ba') in 0.012283 seconds
Number of updated asset objects reloaded before import = 0
Number of asset objects unloaded after import = 1
========================================================================
Received Import Request.
  Time since last request: 0.000017 seconds.
  path: Assets/ModernSupermarket/Models/Props/Utility/WetFloor_fxi59q/Textures/WetFloor_fxi59q_sss.png
  artifactKey: Guid(0647237866834794095cb0ca43bfd8a6) Importer(2089858483,0ecaa5967403d082aa24f35e1b516d23)
Start importing Assets/ModernSupermarket/Models/Props/Utility/WetFloor_fxi59q/Textures/WetFloor_fxi59q_sss.png using Guid(0647237866834794095cb0ca43bfd8a6) Importer(2089858483,0ecaa5967403d082aa24f35e1b516d23) [PhysX] Initialized MultithreadedTaskDispatcher with 16 workers.
 -> (artifact id: '76a24c4e9d1c2948d1ba0c8229e3f4f9') in 0.020498 seconds
Number of updated asset objects reloaded before import = 0
Number of asset objects unloaded after import = 1
========================================================================
Received Import Request.
  Time since last request: 0.000017 seconds.
  path: Assets/ModernSupermarket/Models/Props/Utility/Scale_av1k2p/Textures/Scale_av1k2p_m.png
  artifactKey: Guid(cb9fe854c5799cd46aaeb2506ba94e73) Importer(2089858483,0ecaa5967403d082aa24f35e1b516d23)
Start importing Assets/ModernSupermarket/Models/Props/Utility/Scale_av1k2p/Textures/Scale_av1k2p_m.png using Guid(cb9fe854c5799cd46aaeb2506ba94e73) Importer(2089858483,0ecaa5967403d082aa24f35e1b516d23) [PhysX] Initialized MultithreadedTaskDispatcher with 16 workers.
 -> (artifact id: '785b3ca3f7051bd4eb5b7ab3bdba7a19') in 0.015184 seconds
Number of updated asset objects reloaded before import = 0
Number of asset objects unloaded after import = 1
========================================================================
Received Import Request.
  Time since last request: 0.000021 seconds.
  path: Assets/ModernSupermarket/Models/Props/Products/Pizza_ehb1pe/Textures/Pizza_ehb1pe_a_Var02.png
  artifactKey: Guid(b5bd58478c6d4f3408288bb43035571e) Importer(2089858483,0ecaa5967403d082aa24f35e1b516d23)
Start importing Assets/ModernSupermarket/Models/Props/Products/Pizza_ehb1pe/Textures/Pizza_ehb1pe_a_Var02.png using Guid(b5bd58478c6d4f3408288bb43035571e) Importer(2089858483,0ecaa5967403d082aa24f35e1b516d23) [PhysX] Initialized MultithreadedTaskDispatcher with 16 workers.
 -> (artifact id: 'f618f0fe45d5c6e8294e220122373bd0') in 0.013272 seconds
Number of updated asset objects reloaded before import = 0
Number of asset objects unloaded after import = 1
========================================================================
Received Import Request.
  Time since last request: 0.000018 seconds.
  path: Assets/ModernSupermarket/Models/Props/Utility/Computer_dfc1a9/Textures/Computer_dfc1a9_m.png
  artifactKey: Guid(20367c870f4ccaa4aae7e6cf926c2ffa) Importer(2089858483,0ecaa5967403d082aa24f35e1b516d23)
Start importing Assets/ModernSupermarket/Models/Props/Utility/Computer_dfc1a9/Textures/Computer_dfc1a9_m.png using Guid(20367c870f4ccaa4aae7e6cf926c2ffa) Importer(2089858483,0ecaa5967403d082aa24f35e1b516d23) [PhysX] Initialized MultithreadedTaskDispatcher with 16 workers.
 -> (artifact id: '26b01a9e62491c065c0bed9ca8c99a56') in 0.012837 seconds
Number of updated asset objects reloaded before import = 0
Number of asset objects unloaded after import = 1
========================================================================
Received Import Request.
  Time since last request: 0.000064 seconds.
  path: Assets/ModernSupermarket/Models/Props/Products/TinCan_60afsy/Textures/TinCan_60afsy_n.png
  artifactKey: Guid(40a3a006aefeeb84982ad79daf0fed89) Importer(2089858483,0ecaa5967403d082aa24f35e1b516d23)
Start importing Assets/ModernSupermarket/Models/Props/Products/TinCan_60afsy/Textures/TinCan_60afsy_n.png using Guid(40a3a006aefeeb84982ad79daf0fed89) Importer(2089858483,0ecaa5967403d082aa24f35e1b516d23) [PhysX] Initialized MultithreadedTaskDispatcher with 16 workers.
 -> (artifact id: 'b0c4196e39ab7d7c4c94e205b011e9db') in 0.012132 seconds
Number of updated asset objects reloaded before import = 0
Number of asset objects unloaded after import = 1
========================================================================
Received Import Request.
  Time since last request: 0.000035 seconds.
  path: Assets/ModernSupermarket/Models/Props/Utility/Basket_o52iei/Textures/Basket_o52iei_condiments01_m.png
  artifactKey: Guid(24a0f8afff0e84041a2297382d3257a0) Importer(2089858483,0ecaa5967403d082aa24f35e1b516d23)
Start importing Assets/ModernSupermarket/Models/Props/Utility/Basket_o52iei/Textures/Basket_o52iei_condiments01_m.png using Guid(24a0f8afff0e84041a2297382d3257a0) Importer(2089858483,0ecaa5967403d082aa24f35e1b516d23) [PhysX] Initialized MultithreadedTaskDispatcher with 16 workers.
 -> (artifact id: '4fdd7d2e7a278f0a1af19c13b7ebcb4b') in 0.021527 seconds
Number of updated asset objects reloaded before import = 0
Number of asset objects unloaded after import = 1
========================================================================
Received Import Request.
  Time since last request: 0.000024 seconds.
  path: Assets/ModernSupermarket/Models/Props/Products/JuiceBrick_6ljfy3/Textures/JuiceBrick_6ljfy3_n.png
  artifactKey: Guid(e040eaffdb6ac26489eb96181bb1e53a) Importer(2089858483,0ecaa5967403d082aa24f35e1b516d23)
Start importing Assets/ModernSupermarket/Models/Props/Products/JuiceBrick_6ljfy3/Textures/JuiceBrick_6ljfy3_n.png using Guid(e040eaffdb6ac26489eb96181bb1e53a) Importer(2089858483,0ecaa5967403d082aa24f35e1b516d23) [PhysX] Initialized MultithreadedTaskDispatcher with 16 workers.
 -> (artifact id: '3360a66e44c3e94b959f7465e102d20d') in 0.014724 seconds
Number of updated asset objects reloaded before import = 0
Number of asset objects unloaded after import = 1
========================================================================
Received Import Request.
  Time since last request: 0.000030 seconds.
  path: Assets/ModernSupermarket/Models/Props/Utility/CashMachine_lazhgf/Textures/CashMachine_lazhgf_Monitor.png
  artifactKey: Guid(23f4add79c160fa44b715c741b4d6e57) Importer(2089858483,0ecaa5967403d082aa24f35e1b516d23)
Start importing Assets/ModernSupermarket/Models/Props/Utility/CashMachine_lazhgf/Textures/CashMachine_lazhgf_Monitor.png using Guid(23f4add79c160fa44b715c741b4d6e57) Importer(2089858483,0ecaa5967403d082aa24f35e1b516d23) [PhysX] Initialized MultithreadedTaskDispatcher with 16 workers.
 -> (artifact id: '3866c492d8aad3efc8fda9f240b9fadb') in 0.017611 seconds
Number of updated asset objects reloaded before import = 0
Number of asset objects unloaded after import = 1
========================================================================
Received Import Request.
  Time since last request: 0.000020 seconds.
  path: Assets/ModernSupermarket/Models/Props/Products/WineBottle_2b6kjh/Textures/WineBottle_2b6kjh_m.png
  artifactKey: Guid(a3e58e999b61837438b335cc3e2857d6) Importer(2089858483,0ecaa5967403d082aa24f35e1b516d23)
Start importing Assets/ModernSupermarket/Models/Props/Products/WineBottle_2b6kjh/Textures/WineBottle_2b6kjh_m.png using Guid(a3e58e999b61837438b335cc3e2857d6) Importer(2089858483,0ecaa5967403d082aa24f35e1b516d23) [PhysX] Initialized MultithreadedTaskDispatcher with 16 workers.
 -> (artifact id: 'b98cead86e0e375cdfae6a847ab1212d') in 0.011039 seconds
Number of updated asset objects reloaded before import = 0
Number of asset objects unloaded after import = 1
========================================================================
Received Import Request.
  Time since last request: 0.000021 seconds.
  path: Assets/ModernSupermarket/Models/Props/Products/Pizza_ehb1pe/Textures/Pizza_ehb1pe_a_Var01.png
  artifactKey: Guid(e43da8497c900e14c96c410fca31dca5) Importer(2089858483,0ecaa5967403d082aa24f35e1b516d23)
Start importing Assets/ModernSupermarket/Models/Props/Products/Pizza_ehb1pe/Textures/Pizza_ehb1pe_a_Var01.png using Guid(e43da8497c900e14c96c410fca31dca5) Importer(2089858483,0ecaa5967403d082aa24f35e1b516d23) [PhysX] Initialized MultithreadedTaskDispatcher with 16 workers.
 -> (artifact id: '40ba69f62944c3dafa844c3834a5262e') in 0.014157 seconds
Number of updated asset objects reloaded before import = 0
Number of asset objects unloaded after import = 1
========================================================================
Received Import Request.
  Time since last request: 0.000027 seconds.
  path: Assets/ModernSupermarket/Models/Props/Products/Sugar_ffc568/Textures/Sugar_ffc568_a.png
  artifactKey: Guid(2591e1f9edf27ee4fa894fac524ad83b) Importer(2089858483,0ecaa5967403d082aa24f35e1b516d23)
Start importing Assets/ModernSupermarket/Models/Props/Products/Sugar_ffc568/Textures/Sugar_ffc568_a.png using Guid(2591e1f9edf27ee4fa894fac524ad83b) Importer(2089858483,0ecaa5967403d082aa24f35e1b516d23) [PhysX] Initialized MultithreadedTaskDispatcher with 16 workers.
 -> (artifact id: '483475e8031359c1733b8a3351df9fee') in 0.015346 seconds
Number of updated asset objects reloaded before import = 0
Number of asset objects unloaded after import = 1
========================================================================
Received Import Request.
  Time since last request: 0.000013 seconds.
  path: Assets/ModernSupermarket/Models/Props/Products/WaterPack_mqmuh7/Textures/WaterPack_mqmuh7_n.png
  artifactKey: Guid(484c385f63bced14bbc3e69c7e44098c) Importer(2089858483,0ecaa5967403d082aa24f35e1b516d23)
Start importing Assets/ModernSupermarket/Models/Props/Products/WaterPack_mqmuh7/Textures/WaterPack_mqmuh7_n.png using Guid(484c385f63bced14bbc3e69c7e44098c) Importer(2089858483,0ecaa5967403d082aa24f35e1b516d23) [PhysX] Initialized MultithreadedTaskDispatcher with 16 workers.
 -> (artifact id: 'a9baa1fecade19889957f8b93cbef6fe') in 0.013270 seconds
Number of updated asset objects reloaded before import = 0
Number of asset objects unloaded after import = 1
========================================================================
Received Import Request.
  Time since last request: 0.000021 seconds.
  path: Assets/ModernSupermarket/Models/Props/Products/MilkBrick_e8foxc/Textures/MilkBrick_e8foxc_m.png
  artifactKey: Guid(f35b8a0d171450a429b83e7e706f94e3) Importer(2089858483,0ecaa5967403d082aa24f35e1b516d23)
Start importing Assets/ModernSupermarket/Models/Props/Products/MilkBrick_e8foxc/Textures/MilkBrick_e8foxc_m.png using Guid(f35b8a0d171450a429b83e7e706f94e3) Importer(2089858483,0ecaa5967403d082aa24f35e1b516d23) [PhysX] Initialized MultithreadedTaskDispatcher with 16 workers.
 -> (artifact id: 'a583ffc44555e3e8dce0a1e7f394900d') in 0.017501 seconds
Number of updated asset objects reloaded before import = 0
Number of asset objects unloaded after import = 1
========================================================================
Received Import Request.
  Time since last request: 0.000019 seconds.
  path: Assets/ModernSupermarket/Models/Props/Products/Flour_ckgfmu/Textures/FlourPack_ckgfmu_a.png
  artifactKey: Guid(90d7be5380414e8439b71fa1a38d6139) Importer(2089858483,0ecaa5967403d082aa24f35e1b516d23)
Start importing Assets/ModernSupermarket/Models/Props/Products/Flour_ckgfmu/Textures/FlourPack_ckgfmu_a.png using Guid(90d7be5380414e8439b71fa1a38d6139) Importer(2089858483,0ecaa5967403d082aa24f35e1b516d23) [PhysX] Initialized MultithreadedTaskDispatcher with 16 workers.
 -> (artifact id: 'c93caf1b4baf84fff5f7e34574553642') in 0.010108 seconds
Number of updated asset objects reloaded before import = 0
Number of asset objects unloaded after import = 1
========================================================================
Received Import Request.
  Time since last request: 0.000018 seconds.
  path: Assets/ModernSupermarket/Models/Props/Products/Coffee_5uj6zk/Textures/Materials/Coffee_5uj6zk_Var02.mat
  artifactKey: Guid(efa9bb445a7ea29418297fb68b2e5fab) Importer(2089858483,0ecaa5967403d082aa24f35e1b516d23)
Start importing Assets/ModernSupermarket/Models/Props/Products/Coffee_5uj6zk/Textures/Materials/Coffee_5uj6zk_Var02.mat using Guid(efa9bb445a7ea29418297fb68b2e5fab) Importer(2089858483,0ecaa5967403d082aa24f35e1b516d23) [PhysX] Initialized MultithreadedTaskDispatcher with 16 workers.
 -> (artifact id: 'db781e49fc6ec70cc85daf20f8c20433') in 0.010814 seconds
Number of updated asset objects reloaded before import = 0
Number of asset objects unloaded after import = 5
========================================================================
Received Import Request.
  Time since last request: 0.000019 seconds.
  path: Assets/ModernSupermarket/Models/Props/Products/Shampoo_vimakk/Textures/Materials/Shampoo_vimakk.mat
  artifactKey: Guid(bef2e275f2ef9da468a1bd21303883bc) Importer(2089858483,0ecaa5967403d082aa24f35e1b516d23)
Start importing Assets/ModernSupermarket/Models/Props/Products/Shampoo_vimakk/Textures/Materials/Shampoo_vimakk.mat using Guid(bef2e275f2ef9da468a1bd21303883bc) Importer(2089858483,0ecaa5967403d082aa24f35e1b516d23) [PhysX] Initialized MultithreadedTaskDispatcher with 16 workers.
 -> (artifact id: 'dac1a3297c7ac03d532250f359a9cd8b') in 0.015381 seconds
Number of updated asset objects reloaded before import = 0
Number of asset objects unloaded after import = 4
========================================================================
Received Import Request.
  Time since last request: 0.000018 seconds.
  path: Assets/ModernSupermarket/Models/Props/Products/Shampoo_u15m67/Textures/Materials/Shampoo_u15m67_Bottle_Var04.mat
  artifactKey: Guid(6d7ff5283be628643a6d7d084283286a) Importer(2089858483,0ecaa5967403d082aa24f35e1b516d23)
Start importing Assets/ModernSupermarket/Models/Props/Products/Shampoo_u15m67/Textures/Materials/Shampoo_u15m67_Bottle_Var04.mat using Guid(6d7ff5283be628643a6d7d084283286a) Importer(2089858483,0ecaa5967403d082aa24f35e1b516d23) [PhysX] Initialized MultithreadedTaskDispatcher with 16 workers.
 -> (artifact id: '684cf62209d89d79180d23f59073d833') in 0.010049 seconds
Number of updated asset objects reloaded before import = 0
Number of asset objects unloaded after import = 3
========================================================================
Received Import Request.
  Time since last request: 0.000024 seconds.
  path: Assets/ModernSupermarket/Models/Props/Products/Shampoo_lvhjkn/Textures/Materials/Shampoo_lvhjkn.mat
  artifactKey: Guid(76221f84516872c4f9dc476b0a39419b) Importer(2089858483,0ecaa5967403d082aa24f35e1b516d23)
Start importing Assets/ModernSupermarket/Models/Props/Products/Shampoo_lvhjkn/Textures/Materials/Shampoo_lvhjkn.mat using Guid(76221f84516872c4f9dc476b0a39419b) Importer(2089858483,0ecaa5967403d082aa24f35e1b516d23) [PhysX] Initialized MultithreadedTaskDispatcher with 16 workers.
 -> (artifact id: 'b50dd11cfc7de6609e992b67d39d6fbf') in 0.013934 seconds
Number of updated asset objects reloaded before import = 0
Number of asset objects unloaded after import = 4
========================================================================
Received Import Request.
  Time since last request: 0.000019 seconds.
  path: Assets/ModernSupermarket/Models/Props/Products/Bleach_irrpnt/Textures/Materials/Bleach_irrpnt_Var02.mat
  artifactKey: Guid(5b0e4efe5cbec994a9b18a008042a732) Importer(2089858483,0ecaa5967403d082aa24f35e1b516d23)
Start importing Assets/ModernSupermarket/Models/Props/Products/Bleach_irrpnt/Textures/Materials/Bleach_irrpnt_Var02.mat using Guid(5b0e4efe5cbec994a9b18a008042a732) Importer(2089858483,0ecaa5967403d082aa24f35e1b516d23) [PhysX] Initialized MultithreadedTaskDispatcher with 16 workers.
 -> (artifact id: 'c75ba9ea2af7d83e306090233b5fc87d') in 0.012700 seconds
Number of updated asset objects reloaded before import = 0
Number of asset objects unloaded after import = 5
========================================================================
Received Import Request.
  Time since last request: 0.000021 seconds.
  path: Assets/ModernSupermarket/Models/Props/Products/Ham_wplnxm/Textures/Materials/Ham_wplnxm_Var02.mat
  artifactKey: Guid(ac9c8319a868fd547b58725fb058a4fa) Importer(2089858483,0ecaa5967403d082aa24f35e1b516d23)
Start importing Assets/ModernSupermarket/Models/Props/Products/Ham_wplnxm/Textures/Materials/Ham_wplnxm_Var02.mat using Guid(ac9c8319a868fd547b58725fb058a4fa) Importer(2089858483,0ecaa5967403d082aa24f35e1b516d23) [PhysX] Initialized MultithreadedTaskDispatcher with 16 workers.
 -> (artifact id: 'a6a5dcc0c11bfb55ae3a0047e451e9fa') in 0.011691 seconds
Number of updated asset objects reloaded before import = 0
Number of asset objects unloaded after import = 4
========================================================================
Received Import Request.
  Time since last request: 0.000024 seconds.
  path: Assets/ModernSupermarket/Models/Props/Products/BeerPack_74mugc/Textures/Materials/BeerPack_74mugc_Var01.mat
  artifactKey: Guid(06cafe8a928b84144ad44baa06b2d8df) Importer(2089858483,0ecaa5967403d082aa24f35e1b516d23)
Start importing Assets/ModernSupermarket/Models/Props/Products/BeerPack_74mugc/Textures/Materials/BeerPack_74mugc_Var01.mat using Guid(06cafe8a928b84144ad44baa06b2d8df) Importer(2089858483,0ecaa5967403d082aa24f35e1b516d23) [PhysX] Initialized MultithreadedTaskDispatcher with 16 workers.
 -> (artifact id: 'c342137fea95a9b88f6a759fd5d2fd10') in 0.012349 seconds
Number of updated asset objects reloaded before import = 0
Number of asset objects unloaded after import = 5
========================================================================
Received Import Request.
  Time since last request: 0.000024 seconds.
  path: Assets/ModernSupermarket/Models/Props/Products/EggBox8x_2zgq4h/Textures/Materials/EggBox8x_2zgq4h_a.mat
  artifactKey: Guid(55905ffd47dde91479c63900c904e609) Importer(2089858483,0ecaa5967403d082aa24f35e1b516d23)
Start importing Assets/ModernSupermarket/Models/Props/Products/EggBox8x_2zgq4h/Textures/Materials/EggBox8x_2zgq4h_a.mat using Guid(55905ffd47dde91479c63900c904e609) Importer(2089858483,0ecaa5967403d082aa24f35e1b516d23) [PhysX] Initialized MultithreadedTaskDispatcher with 16 workers.
 -> (artifact id: '622cbf6f74c90e4f5365f360b0dd07fe') in 0.011420 seconds
Number of updated asset objects reloaded before import = 0
Number of asset objects unloaded after import = 6
========================================================================
Received Import Request.
  Time since last request: 0.000029 seconds.
  path: Assets/ModernSupermarket/Models/Props/Products/Shampoo_u15m67/Textures/Materials/Shampoo_u15m67_Var04.mat
  artifactKey: Guid(a03bdfb044e1ac745a5f682e5fcb69c9) Importer(2089858483,0ecaa5967403d082aa24f35e1b516d23)
Start importing Assets/ModernSupermarket/Models/Props/Products/Shampoo_u15m67/Textures/Materials/Shampoo_u15m67_Var04.mat using Guid(a03bdfb044e1ac745a5f682e5fcb69c9) Importer(2089858483,0ecaa5967403d082aa24f35e1b516d23) [PhysX] Initialized MultithreadedTaskDispatcher with 16 workers.
 -> (artifact id: 'b17eb98a0e844cc0aa0ed92c023d4aa9') in 0.013585 seconds
Number of updated asset objects reloaded before import = 0
Number of asset objects unloaded after import = 2
========================================================================
Received Import Request.
  Time since last request: 0.000036 seconds.
  path: Assets/ModernSupermarket/Models/Props/Products/CandyPack_qkmq5d/Textures/Materials/CandyPack_qkmq5d.mat
  artifactKey: Guid(097ca5a0bea4c684bb1788c51d87563c) Importer(2089858483,0ecaa5967403d082aa24f35e1b516d23)
Start importing Assets/ModernSupermarket/Models/Props/Products/CandyPack_qkmq5d/Textures/Materials/CandyPack_qkmq5d.mat using Guid(097ca5a0bea4c684bb1788c51d87563c) Importer(2089858483,0ecaa5967403d082aa24f35e1b516d23) [PhysX] Initialized MultithreadedTaskDispatcher with 16 workers.
 -> (artifact id: 'd2e9e94828a5f72721c519f20edb7ba2') in 0.015551 seconds
Number of updated asset objects reloaded before import = 0
Number of asset objects unloaded after import = 5
========================================================================
Received Import Request.
  Time since last request: 0.000026 seconds.
  path: Assets/ModernSupermarket/Models/Props/Products/CandyPack_qkmq5d/Textures/Materials/CandyPack_qkmq5d_Candy.mat
  artifactKey: Guid(d014b1b2873f1ae4287aac2e4a0b0b3b) Importer(2089858483,0ecaa5967403d082aa24f35e1b516d23)
Start importing Assets/ModernSupermarket/Models/Props/Products/CandyPack_qkmq5d/Textures/Materials/CandyPack_qkmq5d_Candy.mat using Guid(d014b1b2873f1ae4287aac2e4a0b0b3b) Importer(2089858483,0ecaa5967403d082aa24f35e1b516d23) [PhysX] Initialized MultithreadedTaskDispatcher with 16 workers.
 -> (artifact id: '4db04b40324235ef3ddb401769c2e9d2') in 0.012442 seconds
Number of updated asset objects reloaded before import = 0
Number of asset objects unloaded after import = 5
========================================================================
Received Import Request.
  Time since last request: 0.000022 seconds.
  path: Assets/ModernSupermarket/Models/Props/Products/CansPack_f98qxo/Textures/Materials/CansPack_f98qxo_Var01.mat
  artifactKey: Guid(007036007bd4bb64e878f8d7726a08f4) Importer(2089858483,0ecaa5967403d082aa24f35e1b516d23)
Start importing Assets/ModernSupermarket/Models/Props/Products/CansPack_f98qxo/Textures/Materials/CansPack_f98qxo_Var01.mat using Guid(007036007bd4bb64e878f8d7726a08f4) Importer(2089858483,0ecaa5967403d082aa24f35e1b516d23) [PhysX] Initialized MultithreadedTaskDispatcher with 16 workers.
 -> (artifact id: '4907b8ad81e0cbc90efa30c6a6d26fac') in 0.015365 seconds
Number of updated asset objects reloaded before import = 0
Number of asset objects unloaded after import = 4
========================================================================
Received Import Request.
  Time since last request: 0.000021 seconds.
  path: Assets/ModernSupermarket/Models/Props/Products/Coffee_5uj6zk/Textures/Materials/Coffee_5uj6zk.mat
  artifactKey: Guid(e5020afb759d72a498faf7c5fbd982e0) Importer(2089858483,0ecaa5967403d082aa24f35e1b516d23)
Start importing Assets/ModernSupermarket/Models/Props/Products/Coffee_5uj6zk/Textures/Materials/Coffee_5uj6zk.mat using Guid(e5020afb759d72a498faf7c5fbd982e0) Importer(2089858483,0ecaa5967403d082aa24f35e1b516d23) [PhysX] Initialized MultithreadedTaskDispatcher with 16 workers.
 -> (artifact id: 'e12c8186b2e82f9d15b7c61888e76a7d') in 0.013550 seconds
Number of updated asset objects reloaded before import = 0
Number of asset objects unloaded after import = 5
========================================================================
Received Import Request.
  Time since last request: 0.000021 seconds.
  path: Assets/ModernSupermarket/Models/Props/Products/MeatTray_bbcwdq/Textures/Materials/MeatTray_qm4z4l_Plastic.mat
  artifactKey: Guid(4b8c44d69078b8840b29ddf0adc24af0) Importer(2089858483,0ecaa5967403d082aa24f35e1b516d23)
Start importing Assets/ModernSupermarket/Models/Props/Products/MeatTray_bbcwdq/Textures/Materials/MeatTray_qm4z4l_Plastic.mat using Guid(4b8c44d69078b8840b29ddf0adc24af0) Importer(2089858483,0ecaa5967403d082aa24f35e1b516d23) [PhysX] Initialized MultithreadedTaskDispatcher with 16 workers.
 -> (artifact id: '58e0bb380acd84f74ff47fd3d7def43e') in 0.010745 seconds
Number of updated asset objects reloaded before import = 0
Number of asset objects unloaded after import = 5
========================================================================
Received Import Request.
  Time since last request: 0.000025 seconds.
  path: Assets/ModernSupermarket/Models/Props/Products/Cake_p6lebj/Textures/Materials/BoxCake_p6lebj.mat
  artifactKey: Guid(91fbd95bdb560f44a853268af1e4851e) Importer(2089858483,0ecaa5967403d082aa24f35e1b516d23)
Start importing Assets/ModernSupermarket/Models/Props/Products/Cake_p6lebj/Textures/Materials/BoxCake_p6lebj.mat using Guid(91fbd95bdb560f44a853268af1e4851e) Importer(2089858483,0ecaa5967403d082aa24f35e1b516d23) [PhysX] Initialized MultithreadedTaskDispatcher with 16 workers.
 -> (artifact id: '52955a319f821e9e594766ea915dccba') in 0.012018 seconds
Number of updated asset objects reloaded before import = 0
Number of asset objects unloaded after import = 5
========================================================================
Received Import Request.
  Time since last request: 0.000020 seconds.
  path: Assets/ModernSupermarket/Models/Props/Products/Shampoo_u15m67/Textures/Materials/Shampoo_u15m67_Bottle_Var05.mat
  artifactKey: Guid(287089c4e54a1af4ab0e33c3008a224e) Importer(2089858483,0ecaa5967403d082aa24f35e1b516d23)
Start importing Assets/ModernSupermarket/Models/Props/Products/Shampoo_u15m67/Textures/Materials/Shampoo_u15m67_Bottle_Var05.mat using Guid(287089c4e54a1af4ab0e33c3008a224e) Importer(2089858483,0ecaa5967403d082aa24f35e1b516d23) [PhysX] Initialized MultithreadedTaskDispatcher with 16 workers.
 -> (artifact id: '78689637468a962549e9ecf04d44ee6f') in 0.011557 seconds
Number of updated asset objects reloaded before import = 0
Number of asset objects unloaded after import = 3
========================================================================
Received Import Request.
  Time since last request: 0.000025 seconds.
  path: Assets/ModernSupermarket/Models/Props/Products/FrozenPack_t7wenh/Textures/Materials/FrozenPack_t7wenh.mat
  artifactKey: Guid(4887ffa9afe36dc44a5b5dff94dd96a8) Importer(2089858483,0ecaa5967403d082aa24f35e1b516d23)
Start importing Assets/ModernSupermarket/Models/Props/Products/FrozenPack_t7wenh/Textures/Materials/FrozenPack_t7wenh.mat using Guid(4887ffa9afe36dc44a5b5dff94dd96a8) Importer(2089858483,0ecaa5967403d082aa24f35e1b516d23) [PhysX] Initialized MultithreadedTaskDispatcher with 16 workers.
 -> (artifact id: '914e1ca41ff47e5e827dbb4ba22f31e0') in 0.011555 seconds
Number of updated asset objects reloaded before import = 0
Number of asset objects unloaded after import = 2
========================================================================
Received Import Request.
  Time since last request: 0.000019 seconds.
  path: Assets/ModernSupermarket/Models/Props/Produce/Pineapple_c1vx80/Textures/Materials/Pineapple_c1vx80.mat
  artifactKey: Guid(6e09d505d6ac52a40ab5fe6dddacf804) Importer(2089858483,0ecaa5967403d082aa24f35e1b516d23)
Start importing Assets/ModernSupermarket/Models/Props/Produce/Pineapple_c1vx80/Textures/Materials/Pineapple_c1vx80.mat using Guid(6e09d505d6ac52a40ab5fe6dddacf804) Importer(2089858483,0ecaa5967403d082aa24f35e1b516d23) [PhysX] Initialized MultithreadedTaskDispatcher with 16 workers.
 -> (artifact id: '60b3b5e831ce797519e0306277fe7b4d') in 0.012262 seconds
Number of updated asset objects reloaded before import = 0
Number of asset objects unloaded after import = 5
========================================================================
Received Import Request.
  Time since last request: 0.000023 seconds.
  path: Assets/ModernSupermarket/Models/Props/Products/Shampoo_u15m67/Textures/Materials/Shampoo_u15m67_Var02.mat
  artifactKey: Guid(99f63118f4a46ae40a9de2e22becd6e6) Importer(2089858483,0ecaa5967403d082aa24f35e1b516d23)
Start importing Assets/ModernSupermarket/Models/Props/Products/Shampoo_u15m67/Textures/Materials/Shampoo_u15m67_Var02.mat using Guid(99f63118f4a46ae40a9de2e22becd6e6) Importer(2089858483,0ecaa5967403d082aa24f35e1b516d23) [PhysX] Initialized MultithreadedTaskDispatcher with 16 workers.
 -> (artifact id: '3b43ff16de4e9509a5c1fac5c0cf41e3') in 0.011642 seconds
Number of updated asset objects reloaded before import = 0
Number of asset objects unloaded after import = 2
========================================================================
Received Import Request.
  Time since last request: 0.000021 seconds.
  path: Assets/ModernSupermarket/Models/Props/Products/PaperTowel_b8o0yi/Textures/Materials/PaperTowel_b8o0yi_Plastic.mat
  artifactKey: Guid(ed2965c9723ebce479cd5d83a263fba2) Importer(2089858483,0ecaa5967403d082aa24f35e1b516d23)
Start importing Assets/ModernSupermarket/Models/Props/Products/PaperTowel_b8o0yi/Textures/Materials/PaperTowel_b8o0yi_Plastic.mat using Guid(ed2965c9723ebce479cd5d83a263fba2) Importer(2089858483,0ecaa5967403d082aa24f35e1b516d23) [PhysX] Initialized MultithreadedTaskDispatcher with 16 workers.
 -> (artifact id: '55d25b15361c8503975f4b6be23fa8fb') in 0.014539 seconds
Number of updated asset objects reloaded before import = 0
Number of asset objects unloaded after import = 5
========================================================================
Received Import Request.
  Time since last request: 0.000023 seconds.
  path: Assets/ModernSupermarket/Models/Props/Products/Alcohol_qi7uqvr/Textures/Label/Alcohol_qi7uqv_Label_m.png
  artifactKey: Guid(6181c678974da2c44bd62851a30617d9) Importer(2089858483,0ecaa5967403d082aa24f35e1b516d23)
Start importing Assets/ModernSupermarket/Models/Props/Products/Alcohol_qi7uqvr/Textures/Label/Alcohol_qi7uqv_Label_m.png using Guid(6181c678974da2c44bd62851a30617d9) Importer(2089858483,0ecaa5967403d082aa24f35e1b516d23) [PhysX] Initialized MultithreadedTaskDispatcher with 16 workers.
 -> (artifact id: 'cca04b77e94d7fe1cf90ac7e63300c6e') in 0.027765 seconds
Number of updated asset objects reloaded before import = 0
Number of asset objects unloaded after import = 1
========================================================================
Received Import Request.
  Time since last request: 0.000021 seconds.
  path: Assets/ModernSupermarket/Models/Props/Produce/Mango_1xw10k/Textures/Materials/Mango_1xw10k.mat
  artifactKey: Guid(007959a32c2f85c40a13f29af9b88f68) Importer(2089858483,0ecaa5967403d082aa24f35e1b516d23)
Start importing Assets/ModernSupermarket/Models/Props/Produce/Mango_1xw10k/Textures/Materials/Mango_1xw10k.mat using Guid(007959a32c2f85c40a13f29af9b88f68) Importer(2089858483,0ecaa5967403d082aa24f35e1b516d23) [PhysX] Initialized MultithreadedTaskDispatcher with 16 workers.
 -> (artifact id: 'a73d2f6a81d4088566f954336de1f042') in 0.013104 seconds
Number of updated asset objects reloaded before import = 0
Number of asset objects unloaded after import = 5
========================================================================
Received Import Request.
  Time since last request: 0.000024 seconds.
  path: Assets/ModernSupermarket/Models/Props/Products/Sauce_cfrew8/Textures/Materials/Sauce_cfrew8_Var02.mat
  artifactKey: Guid(e652d7df2ae3acf46b5dd63d22fef9ef) Importer(2089858483,0ecaa5967403d082aa24f35e1b516d23)
Start importing Assets/ModernSupermarket/Models/Props/Products/Sauce_cfrew8/Textures/Materials/Sauce_cfrew8_Var02.mat using Guid(e652d7df2ae3acf46b5dd63d22fef9ef) Importer(2089858483,0ecaa5967403d082aa24f35e1b516d23) [PhysX] Initialized MultithreadedTaskDispatcher with 16 workers.
 -> (artifact id: 'e1b85ff9651c46ded19716b6c76c68a1') in 0.013424 seconds
Number of updated asset objects reloaded before import = 0
Number of asset objects unloaded after import = 5
========================================================================
Received Import Request.
  Time since last request: 0.000022 seconds.
  path: Assets/ModernSupermarket/Models/Props/Products/Beer_lryra7/Textures/Materials/BeerBottle_fdde0u_Label_Var02.mat
  artifactKey: Guid(5915ad29d69403f439d6f9ad1f9ac4f2) Importer(2089858483,0ecaa5967403d082aa24f35e1b516d23)
Start importing Assets/ModernSupermarket/Models/Props/Products/Beer_lryra7/Textures/Materials/BeerBottle_fdde0u_Label_Var02.mat using Guid(5915ad29d69403f439d6f9ad1f9ac4f2) Importer(2089858483,0ecaa5967403d082aa24f35e1b516d23) [PhysX] Initialized MultithreadedTaskDispatcher with 16 workers.
 -> (artifact id: 'b21f3bf590b41c0e9678c1cc0d22f3b1') in 0.013136 seconds
Number of updated asset objects reloaded before import = 0
Number of asset objects unloaded after import = 4
========================================================================
Received Import Request.
  Time since last request: 0.000027 seconds.
  path: Assets/ModernSupermarket/Models/Props/Products/Shampoo_lvhjkn/Textures/Materials/Shampoo_lvhjkn_Label_Var01.mat
  artifactKey: Guid(61c34054b2ecf9f41ac498aa5fa7d4dd) Importer(2089858483,0ecaa5967403d082aa24f35e1b516d23)
Start importing Assets/ModernSupermarket/Models/Props/Products/Shampoo_lvhjkn/Textures/Materials/Shampoo_lvhjkn_Label_Var01.mat using Guid(61c34054b2ecf9f41ac498aa5fa7d4dd) Importer(2089858483,0ecaa5967403d082aa24f35e1b516d23) [PhysX] Initialized MultithreadedTaskDispatcher with 16 workers.
 -> (artifact id: '32c2a27d63f36c5a8b3f0ebe4c8a8819') in 0.010700 seconds
Number of updated asset objects reloaded before import = 0
Number of asset objects unloaded after import = 2
========================================================================
Received Import Request.
  Time since last request: 0.000024 seconds.
  path: Assets/ModernSupermarket/Models/Props/Products/Pasta_g87jtq/Textures/Materials/PastaPack_g87jtq_Var01.mat
  artifactKey: Guid(8f76f41e0ca68dc40af6d343f66bc694) Importer(2089858483,0ecaa5967403d082aa24f35e1b516d23)
Start importing Assets/ModernSupermarket/Models/Props/Products/Pasta_g87jtq/Textures/Materials/PastaPack_g87jtq_Var01.mat using Guid(8f76f41e0ca68dc40af6d343f66bc694) Importer(2089858483,0ecaa5967403d082aa24f35e1b516d23) [PhysX] Initialized MultithreadedTaskDispatcher with 16 workers.
 -> (artifact id: '732ed0ebee9015c397cbb67b5dfbb62a') in 0.012797 seconds
Number of updated asset objects reloaded before import = 0
Number of asset objects unloaded after import = 5
========================================================================
Received Import Request.
  Time since last request: 0.000023 seconds.
  path: Assets/ModernSupermarket/Models/Props/Products/FrozenPack_xp713y/Textures/Materials/FrozenPack_xp713y_Var02.mat
  artifactKey: Guid(82e36aa7eee26b94cbfa703564749195) Importer(2089858483,0ecaa5967403d082aa24f35e1b516d23)
Start importing Assets/ModernSupermarket/Models/Props/Products/FrozenPack_xp713y/Textures/Materials/FrozenPack_xp713y_Var02.mat using Guid(82e36aa7eee26b94cbfa703564749195) Importer(2089858483,0ecaa5967403d082aa24f35e1b516d23) [PhysX] Initialized MultithreadedTaskDispatcher with 16 workers.
 -> (artifact id: '02281b573dfc5e1d80976fdba3c37b2f') in 0.011520 seconds
Number of updated asset objects reloaded before import = 0
Number of asset objects unloaded after import = 5
========================================================================
Received Import Request.
  Time since last request: 0.000020 seconds.
  path: Assets/ModernSupermarket/Models/Props/Utility/Stool_6jdl8x/textures/Stool_6jdl8x_n.png
  artifactKey: Guid(7481f5ea9ca693b4c8d2f1e18d0da2e6) Importer(2089858483,0ecaa5967403d082aa24f35e1b516d23)
Start importing Assets/ModernSupermarket/Models/Props/Utility/Stool_6jdl8x/textures/Stool_6jdl8x_n.png using Guid(7481f5ea9ca693b4c8d2f1e18d0da2e6) Importer(2089858483,0ecaa5967403d082aa24f35e1b516d23) [PhysX] Initialized MultithreadedTaskDispatcher with 16 workers.
 -> (artifact id: '912204c1861ccedc74c89905b7c57b4f') in 0.014564 seconds
Number of updated asset objects reloaded before import = 0
Number of asset objects unloaded after import = 1
========================================================================
Received Import Request.
  Time since last request: 0.000023 seconds.
  path: Assets/ModernSupermarket/Models/Props/Products/Laundry_mm7gx5/Textures/Materials/Laundry_mm7gx5.mat
  artifactKey: Guid(be6f4e70aeb047547aa3c2ae9671fe72) Importer(2089858483,0ecaa5967403d082aa24f35e1b516d23)
Start importing Assets/ModernSupermarket/Models/Props/Products/Laundry_mm7gx5/Textures/Materials/Laundry_mm7gx5.mat using Guid(be6f4e70aeb047547aa3c2ae9671fe72) Importer(2089858483,0ecaa5967403d082aa24f35e1b516d23) [PhysX] Initialized MultithreadedTaskDispatcher with 16 workers.
 -> (artifact id: '408933f16d28a717f5f6a280da632cad') in 0.013220 seconds
Number of updated asset objects reloaded before import = 0
Number of asset objects unloaded after import = 5
========================================================================
Received Import Request.
  Time since last request: 0.000017 seconds.
  path: Assets/ModernSupermarket/Models/Props/Products/Pasta_g87jtq/Textures/PastaPack_g87jtq_Var01_a.png
  artifactKey: Guid(d41143ecc624d174d85557f307f00dd4) Importer(2089858483,0ecaa5967403d082aa24f35e1b516d23)
Start importing Assets/ModernSupermarket/Models/Props/Products/Pasta_g87jtq/Textures/PastaPack_g87jtq_Var01_a.png using Guid(d41143ecc624d174d85557f307f00dd4) Importer(2089858483,0ecaa5967403d082aa24f35e1b516d23) [PhysX] Initialized MultithreadedTaskDispatcher with 16 workers.
 -> (artifact id: '5dab0c44a0a89badbf3507fda5a5e081') in 0.013047 seconds
Number of updated asset objects reloaded before import = 0
Number of asset objects unloaded after import = 1
========================================================================
Received Import Request.
  Time since last request: 0.000019 seconds.
  path: Assets/ModernSupermarket/Models/Props/Products/SlicedBread_tp7aom/Textures/SlicedBread_tp7aom_Bread_o.png
  artifactKey: Guid(b2e9e68400c74e445b579ddd9d8e8eb0) Importer(2089858483,0ecaa5967403d082aa24f35e1b516d23)
Start importing Assets/ModernSupermarket/Models/Props/Products/SlicedBread_tp7aom/Textures/SlicedBread_tp7aom_Bread_o.png using Guid(b2e9e68400c74e445b579ddd9d8e8eb0) Importer(2089858483,0ecaa5967403d082aa24f35e1b516d23) [PhysX] Initialized MultithreadedTaskDispatcher with 16 workers.
 -> (artifact id: 'e6ca8d7fc0cd11debbfe0a47f1dc5c58') in 0.013309 seconds
Number of updated asset objects reloaded before import = 0
Number of asset objects unloaded after import = 1
========================================================================
Received Import Request.
  Time since last request: 0.000034 seconds.
  path: Assets/ModernSupermarket/Models/Props/Products/PetFood_3pjwif/Textures/PetFood_3pjwif_n.png
  artifactKey: Guid(91ad0d1c50a19f84ea16007eba152562) Importer(2089858483,0ecaa5967403d082aa24f35e1b516d23)
Start importing Assets/ModernSupermarket/Models/Props/Products/PetFood_3pjwif/Textures/PetFood_3pjwif_n.png using Guid(91ad0d1c50a19f84ea16007eba152562) Importer(2089858483,0ecaa5967403d082aa24f35e1b516d23) [PhysX] Initialized MultithreadedTaskDispatcher with 16 workers.
 -> (artifact id: 'a93bfe41b369cb0cec2676b5e7f7543c') in 0.014367 seconds
Number of updated asset objects reloaded before import = 0
Number of asset objects unloaded after import = 1
========================================================================
Received Import Request.
  Time since last request: 0.000034 seconds.
  path: Assets/ModernSupermarket/Models/Props/Utility/WetFloor_fxi59q/Textures/WetFloor_fxi59q_m.png
  artifactKey: Guid(1572db9a7b73c4548a0e33a67230d1b8) Importer(2089858483,0ecaa5967403d082aa24f35e1b516d23)
Start importing Assets/ModernSupermarket/Models/Props/Utility/WetFloor_fxi59q/Textures/WetFloor_fxi59q_m.png using Guid(1572db9a7b73c4548a0e33a67230d1b8) Importer(2089858483,0ecaa5967403d082aa24f35e1b516d23) [PhysX] Initialized MultithreadedTaskDispatcher with 16 workers.
 -> (artifact id: 'b05cb3e01dc5543c32ee54608677241a') in 0.014089 seconds
Number of updated asset objects reloaded before import = 0
Number of asset objects unloaded after import = 1
========================================================================
Received Import Request.
  Time since last request: 0.000021 seconds.
  path: Assets/ModernSupermarket/Models/Props/Products/MeatTray_bbcwdq/Textures/MeatTray_qm4z4l_a.png
  artifactKey: Guid(8f5f4ae9518c18f4dbda8a2d12fb6a84) Importer(2089858483,0ecaa5967403d082aa24f35e1b516d23)
Start importing Assets/ModernSupermarket/Models/Props/Products/MeatTray_bbcwdq/Textures/MeatTray_qm4z4l_a.png using Guid(8f5f4ae9518c18f4dbda8a2d12fb6a84) Importer(2089858483,0ecaa5967403d082aa24f35e1b516d23) [PhysX] Initialized MultithreadedTaskDispatcher with 16 workers.
 -> (artifact id: 'b3c5b132a4aee2175276cfe868ff5798') in 0.013156 seconds
Number of updated asset objects reloaded before import = 0
Number of asset objects unloaded after import = 1
========================================================================
Received Import Request.
  Time since last request: 0.000025 seconds.
  path: Assets/ModernSupermarket/Models/Props/Utility/Basket_x5gi0j/Textures/Basket_x5gi0j_o.png
  artifactKey: Guid(d90eeb581abf2bb4f9d27cec8602608b) Importer(2089858483,0ecaa5967403d082aa24f35e1b516d23)
Start importing Assets/ModernSupermarket/Models/Props/Utility/Basket_x5gi0j/Textures/Basket_x5gi0j_o.png using Guid(d90eeb581abf2bb4f9d27cec8602608b) Importer(2089858483,0ecaa5967403d082aa24f35e1b516d23) [PhysX] Initialized MultithreadedTaskDispatcher with 16 workers.
 -> (artifact id: 'c0ab48792645e84e69800a608844be0e') in 0.014027 seconds
Number of updated asset objects reloaded before import = 0
Number of asset objects unloaded after import = 1
========================================================================
Received Import Request.
  Time since last request: 0.000024 seconds.
  path: Assets/ModernSupermarket/Models/Props/Products/BeerKeg_byk96e/Textures/Materials/BeerKeg_byk96e_Var02.mat
  artifactKey: Guid(e8b716f0654b1b943845d8250fdf4b5d) Importer(2089858483,0ecaa5967403d082aa24f35e1b516d23)
Start importing Assets/ModernSupermarket/Models/Props/Products/BeerKeg_byk96e/Textures/Materials/BeerKeg_byk96e_Var02.mat using Guid(e8b716f0654b1b943845d8250fdf4b5d) Importer(2089858483,0ecaa5967403d082aa24f35e1b516d23) [PhysX] Initialized MultithreadedTaskDispatcher with 16 workers.
 -> (artifact id: '9d5d47e3269f2fd48190420ec7246c3f') in 0.015175 seconds
Number of updated asset objects reloaded before import = 0
Number of asset objects unloaded after import = 5
========================================================================
Received Import Request.
  Time since last request: 0.000025 seconds.
  path: Assets/ModernSupermarket/Models/Props/Products/Chicken_ozj6pn/Textures/Materials/Chicken_ozj6pn_Plastic.mat
  artifactKey: Guid(5b3b8a45d486b6042b8a888456bf69d7) Importer(2089858483,0ecaa5967403d082aa24f35e1b516d23)
Start importing Assets/ModernSupermarket/Models/Props/Products/Chicken_ozj6pn/Textures/Materials/Chicken_ozj6pn_Plastic.mat using Guid(5b3b8a45d486b6042b8a888456bf69d7) Importer(2089858483,0ecaa5967403d082aa24f35e1b516d23) [PhysX] Initialized MultithreadedTaskDispatcher with 16 workers.
 -> (artifact id: '1a05bb02a673b4629d303c6f01c5f6cc') in 0.070823 seconds
Number of updated asset objects reloaded before import = 0
Number of asset objects unloaded after import = 5
========================================================================
Received Import Request.
  Time since last request: 0.000024 seconds.
  path: Assets/ModernSupermarket/Models/Props/Products/Cereal_me9j99/Textures/Materials/Cereal_me9j99_Var02.mat
  artifactKey: Guid(138008952a85f3447a0caf7b80f297dd) Importer(2089858483,0ecaa5967403d082aa24f35e1b516d23)
Start importing Assets/ModernSupermarket/Models/Props/Products/Cereal_me9j99/Textures/Materials/Cereal_me9j99_Var02.mat using Guid(138008952a85f3447a0caf7b80f297dd) Importer(2089858483,0ecaa5967403d082aa24f35e1b516d23) [PhysX] Initialized MultithreadedTaskDispatcher with 16 workers.
 -> (artifact id: '6a841d28d3ac8c7354fb5e198990be47') in 0.013235 seconds
Number of updated asset objects reloaded before import = 0
Number of asset objects unloaded after import = 4
========================================================================
Received Import Request.
  Time since last request: 0.000028 seconds.
  path: Assets/ModernSupermarket/Models/Props/Products/Capsule_dchvzi/Textures/Materials/Capsule_dchvzi.mat
  artifactKey: Guid(4784d0c4a0b5cdc4694f4e3953d5f34c) Importer(2089858483,0ecaa5967403d082aa24f35e1b516d23)
Start importing Assets/ModernSupermarket/Models/Props/Products/Capsule_dchvzi/Textures/Materials/Capsule_dchvzi.mat using Guid(4784d0c4a0b5cdc4694f4e3953d5f34c) Importer(2089858483,0ecaa5967403d082aa24f35e1b516d23) [PhysX] Initialized MultithreadedTaskDispatcher with 16 workers.
 -> (artifact id: 'b5822c93a09e2e4ddac710311084de82') in 0.012261 seconds
Number of updated asset objects reloaded before import = 0
Number of asset objects unloaded after import = 5
========================================================================
Received Import Request.
  Time since last request: 0.000022 seconds.
  path: Assets/ModernSupermarket/Models/Props/Products/Shampoo_vimakk/Textures/Materials/Shampoo_vimakk_Label.mat
  artifactKey: Guid(cc4e3102cda989741b612a048a359eff) Importer(2089858483,0ecaa5967403d082aa24f35e1b516d23)
Start importing Assets/ModernSupermarket/Models/Props/Products/Shampoo_vimakk/Textures/Materials/Shampoo_vimakk_Label.mat using Guid(cc4e3102cda989741b612a048a359eff) Importer(2089858483,0ecaa5967403d082aa24f35e1b516d23) [PhysX] Initialized MultithreadedTaskDispatcher with 16 workers.
 -> (artifact id: 'c6a330932ded1031bc5445c9c1647894') in 0.010305 seconds
Number of updated asset objects reloaded before import = 0
Number of asset objects unloaded after import = 2
========================================================================
Received Import Request.
  Time since last request: 0.000017 seconds.
  path: Assets/ModernSupermarket/Models/Props/Products/SlicedBread_6zus31/Textures/SliceBread_6zus31_n.png
  artifactKey: Guid(636ada14c425e9c4e96304c1ffef7c03) Importer(2089858483,0ecaa5967403d082aa24f35e1b516d23)
Start importing Assets/ModernSupermarket/Models/Props/Products/SlicedBread_6zus31/Textures/SliceBread_6zus31_n.png using Guid(636ada14c425e9c4e96304c1ffef7c03) Importer(2089858483,0ecaa5967403d082aa24f35e1b516d23) [PhysX] Initialized MultithreadedTaskDispatcher with 16 workers.
 -> (artifact id: '0e3bfae91f4c38b3d6ca395e084301ed') in 0.012552 seconds
Number of updated asset objects reloaded before import = 0
Number of asset objects unloaded after import = 1
========================================================================
Received Import Request.
  Time since last request: 0.000020 seconds.
  path: Assets/ModernSupermarket/Models/Props/Utility/Scale_av1k2p/Textures/Materials/Scale_av1k2p.mat
  artifactKey: Guid(a7cb97fb5fc41c14d986416963653bec) Importer(2089858483,0ecaa5967403d082aa24f35e1b516d23)
Start importing Assets/ModernSupermarket/Models/Props/Utility/Scale_av1k2p/Textures/Materials/Scale_av1k2p.mat using Guid(a7cb97fb5fc41c14d986416963653bec) Importer(2089858483,0ecaa5967403d082aa24f35e1b516d23) [PhysX] Initialized MultithreadedTaskDispatcher with 16 workers.
 -> (artifact id: '19d212855db58acceed11c8c9a4c1704') in 0.012500 seconds
Number of updated asset objects reloaded before import = 0
Number of asset objects unloaded after import = 5
========================================================================
Received Import Request.
  Time since last request: 0.000022 seconds.
  path: Assets/ModernSupermarket/Models/Props/Products/ToiletPaper_tunz3i/Textures/Materials/ToiletPaper_tunz3i.mat
  artifactKey: Guid(9a8eb350f38b394439d3b67134191339) Importer(2089858483,0ecaa5967403d082aa24f35e1b516d23)
Start importing Assets/ModernSupermarket/Models/Props/Products/ToiletPaper_tunz3i/Textures/Materials/ToiletPaper_tunz3i.mat using Guid(9a8eb350f38b394439d3b67134191339) Importer(2089858483,0ecaa5967403d082aa24f35e1b516d23) [PhysX] Initialized MultithreadedTaskDispatcher with 16 workers.
 -> (artifact id: '8d361df3aaca9fe14a48f061f279afd3') in 0.011606 seconds
Number of updated asset objects reloaded before import = 0
Number of asset objects unloaded after import = 5
========================================================================
Received Import Request.
  Time since last request: 0.000021 seconds.
  path: Assets/ModernSupermarket/Models/Props/Products/YoghurtPack_kjd150/Textures/Materials/YoghurtPack_rk7lsf_Var01.mat
  artifactKey: Guid(3711f398a9655ae4cb4a2193ee9fc871) Importer(2089858483,0ecaa5967403d082aa24f35e1b516d23)
Start importing Assets/ModernSupermarket/Models/Props/Products/YoghurtPack_kjd150/Textures/Materials/YoghurtPack_rk7lsf_Var01.mat using Guid(3711f398a9655ae4cb4a2193ee9fc871) Importer(2089858483,0ecaa5967403d082aa24f35e1b516d23) [PhysX] Initialized MultithreadedTaskDispatcher with 16 workers.
 -> (artifact id: '7e28c28c7ff5021d8b9cb08ec1c2f0fd') in 0.012072 seconds
Number of updated asset objects reloaded before import = 0
Number of asset objects unloaded after import = 5
========================================================================
Received Import Request.
  Time since last request: 0.000019 seconds.
  path: Assets/ModernSupermarket/Models/Props/Utility/Basket_x5gi0j/Textures/Materials/Basket_x5gi0j_a.mat
  artifactKey: Guid(0eb339b65a881e448aacd3e0436ab2ad) Importer(2089858483,0ecaa5967403d082aa24f35e1b516d23)
Start importing Assets/ModernSupermarket/Models/Props/Utility/Basket_x5gi0j/Textures/Materials/Basket_x5gi0j_a.mat using Guid(0eb339b65a881e448aacd3e0436ab2ad) Importer(2089858483,0ecaa5967403d082aa24f35e1b516d23) [PhysX] Initialized MultithreadedTaskDispatcher with 16 workers.
 -> (artifact id: 'a964de7841338fde9ab0fead884e98fd') in 0.010961 seconds
Number of updated asset objects reloaded before import = 0
Number of asset objects unloaded after import = 5
========================================================================
Received Import Request.
  Time since last request: 0.000017 seconds.
  path: Assets/ModernSupermarket/Models/Props/Products/WaterPack_mqmuh7/Textures/Materials/WaterPack_mqmuh7_Liquid.mat
  artifactKey: Guid(9b6103b29828a224aa4f6aac28bf1e9e) Importer(2089858483,0ecaa5967403d082aa24f35e1b516d23)
Start importing Assets/ModernSupermarket/Models/Props/Products/WaterPack_mqmuh7/Textures/Materials/WaterPack_mqmuh7_Liquid.mat using Guid(9b6103b29828a224aa4f6aac28bf1e9e) Importer(2089858483,0ecaa5967403d082aa24f35e1b516d23) [PhysX] Initialized MultithreadedTaskDispatcher with 16 workers.
 -> (artifact id: 'ad7881860573228edac6319705361a85') in 0.008016 seconds
Number of updated asset objects reloaded before import = 0
Number of asset objects unloaded after import = 1
========================================================================
Received Import Request.
  Time since last request: 0.000017 seconds.
  path: Assets/ModernSupermarket/Models/Props/Products/Soda_d7rdw9/Textures/Materials/Soda_d7rdw9_Label.mat
  artifactKey: Guid(b98be73bd80d45540a01fec6530a9034) Importer(2089858483,0ecaa5967403d082aa24f35e1b516d23)
Start importing Assets/ModernSupermarket/Models/Props/Products/Soda_d7rdw9/Textures/Materials/Soda_d7rdw9_Label.mat using Guid(b98be73bd80d45540a01fec6530a9034) Importer(2089858483,0ecaa5967403d082aa24f35e1b516d23) [PhysX] Initialized MultithreadedTaskDispatcher with 16 workers.
 -> (artifact id: 'cb6420a195af5165420dc548814294bb') in 0.010474 seconds
Number of updated asset objects reloaded before import = 0
Number of asset objects unloaded after import = 5
========================================================================
Received Import Request.
  Time since last request: 0.000020 seconds.
  path: Assets/ModernSupermarket/Models/Props/Utility/Camera_9m4m3y/Textures/Material/Camera_9m4m3y.mat
  artifactKey: Guid(d90fe23b9db2de0478e4de4b7b0b9153) Importer(2089858483,0ecaa5967403d082aa24f35e1b516d23)
Start importing Assets/ModernSupermarket/Models/Props/Utility/Camera_9m4m3y/Textures/Material/Camera_9m4m3y.mat using Guid(d90fe23b9db2de0478e4de4b7b0b9153) Importer(2089858483,0ecaa5967403d082aa24f35e1b516d23) [PhysX] Initialized MultithreadedTaskDispatcher with 16 workers.
 -> (artifact id: '62b10d81bd50bc8d582940483228a58b') in 0.024068 seconds
Number of updated asset objects reloaded before import = 0
Number of asset objects unloaded after import = 5
========================================================================
Received Import Request.
  Time since last request: 0.000022 seconds.
  path: Assets/ModernSupermarket/Models/Props/Products/YoghurtPack_kjd150/Textures/Materials/YoghurtPack_rk7lsf.mat
  artifactKey: Guid(e2efb040cbf3c154c9d864bfa8f7ea04) Importer(2089858483,0ecaa5967403d082aa24f35e1b516d23)
Start importing Assets/ModernSupermarket/Models/Props/Products/YoghurtPack_kjd150/Textures/Materials/YoghurtPack_rk7lsf.mat using Guid(e2efb040cbf3c154c9d864bfa8f7ea04) Importer(2089858483,0ecaa5967403d082aa24f35e1b516d23) [PhysX] Initialized MultithreadedTaskDispatcher with 16 workers.
 -> (artifact id: '4a33e1bc2ac52bac3091b2fb0d0b2d76') in 0.011055 seconds
Number of updated asset objects reloaded before import = 0
Number of asset objects unloaded after import = 5
========================================================================
Received Import Request.
  Time since last request: 0.000022 seconds.
  path: Assets/ModernSupermarket/Models/Props/Products/SweetJar_lpbii4/Textures/Materials/SweetJar_lpbii4_Label.mat
  artifactKey: Guid(ba014a91c45ca2f43a98693df197e31f) Importer(2089858483,0ecaa5967403d082aa24f35e1b516d23)
Start importing Assets/ModernSupermarket/Models/Props/Products/SweetJar_lpbii4/Textures/Materials/SweetJar_lpbii4_Label.mat using Guid(ba014a91c45ca2f43a98693df197e31f) Importer(2089858483,0ecaa5967403d082aa24f35e1b516d23) [PhysX] Initialized MultithreadedTaskDispatcher with 16 workers.
 -> (artifact id: 'f7d8061aaf8f69da1246c40710b390ee') in 0.010160 seconds
Number of updated asset objects reloaded before import = 0
Number of asset objects unloaded after import = 4
========================================================================
Received Import Request.
  Time since last request: 0.000016 seconds.
  path: Assets/ModernSupermarket/Models/Props/Utility/Basket_k5jizs/Textures/Materials/Basket_k5jizs.mat
  artifactKey: Guid(18525c0817c75f84abdc138c2bea7add) Importer(2089858483,0ecaa5967403d082aa24f35e1b516d23)
Start importing Assets/ModernSupermarket/Models/Props/Utility/Basket_k5jizs/Textures/Materials/Basket_k5jizs.mat using Guid(18525c0817c75f84abdc138c2bea7add) Importer(2089858483,0ecaa5967403d082aa24f35e1b516d23) [PhysX] Initialized MultithreadedTaskDispatcher with 16 workers.
 -> (artifact id: 'aade413b0c8f78c91d377e2856e670f9') in 0.010592 seconds
Number of updated asset objects reloaded before import = 0
Number of asset objects unloaded after import = 4
========================================================================
Received Import Request.
  Time since last request: 0.000016 seconds.
  path: Assets/ModernSupermarket/Models/Props/Utility/Cart_nabnuh/Textures/Materials/Cart_nabnuh_a.mat
  artifactKey: Guid(9d65393f0332f424e8d90544bb898db0) Importer(2089858483,0ecaa5967403d082aa24f35e1b516d23)
Start importing Assets/ModernSupermarket/Models/Props/Utility/Cart_nabnuh/Textures/Materials/Cart_nabnuh_a.mat using Guid(9d65393f0332f424e8d90544bb898db0) Importer(2089858483,0ecaa5967403d082aa24f35e1b516d23) [PhysX] Initialized MultithreadedTaskDispatcher with 16 workers.
 -> (artifact id: 'f576db5209916a7357baab880464d22d') in 0.017938 seconds
Number of updated asset objects reloaded before import = 0
Number of asset objects unloaded after import = 6
========================================================================
Received Import Request.
  Time since last request: 0.000022 seconds.
  path: Assets/ModernSupermarket/Models/Props/Products/Sugar_o0f6pn/Textures/Material/Sugar_o0f6pn_Var01.mat
  artifactKey: Guid(8dc30de154196dc448d45944d6e8121a) Importer(2089858483,0ecaa5967403d082aa24f35e1b516d23)
Start importing Assets/ModernSupermarket/Models/Props/Products/Sugar_o0f6pn/Textures/Material/Sugar_o0f6pn_Var01.mat using Guid(8dc30de154196dc448d45944d6e8121a) Importer(2089858483,0ecaa5967403d082aa24f35e1b516d23) [PhysX] Initialized MultithreadedTaskDispatcher with 16 workers.
 -> (artifact id: 'aa39a89f292282fd3e45e23cd8a889ec') in 0.010717 seconds
Number of updated asset objects reloaded before import = 0
Number of asset objects unloaded after import = 4
========================================================================
Received Import Request.
  Time since last request: 0.000020 seconds.
  path: Assets/ModernSupermarket/Models/Props/Products/Teabox_l5w9ll/Textures/Materials/Teabox_l5w9ll.mat
  artifactKey: Guid(b1a47e2c37253c048966fc0558713e59) Importer(2089858483,0ecaa5967403d082aa24f35e1b516d23)
Start importing Assets/ModernSupermarket/Models/Props/Products/Teabox_l5w9ll/Textures/Materials/Teabox_l5w9ll.mat using Guid(b1a47e2c37253c048966fc0558713e59) Importer(2089858483,0ecaa5967403d082aa24f35e1b516d23) [PhysX] Initialized MultithreadedTaskDispatcher with 16 workers.
 -> (artifact id: '9dbfce27f8a1d55c5df24b3be4aa709e') in 0.014333 seconds
Number of updated asset objects reloaded before import = 0
Number of asset objects unloaded after import = 6
========================================================================
Received Import Request.
  Time since last request: 0.000021 seconds.
  path: Assets/ModernSupermarket/Models/Props/Products/Toothpaste_duqkf2/Textures/Materials/Toothpaste_duqkf2.mat
  artifactKey: Guid(8c3fc8cd47172c7419ab4312a8767711) Importer(2089858483,0ecaa5967403d082aa24f35e1b516d23)
Start importing Assets/ModernSupermarket/Models/Props/Products/Toothpaste_duqkf2/Textures/Materials/Toothpaste_duqkf2.mat using Guid(8c3fc8cd47172c7419ab4312a8767711) Importer(2089858483,0ecaa5967403d082aa24f35e1b516d23) [PhysX] Initialized MultithreadedTaskDispatcher with 16 workers.
 -> (artifact id: 'ab822bd517e72d2a0fdd33cc79d06138') in 0.025067 seconds
Number of updated asset objects reloaded before import = 0
Number of asset objects unloaded after import = 5
========================================================================
Received Import Request.
  Time since last request: 0.000026 seconds.
  path: Assets/ModernSupermarket/Models/Props/Utility/Basket_o52iei/Textures/Materials/Basket_o52iei.mat
  artifactKey: Guid(49a1c497ba3605b44a098dcd9f46aa26) Importer(2089858483,0ecaa5967403d082aa24f35e1b516d23)
Start importing Assets/ModernSupermarket/Models/Props/Utility/Basket_o52iei/Textures/Materials/Basket_o52iei.mat using Guid(49a1c497ba3605b44a098dcd9f46aa26) Importer(2089858483,0ecaa5967403d082aa24f35e1b516d23) [PhysX] Initialized MultithreadedTaskDispatcher with 16 workers.
 -> (artifact id: '0b7a984c5b3b0da2fd0371be06d087eb') in 0.012678 seconds
Number of updated asset objects reloaded before import = 0
Number of asset objects unloaded after import = 6
========================================================================
Received Import Request.
  Time since last request: 0.000018 seconds.
  path: Assets/ModernSupermarket/Models/Props/Products/Toothpaste_duqkf2/Textures/Toothpaste_duqkf2_n.png
  artifactKey: Guid(25af341e282f48046a3f2261a837ef3a) Importer(2089858483,0ecaa5967403d082aa24f35e1b516d23)
Start importing Assets/ModernSupermarket/Models/Props/Products/Toothpaste_duqkf2/Textures/Toothpaste_duqkf2_n.png using Guid(25af341e282f48046a3f2261a837ef3a) Importer(2089858483,0ecaa5967403d082aa24f35e1b516d23) [PhysX] Initialized MultithreadedTaskDispatcher with 16 workers.
 -> (artifact id: '96ca7e50c8f5b8ab1732c2cae74cc461') in 0.013242 seconds
Number of updated asset objects reloaded before import = 0
Number of asset objects unloaded after import = 1
========================================================================
Received Import Request.
  Time since last request: 0.000021 seconds.
  path: Assets/ModernSupermarket/Models/Props/Utility/Basket_x5gi0j/Textures/Materials/Basket_x5gi0j.mat
  artifactKey: Guid(3bf0564a05badc34788391a8c5fda9d0) Importer(2089858483,0ecaa5967403d082aa24f35e1b516d23)
Start importing Assets/ModernSupermarket/Models/Props/Utility/Basket_x5gi0j/Textures/Materials/Basket_x5gi0j.mat using Guid(3bf0564a05badc34788391a8c5fda9d0) Importer(2089858483,0ecaa5967403d082aa24f35e1b516d23) [PhysX] Initialized MultithreadedTaskDispatcher with 16 workers.
 -> (artifact id: '7b3651a10aa920c38ccedbc97ee5d0a6') in 0.010870 seconds
Number of updated asset objects reloaded before import = 0
Number of asset objects unloaded after import = 5
========================================================================
Received Import Request.
  Time since last request: 0.000025 seconds.
  path: Assets/ModernSupermarket/Models/Props/Products/Ham_wplnxm/Textures/Materials/Ham_wplnxm_Meat_Var02.mat
  artifactKey: Guid(5b09a0a58a833cf4dba02e80c66a9422) Importer(2089858483,0ecaa5967403d082aa24f35e1b516d23)
Start importing Assets/ModernSupermarket/Models/Props/Products/Ham_wplnxm/Textures/Materials/Ham_wplnxm_Meat_Var02.mat using Guid(5b09a0a58a833cf4dba02e80c66a9422) Importer(2089858483,0ecaa5967403d082aa24f35e1b516d23) [PhysX] Initialized MultithreadedTaskDispatcher with 16 workers.
 -> (artifact id: '95038ab8afbdd425958eda9d8ed6d383') in 0.012765 seconds
Number of updated asset objects reloaded before import = 0
Number of asset objects unloaded after import = 4
========================================================================
Received Import Request.
  Time since last request: 0.000019 seconds.
  path: Assets/ModernSupermarket/Models/Props/Products/Decoration_q1fmhj/Textures/Materials/Decoration_q1fmhj.mat
  artifactKey: Guid(1b990ddf98a43a14fb5e509fcd47f97c) Importer(2089858483,0ecaa5967403d082aa24f35e1b516d23)
Start importing Assets/ModernSupermarket/Models/Props/Products/Decoration_q1fmhj/Textures/Materials/Decoration_q1fmhj.mat using Guid(1b990ddf98a43a14fb5e509fcd47f97c) Importer(2089858483,0ecaa5967403d082aa24f35e1b516d23) [PhysX] Initialized MultithreadedTaskDispatcher with 16 workers.
 -> (artifact id: '7922b3ea23dad26d743e48ce6b519e1f') in 0.011724 seconds
Number of updated asset objects reloaded before import = 0
Number of asset objects unloaded after import = 4
========================================================================
Received Import Request.
  Time since last request: 0.000019 seconds.
  path: Assets/ModernSupermarket/Models/Props/Products/SweetJar_ma0jsk/Textures/SweetJar_ma0jsk_o.png
  artifactKey: Guid(6f05839282abeaf4a8c4f806d4268fea) Importer(2089858483,0ecaa5967403d082aa24f35e1b516d23)
Start importing Assets/ModernSupermarket/Models/Props/Products/SweetJar_ma0jsk/Textures/SweetJar_ma0jsk_o.png using Guid(6f05839282abeaf4a8c4f806d4268fea) Importer(2089858483,0ecaa5967403d082aa24f35e1b516d23) [PhysX] Initialized MultithreadedTaskDispatcher with 16 workers.
 -> (artifact id: 'c5cb35fd85e541e84753a54fd42b3386') in 0.010938 seconds
Number of updated asset objects reloaded before import = 0
Number of asset objects unloaded after import = 1
========================================================================
Received Import Request.
  Time since last request: 0.000021 seconds.
  path: Assets/ModernSupermarket/Models/Props/Products/Rooflight_9ecem1/Textures/Rooflight_9ecem1_m.png
  artifactKey: Guid(730fd45688bd84d4f99432d8d7fbf1d6) Importer(2089858483,0ecaa5967403d082aa24f35e1b516d23)
Start importing Assets/ModernSupermarket/Models/Props/Products/Rooflight_9ecem1/Textures/Rooflight_9ecem1_m.png using Guid(730fd45688bd84d4f99432d8d7fbf1d6) Importer(2089858483,0ecaa5967403d082aa24f35e1b516d23) [PhysX] Initialized MultithreadedTaskDispatcher with 16 workers.
 -> (artifact id: '1c5a601a68b868d86036dbeab28b4615') in 0.013223 seconds
Number of updated asset objects reloaded before import = 0
Number of asset objects unloaded after import = 1
========================================================================
Received Import Request.
  Time since last request: 0.000017 seconds.
  path: Assets/ModernSupermarket/Models/Props/Products/Ham_wplnxm/Textures/Ham_wplnxm_n.png
  artifactKey: Guid(2ea66d1d1deceee4197843d04077a757) Importer(2089858483,0ecaa5967403d082aa24f35e1b516d23)
Start importing Assets/ModernSupermarket/Models/Props/Products/Ham_wplnxm/Textures/Ham_wplnxm_n.png using Guid(2ea66d1d1deceee4197843d04077a757) Importer(2089858483,0ecaa5967403d082aa24f35e1b516d23) [PhysX] Initialized MultithreadedTaskDispatcher with 16 workers.
 -> (artifact id: 'a40b32da98c503aa15a78bf1e126212b') in 0.012370 seconds
Number of updated asset objects reloaded before import = 0
Number of asset objects unloaded after import = 1
========================================================================
Received Import Request.
  Time since last request: 0.000025 seconds.
  path: Assets/ModernSupermarket/Models/Props/Products/Soap_eegrv7/Textures/Materials/Soap_eegrv7_Var01_Label.mat
  artifactKey: Guid(6982f8e7355d26a4996228b080543225) Importer(2089858483,0ecaa5967403d082aa24f35e1b516d23)
Start importing Assets/ModernSupermarket/Models/Props/Products/Soap_eegrv7/Textures/Materials/Soap_eegrv7_Var01_Label.mat using Guid(6982f8e7355d26a4996228b080543225) Importer(2089858483,0ecaa5967403d082aa24f35e1b516d23) [PhysX] Initialized MultithreadedTaskDispatcher with 16 workers.
 -> (artifact id: '72a29a8ad310cc609afb9877a650a390') in 0.010169 seconds
Number of updated asset objects reloaded before import = 0
Number of asset objects unloaded after import = 3
========================================================================
Received Import Request.
  Time since last request: 0.000019 seconds.
  path: Assets/ModernSupermarket/Models/Props/Products/MeatTray_dbf1nh/Textures/MeatTray_fbw8xf_m.png
  artifactKey: Guid(4388319eaecb6954a94e7a586ece0f0e) Importer(2089858483,0ecaa5967403d082aa24f35e1b516d23)
Start importing Assets/ModernSupermarket/Models/Props/Products/MeatTray_dbf1nh/Textures/MeatTray_fbw8xf_m.png using Guid(4388319eaecb6954a94e7a586ece0f0e) Importer(2089858483,0ecaa5967403d082aa24f35e1b516d23) [PhysX] Initialized MultithreadedTaskDispatcher with 16 workers.
 -> (artifact id: '6a27e6c8a349d54a13c8eb27137a72a9') in 0.013776 seconds
Number of updated asset objects reloaded before import = 0
Number of asset objects unloaded after import = 1
========================================================================
Received Import Request.
  Time since last request: 0.000019 seconds.
  path: Assets/ModernSupermarket/Models/Props/Products/Soap_eegrv7/Textures/Materials/Soap_eegrv7_Liquid.mat
  artifactKey: Guid(6005e6a5fb26ed942a4ea6c9b049d40c) Importer(2089858483,0ecaa5967403d082aa24f35e1b516d23)
Start importing Assets/ModernSupermarket/Models/Props/Products/Soap_eegrv7/Textures/Materials/Soap_eegrv7_Liquid.mat using Guid(6005e6a5fb26ed942a4ea6c9b049d40c) Importer(2089858483,0ecaa5967403d082aa24f35e1b516d23) [PhysX] Initialized MultithreadedTaskDispatcher with 16 workers.
 -> (artifact id: 'dc4f843da4dd67f28842f244e2e95a50') in 0.008814 seconds
Number of updated asset objects reloaded before import = 0
Number of asset objects unloaded after import = 1
========================================================================
Received Import Request.
  Time since last request: 0.000020 seconds.
  path: Assets/ModernSupermarket/Models/Props/Utility/Footboard_ajuyp9/Texture/Footboard_ajuyp9_o.png
  artifactKey: Guid(b625b2018f83a084fae5d6b4fcbe79c4) Importer(2089858483,0ecaa5967403d082aa24f35e1b516d23)
Start importing Assets/ModernSupermarket/Models/Props/Utility/Footboard_ajuyp9/Texture/Footboard_ajuyp9_o.png using Guid(b625b2018f83a084fae5d6b4fcbe79c4) Importer(2089858483,0ecaa5967403d082aa24f35e1b516d23) [PhysX] Initialized MultithreadedTaskDispatcher with 16 workers.
 -> (artifact id: 'dfe431490e7dae183c8580f686aeb96a') in 0.012917 seconds
Number of updated asset objects reloaded before import = 0
Number of asset objects unloaded after import = 1
========================================================================
Received Import Request.
  Time since last request: 0.000021 seconds.
  path: Assets/ModernSupermarket/Models/Props/Products/Ham_wplnxm/Textures/Ham_wplnxm_Var01_m.png
  artifactKey: Guid(b9f4e30468c9f774397b23e0debc7d58) Importer(2089858483,0ecaa5967403d082aa24f35e1b516d23)
Start importing Assets/ModernSupermarket/Models/Props/Products/Ham_wplnxm/Textures/Ham_wplnxm_Var01_m.png using Guid(b9f4e30468c9f774397b23e0debc7d58) Importer(2089858483,0ecaa5967403d082aa24f35e1b516d23) [PhysX] Initialized MultithreadedTaskDispatcher with 16 workers.
 -> (artifact id: '849972797a48879f90edb908c9fc068e') in 0.012368 seconds
Number of updated asset objects reloaded before import = 0
Number of asset objects unloaded after import = 1
========================================================================
Received Import Request.
  Time since last request: 0.000022 seconds.
  path: Assets/ModernSupermarket/Models/Props/Utility/Crate_3m39yz/Textures/Crate_3m39yzVar02_o.png
  artifactKey: Guid(5c8b1cfd8b4b24a4bab4bd800930364f) Importer(2089858483,0ecaa5967403d082aa24f35e1b516d23)
Start importing Assets/ModernSupermarket/Models/Props/Utility/Crate_3m39yz/Textures/Crate_3m39yzVar02_o.png using Guid(5c8b1cfd8b4b24a4bab4bd800930364f) Importer(2089858483,0ecaa5967403d082aa24f35e1b516d23) [PhysX] Initialized MultithreadedTaskDispatcher with 16 workers.
 -> (artifact id: '12fae60a8f7ee5a33330ea6fc054a9be') in 0.019921 seconds
Number of updated asset objects reloaded before import = 0
Number of asset objects unloaded after import = 1
========================================================================
Received Import Request.
  Time since last request: 0.000023 seconds.
  path: Assets/ModernSupermarket/Models/Props/Products/Sugar_ffc568/Textures/Material/Sugar_ffc568_Var02.mat
  artifactKey: Guid(2197fdc3acfe74f489e333fb8e24885d) Importer(2089858483,0ecaa5967403d082aa24f35e1b516d23)
Start importing Assets/ModernSupermarket/Models/Props/Products/Sugar_ffc568/Textures/Material/Sugar_ffc568_Var02.mat using Guid(2197fdc3acfe74f489e333fb8e24885d) Importer(2089858483,0ecaa5967403d082aa24f35e1b516d23) [PhysX] Initialized MultithreadedTaskDispatcher with 16 workers.
 -> (artifact id: 'afaacbedff034be51cb2197a68151096') in 0.013445 seconds
Number of updated asset objects reloaded before import = 0
Number of asset objects unloaded after import = 4
========================================================================
Received Import Request.
  Time since last request: 0.000022 seconds.
  path: Assets/ModernSupermarket/Models/Props/Products/WineBottle_2b6kjh/Textures/Materials/WineBottle_fdde0u_Var01.mat
  artifactKey: Guid(523fe08d378cb2d48a9bd47c9dbe5129) Importer(2089858483,0ecaa5967403d082aa24f35e1b516d23)
Start importing Assets/ModernSupermarket/Models/Props/Products/WineBottle_2b6kjh/Textures/Materials/WineBottle_fdde0u_Var01.mat using Guid(523fe08d378cb2d48a9bd47c9dbe5129) Importer(2089858483,0ecaa5967403d082aa24f35e1b516d23) [PhysX] Initialized MultithreadedTaskDispatcher with 16 workers.
 -> (artifact id: 'f99a3e832d7599c56e1c101b3bc063ee') in 0.013863 seconds
Number of updated asset objects reloaded before import = 0
Number of asset objects unloaded after import = 3
========================================================================
Received Import Request.
  Time since last request: 0.000030 seconds.
  path: Assets/ModernSupermarket/Models/Props/Utility/WetFloor_fxi59q/Textures/WetFloor_fxi59q_a.png
  artifactKey: Guid(3d79edf4f4372f84591569229fb78560) Importer(2089858483,0ecaa5967403d082aa24f35e1b516d23)
Start importing Assets/ModernSupermarket/Models/Props/Utility/WetFloor_fxi59q/Textures/WetFloor_fxi59q_a.png using Guid(3d79edf4f4372f84591569229fb78560) Importer(2089858483,0ecaa5967403d082aa24f35e1b516d23) [PhysX] Initialized MultithreadedTaskDispatcher with 16 workers.
 -> (artifact id: 'd17db24617f86ec9692c696dd25718ed') in 0.019484 seconds
Number of updated asset objects reloaded before import = 0
Number of asset objects unloaded after import = 1
========================================================================
Received Import Request.
  Time since last request: 0.000036 seconds.
  path: Assets/ModernSupermarket/Models/Props/Products/Cake_p6lebj/Textures/Materials/BoxCake_p6lebj_Var01.mat
  artifactKey: Guid(3de55d3678711404a9972b4ce32f44bc) Importer(2089858483,0ecaa5967403d082aa24f35e1b516d23)
Start importing Assets/ModernSupermarket/Models/Props/Products/Cake_p6lebj/Textures/Materials/BoxCake_p6lebj_Var01.mat using Guid(3de55d3678711404a9972b4ce32f44bc) Importer(2089858483,0ecaa5967403d082aa24f35e1b516d23) [PhysX] Initialized MultithreadedTaskDispatcher with 16 workers.
 -> (artifact id: '183cebe86fda09f9ca0bdedd8510d8d8') in 0.012809 seconds
Number of updated asset objects reloaded before import = 0
Number of asset objects unloaded after import = 5
========================================================================
Received Import Request.
  Time since last request: 0.000024 seconds.
  path: Assets/ModernSupermarket/Models/Props/Products/Rooflight_ll6qt0/textures/Materials/RoofLight_ll6qt0_light.mat
  artifactKey: Guid(292d2a6153b5c1747952bc882ecb37f5) Importer(2089858483,0ecaa5967403d082aa24f35e1b516d23)
Start importing Assets/ModernSupermarket/Models/Props/Products/Rooflight_ll6qt0/textures/Materials/RoofLight_ll6qt0_light.mat using Guid(292d2a6153b5c1747952bc882ecb37f5) Importer(2089858483,0ecaa5967403d082aa24f35e1b516d23) [PhysX] Initialized MultithreadedTaskDispatcher with 16 workers.
 -> (artifact id: '78ead08f663105be5c36cbeebec5e885') in 0.012246 seconds
Number of updated asset objects reloaded before import = 0
Number of asset objects unloaded after import = 3
========================================================================
Received Import Request.
  Time since last request: 0.000016 seconds.
  path: Assets/ModernSupermarket/Models/Props/Products/Cream_jatl5h/Textures/Materials/Cream_jatl5h_a.mat
  artifactKey: Guid(62ae74dad1068a24c9bbefcdccea6fd0) Importer(2089858483,0ecaa5967403d082aa24f35e1b516d23)
Start importing Assets/ModernSupermarket/Models/Props/Products/Cream_jatl5h/Textures/Materials/Cream_jatl5h_a.mat using Guid(62ae74dad1068a24c9bbefcdccea6fd0) Importer(2089858483,0ecaa5967403d082aa24f35e1b516d23) [PhysX] Initialized MultithreadedTaskDispatcher with 16 workers.
 -> (artifact id: 'ffb18c07e00057d1c719a08c490a7b3a') in 0.011470 seconds
Number of updated asset objects reloaded before import = 0
Number of asset objects unloaded after import = 5
========================================================================
Received Import Request.
  Time since last request: 0.000023 seconds.
  path: Assets/ModernSupermarket/Models/Props/Products/Coffee_5uj6zk/Textures/Materials/Coffee_5uj6zk_Var01.mat
  artifactKey: Guid(b5c0d0d1a29dfcd49baf4f6031f480f0) Importer(2089858483,0ecaa5967403d082aa24f35e1b516d23)
Start importing Assets/ModernSupermarket/Models/Props/Products/Coffee_5uj6zk/Textures/Materials/Coffee_5uj6zk_Var01.mat using Guid(b5c0d0d1a29dfcd49baf4f6031f480f0) Importer(2089858483,0ecaa5967403d082aa24f35e1b516d23) [PhysX] Initialized MultithreadedTaskDispatcher with 16 workers.
 -> (artifact id: 'f74f92fa4f73918ce522bf22b14362e3') in 0.012629 seconds
Number of updated asset objects reloaded before import = 0
Number of asset objects unloaded after import = 5
========================================================================
Received Import Request.
  Time since last request: 0.000022 seconds.
  path: Assets/ModernSupermarket/Models/Props/Utility/Bag_j5sec2/Textures/Bag_j5sec2_n.png
  artifactKey: Guid(836570954ef29564899a8a3845e49e51) Importer(2089858483,0ecaa5967403d082aa24f35e1b516d23)
Start importing Assets/ModernSupermarket/Models/Props/Utility/Bag_j5sec2/Textures/Bag_j5sec2_n.png using Guid(836570954ef29564899a8a3845e49e51) Importer(2089858483,0ecaa5967403d082aa24f35e1b516d23) [PhysX] Initialized MultithreadedTaskDispatcher with 16 workers.
 -> (artifact id: 'd3422632f2e86d0f8bbf53eefe8f0814') in 0.019502 seconds
Number of updated asset objects reloaded before import = 0
Number of asset objects unloaded after import = 1
========================================================================
Received Import Request.
  Time since last request: 0.000023 seconds.
  path: Assets/ModernSupermarket/Models/Props/Utility/Bag_j5sec2/Textures/Bag_j5sec2_m.png
  artifactKey: Guid(18fe143c08f90674bacc35b8f6cb8417) Importer(2089858483,0ecaa5967403d082aa24f35e1b516d23)
Start importing Assets/ModernSupermarket/Models/Props/Utility/Bag_j5sec2/Textures/Bag_j5sec2_m.png using Guid(18fe143c08f90674bacc35b8f6cb8417) Importer(2089858483,0ecaa5967403d082aa24f35e1b516d23) [PhysX] Initialized MultithreadedTaskDispatcher with 16 workers.
 -> (artifact id: 'c4c9ceded43c8b70aa860c2f1cf7f387') in 0.019286 seconds
Number of updated asset objects reloaded before import = 0
Number of asset objects unloaded after import = 1
========================================================================
Received Import Request.
  Time since last request: 0.000022 seconds.
  path: Assets/ModernSupermarket/Models/Props/Products/Cheese_bn26cq/Textures/Materials/Cheese_bn26cq.mat
  artifactKey: Guid(272f6f63f384534459a83605c0dbcb6b) Importer(2089858483,0ecaa5967403d082aa24f35e1b516d23)
Start importing Assets/ModernSupermarket/Models/Props/Products/Cheese_bn26cq/Textures/Materials/Cheese_bn26cq.mat using Guid(272f6f63f384534459a83605c0dbcb6b) Importer(2089858483,0ecaa5967403d082aa24f35e1b516d23) [PhysX] Initialized MultithreadedTaskDispatcher with 16 workers.
 -> (artifact id: '6de9a888a07e6cb33dabdd35856846ec') in 0.012957 seconds
Number of updated asset objects reloaded before import = 0
Number of asset objects unloaded after import = 5
========================================================================
Received Import Request.
  Time since last request: 0.000020 seconds.
  path: Assets/ModernSupermarket/Models/Props/Utility/Cart_nabnuh/Textures/Cart_nabnuh_a.png
  artifactKey: Guid(c06d940f183c32843af34dac7a1b299e) Importer(2089858483,0ecaa5967403d082aa24f35e1b516d23)
Start importing Assets/ModernSupermarket/Models/Props/Utility/Cart_nabnuh/Textures/Cart_nabnuh_a.png using Guid(c06d940f183c32843af34dac7a1b299e) Importer(2089858483,0ecaa5967403d082aa24f35e1b516d23) [PhysX] Initialized MultithreadedTaskDispatcher with 16 workers.
 -> (artifact id: '632862fb1920ea21aa048c8655bf5b4e') in 0.014072 seconds
Number of updated asset objects reloaded before import = 0
Number of asset objects unloaded after import = 1
========================================================================
Received Import Request.
  Time since last request: 0.000045 seconds.
  path: Assets/ModernSupermarket/Models/Props/Products/WaterPack_mqmuh7/Textures/WaterPack_mqmuh7_a.png
  artifactKey: Guid(f7e80e69180214543b263ec5e6b9ad00) Importer(2089858483,0ecaa5967403d082aa24f35e1b516d23)
Start importing Assets/ModernSupermarket/Models/Props/Products/WaterPack_mqmuh7/Textures/WaterPack_mqmuh7_a.png using Guid(f7e80e69180214543b263ec5e6b9ad00) Importer(2089858483,0ecaa5967403d082aa24f35e1b516d23) [PhysX] Initialized MultithreadedTaskDispatcher with 16 workers.
 -> (artifact id: '73586b038a9d5b73111767abd317a3be') in 0.015000 seconds
Number of updated asset objects reloaded before import = 0
Number of asset objects unloaded after import = 1
========================================================================
Received Import Request.
  Time since last request: 0.000017 seconds.
  path: Assets/ModernSupermarket/Models/Props/Products/Soda_7gwg2t/Textures/Soda_7gwg2t_a.png
  artifactKey: Guid(7e81941e8470ff04f9e707a445e5ecfc) Importer(2089858483,0ecaa5967403d082aa24f35e1b516d23)
Start importing Assets/ModernSupermarket/Models/Props/Products/Soda_7gwg2t/Textures/Soda_7gwg2t_a.png using Guid(7e81941e8470ff04f9e707a445e5ecfc) Importer(2089858483,0ecaa5967403d082aa24f35e1b516d23) [PhysX] Initialized MultithreadedTaskDispatcher with 16 workers.
 -> (artifact id: '43ed233f047fa70dfa1d5589a4ab85a2') in 0.014730 seconds
Number of updated asset objects reloaded before import = 0
Number of asset objects unloaded after import = 1
========================================================================
Received Import Request.
  Time since last request: 0.000018 seconds.
  path: Assets/ModernSupermarket/Models/Props/Products/MashPotatoe_3n44xc/Textures/Materials/MashPotatoe_3n44xc.mat
  artifactKey: Guid(236a428ace840da4e9ae9c746090ac84) Importer(2089858483,0ecaa5967403d082aa24f35e1b516d23)
Start importing Assets/ModernSupermarket/Models/Props/Products/MashPotatoe_3n44xc/Textures/Materials/MashPotatoe_3n44xc.mat using Guid(236a428ace840da4e9ae9c746090ac84) Importer(2089858483,0ecaa5967403d082aa24f35e1b516d23) [PhysX] Initialized MultithreadedTaskDispatcher with 16 workers.
 -> (artifact id: 'e385c9137089f811b666ac27c84cab6d') in 0.012914 seconds
Number of updated asset objects reloaded before import = 0
Number of asset objects unloaded after import = 5
========================================================================
Received Import Request.
  Time since last request: 0.000020 seconds.
  path: Assets/ModernSupermarket/Models/Props/Products/Sugar_o0f6pn/Textures/Sugar_o0f6pn_o.png
  artifactKey: Guid(29b7310b8a81bc542b51828f7d33b492) Importer(2089858483,0ecaa5967403d082aa24f35e1b516d23)
Start importing Assets/ModernSupermarket/Models/Props/Products/Sugar_o0f6pn/Textures/Sugar_o0f6pn_o.png using Guid(29b7310b8a81bc542b51828f7d33b492) Importer(2089858483,0ecaa5967403d082aa24f35e1b516d23) [PhysX] Initialized MultithreadedTaskDispatcher with 16 workers.
 -> (artifact id: '2a6207f420b63b93b6c9b29003d64934') in 0.012299 seconds
Number of updated asset objects reloaded before import = 0
Number of asset objects unloaded after import = 1
========================================================================
Received Import Request.
  Time since last request: 0.000020 seconds.
  path: Assets/ModernSupermarket/Models/Props/Products/Salt_9we170/Textures/Salt_9we170_o.png
  artifactKey: Guid(0e99ed96c81df5a4191ce14a1a102b5a) Importer(2089858483,0ecaa5967403d082aa24f35e1b516d23)
Start importing Assets/ModernSupermarket/Models/Props/Products/Salt_9we170/Textures/Salt_9we170_o.png using Guid(0e99ed96c81df5a4191ce14a1a102b5a) Importer(2089858483,0ecaa5967403d082aa24f35e1b516d23) [PhysX] Initialized MultithreadedTaskDispatcher with 16 workers.
 -> (artifact id: '3dfad322d15b6915aa69e5b7d6de5111') in 0.012871 seconds
Number of updated asset objects reloaded before import = 0
Number of asset objects unloaded after import = 1
========================================================================
Received Import Request.
  Time since last request: 0.000020 seconds.
  path: Assets/ModernSupermarket/Models/Props/Products/Teabox_fhe54d/Textures/Teabox_fhe54d_a.png
  artifactKey: Guid(58a27afb775a04e41add3978fe2e3fd9) Importer(2089858483,0ecaa5967403d082aa24f35e1b516d23)
Start importing Assets/ModernSupermarket/Models/Props/Products/Teabox_fhe54d/Textures/Teabox_fhe54d_a.png using Guid(58a27afb775a04e41add3978fe2e3fd9) Importer(2089858483,0ecaa5967403d082aa24f35e1b516d23) [PhysX] Initialized MultithreadedTaskDispatcher with 16 workers.
 -> (artifact id: '1df60899980688f67d0b57b831626cef') in 0.012914 seconds
Number of updated asset objects reloaded before import = 0
Number of asset objects unloaded after import = 1
========================================================================
Received Import Request.
  Time since last request: 0.000022 seconds.
  path: Assets/ModernSupermarket/Models/Props/Utility/WetFloor_fxi59q/Textures/WetFloor_fxi59q_h.png
  artifactKey: Guid(150d29b7d59cc9f4aa0b42a2aa8cfb93) Importer(2089858483,0ecaa5967403d082aa24f35e1b516d23)
Start importing Assets/ModernSupermarket/Models/Props/Utility/WetFloor_fxi59q/Textures/WetFloor_fxi59q_h.png using Guid(150d29b7d59cc9f4aa0b42a2aa8cfb93) Importer(2089858483,0ecaa5967403d082aa24f35e1b516d23) [PhysX] Initialized MultithreadedTaskDispatcher with 16 workers.
 -> (artifact id: 'fd353e47d73c00e8d6ebaf93f394957a') in 0.024239 seconds
Number of updated asset objects reloaded before import = 0
Number of asset objects unloaded after import = 1
========================================================================
Received Import Request.
  Time since last request: 0.000022 seconds.
  path: Assets/ModernSupermarket/Models/Props/Products/YoghurtPack_kjd150/Textures/Materials/YoghurtPack_rk7lsf_Var02.mat
  artifactKey: Guid(054f769a78801524786c3b25a0802502) Importer(2089858483,0ecaa5967403d082aa24f35e1b516d23)
Start importing Assets/ModernSupermarket/Models/Props/Products/YoghurtPack_kjd150/Textures/Materials/YoghurtPack_rk7lsf_Var02.mat using Guid(054f769a78801524786c3b25a0802502) Importer(2089858483,0ecaa5967403d082aa24f35e1b516d23) [PhysX] Initialized MultithreadedTaskDispatcher with 16 workers.
 -> (artifact id: '357bcdd269e548c89085881d29d25941') in 0.013655 seconds
Number of updated asset objects reloaded before import = 0
Number of asset objects unloaded after import = 5
========================================================================
Received Import Request.
  Time since last request: 0.000027 seconds.
  path: Assets/ModernSupermarket/Models/Props/Products/Shampoo_lvhjkn/Textures/Shampoo_lvhjkn_m.png
  artifactKey: Guid(2a288dc2e34706e4f920840328f2635c) Importer(2089858483,0ecaa5967403d082aa24f35e1b516d23)
Start importing Assets/ModernSupermarket/Models/Props/Products/Shampoo_lvhjkn/Textures/Shampoo_lvhjkn_m.png using Guid(2a288dc2e34706e4f920840328f2635c) Importer(2089858483,0ecaa5967403d082aa24f35e1b516d23) [PhysX] Initialized MultithreadedTaskDispatcher with 16 workers.
 -> (artifact id: 'fd0f1b59dca3cff1c052277b6fd11dac') in 0.013212 seconds
Number of updated asset objects reloaded before import = 0
Number of asset objects unloaded after import = 1
========================================================================
Received Import Request.
  Time since last request: 0.000023 seconds.
  path: Assets/ModernSupermarket/Models/Props/Utility/Camera_9m4m3y/Textures/Camera_9m4m3y_m.png
  artifactKey: Guid(f29e9f84e45361c4f9624efd20594e22) Importer(2089858483,0ecaa5967403d082aa24f35e1b516d23)
Start importing Assets/ModernSupermarket/Models/Props/Utility/Camera_9m4m3y/Textures/Camera_9m4m3y_m.png using Guid(f29e9f84e45361c4f9624efd20594e22) Importer(2089858483,0ecaa5967403d082aa24f35e1b516d23) [PhysX] Initialized MultithreadedTaskDispatcher with 16 workers.
 -> (artifact id: 'dcf335471c7aeb3799635e97256c29a6') in 0.016200 seconds
Number of updated asset objects reloaded before import = 0
Number of asset objects unloaded after import = 1
========================================================================
Received Import Request.
  Time since last request: 0.000023 seconds.
  path: Assets/ModernSupermarket/Models/Props/Products/PetFood_3pjwif/Textures/PetFood_3pjwif_Var01_a.png
  artifactKey: Guid(d8516e614fd3a884496d7c1e8ac24ed1) Importer(2089858483,0ecaa5967403d082aa24f35e1b516d23)
Start importing Assets/ModernSupermarket/Models/Props/Products/PetFood_3pjwif/Textures/PetFood_3pjwif_Var01_a.png using Guid(d8516e614fd3a884496d7c1e8ac24ed1) Importer(2089858483,0ecaa5967403d082aa24f35e1b516d23) [PhysX] Initialized MultithreadedTaskDispatcher with 16 workers.
 -> (artifact id: '8e9cf9002cba65001c7066e3a9fd04f9') in 0.016485 seconds
Number of updated asset objects reloaded before import = 0
Number of asset objects unloaded after import = 1
========================================================================
Received Import Request.
  Time since last request: 0.000021 seconds.
  path: Assets/ModernSupermarket/Models/Props/Products/Pasta_g87jtq/Textures/PastaPack_g87jtq_Var01_n.png
  artifactKey: Guid(462d9e2a9747744469179d76cdf74778) Importer(2089858483,0ecaa5967403d082aa24f35e1b516d23)
Start importing Assets/ModernSupermarket/Models/Props/Products/Pasta_g87jtq/Textures/PastaPack_g87jtq_Var01_n.png using Guid(462d9e2a9747744469179d76cdf74778) Importer(2089858483,0ecaa5967403d082aa24f35e1b516d23) [PhysX] Initialized MultithreadedTaskDispatcher with 16 workers.
 -> (artifact id: 'e1126309ecb865fa12d35a9176d523a9') in 0.014015 seconds
Number of updated asset objects reloaded before import = 0
Number of asset objects unloaded after import = 1
========================================================================
Received Import Request.
  Time since last request: 0.000021 seconds.
  path: Assets/ModernSupermarket/Models/Props/Products/BeerKeg_byk96e/Textures/Materials/BeerKeg_byk96e_Var01.mat
  artifactKey: Guid(f0624934710f0e2438706b80fd27b8b9) Importer(2089858483,0ecaa5967403d082aa24f35e1b516d23)
Start importing Assets/ModernSupermarket/Models/Props/Products/BeerKeg_byk96e/Textures/Materials/BeerKeg_byk96e_Var01.mat using Guid(f0624934710f0e2438706b80fd27b8b9) Importer(2089858483,0ecaa5967403d082aa24f35e1b516d23) [PhysX] Initialized MultithreadedTaskDispatcher with 16 workers.
 -> (artifact id: 'e0f9d8b8d534846b571a7b0fa37d8add') in 0.012677 seconds
Number of updated asset objects reloaded before import = 0
Number of asset objects unloaded after import = 5
========================================================================
Received Import Request.
  Time since last request: 0.000017 seconds.
  path: Assets/ModernSupermarket/Models/Props/Utility/Basket_x5gi0j/Textures/Basket_x5gi0j_n.png
  artifactKey: Guid(074fbb65c25b6f247ab2491cbd93bd9b) Importer(2089858483,0ecaa5967403d082aa24f35e1b516d23)
Start importing Assets/ModernSupermarket/Models/Props/Utility/Basket_x5gi0j/Textures/Basket_x5gi0j_n.png using Guid(074fbb65c25b6f247ab2491cbd93bd9b) Importer(2089858483,0ecaa5967403d082aa24f35e1b516d23) [PhysX] Initialized MultithreadedTaskDispatcher with 16 workers.
 -> (artifact id: '0c9f8c217d1e9d4e80c209ca44a192fc') in 0.012966 seconds
Number of updated asset objects reloaded before import = 0
Number of asset objects unloaded after import = 1
========================================================================
Received Import Request.
  Time since last request: 0.000018 seconds.
  path: Assets/ModernSupermarket/Models/Props/Products/Soda_f6b9gw/Textures/Soda_f6b9gw_a.png
  artifactKey: Guid(2c9f2180dcc5b47468e338c23e5f9a89) Importer(2089858483,0ecaa5967403d082aa24f35e1b516d23)
Start importing Assets/ModernSupermarket/Models/Props/Products/Soda_f6b9gw/Textures/Soda_f6b9gw_a.png using Guid(2c9f2180dcc5b47468e338c23e5f9a89) Importer(2089858483,0ecaa5967403d082aa24f35e1b516d23) [PhysX] Initialized MultithreadedTaskDispatcher with 16 workers.
 -> (artifact id: '2eabe499a8a649af50076df70de52048') in 0.012559 seconds
Number of updated asset objects reloaded before import = 0
Number of asset objects unloaded after import = 1
========================================================================
Received Import Request.
  Time since last request: 0.000020 seconds.
  path: Assets/ModernSupermarket/Models/Props/Products/Soda_7gwg2t/Textures/Materials/Soda_7gwg2t_Liquid.mat
  artifactKey: Guid(7ad96faf6a83eea4b9873ff565e1871a) Importer(2089858483,0ecaa5967403d082aa24f35e1b516d23)
Start importing Assets/ModernSupermarket/Models/Props/Products/Soda_7gwg2t/Textures/Materials/Soda_7gwg2t_Liquid.mat using Guid(7ad96faf6a83eea4b9873ff565e1871a) Importer(2089858483,0ecaa5967403d082aa24f35e1b516d23) [PhysX] Initialized MultithreadedTaskDispatcher with 16 workers.
 -> (artifact id: '93a1d6c386d4de71bc8b0c9794288820') in 0.009892 seconds
Number of updated asset objects reloaded before import = 0
Number of asset objects unloaded after import = 1
========================================================================
Received Import Request.
  Time since last request: 0.000020 seconds.
  path: Assets/ModernSupermarket/Models/Props/Utility/Computer_dfc1a9/Textures/Computer_dfc1a9_Monitor.png
  artifactKey: Guid(c05dd78876503c24cb29634bbaa854ae) Importer(2089858483,0ecaa5967403d082aa24f35e1b516d23)
Start importing Assets/ModernSupermarket/Models/Props/Utility/Computer_dfc1a9/Textures/Computer_dfc1a9_Monitor.png using Guid(c05dd78876503c24cb29634bbaa854ae) Importer(2089858483,0ecaa5967403d082aa24f35e1b516d23) [PhysX] Initialized MultithreadedTaskDispatcher with 16 workers.
 -> (artifact id: '127dabd63e0895bb3a9dc0af259f3d91') in 0.015033 seconds
Number of updated asset objects reloaded before import = 0
Number of asset objects unloaded after import = 1
========================================================================
Received Import Request.
  Time since last request: 0.000021 seconds.
  path: Assets/ModernSupermarket/Models/Props/Products/Milk_l6slvx/Textures/Milk_l6slvx_a.png
  artifactKey: Guid(0152c94e1f18e6f4fb74276c74c1dbdf) Importer(2089858483,0ecaa5967403d082aa24f35e1b516d23)
Start importing Assets/ModernSupermarket/Models/Props/Products/Milk_l6slvx/Textures/Milk_l6slvx_a.png using Guid(0152c94e1f18e6f4fb74276c74c1dbdf) Importer(2089858483,0ecaa5967403d082aa24f35e1b516d23) [PhysX] Initialized MultithreadedTaskDispatcher with 16 workers.
 -> (artifact id: '2ea980cd8cedd095d7266a9087e5fbd6') in 0.012176 seconds
Number of updated asset objects reloaded before import = 0
Number of asset objects unloaded after import = 1
========================================================================
Received Import Request.
  Time since last request: 0.000018 seconds.
  path: Assets/ModernSupermarket/Models/Props/Products/ToyCar_t5i4lw/Textures/Materials/ToyCar_t5i4lw.mat
  artifactKey: Guid(938fdfc2603f34241ada4208323caeca) Importer(2089858483,0ecaa5967403d082aa24f35e1b516d23)
Start importing Assets/ModernSupermarket/Models/Props/Products/ToyCar_t5i4lw/Textures/Materials/ToyCar_t5i4lw.mat using Guid(938fdfc2603f34241ada4208323caeca) Importer(2089858483,0ecaa5967403d082aa24f35e1b516d23) [PhysX] Initialized MultithreadedTaskDispatcher with 16 workers.
 -> (artifact id: '82badac3dad353e547538c27ed5090e9') in 0.016520 seconds
Number of updated asset objects reloaded before import = 0
Number of asset objects unloaded after import = 6
========================================================================
Received Import Request.
  Time since last request: 0.000058 seconds.
  path: Assets/ModernSupermarket/Models/Props/Utility/Camera_9m4m3y/Textures/Camera_9m4m3y_a.png
  artifactKey: Guid(06e104512038fa44fbe879dc812dfa2c) Importer(2089858483,0ecaa5967403d082aa24f35e1b516d23)
Start importing Assets/ModernSupermarket/Models/Props/Utility/Camera_9m4m3y/Textures/Camera_9m4m3y_a.png using Guid(06e104512038fa44fbe879dc812dfa2c) Importer(2089858483,0ecaa5967403d082aa24f35e1b516d23) [PhysX] Initialized MultithreadedTaskDispatcher with 16 workers.
 -> (artifact id: '2635e858f6ca4c9e614ba0175d958302') in 0.017289 seconds
Number of updated asset objects reloaded before import = 0
Number of asset objects unloaded after import = 1
========================================================================
Received Import Request.
  Time since last request: 0.000027 seconds.
  path: Assets/ModernSupermarket/Models/Props/Produce/Tomato_u9ceyc/Textures/Materials/Tomato_u9ceyc.mat
  artifactKey: Guid(389edd463edf13a4184db4396044229f) Importer(2089858483,0ecaa5967403d082aa24f35e1b516d23)
Start importing Assets/ModernSupermarket/Models/Props/Produce/Tomato_u9ceyc/Textures/Materials/Tomato_u9ceyc.mat using Guid(389edd463edf13a4184db4396044229f) Importer(2089858483,0ecaa5967403d082aa24f35e1b516d23) [PhysX] Initialized MultithreadedTaskDispatcher with 16 workers.
 -> (artifact id: '38ea049d2f6ffb47905af32a22be15e4') in 0.010775 seconds
Number of updated asset objects reloaded before import = 0
Number of asset objects unloaded after import = 5
========================================================================
Received Import Request.
  Time since last request: 0.000022 seconds.
  path: Assets/ModernSupermarket/Models/Props/Products/Soda_7gwg2t/Textures/Soda_7gwg2t_n.png
  artifactKey: Guid(463e869d6144c5840b41311af7b66858) Importer(2089858483,0ecaa5967403d082aa24f35e1b516d23)
Start importing Assets/ModernSupermarket/Models/Props/Products/Soda_7gwg2t/Textures/Soda_7gwg2t_n.png using Guid(463e869d6144c5840b41311af7b66858) Importer(2089858483,0ecaa5967403d082aa24f35e1b516d23) [PhysX] Initialized MultithreadedTaskDispatcher with 16 workers.
 -> (artifact id: '472c6c94080a1720e995153d206ca65e') in 0.013781 seconds
Number of updated asset objects reloaded before import = 0
Number of asset objects unloaded after import = 1
========================================================================
Received Import Request.
  Time since last request: 0.000020 seconds.
  path: Assets/ModernSupermarket/Models/Props/Products/Pasta_g87jtq/Textures/PastaPack_g87jtq_m.png
  artifactKey: Guid(930efaacf63bed543af8cd17fa355edb) Importer(2089858483,0ecaa5967403d082aa24f35e1b516d23)
Start importing Assets/ModernSupermarket/Models/Props/Products/Pasta_g87jtq/Textures/PastaPack_g87jtq_m.png using Guid(930efaacf63bed543af8cd17fa355edb) Importer(2089858483,0ecaa5967403d082aa24f35e1b516d23) [PhysX] Initialized MultithreadedTaskDispatcher with 16 workers.
 -> (artifact id: '42aa9885ef2b72300e820a0913962afb') in 0.018837 seconds
Number of updated asset objects reloaded before import = 0
Number of asset objects unloaded after import = 1
========================================================================
Received Import Request.
  Time since last request: 0.000026 seconds.
  path: Assets/ModernSupermarket/Models/Props/Products/Alcohol_qi7uqvr/Textures/Label/Alcohol_qi7uqv_Label_r.png
  artifactKey: Guid(c06bd0cc2c07ca944b48aca040450f09) Importer(2089858483,0ecaa5967403d082aa24f35e1b516d23)
Start importing Assets/ModernSupermarket/Models/Props/Products/Alcohol_qi7uqvr/Textures/Label/Alcohol_qi7uqv_Label_r.png using Guid(c06bd0cc2c07ca944b48aca040450f09) Importer(2089858483,0ecaa5967403d082aa24f35e1b516d23) [PhysX] Initialized MultithreadedTaskDispatcher with 16 workers.
 -> (artifact id: '89d5c38d53c85c54c62519b72bdcb903') in 0.023437 seconds
Number of updated asset objects reloaded before import = 0
Number of asset objects unloaded after import = 1
========================================================================
Received Import Request.
  Time since last request: 0.000030 seconds.
  path: Assets/ModernSupermarket/Models/Props/Products/PetFood_2ujlf0/Textures/PetFood_2ujlf0_n.png
  artifactKey: Guid(5f2bb8780d8b58d408007a78659f40e5) Importer(2089858483,0ecaa5967403d082aa24f35e1b516d23)
Start importing Assets/ModernSupermarket/Models/Props/Products/PetFood_2ujlf0/Textures/PetFood_2ujlf0_n.png using Guid(5f2bb8780d8b58d408007a78659f40e5) Importer(2089858483,0ecaa5967403d082aa24f35e1b516d23) [PhysX] Initialized MultithreadedTaskDispatcher with 16 workers.
 -> (artifact id: '115a74ece5a19109a470222014bbaa18') in 0.013084 seconds
Number of updated asset objects reloaded before import = 0
Number of asset objects unloaded after import = 1
========================================================================
Received Import Request.
  Time since last request: 0.000020 seconds.
  path: Assets/ModernSupermarket/Models/Props/Products/MeatTray_bbcwdq/Textures/MeatTray_qm4z4l_o.png
  artifactKey: Guid(0c84841c3430af842b55b93db86c5c1c) Importer(2089858483,0ecaa5967403d082aa24f35e1b516d23)
Start importing Assets/ModernSupermarket/Models/Props/Products/MeatTray_bbcwdq/Textures/MeatTray_qm4z4l_o.png using Guid(0c84841c3430af842b55b93db86c5c1c) Importer(2089858483,0ecaa5967403d082aa24f35e1b516d23) [PhysX] Initialized MultithreadedTaskDispatcher with 16 workers.
 -> (artifact id: '5f9b0f036e84b64a40c7fceacdf9c7fc') in 0.012989 seconds
Number of updated asset objects reloaded before import = 0
Number of asset objects unloaded after import = 1
========================================================================
Received Import Request.
  Time since last request: 0.000019 seconds.
  path: Assets/ModernSupermarket/Models/Props/Products/JuiceBrick_6ljfy3/Textures/JuiceBrick_6ljfy3_a.png
  artifactKey: Guid(862b538967c6cb94887c67d166e7c46d) Importer(2089858483,0ecaa5967403d082aa24f35e1b516d23)
Start importing Assets/ModernSupermarket/Models/Props/Products/JuiceBrick_6ljfy3/Textures/JuiceBrick_6ljfy3_a.png using Guid(862b538967c6cb94887c67d166e7c46d) Importer(2089858483,0ecaa5967403d082aa24f35e1b516d23) [PhysX] Initialized MultithreadedTaskDispatcher with 16 workers.
 -> (artifact id: '8fe7dec6e5e0f7be6c3b8cc231991ff1') in 0.011516 seconds
Number of updated asset objects reloaded before import = 0
Number of asset objects unloaded after import = 1
========================================================================
Received Import Request.
  Time since last request: 0.000018 seconds.
  path: Assets/ModernSupermarket/Models/Props/Utility/FireExtinguisher_ha3jqe/Textures/FireExtinguisher_ha3jqe_o.png
  artifactKey: Guid(00804afcb2cdfb4408e99d9966976547) Importer(2089858483,0ecaa5967403d082aa24f35e1b516d23)
Start importing Assets/ModernSupermarket/Models/Props/Utility/FireExtinguisher_ha3jqe/Textures/FireExtinguisher_ha3jqe_o.png using Guid(00804afcb2cdfb4408e99d9966976547) Importer(2089858483,0ecaa5967403d082aa24f35e1b516d23) [PhysX] Initialized MultithreadedTaskDispatcher with 16 workers.
 -> (artifact id: '8d252c1d54358fbeb3b02c822da9e9f4') in 0.019490 seconds
Number of updated asset objects reloaded before import = 0
Number of asset objects unloaded after import = 1
========================================================================
Received Import Request.
  Time since last request: 0.000020 seconds.
  path: Assets/ModernSupermarket/Models/Props/Products/Laundry_mm7gx5/Textures/Laundry_mm7gx5_m.png
  artifactKey: Guid(d26d291f8ee536b479862af4fb3615f4) Importer(2089858483,0ecaa5967403d082aa24f35e1b516d23)
Start importing Assets/ModernSupermarket/Models/Props/Products/Laundry_mm7gx5/Textures/Laundry_mm7gx5_m.png using Guid(d26d291f8ee536b479862af4fb3615f4) Importer(2089858483,0ecaa5967403d082aa24f35e1b516d23) [PhysX] Initialized MultithreadedTaskDispatcher with 16 workers.
 -> (artifact id: '7e11e6532afdb4ca0bf980099c3cfdf8') in 0.014736 seconds
Number of updated asset objects reloaded before import = 0
Number of asset objects unloaded after import = 1
========================================================================
Received Import Request.
  Time since last request: 0.000049 seconds.
  path: Assets/ModernSupermarket/Models/Props/Products/Shampoo_u15m67/Textures/Materials/Shampoo_u15m67_Bottle_Var02.mat
  artifactKey: Guid(dcccab20242222f4caa9981f0092a8db) Importer(2089858483,0ecaa5967403d082aa24f35e1b516d23)
Start importing Assets/ModernSupermarket/Models/Props/Products/Shampoo_u15m67/Textures/Materials/Shampoo_u15m67_Bottle_Var02.mat using Guid(dcccab20242222f4caa9981f0092a8db) Importer(2089858483,0ecaa5967403d082aa24f35e1b516d23) [PhysX] Initialized MultithreadedTaskDispatcher with 16 workers.
 -> (artifact id: '84c7bc55089217132e8da39af9e6a6e0') in 0.010588 seconds
Number of updated asset objects reloaded before import = 0
Number of asset objects unloaded after import = 3
========================================================================
Received Import Request.
  Time since last request: 0.000032 seconds.
  path: Assets/ModernSupermarket/Models/Props/Products/Teabox_5oq0ki/Textures/Materials/Teabox_5oq0ki_Var02.mat
  artifactKey: Guid(e974e10b3a900df4e8830714f2229ff0) Importer(2089858483,0ecaa5967403d082aa24f35e1b516d23)
Start importing Assets/ModernSupermarket/Models/Props/Products/Teabox_5oq0ki/Textures/Materials/Teabox_5oq0ki_Var02.mat using Guid(e974e10b3a900df4e8830714f2229ff0) Importer(2089858483,0ecaa5967403d082aa24f35e1b516d23) [PhysX] Initialized MultithreadedTaskDispatcher with 16 workers.
 -> (artifact id: '6aa58ebf389c97362a83878ee41882fa') in 0.012111 seconds
Number of updated asset objects reloaded before import = 0
Number of asset objects unloaded after import = 6
========================================================================
Received Import Request.
  Time since last request: 0.000020 seconds.
  path: Assets/ModernSupermarket/Models/Props/Products/Teabox_5oq0ki/Textures/Teabox_5oq0ki_m.png
  artifactKey: Guid(cf3a72a617c5c544a9badf52af08b812) Importer(2089858483,0ecaa5967403d082aa24f35e1b516d23)
Start importing Assets/ModernSupermarket/Models/Props/Products/Teabox_5oq0ki/Textures/Teabox_5oq0ki_m.png using Guid(cf3a72a617c5c544a9badf52af08b812) Importer(2089858483,0ecaa5967403d082aa24f35e1b516d23) [PhysX] Initialized MultithreadedTaskDispatcher with 16 workers.
 -> (artifact id: '069397ffdf78b93ea1c92dd91b2d9621') in 0.013020 seconds
Number of updated asset objects reloaded before import = 0
Number of asset objects unloaded after import = 1
========================================================================
Received Import Request.
  Time since last request: 0.000019 seconds.
  path: Assets/ModernSupermarket/Models/Props/Produce/Melon_h6xrq4/Textures/Materials/Melon_h6xrq4.mat
  artifactKey: Guid(59af9e4a0a8d9ff4c887b5612945283e) Importer(2089858483,0ecaa5967403d082aa24f35e1b516d23)
Start importing Assets/ModernSupermarket/Models/Props/Produce/Melon_h6xrq4/Textures/Materials/Melon_h6xrq4.mat using Guid(59af9e4a0a8d9ff4c887b5612945283e) Importer(2089858483,0ecaa5967403d082aa24f35e1b516d23) [PhysX] Initialized MultithreadedTaskDispatcher with 16 workers.
 -> (artifact id: 'deee4b8988d70873d41f391532784955') in 0.015962 seconds
Number of updated asset objects reloaded before import = 0
Number of asset objects unloaded after import = 5
========================================================================
Received Import Request.
  Time since last request: 0.000023 seconds.
  path: Assets/ModernSupermarket/Models/Props/Produce/Lemon_ahopes/Textures/Materials/Lemon_ahopes.mat
  artifactKey: Guid(32718bf3132da17458d03bd12fe71a8b) Importer(2089858483,0ecaa5967403d082aa24f35e1b516d23)
Start importing Assets/ModernSupermarket/Models/Props/Produce/Lemon_ahopes/Textures/Materials/Lemon_ahopes.mat using Guid(32718bf3132da17458d03bd12fe71a8b) Importer(2089858483,0ecaa5967403d082aa24f35e1b516d23) [PhysX] Initialized MultithreadedTaskDispatcher with 16 workers.
 -> (artifact id: 'f1e104c34e9d894ec5bea8196c61c7c6') in 0.012654 seconds
Number of updated asset objects reloaded before import = 0
Number of asset objects unloaded after import = 5
========================================================================
Received Import Request.
  Time since last request: 0.000019 seconds.
  path: Assets/ModernSupermarket/Models/Props/Products/Cheese_dx1ygk/Textures/Materials/Cheese_dx1ygk.mat
  artifactKey: Guid(5e58be722feaf5b43954ca730d0ebf33) Importer(2089858483,0ecaa5967403d082aa24f35e1b516d23)
Start importing Assets/ModernSupermarket/Models/Props/Products/Cheese_dx1ygk/Textures/Materials/Cheese_dx1ygk.mat using Guid(5e58be722feaf5b43954ca730d0ebf33) Importer(2089858483,0ecaa5967403d082aa24f35e1b516d23) [PhysX] Initialized MultithreadedTaskDispatcher with 16 workers.
 -> (artifact id: '5269f14e84d2af8c1f5d7c90737a97d3') in 0.011716 seconds
Number of updated asset objects reloaded before import = 0
Number of asset objects unloaded after import = 5
========================================================================
Received Import Request.
  Time since last request: 0.000020 seconds.
  path: Assets/ModernSupermarket/Models/Props/Products/Rooflight_9ecem1/Textures/Rooflight_9ecem1_e.png
  artifactKey: Guid(8bb1f0b9bad76534ca09dddc13acda39) Importer(2089858483,0ecaa5967403d082aa24f35e1b516d23)
Start importing Assets/ModernSupermarket/Models/Props/Products/Rooflight_9ecem1/Textures/Rooflight_9ecem1_e.png using Guid(8bb1f0b9bad76534ca09dddc13acda39) Importer(2089858483,0ecaa5967403d082aa24f35e1b516d23) [PhysX] Initialized MultithreadedTaskDispatcher with 16 workers.
 -> (artifact id: '8530ae830f85191ff544a2130d337a44') in 0.012523 seconds
Number of updated asset objects reloaded before import = 0
Number of asset objects unloaded after import = 1
========================================================================
Received Import Request.
  Time since last request: 0.000022 seconds.
  path: Assets/ModernSupermarket/Models/Props/Products/Flour_ckgfmu/Textures/Materials/FlourPack_ckgfmu_Var01.mat
  artifactKey: Guid(9af2dfd1e65eab544a7cd825d9753291) Importer(2089858483,0ecaa5967403d082aa24f35e1b516d23)
Start importing Assets/ModernSupermarket/Models/Props/Products/Flour_ckgfmu/Textures/Materials/FlourPack_ckgfmu_Var01.mat using Guid(9af2dfd1e65eab544a7cd825d9753291) Importer(2089858483,0ecaa5967403d082aa24f35e1b516d23) [PhysX] Initialized MultithreadedTaskDispatcher with 16 workers.
 -> (artifact id: '8ef869d8164b4dcde9fe020fc2884c4e') in 0.013179 seconds
Number of updated asset objects reloaded before import = 0
Number of asset objects unloaded after import = 5
========================================================================
Received Import Request.
  Time since last request: 0.000025 seconds.
  path: Assets/ModernSupermarket/Models/Props/Products/Chicken_ozj6pn/Textures/Materials/Chicken_ozj6pn_Tray.mat
  artifactKey: Guid(b6fad3caeba1c31498ccc49da90ba2b5) Importer(2089858483,0ecaa5967403d082aa24f35e1b516d23)
Start importing Assets/ModernSupermarket/Models/Props/Products/Chicken_ozj6pn/Textures/Materials/Chicken_ozj6pn_Tray.mat using Guid(b6fad3caeba1c31498ccc49da90ba2b5) Importer(2089858483,0ecaa5967403d082aa24f35e1b516d23) [PhysX] Initialized MultithreadedTaskDispatcher with 16 workers.
 -> (artifact id: '639475526abcb440f573ed16c1ee1039') in 0.011789 seconds
Number of updated asset objects reloaded before import = 0
Number of asset objects unloaded after import = 5
========================================================================
Received Import Request.
  Time since last request: 0.000021 seconds.
  path: Assets/ModernSupermarket/Models/Props/Utility/Footboard_ajuyp9/Texture/Materials/Footboard_ajuyp9_Var01.mat
  artifactKey: Guid(6954026922547c048bcacdbfe9b5a7e5) Importer(2089858483,0ecaa5967403d082aa24f35e1b516d23)
Start importing Assets/ModernSupermarket/Models/Props/Utility/Footboard_ajuyp9/Texture/Materials/Footboard_ajuyp9_Var01.mat using Guid(6954026922547c048bcacdbfe9b5a7e5) Importer(2089858483,0ecaa5967403d082aa24f35e1b516d23) [PhysX] Initialized MultithreadedTaskDispatcher with 16 workers.
 -> (artifact id: '99513656e95e79268983d6a55e619624') in 0.012981 seconds
Number of updated asset objects reloaded before import = 0
Number of asset objects unloaded after import = 4
========================================================================
Received Import Request.
  Time since last request: 0.000023 seconds.
  path: Assets/ModernSupermarket/Models/Props/Products/SweetJar_lpbii4/Textures/Materials/SweetJar_lpbii4_Glass.mat
  artifactKey: Guid(7040476e076f49343bc74188263da364) Importer(2089858483,0ecaa5967403d082aa24f35e1b516d23)
Start importing Assets/ModernSupermarket/Models/Props/Products/SweetJar_lpbii4/Textures/Materials/SweetJar_lpbii4_Glass.mat using Guid(7040476e076f49343bc74188263da364) Importer(2089858483,0ecaa5967403d082aa24f35e1b516d23) [PhysX] Initialized MultithreadedTaskDispatcher with 16 workers.
 -> (artifact id: '30d0ca252389796b3c3316351825a44a') in 0.009131 seconds
Number of updated asset objects reloaded before import = 0
Number of asset objects unloaded after import = 2
========================================================================
Received Import Request.
  Time since last request: 0.000020 seconds.
  path: Assets/ModernSupermarket/Models/Props/Products/WaterPack_mqmuh7/Textures/Materials/WaterPack_mqmuh7_Plastic.mat
  artifactKey: Guid(0b4297b3dfd51d44a900efbb57f55ab2) Importer(2089858483,0ecaa5967403d082aa24f35e1b516d23)
Start importing Assets/ModernSupermarket/Models/Props/Products/WaterPack_mqmuh7/Textures/Materials/WaterPack_mqmuh7_Plastic.mat using Guid(0b4297b3dfd51d44a900efbb57f55ab2) Importer(2089858483,0ecaa5967403d082aa24f35e1b516d23) [PhysX] Initialized MultithreadedTaskDispatcher with 16 workers.
 -> (artifact id: '90f496110d3ccb1087c93a255f6c47fb') in 0.010991 seconds
Number of updated asset objects reloaded before import = 0
Number of asset objects unloaded after import = 4
========================================================================
Received Import Request.
  Time since last request: 0.000028 seconds.
  path: Assets/ModernSupermarket/Models/Props/Products/MeatTray_bbcwdq/Textures/Materials/MeatTray_bbcwdq_Meat.mat
  artifactKey: Guid(7b087e12caa5cc84aaee05f691fe9762) Importer(2089858483,0ecaa5967403d082aa24f35e1b516d23)
Start importing Assets/ModernSupermarket/Models/Props/Products/MeatTray_bbcwdq/Textures/Materials/MeatTray_bbcwdq_Meat.mat using Guid(7b087e12caa5cc84aaee05f691fe9762) Importer(2089858483,0ecaa5967403d082aa24f35e1b516d23) [PhysX] Initialized MultithreadedTaskDispatcher with 16 workers.
 -> (artifact id: '3ec5db682d45c101584b8ddc613b22c8') in 0.011309 seconds
Number of updated asset objects reloaded before import = 0
Number of asset objects unloaded after import = 5
========================================================================
Received Import Request.
  Time since last request: 0.000022 seconds.
  path: Assets/ModernSupermarket/Models/Props/Products/ToyCar_t5i4lw/Textures/ToyCar_t5i4lw_n.png
  artifactKey: Guid(71d3bf1c3c3a7cc44b6e3b1c09a01371) Importer(2089858483,0ecaa5967403d082aa24f35e1b516d23)
Start importing Assets/ModernSupermarket/Models/Props/Products/ToyCar_t5i4lw/Textures/ToyCar_t5i4lw_n.png using Guid(71d3bf1c3c3a7cc44b6e3b1c09a01371) Importer(2089858483,0ecaa5967403d082aa24f35e1b516d23) [PhysX] Initialized MultithreadedTaskDispatcher with 16 workers.
 -> (artifact id: 'f733160f106093050f8980baa65c5602') in 0.015383 seconds
Number of updated asset objects reloaded before import = 0
Number of asset objects unloaded after import = 1
========================================================================
Received Import Request.
  Time since last request: 0.000020 seconds.
  path: Assets/ModernSupermarket/Models/Props/Products/Pasta_9duit2/Textures/PastaPack_9duit2_Penne_o.png
  artifactKey: Guid(6742327fb92ffee46b83cf7fed894096) Importer(2089858483,0ecaa5967403d082aa24f35e1b516d23)
Start importing Assets/ModernSupermarket/Models/Props/Products/Pasta_9duit2/Textures/PastaPack_9duit2_Penne_o.png using Guid(6742327fb92ffee46b83cf7fed894096) Importer(2089858483,0ecaa5967403d082aa24f35e1b516d23) [PhysX] Initialized MultithreadedTaskDispatcher with 16 workers.
 -> (artifact id: '87e52312d8f5d1ea0c4e0a4df407f6a8') in 0.013704 seconds
Number of updated asset objects reloaded before import = 0
Number of asset objects unloaded after import = 1
========================================================================
Received Import Request.
  Time since last request: 0.000021 seconds.
  path: Assets/ModernSupermarket/Models/Props/Produce/Clementine_7okhg9/Textures/Materials/Clementine_7okhg9.mat
  artifactKey: Guid(908a7747d2c7a1e41b4178b6a8e67765) Importer(2089858483,0ecaa5967403d082aa24f35e1b516d23)
Start importing Assets/ModernSupermarket/Models/Props/Produce/Clementine_7okhg9/Textures/Materials/Clementine_7okhg9.mat using Guid(908a7747d2c7a1e41b4178b6a8e67765) Importer(2089858483,0ecaa5967403d082aa24f35e1b516d23) [PhysX] Initialized MultithreadedTaskDispatcher with 16 workers.
 -> (artifact id: '78c1c2e4a3b8e9a9a746ec848bb1d000') in 0.009516 seconds
Number of updated asset objects reloaded before import = 0
Number of asset objects unloaded after import = 5
========================================================================
Received Import Request.
  Time since last request: 0.000016 seconds.
  path: Assets/ModernSupermarket/Models/Props/Products/Flour_ckgfmu/Textures/FlourPack_ckgfmu_m.png
  artifactKey: Guid(cd93097dc0d8d764dba3d4ff02d456fb) Importer(2089858483,0ecaa5967403d082aa24f35e1b516d23)
Start importing Assets/ModernSupermarket/Models/Props/Products/Flour_ckgfmu/Textures/FlourPack_ckgfmu_m.png using Guid(cd93097dc0d8d764dba3d4ff02d456fb) Importer(2089858483,0ecaa5967403d082aa24f35e1b516d23) [PhysX] Initialized MultithreadedTaskDispatcher with 16 workers.
 -> (artifact id: '5c5a601e81c7e0b56c4e41b3d37053d3') in 0.014018 seconds
Number of updated asset objects reloaded before import = 0
Number of asset objects unloaded after import = 1
========================================================================
Received Import Request.
  Time since last request: 0.000019 seconds.
  path: Assets/ModernSupermarket/Models/Props/Products/Bag_s45li3/Textures/Materials/Bag_s45li3.mat
  artifactKey: Guid(33a99ac44bd148947b18b39a8f3cef9d) Importer(2089858483,0ecaa5967403d082aa24f35e1b516d23)
Start importing Assets/ModernSupermarket/Models/Props/Products/Bag_s45li3/Textures/Materials/Bag_s45li3.mat using Guid(33a99ac44bd148947b18b39a8f3cef9d) Importer(2089858483,0ecaa5967403d082aa24f35e1b516d23) [PhysX] Initialized MultithreadedTaskDispatcher with 16 workers.
 -> (artifact id: '4fb684145769ca9ab4151dcd5043c618') in 0.013577 seconds
Number of updated asset objects reloaded before import = 0
Number of asset objects unloaded after import = 5
========================================================================
Received Import Request.
  Time since last request: 0.000019 seconds.
  path: Assets/ModernSupermarket/Models/Props/Products/WineBottle_2b6kjh/Textures/Materials/WineBottle_fdde0u.mat
  artifactKey: Guid(9b58ce4e639205c44aebd5e8b0861eba) Importer(2089858483,0ecaa5967403d082aa24f35e1b516d23)
Start importing Assets/ModernSupermarket/Models/Props/Products/WineBottle_2b6kjh/Textures/Materials/WineBottle_fdde0u.mat using Guid(9b58ce4e639205c44aebd5e8b0861eba) Importer(2089858483,0ecaa5967403d082aa24f35e1b516d23) [PhysX] Initialized MultithreadedTaskDispatcher with 16 workers.
 -> (artifact id: '7ce2fc47d5860ed86550a3c496dafa6b') in 0.010644 seconds
Number of updated asset objects reloaded before import = 0
Number of asset objects unloaded after import = 3
========================================================================
Received Import Request.
  Time since last request: 0.000022 seconds.
  path: Assets/ModernSupermarket/Models/Props/Utility/Basket_k5jizs/Textures/Basket_k5jizs_mask.png
  artifactKey: Guid(3581a1a5c41b67b4596a812753d6a734) Importer(2089858483,0ecaa5967403d082aa24f35e1b516d23)
Start importing Assets/ModernSupermarket/Models/Props/Utility/Basket_k5jizs/Textures/Basket_k5jizs_mask.png using Guid(3581a1a5c41b67b4596a812753d6a734) Importer(2089858483,0ecaa5967403d082aa24f35e1b516d23) [PhysX] Initialized MultithreadedTaskDispatcher with 16 workers.
 -> (artifact id: '660c918064629bfdc539ed14e3faa444') in 0.019910 seconds
Number of updated asset objects reloaded before import = 0
Number of asset objects unloaded after import = 1
========================================================================
Received Import Request.
  Time since last request: 0.000019 seconds.
  path: Assets/ModernSupermarket/Models/Props/Products/Cleanser_o964qg/Textures/Materials/Cleanser_o964qg_LiquidGreen.mat
  artifactKey: Guid(b37c9cb755642b341bd0821b7d4d5d33) Importer(2089858483,0ecaa5967403d082aa24f35e1b516d23)
Start importing Assets/ModernSupermarket/Models/Props/Products/Cleanser_o964qg/Textures/Materials/Cleanser_o964qg_LiquidGreen.mat using Guid(b37c9cb755642b341bd0821b7d4d5d33) Importer(2089858483,0ecaa5967403d082aa24f35e1b516d23) [PhysX] Initialized MultithreadedTaskDispatcher with 16 workers.
 -> (artifact id: '00b6bc800f9524a350420b04d86dd78b') in 0.010944 seconds
Number of updated asset objects reloaded before import = 0
Number of asset objects unloaded after import = 1
========================================================================
Received Import Request.
  Time since last request: 0.000020 seconds.
  path: Assets/ModernSupermarket/Models/Props/Products/OldMetalBox_edzkm9/Textures/OldMetalBox_Var02_edzkm9_m.png
  artifactKey: Guid(3682202389bca1f498e72f485147f9b8) Importer(2089858483,0ecaa5967403d082aa24f35e1b516d23)
Start importing Assets/ModernSupermarket/Models/Props/Products/OldMetalBox_edzkm9/Textures/OldMetalBox_Var02_edzkm9_m.png using Guid(3682202389bca1f498e72f485147f9b8) Importer(2089858483,0ecaa5967403d082aa24f35e1b516d23) [PhysX] Initialized MultithreadedTaskDispatcher with 16 workers.
 -> (artifact id: 'aa58056f32348ed0d7007a43201abdb9') in 0.013888 seconds
Number of updated asset objects reloaded before import = 0
Number of asset objects unloaded after import = 1
========================================================================
Received Import Request.
  Time since last request: 0.000021 seconds.
  path: Assets/ModernSupermarket/Models/Props/Products/Paintings_wmgwnw/Textures/Paintings_wmgwnw_m.png
  artifactKey: Guid(4e4af7065c39cae42b5b81d4fb6f1ac5) Importer(2089858483,0ecaa5967403d082aa24f35e1b516d23)
Start importing Assets/ModernSupermarket/Models/Props/Products/Paintings_wmgwnw/Textures/Paintings_wmgwnw_m.png using Guid(4e4af7065c39cae42b5b81d4fb6f1ac5) Importer(2089858483,0ecaa5967403d082aa24f35e1b516d23) [PhysX] Initialized MultithreadedTaskDispatcher with 16 workers.
 -> (artifact id: 'd2338d048ef595b001e49ac0f7283b17') in 0.012838 seconds
Number of updated asset objects reloaded before import = 0
Number of asset objects unloaded after import = 1
========================================================================
Received Import Request.
  Time since last request: 0.000018 seconds.
  path: Assets/ModernSupermarket/Models/Props/Utility/Camera_fbj1by/Textures/Camera_fbj1by_m.png
  artifactKey: Guid(a75c13a3041a6ad418a43c44baa7719b) Importer(2089858483,0ecaa5967403d082aa24f35e1b516d23)
Start importing Assets/ModernSupermarket/Models/Props/Utility/Camera_fbj1by/Textures/Camera_fbj1by_m.png using Guid(a75c13a3041a6ad418a43c44baa7719b) Importer(2089858483,0ecaa5967403d082aa24f35e1b516d23) [PhysX] Initialized MultithreadedTaskDispatcher with 16 workers.
 -> (artifact id: '9c718395033f4cb5b10d78158f6f069d') in 0.013800 seconds
Number of updated asset objects reloaded before import = 0
Number of asset objects unloaded after import = 1
========================================================================
Received Import Request.
  Time since last request: 0.000020 seconds.
  path: Assets/ModernSupermarket/Models/Props/Products/FrozenBox_vhvpd4/Textures/FrozenBox_vhvpd4_Var02_a.png
  artifactKey: Guid(fda4359e616751140aac8e2ca1ab82a0) Importer(2089858483,0ecaa5967403d082aa24f35e1b516d23)
Start importing Assets/ModernSupermarket/Models/Props/Products/FrozenBox_vhvpd4/Textures/FrozenBox_vhvpd4_Var02_a.png using Guid(fda4359e616751140aac8e2ca1ab82a0) Importer(2089858483,0ecaa5967403d082aa24f35e1b516d23) [PhysX] Initialized MultithreadedTaskDispatcher with 16 workers.
 -> (artifact id: '5e95c24d656616b4577dd846b6583eab') in 0.014068 seconds
Number of updated asset objects reloaded before import = 0
Number of asset objects unloaded after import = 1
========================================================================
Received Import Request.
  Time since last request: 0.000021 seconds.
  path: Assets/ModernSupermarket/Models/Props/Products/PotatoBag_gcx3y2/Textures/PotatoeBag_gcx3y2_Fill_o.png
  artifactKey: Guid(53743741fd06fdc4793f26029f4665cd) Importer(2089858483,0ecaa5967403d082aa24f35e1b516d23)
Start importing Assets/ModernSupermarket/Models/Props/Products/PotatoBag_gcx3y2/Textures/PotatoeBag_gcx3y2_Fill_o.png using Guid(53743741fd06fdc4793f26029f4665cd) Importer(2089858483,0ecaa5967403d082aa24f35e1b516d23) [PhysX] Initialized MultithreadedTaskDispatcher with 16 workers.
 -> (artifact id: 'd2091e3a7cd5ccc892390090091f67da') in 0.017104 seconds
Number of updated asset objects reloaded before import = 0
Number of asset objects unloaded after import = 1
========================================================================
Received Import Request.
  Time since last request: 0.000019 seconds.
  path: Assets/ModernSupermarket/Models/Props/Utility/Basket_o52iei/Textures/Basket_o52iei_condiments04_m.png
  artifactKey: Guid(3d92cc4b91eed474b99166214f4668f9) Importer(2089858483,0ecaa5967403d082aa24f35e1b516d23)
Start importing Assets/ModernSupermarket/Models/Props/Utility/Basket_o52iei/Textures/Basket_o52iei_condiments04_m.png using Guid(3d92cc4b91eed474b99166214f4668f9) Importer(2089858483,0ecaa5967403d082aa24f35e1b516d23) [PhysX] Initialized MultithreadedTaskDispatcher with 16 workers.
 -> (artifact id: 'cec2f7d561d7ec69ab792cd904ee1a67') in 0.015712 seconds
Number of updated asset objects reloaded before import = 0
Number of asset objects unloaded after import = 1
========================================================================
Received Import Request.
  Time since last request: 0.000022 seconds.
  path: Assets/ModernSupermarket/Models/Props/Products/Cheese_bn26cq/Textures/Materials/Cheese_bn26cq_Var01_Label.mat
  artifactKey: Guid(dcd707384fd747445acf5a1e08d32599) Importer(2089858483,0ecaa5967403d082aa24f35e1b516d23)
Start importing Assets/ModernSupermarket/Models/Props/Products/Cheese_bn26cq/Textures/Materials/Cheese_bn26cq_Var01_Label.mat using Guid(dcd707384fd747445acf5a1e08d32599) Importer(2089858483,0ecaa5967403d082aa24f35e1b516d23) [PhysX] Initialized MultithreadedTaskDispatcher with 16 workers.
 -> (artifact id: 'cd5281396c2a6548cb28693facaafd55') in 0.012743 seconds
Number of updated asset objects reloaded before import = 0
Number of asset objects unloaded after import = 5
========================================================================
Received Import Request.
  Time since last request: 0.000035 seconds.
  path: Assets/ModernSupermarket/Models/Props/Products/Pizza_ehb1pe/Textures/Pizza_ehb1pe_a.png
  artifactKey: Guid(929ab1de6d31d5846b8fe89f8c5adaf9) Importer(2089858483,0ecaa5967403d082aa24f35e1b516d23)
Start importing Assets/ModernSupermarket/Models/Props/Products/Pizza_ehb1pe/Textures/Pizza_ehb1pe_a.png using Guid(929ab1de6d31d5846b8fe89f8c5adaf9) Importer(2089858483,0ecaa5967403d082aa24f35e1b516d23) [PhysX] Initialized MultithreadedTaskDispatcher with 16 workers.
 -> (artifact id: '86c3daa91eab12cf20abb1b729b0e2a3') in 0.011753 seconds
Number of updated asset objects reloaded before import = 0
Number of asset objects unloaded after import = 1
========================================================================
Received Import Request.
  Time since last request: 0.000017 seconds.
  path: Assets/ModernSupermarket/Models/Props/Products/Ham_wplnxm/Textures/Ham_wplnxm_o.png
  artifactKey: Guid(2b3e30f073de6284883b95fc208a6e94) Importer(2089858483,0ecaa5967403d082aa24f35e1b516d23)
Start importing Assets/ModernSupermarket/Models/Props/Products/Ham_wplnxm/Textures/Ham_wplnxm_o.png using Guid(2b3e30f073de6284883b95fc208a6e94) Importer(2089858483,0ecaa5967403d082aa24f35e1b516d23) [PhysX] Initialized MultithreadedTaskDispatcher with 16 workers.
 -> (artifact id: '99fdce976485202cbd224e98131c104b') in 0.012614 seconds
Number of updated asset objects reloaded before import = 0
Number of asset objects unloaded after import = 1
========================================================================
Received Import Request.
  Time since last request: 0.000022 seconds.
  path: Assets/ModernSupermarket/Models/Props/Products/Shampoo_vimakk/Textures/Materials/Shampoo_vimakk_Var02.mat
  artifactKey: Guid(56496190b8afd5448b155234e869fbca) Importer(2089858483,0ecaa5967403d082aa24f35e1b516d23)
Start importing Assets/ModernSupermarket/Models/Props/Products/Shampoo_vimakk/Textures/Materials/Shampoo_vimakk_Var02.mat using Guid(56496190b8afd5448b155234e869fbca) Importer(2089858483,0ecaa5967403d082aa24f35e1b516d23) [PhysX] Initialized MultithreadedTaskDispatcher with 16 workers.
 -> (artifact id: '53eeccc17c43ba539fbdc4a898fe5711') in 0.014521 seconds
Number of updated asset objects reloaded before import = 0
Number of asset objects unloaded after import = 4
========================================================================
Received Import Request.
  Time since last request: 0.000018 seconds.
  path: Assets/ModernSupermarket/Models/Props/Utility/FireExtinguisher_ha3jqe/Textures/FireExtinguisher_ha3jqe_m.png
  artifactKey: Guid(91e6135b86a66e3449cea3fd60c452d5) Importer(2089858483,0ecaa5967403d082aa24f35e1b516d23)
Start importing Assets/ModernSupermarket/Models/Props/Utility/FireExtinguisher_ha3jqe/Textures/FireExtinguisher_ha3jqe_m.png using Guid(91e6135b86a66e3449cea3fd60c452d5) Importer(2089858483,0ecaa5967403d082aa24f35e1b516d23) [PhysX] Initialized MultithreadedTaskDispatcher with 16 workers.
 -> (artifact id: '49060c3ef96861614d6e71aae2623931') in 0.014576 seconds
Number of updated asset objects reloaded before import = 0
Number of asset objects unloaded after import = 1
========================================================================
Received Import Request.
  Time since last request: 0.000022 seconds.
  path: Assets/ModernSupermarket/Models/Props/Products/OldMetalBox_edzkm9/Textures/OldMetalBox_Var02_edzkm9_n.png
  artifactKey: Guid(40300d8370479f845a8bdd3ddbc087a5) Importer(2089858483,0ecaa5967403d082aa24f35e1b516d23)
Start importing Assets/ModernSupermarket/Models/Props/Products/OldMetalBox_edzkm9/Textures/OldMetalBox_Var02_edzkm9_n.png using Guid(40300d8370479f845a8bdd3ddbc087a5) Importer(2089858483,0ecaa5967403d082aa24f35e1b516d23) [PhysX] Initialized MultithreadedTaskDispatcher with 16 workers.
 -> (artifact id: '617f99e9f289f19b3eb94df54b6b12e6') in 0.013948 seconds
Number of updated asset objects reloaded before import = 0
Number of asset objects unloaded after import = 1
========================================================================
Received Import Request.
  Time since last request: 0.000020 seconds.
  path: Assets/ModernSupermarket/Models/Props/Utility/Footboard_ajuyp9/Texture/Footboard_ajuyp9_mask.png
  artifactKey: Guid(1dc1b4c95a5a3444588c07754d48e0b3) Importer(2089858483,0ecaa5967403d082aa24f35e1b516d23)
Start importing Assets/ModernSupermarket/Models/Props/Utility/Footboard_ajuyp9/Texture/Footboard_ajuyp9_mask.png using Guid(1dc1b4c95a5a3444588c07754d48e0b3) Importer(2089858483,0ecaa5967403d082aa24f35e1b516d23) [PhysX] Initialized MultithreadedTaskDispatcher with 16 workers.
 -> (artifact id: 'd8fceddb35f935ac1fc345668b4364d3') in 0.013053 seconds
Number of updated asset objects reloaded before import = 0
Number of asset objects unloaded after import = 1
========================================================================
Received Import Request.
  Time since last request: 0.000020 seconds.
  path: Assets/ModernSupermarket/Models/Props/Products/Flour_ckgfmu/Textures/FlourPack_ckgfmu_Var02_a.png
  artifactKey: Guid(c9e094924c6f2664a9e8b9b6b1d9a8e4) Importer(2089858483,0ecaa5967403d082aa24f35e1b516d23)
Start importing Assets/ModernSupermarket/Models/Props/Products/Flour_ckgfmu/Textures/FlourPack_ckgfmu_Var02_a.png using Guid(c9e094924c6f2664a9e8b9b6b1d9a8e4) Importer(2089858483,0ecaa5967403d082aa24f35e1b516d23) [PhysX] Initialized MultithreadedTaskDispatcher with 16 workers.
 -> (artifact id: 'b16bebd9af1f2149bd80a0212f2dda66') in 0.012890 seconds
Number of updated asset objects reloaded before import = 0
Number of asset objects unloaded after import = 1
========================================================================
Received Import Request.
  Time since last request: 0.000018 seconds.
  path: Assets/ModernSupermarket/Models/Props/Products/PotatoBag_gcx3y2/Textures/Materials/PotatoeBag_gcx3y2_Potatoes.mat
  artifactKey: Guid(87921020496d5bf4eb613b7776d1af00) Importer(2089858483,0ecaa5967403d082aa24f35e1b516d23)
Start importing Assets/ModernSupermarket/Models/Props/Products/PotatoBag_gcx3y2/Textures/Materials/PotatoeBag_gcx3y2_Potatoes.mat using Guid(87921020496d5bf4eb613b7776d1af00) Importer(2089858483,0ecaa5967403d082aa24f35e1b516d23) [PhysX] Initialized MultithreadedTaskDispatcher with 16 workers.
 -> (artifact id: 'bb09856b6cd124ab6f298ae6730fdb68') in 0.012213 seconds
Number of updated asset objects reloaded before import = 0
Number of asset objects unloaded after import = 4
========================================================================
Received Import Request.
  Time since last request: 0.000021 seconds.
  path: Assets/ModernSupermarket/Models/Props/Products/Beer_lryra7/Textures/Materials/BeerBottle_GlassGreen.mat
  artifactKey: Guid(4bd5c5d1ebb872247b088b6dfc2994b1) Importer(2089858483,0ecaa5967403d082aa24f35e1b516d23)
Start importing Assets/ModernSupermarket/Models/Props/Products/Beer_lryra7/Textures/Materials/BeerBottle_GlassGreen.mat using Guid(4bd5c5d1ebb872247b088b6dfc2994b1) Importer(2089858483,0ecaa5967403d082aa24f35e1b516d23) [PhysX] Initialized MultithreadedTaskDispatcher with 16 workers.
 -> (artifact id: 'ad59e207cd4f1d37120b576365cf76c0') in 0.011570 seconds
Number of updated asset objects reloaded before import = 0
Number of asset objects unloaded after import = 2
========================================================================
Received Import Request.
  Time since last request: 0.000023 seconds.
  path: Assets/ModernSupermarket/Models/Props/Products/Ham_wplnxm/Textures/Ham_wplnxm_Var02_o.png
  artifactKey: Guid(3aebc6d103928e448867a19ff9b0414e) Importer(2089858483,0ecaa5967403d082aa24f35e1b516d23)
Start importing Assets/ModernSupermarket/Models/Props/Products/Ham_wplnxm/Textures/Ham_wplnxm_Var02_o.png using Guid(3aebc6d103928e448867a19ff9b0414e) Importer(2089858483,0ecaa5967403d082aa24f35e1b516d23) [PhysX] Initialized MultithreadedTaskDispatcher with 16 workers.
 -> (artifact id: '17b209c8eeb0ca569d0d5a14e43c5b78') in 0.020470 seconds
Number of updated asset objects reloaded before import = 0
Number of asset objects unloaded after import = 1
========================================================================
Received Import Request.
  Time since last request: 0.000019 seconds.
  path: Assets/ModernSupermarket/Models/Props/Products/Beer_lryra7/Textures/BeerBottle_fdde0u_n.png
  artifactKey: Guid(8556e4b9ed4a06e43b56a2e79363f0c1) Importer(2089858483,0ecaa5967403d082aa24f35e1b516d23)
Start importing Assets/ModernSupermarket/Models/Props/Products/Beer_lryra7/Textures/BeerBottle_fdde0u_n.png using Guid(8556e4b9ed4a06e43b56a2e79363f0c1) Importer(2089858483,0ecaa5967403d082aa24f35e1b516d23) [PhysX] Initialized MultithreadedTaskDispatcher with 16 workers.
 -> (artifact id: '82d10820b59662f08b28a9645099a3ff') in 0.012779 seconds
Number of updated asset objects reloaded before import = 0
Number of asset objects unloaded after import = 1
Editor requested this worker to shutdown with reason: Scaling down because of idle timeout
TcpMessagingSession - receive error: operation aborted. errorcode: 995, details: 由于线程退出或应用程序请求，已中止 I/O 操作。
AssetImportWorker is now disconnected from the server
Process exiting
Exiting without the bug reporter. Application will terminate with return code 0