Using pre-set license
Built from '2022.3/staging' branch; Version is '2022.3.50f1 (c3db7f8bf9b1) revision 12835711'; Using compiler version '192829333'; Build Type 'Release'
OS: 'Windows 11  (10.0.26100) 64bit CoreCountrySpecific' Language: 'zh' Physical Memory: 23853 MB
BatchMode: 1, IsHumanControllingUs: 0, StartBugReporterOnCrash: 0, Is64bit: 1, IsPro: 1

COMMAND LINE ARGUMENTS:
D:\ProgramData\Unity\Hub\Editor\2022.3.50f1\Editor\Unity.exe
-adb2
-batchMode
-noUpm
-name
AssetImportWorker0
-projectPath
D:/Study/GraduationProject/DigitalSupermarket/MT-Final-Project
-logFile
Logs/AssetImportWorker0.log
-srvPort
55476
Successfully changed project path to: D:/Study/GraduationProject/DigitalSupermarket/MT-Final-Project
D:/Study/GraduationProject/DigitalSupermarket/MT-Final-Project
[UnityMemory] Configuration Parameters - Can be set up in boot.config
    "memorysetup-bucket-allocator-granularity=16"
    "memorysetup-bucket-allocator-bucket-count=8"
    "memorysetup-bucket-allocator-block-size=33554432"
    "memorysetup-bucket-allocator-block-count=8"
    "memorysetup-main-allocator-block-size=16777216"
    "memorysetup-thread-allocator-block-size=16777216"
    "memorysetup-gfx-main-allocator-block-size=16777216"
    "memorysetup-gfx-thread-allocator-block-size=16777216"
    "memorysetup-cache-allocator-block-size=4194304"
    "memorysetup-typetree-allocator-block-size=2097152"
    "memorysetup-profiler-bucket-allocator-granularity=16"
    "memorysetup-profiler-bucket-allocator-bucket-count=8"
    "memorysetup-profiler-bucket-allocator-block-size=33554432"
    "memorysetup-profiler-bucket-allocator-block-count=8"
    "memorysetup-profiler-allocator-block-size=16777216"
    "memorysetup-profiler-editor-allocator-block-size=1048576"
    "memorysetup-temp-allocator-size-main=16777216"
    "memorysetup-job-temp-allocator-block-size=2097152"
    "memorysetup-job-temp-allocator-block-size-background=1048576"
    "memorysetup-job-temp-allocator-reduction-small-platforms=262144"
    "memorysetup-allocator-temp-initial-block-size-main=262144"
    "memorysetup-allocator-temp-initial-block-size-worker=262144"
    "memorysetup-temp-allocator-size-background-worker=32768"
    "memorysetup-temp-allocator-size-job-worker=262144"
    "memorysetup-temp-allocator-size-preload-manager=33554432"
    "memorysetup-temp-allocator-size-nav-mesh-worker=65536"
    "memorysetup-temp-allocator-size-audio-worker=65536"
    "memorysetup-temp-allocator-size-cloud-worker=32768"
    "memorysetup-temp-allocator-size-gi-baking-worker=262144"
    "memorysetup-temp-allocator-size-gfx=262144"
Player connection [25032]  Target information:

Player connection [25032]  * "[IP] 192.168.1.102 [Port] 0 [Flags] 2 [Guid] 3989009939 [EditorId] 3989009939 [Version] 1048832 [Id] WindowsEditor(7,thisco) [Debug] 1 [PackageName] WindowsEditor [ProjectName] Editor" 

Player connection [25032] Host joined multi-casting on [225.0.0.222:54997]...
Player connection [25032] Host joined alternative multi-casting on [225.0.0.222:34997]...
[PhysX] Initialized MultithreadedTaskDispatcher with 16 workers.
Refreshing native plugins compatible for Editor in 3422.29 ms, found 8 plugins.
Preloading 0 native plugins for Editor in 0.00 ms.
Initialize engine version: 2022.3.50f1 (c3db7f8bf9b1)
[Subsystems] Discovering subsystems at path D:/ProgramData/Unity/Hub/Editor/2022.3.50f1/Editor/Data/Resources/UnitySubsystems
[Subsystems] Discovering subsystems at path D:/Study/GraduationProject/DigitalSupermarket/MT-Final-Project/Assets
GfxDevice: creating device client; threaded=0; jobified=0
Direct3D:
    Version:  Direct3D 11.0 [level 11.1]
    Renderer: NVIDIA GeForce RTX 4060 Laptop GPU (ID=0x28a0)
    Vendor:   NVIDIA
    VRAM:     7957 MB
    Driver:   32.0.15.7602
Initialize mono
Mono path[0] = 'D:/ProgramData/Unity/Hub/Editor/2022.3.50f1/Editor/Data/Managed'
Mono path[1] = 'D:/ProgramData/Unity/Hub/Editor/2022.3.50f1/Editor/Data/MonoBleedingEdge/lib/mono/unityjit-win32'
Mono config path = 'D:/ProgramData/Unity/Hub/Editor/2022.3.50f1/Editor/Data/MonoBleedingEdge/etc'
Using monoOptions --debugger-agent=transport=dt_socket,embedding=1,server=y,suspend=n,address=127.0.0.1:56500
Begin MonoManager ReloadAssembly
Registering precompiled unity dll's ...
Register platform support module: D:/ProgramData/Unity/Hub/Editor/2022.3.50f1/Editor/Data/PlaybackEngines/WindowsStandaloneSupport/UnityEditor.WindowsStandalone.Extensions.dll
Registered in 0.247817 seconds.
- Loaded All Assemblies, in  3.336 seconds
Native extension for WindowsStandalone target not found
Mono: successfully reloaded assembly
- Finished resetting the current domain, in  0.277 seconds
Domain Reload Profiling: 3613ms
	BeginReloadAssembly (949ms)
		ExecutionOrderSort (0ms)
		DisableScriptedObjects (0ms)
		BackupInstance (0ms)
		ReleaseScriptingObjects (0ms)
		CreateAndSetChildDomain (1ms)
	RebuildCommonClasses (773ms)
	RebuildNativeTypeToScriptingClass (16ms)
	initialDomainReloadingComplete (309ms)
	LoadAllAssembliesAndSetupDomain (1289ms)
		LoadAssemblies (948ms)
		RebuildTransferFunctionScriptingTraits (0ms)
		AnalyzeDomain (1287ms)
			TypeCache.Refresh (1285ms)
				TypeCache.ScanAssembly (956ms)
			ScanForSourceGeneratedMonoScriptInfo (1ms)
			ResolveRequiredComponents (1ms)
	FinalizeReload (277ms)
		ReleaseScriptCaches (0ms)
		RebuildScriptCaches (0ms)
		SetupLoadedEditorAssemblies (224ms)
			LogAssemblyErrors (0ms)
			InitializePlatformSupportModulesInManaged (10ms)
			SetLoadedEditorAssemblies (7ms)
			RefreshPlugins (0ms)
			BeforeProcessingInitializeOnLoad (2ms)
			ProcessInitializeOnLoadAttributes (154ms)
			ProcessInitializeOnLoadMethodAttributes (51ms)
			AfterProcessingInitializeOnLoad (0ms)
			EditorAssembliesLoaded (0ms)
		ExecutionOrderSort2 (0ms)
		AwakeInstancesAfterBackupRestoration (0ms)
========================================================================
Worker process is ready to serve import requests
Caller must complete domain reload
Begin MonoManager ReloadAssembly
- Loaded All Assemblies, in  2.368 seconds
Native extension for WindowsStandalone target not found
Mono: successfully reloaded assembly
- Finished resetting the current domain, in  0.741 seconds
Domain Reload Profiling: 3109ms
	BeginReloadAssembly (107ms)
		ExecutionOrderSort (0ms)
		DisableScriptedObjects (3ms)
		BackupInstance (0ms)
		ReleaseScriptingObjects (0ms)
		CreateAndSetChildDomain (19ms)
	RebuildCommonClasses (23ms)
	RebuildNativeTypeToScriptingClass (7ms)
	initialDomainReloadingComplete (42ms)
	LoadAllAssembliesAndSetupDomain (2188ms)
		LoadAssemblies (1889ms)
		RebuildTransferFunctionScriptingTraits (0ms)
		AnalyzeDomain (363ms)
			TypeCache.Refresh (348ms)
				TypeCache.ScanAssembly (291ms)
			ScanForSourceGeneratedMonoScriptInfo (10ms)
			ResolveRequiredComponents (3ms)
	FinalizeReload (742ms)
		ReleaseScriptCaches (0ms)
		RebuildScriptCaches (0ms)
		SetupLoadedEditorAssemblies (648ms)
			LogAssemblyErrors (0ms)
			InitializePlatformSupportModulesInManaged (4ms)
			SetLoadedEditorAssemblies (2ms)
			RefreshPlugins (0ms)
			BeforeProcessingInitializeOnLoad (40ms)
			ProcessInitializeOnLoadAttributes (586ms)
			ProcessInitializeOnLoadMethodAttributes (14ms)
			AfterProcessingInitializeOnLoad (2ms)
			EditorAssembliesLoaded (0ms)
		ExecutionOrderSort2 (0ms)
		AwakeInstancesAfterBackupRestoration (6ms)
Launched and connected shader compiler UnityShaderCompiler.exe after 0.12 seconds
Refreshing native plugins compatible for Editor in 19.23 ms, found 8 plugins.
Preloading 0 native plugins for Editor in 0.00 ms.
Unloading 3262 Unused Serialized files (Serialized files now loaded: 0)
Unloading 32 unused Assets / (61.5 KB). Loaded Objects now: 3719.
Memory consumption went from 133.9 MB to 133.8 MB.
Total: 3.233200 ms (FindLiveObjects: 0.272100 ms CreateObjectMapping: 0.054200 ms MarkObjects: 2.754100 ms  DeleteObjects: 0.151200 ms)

AssetImportParameters requested are different than current active one (requested -> active):
  custom:container-demuxer-ogg: 62fdf1f143b41e24485cea50d1cbac27 -> 
  custom:video-codec-MediaFoundation-h265: 746d11721c4dcdbdad8f713fa42b33f4 -> 
  custom:video-decoder-ogg-theora: a1e56fd34408186e4bbccfd4996cb3dc -> 
  custom:framework-win-MediaFoundation: 216162199b28c13a410421893ffa2e32 -> 
  custom:CustomObjectIndexerAttribute: 9a22284fe3817be447336de3de66b15e -> 
  custom:container-demuxer-webm: 4f35f7cbe854078d1ac9338744f61a02 -> 
  custom:container-muxer-webm: aa71ff27fc2769a1b78a27578f13a17b -> 
  custom:video-decoder-webm-vp8: 9c59270c3fd7afecdb556c50c9e8de78 -> 
  custom:SearchIndexIgnoredProperties: e643bd26f0fe6173181afceb89e7c659 -> 
  custom:AudioImporter_EditorPlatform: d09bf68614088b80899f8185d706f6e7 -> 
  custom:video-encoder-webm-vp8: eb34c28f22e8b96e1ab97ce403110664 -> 
  custom:audio-decoder-ogg-vorbis: bf7c407c2cedff20999df2af8eb42d56 -> 
  custom:audio-encoder-webm-vorbis: bf7c407c2cedff20999df2af8eb42d56 -> 
========================================================================
Received Prepare
Caller must complete domain reload
Begin MonoManager ReloadAssembly
- Loaded All Assemblies, in  0.475 seconds
Native extension for WindowsStandalone target not found
Mono: successfully reloaded assembly
- Finished resetting the current domain, in  0.627 seconds
Domain Reload Profiling: 1102ms
	BeginReloadAssembly (113ms)
		ExecutionOrderSort (0ms)
		DisableScriptedObjects (4ms)
		BackupInstance (0ms)
		ReleaseScriptingObjects (0ms)
		CreateAndSetChildDomain (35ms)
	RebuildCommonClasses (25ms)
	RebuildNativeTypeToScriptingClass (8ms)
	initialDomainReloadingComplete (37ms)
	LoadAllAssembliesAndSetupDomain (292ms)
		LoadAssemblies (327ms)
		RebuildTransferFunctionScriptingTraits (0ms)
		AnalyzeDomain (17ms)
			TypeCache.Refresh (7ms)
				TypeCache.ScanAssembly (1ms)
			ScanForSourceGeneratedMonoScriptInfo (5ms)
			ResolveRequiredComponents (3ms)
	FinalizeReload (627ms)
		ReleaseScriptCaches (0ms)
		RebuildScriptCaches (0ms)
		SetupLoadedEditorAssemblies (321ms)
			LogAssemblyErrors (0ms)
			InitializePlatformSupportModulesInManaged (3ms)
			SetLoadedEditorAssemblies (3ms)
			RefreshPlugins (0ms)
			BeforeProcessingInitializeOnLoad (40ms)
			ProcessInitializeOnLoadAttributes (262ms)
			ProcessInitializeOnLoadMethodAttributes (11ms)
			AfterProcessingInitializeOnLoad (2ms)
			EditorAssembliesLoaded (0ms)
		ExecutionOrderSort2 (0ms)
		AwakeInstancesAfterBackupRestoration (5ms)
Refreshing native plugins compatible for Editor in 24.65 ms, found 8 plugins.
Preloading 0 native plugins for Editor in 0.00 ms.
Unloading 3237 Unused Serialized files (Serialized files now loaded: 0)
Unloading 27 unused Assets / (35.2 KB). Loaded Objects now: 3722.
Memory consumption went from 128.4 MB to 128.4 MB.
Total: 3.950700 ms (FindLiveObjects: 0.486100 ms CreateObjectMapping: 0.095600 ms MarkObjects: 3.288600 ms  DeleteObjects: 0.078700 ms)

Prepare: number of updated asset objects reloaded= 0
AssetImportParameters requested are different than current active one (requested -> active):
  custom:container-demuxer-ogg: 62fdf1f143b41e24485cea50d1cbac27 -> 
  custom:video-codec-MediaFoundation-h265: 746d11721c4dcdbdad8f713fa42b33f4 -> 
  custom:video-decoder-ogg-theora: a1e56fd34408186e4bbccfd4996cb3dc -> 
  custom:framework-win-MediaFoundation: 216162199b28c13a410421893ffa2e32 -> 
  custom:CustomObjectIndexerAttribute: 9a22284fe3817be447336de3de66b15e -> 
  custom:container-demuxer-webm: 4f35f7cbe854078d1ac9338744f61a02 -> 
  custom:container-muxer-webm: aa71ff27fc2769a1b78a27578f13a17b -> 
  custom:video-decoder-webm-vp8: 9c59270c3fd7afecdb556c50c9e8de78 -> 
  custom:SearchIndexIgnoredProperties: e643bd26f0fe6173181afceb89e7c659 -> 
  custom:AudioImporter_EditorPlatform: d09bf68614088b80899f8185d706f6e7 -> 
  custom:video-encoder-webm-vp8: eb34c28f22e8b96e1ab97ce403110664 -> 
  custom:audio-decoder-ogg-vorbis: bf7c407c2cedff20999df2af8eb42d56 -> 
  custom:audio-encoder-webm-vorbis: bf7c407c2cedff20999df2af8eb42d56 -> 
========================================================================
Received Prepare
Caller must complete domain reload
Begin MonoManager ReloadAssembly
- Loaded All Assemblies, in  0.631 seconds
Native extension for WindowsStandalone target not found
Mono: successfully reloaded assembly
- Finished resetting the current domain, in  0.794 seconds
Domain Reload Profiling: 1426ms
	BeginReloadAssembly (221ms)
		ExecutionOrderSort (0ms)
		DisableScriptedObjects (6ms)
		BackupInstance (0ms)
		ReleaseScriptingObjects (0ms)
		CreateAndSetChildDomain (43ms)
	RebuildCommonClasses (23ms)
	RebuildNativeTypeToScriptingClass (7ms)
	initialDomainReloadingComplete (37ms)
	LoadAllAssembliesAndSetupDomain (343ms)
		LoadAssemblies (472ms)
		RebuildTransferFunctionScriptingTraits (0ms)
		AnalyzeDomain (12ms)
			TypeCache.Refresh (6ms)
				TypeCache.ScanAssembly (0ms)
			ScanForSourceGeneratedMonoScriptInfo (0ms)
			ResolveRequiredComponents (4ms)
	FinalizeReload (794ms)
		ReleaseScriptCaches (0ms)
		RebuildScriptCaches (0ms)
		SetupLoadedEditorAssemblies (427ms)
			LogAssemblyErrors (0ms)
			InitializePlatformSupportModulesInManaged (5ms)
			SetLoadedEditorAssemblies (4ms)
			RefreshPlugins (0ms)
			BeforeProcessingInitializeOnLoad (51ms)
			ProcessInitializeOnLoadAttributes (348ms)
			ProcessInitializeOnLoadMethodAttributes (17ms)
			AfterProcessingInitializeOnLoad (2ms)
			EditorAssembliesLoaded (0ms)
		ExecutionOrderSort2 (0ms)
		AwakeInstancesAfterBackupRestoration (6ms)
Refreshing native plugins compatible for Editor in 70.07 ms, found 8 plugins.
Preloading 0 native plugins for Editor in 0.00 ms.
Unloading 3237 Unused Serialized files (Serialized files now loaded: 0)
Unloading 27 unused Assets / (35.3 KB). Loaded Objects now: 3725.
Memory consumption went from 128.4 MB to 128.4 MB.
Total: 6.398000 ms (FindLiveObjects: 0.610700 ms CreateObjectMapping: 0.113500 ms MarkObjects: 5.556500 ms  DeleteObjects: 0.114400 ms)

Prepare: number of updated asset objects reloaded= 0
AssetImportParameters requested are different than current active one (requested -> active):
  custom:container-demuxer-ogg: 62fdf1f143b41e24485cea50d1cbac27 -> 
  custom:video-codec-MediaFoundation-h265: 746d11721c4dcdbdad8f713fa42b33f4 -> 
  custom:video-decoder-ogg-theora: a1e56fd34408186e4bbccfd4996cb3dc -> 
  custom:framework-win-MediaFoundation: 216162199b28c13a410421893ffa2e32 -> 
  custom:CustomObjectIndexerAttribute: 9a22284fe3817be447336de3de66b15e -> 
  custom:container-demuxer-webm: 4f35f7cbe854078d1ac9338744f61a02 -> 
  custom:container-muxer-webm: aa71ff27fc2769a1b78a27578f13a17b -> 
  custom:video-decoder-webm-vp8: 9c59270c3fd7afecdb556c50c9e8de78 -> 
  custom:SearchIndexIgnoredProperties: e643bd26f0fe6173181afceb89e7c659 -> 
  custom:AudioImporter_EditorPlatform: d09bf68614088b80899f8185d706f6e7 -> 
  custom:video-encoder-webm-vp8: eb34c28f22e8b96e1ab97ce403110664 -> 
  custom:audio-decoder-ogg-vorbis: bf7c407c2cedff20999df2af8eb42d56 -> 
  custom:audio-encoder-webm-vorbis: bf7c407c2cedff20999df2af8eb42d56 -> 
========================================================================
Received Prepare
Caller must complete domain reload
Begin MonoManager ReloadAssembly
- Loaded All Assemblies, in  0.502 seconds
Native extension for WindowsStandalone target not found
Mono: successfully reloaded assembly
- Finished resetting the current domain, in  0.915 seconds
Domain Reload Profiling: 1418ms
	BeginReloadAssembly (116ms)
		ExecutionOrderSort (0ms)
		DisableScriptedObjects (3ms)
		BackupInstance (0ms)
		ReleaseScriptingObjects (0ms)
		CreateAndSetChildDomain (27ms)
	RebuildCommonClasses (24ms)
	RebuildNativeTypeToScriptingClass (7ms)
	initialDomainReloadingComplete (34ms)
	LoadAllAssembliesAndSetupDomain (320ms)
		LoadAssemblies (363ms)
		RebuildTransferFunctionScriptingTraits (0ms)
		AnalyzeDomain (20ms)
			TypeCache.Refresh (7ms)
				TypeCache.ScanAssembly (1ms)
			ScanForSourceGeneratedMonoScriptInfo (6ms)
			ResolveRequiredComponents (5ms)
	FinalizeReload (916ms)
		ReleaseScriptCaches (0ms)
		RebuildScriptCaches (0ms)
		SetupLoadedEditorAssemblies (425ms)
			LogAssemblyErrors (0ms)
			InitializePlatformSupportModulesInManaged (5ms)
			SetLoadedEditorAssemblies (4ms)
			RefreshPlugins (0ms)
			BeforeProcessingInitializeOnLoad (58ms)
			ProcessInitializeOnLoadAttributes (337ms)
			ProcessInitializeOnLoadMethodAttributes (17ms)
			AfterProcessingInitializeOnLoad (4ms)
			EditorAssembliesLoaded (0ms)
		ExecutionOrderSort2 (0ms)
		AwakeInstancesAfterBackupRestoration (6ms)
Refreshing native plugins compatible for Editor in 32.07 ms, found 8 plugins.
Preloading 0 native plugins for Editor in 0.00 ms.
Unloading 3239 Unused Serialized files (Serialized files now loaded: 0)
Unloading 27 unused Assets / (35.2 KB). Loaded Objects now: 3730.
Memory consumption went from 128.4 MB to 128.4 MB.
Total: 8.835200 ms (FindLiveObjects: 0.524300 ms CreateObjectMapping: 0.106400 ms MarkObjects: 8.110200 ms  DeleteObjects: 0.091000 ms)

Prepare: number of updated asset objects reloaded= 0
AssetImportParameters requested are different than current active one (requested -> active):
  custom:container-demuxer-ogg: 62fdf1f143b41e24485cea50d1cbac27 -> 
  custom:video-codec-MediaFoundation-h265: 746d11721c4dcdbdad8f713fa42b33f4 -> 
  custom:video-decoder-ogg-theora: a1e56fd34408186e4bbccfd4996cb3dc -> 
  custom:framework-win-MediaFoundation: 216162199b28c13a410421893ffa2e32 -> 
  custom:CustomObjectIndexerAttribute: 9a22284fe3817be447336de3de66b15e -> 
  custom:container-demuxer-webm: 4f35f7cbe854078d1ac9338744f61a02 -> 
  custom:container-muxer-webm: aa71ff27fc2769a1b78a27578f13a17b -> 
  custom:video-decoder-webm-vp8: 9c59270c3fd7afecdb556c50c9e8de78 -> 
  custom:SearchIndexIgnoredProperties: e643bd26f0fe6173181afceb89e7c659 -> 
  custom:AudioImporter_EditorPlatform: d09bf68614088b80899f8185d706f6e7 -> 
  custom:scripting/monoscript/fileName/ShoppingCart.cs: 9539a68b93869ca6a7ecd2a09b239278 -> 
  custom:video-encoder-webm-vp8: eb34c28f22e8b96e1ab97ce403110664 -> 
  custom:audio-decoder-ogg-vorbis: bf7c407c2cedff20999df2af8eb42d56 -> 
  custom:audio-encoder-webm-vorbis: bf7c407c2cedff20999df2af8eb42d56 -> 
  custom:scripting/precompiled-assembly-types:Assembly-CSharp: 60e752f8c83319b63a1f7074c5c925e6 -> b9946b9e6a1130ba1b93d6fbada57407
========================================================================
Received Import Request.
  Time since last request: 105429.236927 seconds.
  path: Assets/ModernSupermarket/Scripts/ShoppingCart1.cs
  artifactKey: Guid(37e7ac8583ff98f44946598e513cb6b5) Importer(815301076,1909f56bfc062723c751e8b465ee728b)
Start importing Assets/ModernSupermarket/Scripts/ShoppingCart1.cs using Guid(37e7ac8583ff98f44946598e513cb6b5) Importer(815301076,1909f56bfc062723c751e8b465ee728b) [PhysX] Initialized MultithreadedTaskDispatcher with 16 workers.
 -> (artifact id: '253dbf1a72f20dbdfaeb369f04ef2009') in 0.020703 seconds
Number of updated asset objects reloaded before import = 0
Number of asset objects unloaded after import = 0
========================================================================
Received Import Request.
  Time since last request: 3.610703 seconds.
  path: Assets/ModernSupermarket/Scripts/ShoppingCart.cs
  artifactKey: Guid(eccf4922558d94f44bb50e6956cb52f2) Importer(815301076,1909f56bfc062723c751e8b465ee728b)
Start importing Assets/ModernSupermarket/Scripts/ShoppingCart.cs using Guid(eccf4922558d94f44bb50e6956cb52f2) Importer(815301076,1909f56bfc062723c751e8b465ee728b) [PhysX] Initialized MultithreadedTaskDispatcher with 16 workers.
 -> (artifact id: '67d1114325292818f2d55f3e563b5df5') in 0.000748 seconds
Number of updated asset objects reloaded before import = 0
Number of asset objects unloaded after import = 0
========================================================================
Received Prepare
Caller must complete domain reload
Begin MonoManager ReloadAssembly
- Loaded All Assemblies, in  0.445 seconds
Native extension for WindowsStandalone target not found
Mono: successfully reloaded assembly
- Finished resetting the current domain, in  0.729 seconds
Domain Reload Profiling: 1174ms
	BeginReloadAssembly (106ms)
		ExecutionOrderSort (0ms)
		DisableScriptedObjects (3ms)
		BackupInstance (0ms)
		ReleaseScriptingObjects (0ms)
		CreateAndSetChildDomain (28ms)
	RebuildCommonClasses (22ms)
	RebuildNativeTypeToScriptingClass (7ms)
	initialDomainReloadingComplete (30ms)
	LoadAllAssembliesAndSetupDomain (279ms)
		LoadAssemblies (316ms)
		RebuildTransferFunctionScriptingTraits (0ms)
		AnalyzeDomain (16ms)
			TypeCache.Refresh (6ms)
				TypeCache.ScanAssembly (1ms)
			ScanForSourceGeneratedMonoScriptInfo (4ms)
			ResolveRequiredComponents (4ms)
	FinalizeReload (730ms)
		ReleaseScriptCaches (0ms)
		RebuildScriptCaches (0ms)
		SetupLoadedEditorAssemblies (399ms)
			LogAssemblyErrors (0ms)
			InitializePlatformSupportModulesInManaged (5ms)
			SetLoadedEditorAssemblies (3ms)
			RefreshPlugins (0ms)
			BeforeProcessingInitializeOnLoad (50ms)
			ProcessInitializeOnLoadAttributes (325ms)
			ProcessInitializeOnLoadMethodAttributes (13ms)
			AfterProcessingInitializeOnLoad (2ms)
			EditorAssembliesLoaded (0ms)
		ExecutionOrderSort2 (0ms)
		AwakeInstancesAfterBackupRestoration (5ms)
Refreshing native plugins compatible for Editor in 21.76 ms, found 8 plugins.
Preloading 0 native plugins for Editor in 0.00 ms.
Unloading 3239 Unused Serialized files (Serialized files now loaded: 0)
Unloading 27 unused Assets / (35.3 KB). Loaded Objects now: 3734.
Memory consumption went from 128.2 MB to 128.2 MB.
Total: 5.130800 ms (FindLiveObjects: 0.405300 ms CreateObjectMapping: 0.085100 ms MarkObjects: 4.551900 ms  DeleteObjects: 0.087000 ms)

Prepare: number of updated asset objects reloaded= 0
AssetImportParameters requested are different than current active one (requested -> active):
  custom:container-demuxer-ogg: 62fdf1f143b41e24485cea50d1cbac27 -> 
  custom:scripting/monoscript/fileName/ItemInteraction.cs: c43c7923e53ececd65d6ae444b350843 -> 
  custom:video-codec-MediaFoundation-h265: 746d11721c4dcdbdad8f713fa42b33f4 -> 
  custom:video-decoder-ogg-theora: a1e56fd34408186e4bbccfd4996cb3dc -> 
  custom:framework-win-MediaFoundation: 216162199b28c13a410421893ffa2e32 -> 
  custom:CustomObjectIndexerAttribute: 9a22284fe3817be447336de3de66b15e -> 
  custom:container-demuxer-webm: 4f35f7cbe854078d1ac9338744f61a02 -> 
  custom:container-muxer-webm: aa71ff27fc2769a1b78a27578f13a17b -> 
  custom:video-decoder-webm-vp8: 9c59270c3fd7afecdb556c50c9e8de78 -> 
  custom:scripting/monoscript/fileName/ItemData.cs: aa443fe117f868e3be9d7f6bf5865156 -> 
  custom:SearchIndexIgnoredProperties: e643bd26f0fe6173181afceb89e7c659 -> 
  custom:AudioImporter_EditorPlatform: d09bf68614088b80899f8185d706f6e7 -> 
  custom:scripting/monoscript/fileName/ShoppingCart.cs: 9539a68b93869ca6a7ecd2a09b239278 -> 
  custom:video-encoder-webm-vp8: eb34c28f22e8b96e1ab97ce403110664 -> 
  custom:audio-decoder-ogg-vorbis: bf7c407c2cedff20999df2af8eb42d56 -> 
  custom:audio-encoder-webm-vorbis: bf7c407c2cedff20999df2af8eb42d56 -> 
  custom:scripting/precompiled-assembly-types:Assembly-CSharp: 44be1e10a21e622caa247d721c5723a7 -> b9946b9e6a1130ba1b93d6fbada57407
========================================================================
Received Import Request.
  Time since last request: 86.372735 seconds.
  path: Assets/ModernSupermarket/Scripts/ItemData.cs
  artifactKey: Guid(48954cfdc7e238d48a514150d4c68bcb) Importer(815301076,1909f56bfc062723c751e8b465ee728b)
Start importing Assets/ModernSupermarket/Scripts/ItemData.cs using Guid(48954cfdc7e238d48a514150d4c68bcb) Importer(815301076,1909f56bfc062723c751e8b465ee728b) [PhysX] Initialized MultithreadedTaskDispatcher with 16 workers.
 -> (artifact id: '9228b1921e80307b140f08ac3bfc50dd') in 0.004614 seconds
Number of updated asset objects reloaded before import = 0
Number of asset objects unloaded after import = 0
========================================================================
Received Prepare
Caller must complete domain reload
Begin MonoManager ReloadAssembly
- Loaded All Assemblies, in  0.479 seconds
Native extension for WindowsStandalone target not found
Mono: successfully reloaded assembly
- Finished resetting the current domain, in  0.724 seconds
Domain Reload Profiling: 1203ms
	BeginReloadAssembly (104ms)
		ExecutionOrderSort (0ms)
		DisableScriptedObjects (3ms)
		BackupInstance (0ms)
		ReleaseScriptingObjects (0ms)
		CreateAndSetChildDomain (28ms)
	RebuildCommonClasses (20ms)
	RebuildNativeTypeToScriptingClass (7ms)
	initialDomainReloadingComplete (88ms)
	LoadAllAssembliesAndSetupDomain (260ms)
		LoadAssemblies (301ms)
		RebuildTransferFunctionScriptingTraits (0ms)
		AnalyzeDomain (9ms)
			TypeCache.Refresh (5ms)
				TypeCache.ScanAssembly (0ms)
			ScanForSourceGeneratedMonoScriptInfo (0ms)
			ResolveRequiredComponents (3ms)
	FinalizeReload (725ms)
		ReleaseScriptCaches (0ms)
		RebuildScriptCaches (0ms)
		SetupLoadedEditorAssemblies (411ms)
			LogAssemblyErrors (0ms)
			InitializePlatformSupportModulesInManaged (4ms)
			SetLoadedEditorAssemblies (3ms)
			RefreshPlugins (0ms)
			BeforeProcessingInitializeOnLoad (44ms)
			ProcessInitializeOnLoadAttributes (341ms)
			ProcessInitializeOnLoadMethodAttributes (17ms)
			AfterProcessingInitializeOnLoad (2ms)
			EditorAssembliesLoaded (0ms)
		ExecutionOrderSort2 (0ms)
		AwakeInstancesAfterBackupRestoration (6ms)
Refreshing native plugins compatible for Editor in 34.42 ms, found 8 plugins.
Preloading 0 native plugins for Editor in 0.00 ms.
Unloading 3239 Unused Serialized files (Serialized files now loaded: 0)
Unloading 27 unused Assets / (35.3 KB). Loaded Objects now: 3737.
Memory consumption went from 128.2 MB to 128.2 MB.
Total: 5.512500 ms (FindLiveObjects: 0.600100 ms CreateObjectMapping: 0.095100 ms MarkObjects: 4.688400 ms  DeleteObjects: 0.127500 ms)

Prepare: number of updated asset objects reloaded= 0
AssetImportParameters requested are different than current active one (requested -> active):
  custom:container-demuxer-ogg: 62fdf1f143b41e24485cea50d1cbac27 -> 
  custom:scripting/monoscript/fileName/ItemInteraction.cs: c43c7923e53ececd65d6ae444b350843 -> 
  custom:video-codec-MediaFoundation-h265: 746d11721c4dcdbdad8f713fa42b33f4 -> 
  custom:video-decoder-ogg-theora: a1e56fd34408186e4bbccfd4996cb3dc -> 
  custom:framework-win-MediaFoundation: 216162199b28c13a410421893ffa2e32 -> 
  custom:CustomObjectIndexerAttribute: 9a22284fe3817be447336de3de66b15e -> 
  custom:container-demuxer-webm: 4f35f7cbe854078d1ac9338744f61a02 -> 
  custom:container-muxer-webm: aa71ff27fc2769a1b78a27578f13a17b -> 
  custom:video-decoder-webm-vp8: 9c59270c3fd7afecdb556c50c9e8de78 -> 
  custom:scripting/monoscript/fileName/ItemData.cs: aa443fe117f868e3be9d7f6bf5865156 -> 
  custom:SearchIndexIgnoredProperties: e643bd26f0fe6173181afceb89e7c659 -> 
  custom:AudioImporter_EditorPlatform: d09bf68614088b80899f8185d706f6e7 -> 
  custom:scripting/monoscript/fileName/ShoppingCart.cs: 9539a68b93869ca6a7ecd2a09b239278 -> 
  custom:video-encoder-webm-vp8: eb34c28f22e8b96e1ab97ce403110664 -> 
  custom:audio-decoder-ogg-vorbis: bf7c407c2cedff20999df2af8eb42d56 -> 
  custom:audio-encoder-webm-vorbis: bf7c407c2cedff20999df2af8eb42d56 -> 
  custom:scripting/precompiled-assembly-types:Assembly-CSharp: 44be1e10a21e622caa247d721c5723a7 -> b9946b9e6a1130ba1b93d6fbada57407
========================================================================
Received Prepare
Caller must complete domain reload
Begin MonoManager ReloadAssembly
- Loaded All Assemblies, in  0.494 seconds
Native extension for WindowsStandalone target not found
Mono: successfully reloaded assembly
- Finished resetting the current domain, in  0.743 seconds
Domain Reload Profiling: 1237ms
	BeginReloadAssembly (101ms)
		ExecutionOrderSort (0ms)
		DisableScriptedObjects (4ms)
		BackupInstance (0ms)
		ReleaseScriptingObjects (0ms)
		CreateAndSetChildDomain (26ms)
	RebuildCommonClasses (21ms)
	RebuildNativeTypeToScriptingClass (7ms)
	initialDomainReloadingComplete (88ms)
	LoadAllAssembliesAndSetupDomain (276ms)
		LoadAssemblies (315ms)
		RebuildTransferFunctionScriptingTraits (0ms)
		AnalyzeDomain (10ms)
			TypeCache.Refresh (4ms)
				TypeCache.ScanAssembly (0ms)
			ScanForSourceGeneratedMonoScriptInfo (0ms)
			ResolveRequiredComponents (5ms)
	FinalizeReload (743ms)
		ReleaseScriptCaches (0ms)
		RebuildScriptCaches (0ms)
		SetupLoadedEditorAssemblies (405ms)
			LogAssemblyErrors (0ms)
			InitializePlatformSupportModulesInManaged (5ms)
			SetLoadedEditorAssemblies (3ms)
			RefreshPlugins (0ms)
			BeforeProcessingInitializeOnLoad (42ms)
			ProcessInitializeOnLoadAttributes (338ms)
			ProcessInitializeOnLoadMethodAttributes (16ms)
			AfterProcessingInitializeOnLoad (2ms)
			EditorAssembliesLoaded (0ms)
		ExecutionOrderSort2 (0ms)
		AwakeInstancesAfterBackupRestoration (7ms)
Refreshing native plugins compatible for Editor in 33.45 ms, found 8 plugins.
Preloading 0 native plugins for Editor in 0.00 ms.
Unloading 3240 Unused Serialized files (Serialized files now loaded: 0)
Unloading 27 unused Assets / (35.4 KB). Loaded Objects now: 3740.
Memory consumption went from 128.5 MB to 128.5 MB.
Total: 4.674100 ms (FindLiveObjects: 0.452200 ms CreateObjectMapping: 0.087800 ms MarkObjects: 4.011300 ms  DeleteObjects: 0.121300 ms)

Prepare: number of updated asset objects reloaded= 0
AssetImportParameters requested are different than current active one (requested -> active):
  custom:container-demuxer-ogg: 62fdf1f143b41e24485cea50d1cbac27 -> 
  custom:scripting/monoscript/fileName/ItemInteraction.cs: c43c7923e53ececd65d6ae444b350843 -> 
  custom:video-codec-MediaFoundation-h265: 746d11721c4dcdbdad8f713fa42b33f4 -> 
  custom:video-decoder-ogg-theora: a1e56fd34408186e4bbccfd4996cb3dc -> 
  custom:framework-win-MediaFoundation: 216162199b28c13a410421893ffa2e32 -> 
  custom:CustomObjectIndexerAttribute: 9a22284fe3817be447336de3de66b15e -> 
  custom:container-demuxer-webm: 4f35f7cbe854078d1ac9338744f61a02 -> 
  custom:container-muxer-webm: aa71ff27fc2769a1b78a27578f13a17b -> 
  custom:video-decoder-webm-vp8: 9c59270c3fd7afecdb556c50c9e8de78 -> 
  custom:scripting/monoscript/fileName/ItemData.cs: aa443fe117f868e3be9d7f6bf5865156 -> 
  custom:SearchIndexIgnoredProperties: e643bd26f0fe6173181afceb89e7c659 -> 
  custom:AudioImporter_EditorPlatform: d09bf68614088b80899f8185d706f6e7 -> 
  custom:scripting/monoscript/fileName/ShoppingCart.cs: 9539a68b93869ca6a7ecd2a09b239278 -> 
  custom:video-encoder-webm-vp8: eb34c28f22e8b96e1ab97ce403110664 -> 
  custom:audio-decoder-ogg-vorbis: bf7c407c2cedff20999df2af8eb42d56 -> 
  custom:audio-encoder-webm-vorbis: bf7c407c2cedff20999df2af8eb42d56 -> 
  custom:scripting/precompiled-assembly-types:Assembly-CSharp: 44be1e10a21e622caa247d721c5723a7 -> b9946b9e6a1130ba1b93d6fbada57407
========================================================================
Received Prepare
Caller must complete domain reload
Begin MonoManager ReloadAssembly
- Loaded All Assemblies, in  0.510 seconds
Native extension for WindowsStandalone target not found
Mono: successfully reloaded assembly
- Finished resetting the current domain, in  0.729 seconds
Domain Reload Profiling: 1238ms
	BeginReloadAssembly (106ms)
		ExecutionOrderSort (0ms)
		DisableScriptedObjects (4ms)
		BackupInstance (0ms)
		ReleaseScriptingObjects (0ms)
		CreateAndSetChildDomain (27ms)
	RebuildCommonClasses (26ms)
	RebuildNativeTypeToScriptingClass (11ms)
	initialDomainReloadingComplete (102ms)
	LoadAllAssembliesAndSetupDomain (265ms)
		LoadAssemblies (308ms)
		RebuildTransferFunctionScriptingTraits (0ms)
		AnalyzeDomain (9ms)
			TypeCache.Refresh (4ms)
				TypeCache.ScanAssembly (0ms)
			ScanForSourceGeneratedMonoScriptInfo (0ms)
			ResolveRequiredComponents (3ms)
	FinalizeReload (729ms)
		ReleaseScriptCaches (0ms)
		RebuildScriptCaches (0ms)
		SetupLoadedEditorAssemblies (405ms)
			LogAssemblyErrors (0ms)
			InitializePlatformSupportModulesInManaged (4ms)
			SetLoadedEditorAssemblies (3ms)
			RefreshPlugins (0ms)
			BeforeProcessingInitializeOnLoad (41ms)
			ProcessInitializeOnLoadAttributes (337ms)
			ProcessInitializeOnLoadMethodAttributes (17ms)
			AfterProcessingInitializeOnLoad (2ms)
			EditorAssembliesLoaded (0ms)
		ExecutionOrderSort2 (0ms)
		AwakeInstancesAfterBackupRestoration (7ms)
Refreshing native plugins compatible for Editor in 34.74 ms, found 8 plugins.
Preloading 0 native plugins for Editor in 0.00 ms.
Unloading 3240 Unused Serialized files (Serialized files now loaded: 0)
Unloading 27 unused Assets / (35.2 KB). Loaded Objects now: 3743.
Memory consumption went from 128.5 MB to 128.5 MB.
Total: 5.447500 ms (FindLiveObjects: 0.472600 ms CreateObjectMapping: 0.112400 ms MarkObjects: 4.768800 ms  DeleteObjects: 0.092200 ms)

Prepare: number of updated asset objects reloaded= 0
AssetImportParameters requested are different than current active one (requested -> active):
  custom:container-demuxer-ogg: 62fdf1f143b41e24485cea50d1cbac27 -> 
  custom:scripting/monoscript/fileName/ItemInteraction.cs: c43c7923e53ececd65d6ae444b350843 -> 
  custom:video-codec-MediaFoundation-h265: 746d11721c4dcdbdad8f713fa42b33f4 -> 
  custom:video-decoder-ogg-theora: a1e56fd34408186e4bbccfd4996cb3dc -> 
  custom:framework-win-MediaFoundation: 216162199b28c13a410421893ffa2e32 -> 
  custom:CustomObjectIndexerAttribute: 9a22284fe3817be447336de3de66b15e -> 
  custom:container-demuxer-webm: 4f35f7cbe854078d1ac9338744f61a02 -> 
  custom:container-muxer-webm: aa71ff27fc2769a1b78a27578f13a17b -> 
  custom:video-decoder-webm-vp8: 9c59270c3fd7afecdb556c50c9e8de78 -> 
  custom:scripting/monoscript/fileName/ItemData.cs: aa443fe117f868e3be9d7f6bf5865156 -> 
  custom:SearchIndexIgnoredProperties: e643bd26f0fe6173181afceb89e7c659 -> 
  custom:AudioImporter_EditorPlatform: d09bf68614088b80899f8185d706f6e7 -> 
  custom:scripting/monoscript/fileName/ShoppingCart.cs: 9539a68b93869ca6a7ecd2a09b239278 -> 
  custom:video-encoder-webm-vp8: eb34c28f22e8b96e1ab97ce403110664 -> 
  custom:audio-decoder-ogg-vorbis: bf7c407c2cedff20999df2af8eb42d56 -> 
  custom:audio-encoder-webm-vorbis: bf7c407c2cedff20999df2af8eb42d56 -> 
  custom:scripting/precompiled-assembly-types:Assembly-CSharp: 44be1e10a21e622caa247d721c5723a7 -> b9946b9e6a1130ba1b93d6fbada57407
========================================================================
Received Prepare
Caller must complete domain reload
Begin MonoManager ReloadAssembly
- Loaded All Assemblies, in  0.488 seconds
Native extension for WindowsStandalone target not found
Mono: successfully reloaded assembly
- Finished resetting the current domain, in  0.726 seconds
Domain Reload Profiling: 1215ms
	BeginReloadAssembly (103ms)
		ExecutionOrderSort (0ms)
		DisableScriptedObjects (4ms)
		BackupInstance (0ms)
		ReleaseScriptingObjects (0ms)
		CreateAndSetChildDomain (25ms)
	RebuildCommonClasses (21ms)
	RebuildNativeTypeToScriptingClass (7ms)
	initialDomainReloadingComplete (95ms)
	LoadAllAssembliesAndSetupDomain (262ms)
		LoadAssemblies (305ms)
		RebuildTransferFunctionScriptingTraits (0ms)
		AnalyzeDomain (9ms)
			TypeCache.Refresh (4ms)
				TypeCache.ScanAssembly (0ms)
			ScanForSourceGeneratedMonoScriptInfo (0ms)
			ResolveRequiredComponents (3ms)
	FinalizeReload (727ms)
		ReleaseScriptCaches (0ms)
		RebuildScriptCaches (0ms)
		SetupLoadedEditorAssemblies (404ms)
			LogAssemblyErrors (0ms)
			InitializePlatformSupportModulesInManaged (4ms)
			SetLoadedEditorAssemblies (4ms)
			RefreshPlugins (0ms)
			BeforeProcessingInitializeOnLoad (40ms)
			ProcessInitializeOnLoadAttributes (336ms)
			ProcessInitializeOnLoadMethodAttributes (18ms)
			AfterProcessingInitializeOnLoad (3ms)
			EditorAssembliesLoaded (0ms)
		ExecutionOrderSort2 (0ms)
		AwakeInstancesAfterBackupRestoration (7ms)
Refreshing native plugins compatible for Editor in 30.93 ms, found 8 plugins.
Preloading 0 native plugins for Editor in 0.00 ms.
Unloading 3240 Unused Serialized files (Serialized files now loaded: 0)
Unloading 27 unused Assets / (36.2 KB). Loaded Objects now: 3746.
Memory consumption went from 128.5 MB to 128.5 MB.
Total: 5.211600 ms (FindLiveObjects: 0.556300 ms CreateObjectMapping: 0.113500 ms MarkObjects: 4.450600 ms  DeleteObjects: 0.089800 ms)

Prepare: number of updated asset objects reloaded= 0
AssetImportParameters requested are different than current active one (requested -> active):
  custom:container-demuxer-ogg: 62fdf1f143b41e24485cea50d1cbac27 -> 
  custom:scripting/monoscript/fileName/ItemInteraction.cs: c43c7923e53ececd65d6ae444b350843 -> 
  custom:video-codec-MediaFoundation-h265: 746d11721c4dcdbdad8f713fa42b33f4 -> 
  custom:video-decoder-ogg-theora: a1e56fd34408186e4bbccfd4996cb3dc -> 
  custom:framework-win-MediaFoundation: 216162199b28c13a410421893ffa2e32 -> 
  custom:CustomObjectIndexerAttribute: 9a22284fe3817be447336de3de66b15e -> 
  custom:container-demuxer-webm: 4f35f7cbe854078d1ac9338744f61a02 -> 
  custom:container-muxer-webm: aa71ff27fc2769a1b78a27578f13a17b -> 
  custom:video-decoder-webm-vp8: 9c59270c3fd7afecdb556c50c9e8de78 -> 
  custom:scripting/monoscript/fileName/ItemData.cs: aa443fe117f868e3be9d7f6bf5865156 -> 
  custom:SearchIndexIgnoredProperties: e643bd26f0fe6173181afceb89e7c659 -> 
  custom:AudioImporter_EditorPlatform: d09bf68614088b80899f8185d706f6e7 -> 
  custom:scripting/monoscript/fileName/ShoppingCart.cs: 9539a68b93869ca6a7ecd2a09b239278 -> 
  custom:video-encoder-webm-vp8: eb34c28f22e8b96e1ab97ce403110664 -> 
  custom:audio-decoder-ogg-vorbis: bf7c407c2cedff20999df2af8eb42d56 -> 
  custom:audio-encoder-webm-vorbis: bf7c407c2cedff20999df2af8eb42d56 -> 
  custom:scripting/precompiled-assembly-types:Assembly-CSharp: 44be1e10a21e622caa247d721c5723a7 -> b9946b9e6a1130ba1b93d6fbada57407
========================================================================
Received Prepare
Caller must complete domain reload
Begin MonoManager ReloadAssembly
- Loaded All Assemblies, in  0.452 seconds
Native extension for WindowsStandalone target not found
Mono: successfully reloaded assembly
- Finished resetting the current domain, in  0.692 seconds
Domain Reload Profiling: 1143ms
	BeginReloadAssembly (103ms)
		ExecutionOrderSort (0ms)
		DisableScriptedObjects (5ms)
		BackupInstance (0ms)
		ReleaseScriptingObjects (0ms)
		CreateAndSetChildDomain (27ms)
	RebuildCommonClasses (22ms)
	RebuildNativeTypeToScriptingClass (8ms)
	initialDomainReloadingComplete (35ms)
	LoadAllAssembliesAndSetupDomain (284ms)
		LoadAssemblies (317ms)
		RebuildTransferFunctionScriptingTraits (0ms)
		AnalyzeDomain (15ms)
			TypeCache.Refresh (7ms)
				TypeCache.ScanAssembly (1ms)
			ScanForSourceGeneratedMonoScriptInfo (4ms)
			ResolveRequiredComponents (3ms)
	FinalizeReload (692ms)
		ReleaseScriptCaches (0ms)
		RebuildScriptCaches (0ms)
		SetupLoadedEditorAssemblies (388ms)
			LogAssemblyErrors (0ms)
			InitializePlatformSupportModulesInManaged (5ms)
			SetLoadedEditorAssemblies (3ms)
			RefreshPlugins (0ms)
			BeforeProcessingInitializeOnLoad (48ms)
			ProcessInitializeOnLoadAttributes (316ms)
			ProcessInitializeOnLoadMethodAttributes (15ms)
			AfterProcessingInitializeOnLoad (2ms)
			EditorAssembliesLoaded (0ms)
		ExecutionOrderSort2 (0ms)
		AwakeInstancesAfterBackupRestoration (5ms)
Refreshing native plugins compatible for Editor in 25.69 ms, found 8 plugins.
Preloading 0 native plugins for Editor in 0.00 ms.
Unloading 3241 Unused Serialized files (Serialized files now loaded: 0)
Unloading 27 unused Assets / (35.3 KB). Loaded Objects now: 3750.
Memory consumption went from 128.5 MB to 128.5 MB.
Total: 4.898700 ms (FindLiveObjects: 0.516000 ms CreateObjectMapping: 0.110300 ms MarkObjects: 4.185500 ms  DeleteObjects: 0.085500 ms)

Prepare: number of updated asset objects reloaded= 0
AssetImportParameters requested are different than current active one (requested -> active):
  custom:container-demuxer-ogg: 62fdf1f143b41e24485cea50d1cbac27 -> 
  custom:scripting/monoscript/fileName/ItemInteraction.cs: c43c7923e53ececd65d6ae444b350843 -> 
  custom:video-codec-MediaFoundation-h265: 746d11721c4dcdbdad8f713fa42b33f4 -> 
  custom:video-decoder-ogg-theora: a1e56fd34408186e4bbccfd4996cb3dc -> 
  custom:framework-win-MediaFoundation: 216162199b28c13a410421893ffa2e32 -> 
  custom:CustomObjectIndexerAttribute: 9a22284fe3817be447336de3de66b15e -> 
  custom:container-demuxer-webm: 4f35f7cbe854078d1ac9338744f61a02 -> 
  custom:container-muxer-webm: aa71ff27fc2769a1b78a27578f13a17b -> 
  custom:video-decoder-webm-vp8: 9c59270c3fd7afecdb556c50c9e8de78 -> 
  custom:scripting/monoscript/fileName/ItemData.cs: aa443fe117f868e3be9d7f6bf5865156 -> 
  custom:SearchIndexIgnoredProperties: e643bd26f0fe6173181afceb89e7c659 -> 
  custom:AudioImporter_EditorPlatform: d09bf68614088b80899f8185d706f6e7 -> 
  custom:scripting/monoscript/fileName/ShoppingCart.cs: 9539a68b93869ca6a7ecd2a09b239278 -> 
  custom:video-encoder-webm-vp8: eb34c28f22e8b96e1ab97ce403110664 -> 
  custom:audio-decoder-ogg-vorbis: bf7c407c2cedff20999df2af8eb42d56 -> 
  custom:audio-encoder-webm-vorbis: bf7c407c2cedff20999df2af8eb42d56 -> 
  custom:scripting/precompiled-assembly-types:Assembly-CSharp: 44be1e10a21e622caa247d721c5723a7 -> b9946b9e6a1130ba1b93d6fbada57407
========================================================================
Received Import Request.
  Time since last request: 922.587809 seconds.
  path: Assets/ModernSupermarket/Scripts/SimpleCartMovement.cs
  artifactKey: Guid(7cc7e2cb11b2bc143a5ecab823d8a6ea) Importer(815301076,1909f56bfc062723c751e8b465ee728b)
Start importing Assets/ModernSupermarket/Scripts/SimpleCartMovement.cs using Guid(7cc7e2cb11b2bc143a5ecab823d8a6ea) Importer(815301076,1909f56bfc062723c751e8b465ee728b) [PhysX] Initialized MultithreadedTaskDispatcher with 16 workers.
 -> (artifact id: '0ed8ad3229f88eabde5ab3e4a3e1282d') in 0.004504 seconds
Number of updated asset objects reloaded before import = 0
Number of asset objects unloaded after import = 0
========================================================================
Received Import Request.
  Time since last request: 263.979794 seconds.
  path: Assets/ModernSupermarket/Scripts/ShoppingCart.cs
  artifactKey: Guid(eccf4922558d94f44bb50e6956cb52f2) Importer(815301076,1909f56bfc062723c751e8b465ee728b)
Start importing Assets/ModernSupermarket/Scripts/ShoppingCart.cs using Guid(eccf4922558d94f44bb50e6956cb52f2) Importer(815301076,1909f56bfc062723c751e8b465ee728b) [PhysX] Initialized MultithreadedTaskDispatcher with 16 workers.
 -> (artifact id: '634a933986efc7cb0967c7e5efa1df43') in 0.000523 seconds
Number of updated asset objects reloaded before import = 0
Number of asset objects unloaded after import = 0
========================================================================
Received Prepare
Caller must complete domain reload
Begin MonoManager ReloadAssembly
- Loaded All Assemblies, in  0.470 seconds
Native extension for WindowsStandalone target not found
Mono: successfully reloaded assembly
- Finished resetting the current domain, in  0.697 seconds
Domain Reload Profiling: 1167ms
	BeginReloadAssembly (109ms)
		ExecutionOrderSort (0ms)
		DisableScriptedObjects (3ms)
		BackupInstance (0ms)
		ReleaseScriptingObjects (0ms)
		CreateAndSetChildDomain (29ms)
	RebuildCommonClasses (24ms)
	RebuildNativeTypeToScriptingClass (9ms)
	initialDomainReloadingComplete (37ms)
	LoadAllAssembliesAndSetupDomain (291ms)
		LoadAssemblies (329ms)
		RebuildTransferFunctionScriptingTraits (0ms)
		AnalyzeDomain (15ms)
			TypeCache.Refresh (6ms)
				TypeCache.ScanAssembly (1ms)
			ScanForSourceGeneratedMonoScriptInfo (4ms)
			ResolveRequiredComponents (3ms)
	FinalizeReload (697ms)
		ReleaseScriptCaches (0ms)
		RebuildScriptCaches (0ms)
		SetupLoadedEditorAssemblies (373ms)
			LogAssemblyErrors (0ms)
			InitializePlatformSupportModulesInManaged (3ms)
			SetLoadedEditorAssemblies (3ms)
			RefreshPlugins (0ms)
			BeforeProcessingInitializeOnLoad (44ms)
			ProcessInitializeOnLoadAttributes (306ms)
			ProcessInitializeOnLoadMethodAttributes (14ms)
			AfterProcessingInitializeOnLoad (3ms)
			EditorAssembliesLoaded (0ms)
		ExecutionOrderSort2 (0ms)
		AwakeInstancesAfterBackupRestoration (6ms)
Refreshing native plugins compatible for Editor in 35.72 ms, found 8 plugins.
Preloading 0 native plugins for Editor in 0.00 ms.
Unloading 3240 Unused Serialized files (Serialized files now loaded: 0)
Unloading 27 unused Assets / (35.3 KB). Loaded Objects now: 3753.
Memory consumption went from 128.3 MB to 128.2 MB.
Total: 4.553100 ms (FindLiveObjects: 0.698800 ms CreateObjectMapping: 0.084700 ms MarkObjects: 3.684400 ms  DeleteObjects: 0.083900 ms)

Prepare: number of updated asset objects reloaded= 0
AssetImportParameters requested are different than current active one (requested -> active):
  custom:container-demuxer-ogg: 62fdf1f143b41e24485cea50d1cbac27 -> 
  custom:scripting/monoscript/fileName/ItemInteraction.cs: c43c7923e53ececd65d6ae444b350843 -> 
  custom:video-codec-MediaFoundation-h265: 746d11721c4dcdbdad8f713fa42b33f4 -> 
  custom:video-decoder-ogg-theora: a1e56fd34408186e4bbccfd4996cb3dc -> 
  custom:framework-win-MediaFoundation: 216162199b28c13a410421893ffa2e32 -> 
  custom:CustomObjectIndexerAttribute: 9a22284fe3817be447336de3de66b15e -> 
  custom:container-demuxer-webm: 4f35f7cbe854078d1ac9338744f61a02 -> 
  custom:container-muxer-webm: aa71ff27fc2769a1b78a27578f13a17b -> 
  custom:video-decoder-webm-vp8: 9c59270c3fd7afecdb556c50c9e8de78 -> 
  custom:scripting/monoscript/fileName/ItemData.cs: aa443fe117f868e3be9d7f6bf5865156 -> 
  custom:SearchIndexIgnoredProperties: e643bd26f0fe6173181afceb89e7c659 -> 
  custom:AudioImporter_EditorPlatform: d09bf68614088b80899f8185d706f6e7 -> 
  custom:scripting/monoscript/fileName/ShoppingCart.cs: 9539a68b93869ca6a7ecd2a09b239278 -> 
  custom:video-encoder-webm-vp8: eb34c28f22e8b96e1ab97ce403110664 -> 
  custom:audio-decoder-ogg-vorbis: bf7c407c2cedff20999df2af8eb42d56 -> 
  custom:audio-encoder-webm-vorbis: bf7c407c2cedff20999df2af8eb42d56 -> 
  custom:scripting/precompiled-assembly-types:Assembly-CSharp: 44be1e10a21e622caa247d721c5723a7 -> b9946b9e6a1130ba1b93d6fbada57407
========================================================================
Received Prepare
Caller must complete domain reload
Begin MonoManager ReloadAssembly
- Loaded All Assemblies, in  0.498 seconds
Native extension for WindowsStandalone target not found
Mono: successfully reloaded assembly
- Finished resetting the current domain, in  0.757 seconds
Domain Reload Profiling: 1255ms
	BeginReloadAssembly (105ms)
		ExecutionOrderSort (0ms)
		DisableScriptedObjects (3ms)
		BackupInstance (0ms)
		ReleaseScriptingObjects (0ms)
		CreateAndSetChildDomain (25ms)
	RebuildCommonClasses (19ms)
	RebuildNativeTypeToScriptingClass (7ms)
	initialDomainReloadingComplete (93ms)
	LoadAllAssembliesAndSetupDomain (273ms)
		LoadAssemblies (317ms)
		RebuildTransferFunctionScriptingTraits (0ms)
		AnalyzeDomain (8ms)
			TypeCache.Refresh (4ms)
				TypeCache.ScanAssembly (0ms)
			ScanForSourceGeneratedMonoScriptInfo (0ms)
			ResolveRequiredComponents (3ms)
	FinalizeReload (757ms)
		ReleaseScriptCaches (0ms)
		RebuildScriptCaches (0ms)
		SetupLoadedEditorAssemblies (416ms)
			LogAssemblyErrors (0ms)
			InitializePlatformSupportModulesInManaged (4ms)
			SetLoadedEditorAssemblies (4ms)
			RefreshPlugins (0ms)
			BeforeProcessingInitializeOnLoad (47ms)
			ProcessInitializeOnLoadAttributes (343ms)
			ProcessInitializeOnLoadMethodAttributes (16ms)
			AfterProcessingInitializeOnLoad (2ms)
			EditorAssembliesLoaded (0ms)
		ExecutionOrderSort2 (0ms)
		AwakeInstancesAfterBackupRestoration (7ms)
Refreshing native plugins compatible for Editor in 35.95 ms, found 8 plugins.
Preloading 0 native plugins for Editor in 0.00 ms.
Unloading 3241 Unused Serialized files (Serialized files now loaded: 0)
Unloading 27 unused Assets / (35.3 KB). Loaded Objects now: 3756.
Memory consumption went from 128.5 MB to 128.5 MB.
Total: 5.735000 ms (FindLiveObjects: 0.585800 ms CreateObjectMapping: 0.215400 ms MarkObjects: 4.847500 ms  DeleteObjects: 0.084300 ms)

Prepare: number of updated asset objects reloaded= 0
AssetImportParameters requested are different than current active one (requested -> active):
  custom:container-demuxer-ogg: 62fdf1f143b41e24485cea50d1cbac27 -> 
  custom:scripting/monoscript/fileName/ItemInteraction.cs: c43c7923e53ececd65d6ae444b350843 -> 
  custom:video-codec-MediaFoundation-h265: 746d11721c4dcdbdad8f713fa42b33f4 -> 
  custom:video-decoder-ogg-theora: a1e56fd34408186e4bbccfd4996cb3dc -> 
  custom:framework-win-MediaFoundation: 216162199b28c13a410421893ffa2e32 -> 
  custom:CustomObjectIndexerAttribute: 9a22284fe3817be447336de3de66b15e -> 
  custom:container-demuxer-webm: 4f35f7cbe854078d1ac9338744f61a02 -> 
  custom:container-muxer-webm: aa71ff27fc2769a1b78a27578f13a17b -> 
  custom:video-decoder-webm-vp8: 9c59270c3fd7afecdb556c50c9e8de78 -> 
  custom:scripting/monoscript/fileName/ItemData.cs: aa443fe117f868e3be9d7f6bf5865156 -> 
  custom:SearchIndexIgnoredProperties: e643bd26f0fe6173181afceb89e7c659 -> 
  custom:AudioImporter_EditorPlatform: d09bf68614088b80899f8185d706f6e7 -> 
  custom:scripting/monoscript/fileName/ShoppingCart.cs: 9539a68b93869ca6a7ecd2a09b239278 -> 
  custom:video-encoder-webm-vp8: eb34c28f22e8b96e1ab97ce403110664 -> 
  custom:audio-decoder-ogg-vorbis: bf7c407c2cedff20999df2af8eb42d56 -> 
  custom:audio-encoder-webm-vorbis: bf7c407c2cedff20999df2af8eb42d56 -> 
  custom:scripting/precompiled-assembly-types:Assembly-CSharp: 44be1e10a21e622caa247d721c5723a7 -> b9946b9e6a1130ba1b93d6fbada57407
========================================================================
Received Prepare
Caller must complete domain reload
Begin MonoManager ReloadAssembly
- Loaded All Assemblies, in  0.475 seconds
Native extension for WindowsStandalone target not found
Mono: successfully reloaded assembly
- Finished resetting the current domain, in  0.685 seconds
Domain Reload Profiling: 1160ms
	BeginReloadAssembly (109ms)
		ExecutionOrderSort (0ms)
		DisableScriptedObjects (4ms)
		BackupInstance (0ms)
		ReleaseScriptingObjects (0ms)
		CreateAndSetChildDomain (28ms)
	RebuildCommonClasses (26ms)
	RebuildNativeTypeToScriptingClass (9ms)
	initialDomainReloadingComplete (35ms)
	LoadAllAssembliesAndSetupDomain (296ms)
		LoadAssemblies (332ms)
		RebuildTransferFunctionScriptingTraits (0ms)
		AnalyzeDomain (17ms)
			TypeCache.Refresh (6ms)
				TypeCache.ScanAssembly (1ms)
			ScanForSourceGeneratedMonoScriptInfo (5ms)
			ResolveRequiredComponents (4ms)
	FinalizeReload (686ms)
		ReleaseScriptCaches (0ms)
		RebuildScriptCaches (0ms)
		SetupLoadedEditorAssemblies (362ms)
			LogAssemblyErrors (0ms)
			InitializePlatformSupportModulesInManaged (4ms)
			SetLoadedEditorAssemblies (4ms)
			RefreshPlugins (0ms)
			BeforeProcessingInitializeOnLoad (43ms)
			ProcessInitializeOnLoadAttributes (294ms)
			ProcessInitializeOnLoadMethodAttributes (14ms)
			AfterProcessingInitializeOnLoad (2ms)
			EditorAssembliesLoaded (0ms)
		ExecutionOrderSort2 (0ms)
		AwakeInstancesAfterBackupRestoration (6ms)
Refreshing native plugins compatible for Editor in 29.04 ms, found 8 plugins.
Preloading 0 native plugins for Editor in 0.00 ms.
Unloading 3241 Unused Serialized files (Serialized files now loaded: 0)
Unloading 27 unused Assets / (35.4 KB). Loaded Objects now: 3759.
Memory consumption went from 128.5 MB to 128.5 MB.
Total: 3.684000 ms (FindLiveObjects: 0.435000 ms CreateObjectMapping: 0.086300 ms MarkObjects: 3.091500 ms  DeleteObjects: 0.069900 ms)

Prepare: number of updated asset objects reloaded= 0
AssetImportParameters requested are different than current active one (requested -> active):
  custom:container-demuxer-ogg: 62fdf1f143b41e24485cea50d1cbac27 -> 
  custom:scripting/monoscript/fileName/ItemInteraction.cs: c43c7923e53ececd65d6ae444b350843 -> 
  custom:video-codec-MediaFoundation-h265: 746d11721c4dcdbdad8f713fa42b33f4 -> 
  custom:video-decoder-ogg-theora: a1e56fd34408186e4bbccfd4996cb3dc -> 
  custom:framework-win-MediaFoundation: 216162199b28c13a410421893ffa2e32 -> 
  custom:CustomObjectIndexerAttribute: 9a22284fe3817be447336de3de66b15e -> 
  custom:container-demuxer-webm: 4f35f7cbe854078d1ac9338744f61a02 -> 
  custom:container-muxer-webm: aa71ff27fc2769a1b78a27578f13a17b -> 
  custom:video-decoder-webm-vp8: 9c59270c3fd7afecdb556c50c9e8de78 -> 
  custom:scripting/monoscript/fileName/ItemData.cs: aa443fe117f868e3be9d7f6bf5865156 -> 
  custom:SearchIndexIgnoredProperties: e643bd26f0fe6173181afceb89e7c659 -> 
  custom:AudioImporter_EditorPlatform: d09bf68614088b80899f8185d706f6e7 -> 
  custom:scripting/monoscript/fileName/ShoppingCart.cs: 9539a68b93869ca6a7ecd2a09b239278 -> 
  custom:video-encoder-webm-vp8: eb34c28f22e8b96e1ab97ce403110664 -> 
  custom:audio-decoder-ogg-vorbis: bf7c407c2cedff20999df2af8eb42d56 -> 
  custom:audio-encoder-webm-vorbis: bf7c407c2cedff20999df2af8eb42d56 -> 
  custom:scripting/precompiled-assembly-types:Assembly-CSharp: 44be1e10a21e622caa247d721c5723a7 -> b9946b9e6a1130ba1b93d6fbada57407
========================================================================
Received Prepare
Caller must complete domain reload
Begin MonoManager ReloadAssembly
- Loaded All Assemblies, in  0.500 seconds
Native extension for WindowsStandalone target not found
Mono: successfully reloaded assembly
- Finished resetting the current domain, in  0.704 seconds
Domain Reload Profiling: 1203ms
	BeginReloadAssembly (105ms)
		ExecutionOrderSort (0ms)
		DisableScriptedObjects (4ms)
		BackupInstance (0ms)
		ReleaseScriptingObjects (0ms)
		CreateAndSetChildDomain (27ms)
	RebuildCommonClasses (28ms)
	RebuildNativeTypeToScriptingClass (8ms)
	initialDomainReloadingComplete (96ms)
	LoadAllAssembliesAndSetupDomain (263ms)
		LoadAssemblies (306ms)
		RebuildTransferFunctionScriptingTraits (0ms)
		AnalyzeDomain (9ms)
			TypeCache.Refresh (4ms)
				TypeCache.ScanAssembly (0ms)
			ScanForSourceGeneratedMonoScriptInfo (0ms)
			ResolveRequiredComponents (3ms)
	FinalizeReload (704ms)
		ReleaseScriptCaches (0ms)
		RebuildScriptCaches (0ms)
		SetupLoadedEditorAssemblies (389ms)
			LogAssemblyErrors (0ms)
			InitializePlatformSupportModulesInManaged (4ms)
			SetLoadedEditorAssemblies (4ms)
			RefreshPlugins (0ms)
			BeforeProcessingInitializeOnLoad (42ms)
			ProcessInitializeOnLoadAttributes (322ms)
			ProcessInitializeOnLoadMethodAttributes (14ms)
			AfterProcessingInitializeOnLoad (2ms)
			EditorAssembliesLoaded (0ms)
		ExecutionOrderSort2 (0ms)
		AwakeInstancesAfterBackupRestoration (6ms)
Refreshing native plugins compatible for Editor in 34.50 ms, found 8 plugins.
Preloading 0 native plugins for Editor in 0.00 ms.
Unloading 3241 Unused Serialized files (Serialized files now loaded: 0)
Unloading 27 unused Assets / (36.4 KB). Loaded Objects now: 3762.
Memory consumption went from 128.5 MB to 128.5 MB.
Total: 5.209000 ms (FindLiveObjects: 0.709600 ms CreateObjectMapping: 0.256400 ms MarkObjects: 4.162500 ms  DeleteObjects: 0.079100 ms)

Prepare: number of updated asset objects reloaded= 0
AssetImportParameters requested are different than current active one (requested -> active):
  custom:container-demuxer-ogg: 62fdf1f143b41e24485cea50d1cbac27 -> 
  custom:scripting/monoscript/fileName/ItemInteraction.cs: c43c7923e53ececd65d6ae444b350843 -> 
  custom:video-codec-MediaFoundation-h265: 746d11721c4dcdbdad8f713fa42b33f4 -> 
  custom:video-decoder-ogg-theora: a1e56fd34408186e4bbccfd4996cb3dc -> 
  custom:framework-win-MediaFoundation: 216162199b28c13a410421893ffa2e32 -> 
  custom:CustomObjectIndexerAttribute: 9a22284fe3817be447336de3de66b15e -> 
  custom:container-demuxer-webm: 4f35f7cbe854078d1ac9338744f61a02 -> 
  custom:container-muxer-webm: aa71ff27fc2769a1b78a27578f13a17b -> 
  custom:video-decoder-webm-vp8: 9c59270c3fd7afecdb556c50c9e8de78 -> 
  custom:scripting/monoscript/fileName/ItemData.cs: aa443fe117f868e3be9d7f6bf5865156 -> 
  custom:SearchIndexIgnoredProperties: e643bd26f0fe6173181afceb89e7c659 -> 
  custom:AudioImporter_EditorPlatform: d09bf68614088b80899f8185d706f6e7 -> 
  custom:scripting/monoscript/fileName/ShoppingCart.cs: 9539a68b93869ca6a7ecd2a09b239278 -> 
  custom:video-encoder-webm-vp8: eb34c28f22e8b96e1ab97ce403110664 -> 
  custom:audio-decoder-ogg-vorbis: bf7c407c2cedff20999df2af8eb42d56 -> 
  custom:audio-encoder-webm-vorbis: bf7c407c2cedff20999df2af8eb42d56 -> 
  custom:scripting/precompiled-assembly-types:Assembly-CSharp: 44be1e10a21e622caa247d721c5723a7 -> b9946b9e6a1130ba1b93d6fbada57407
========================================================================
Received Prepare
Caller must complete domain reload
Begin MonoManager ReloadAssembly
- Loaded All Assemblies, in  0.510 seconds
Native extension for WindowsStandalone target not found
Mono: successfully reloaded assembly
- Finished resetting the current domain, in  0.701 seconds
Domain Reload Profiling: 1210ms
	BeginReloadAssembly (106ms)
		ExecutionOrderSort (0ms)
		DisableScriptedObjects (3ms)
		BackupInstance (0ms)
		ReleaseScriptingObjects (0ms)
		CreateAndSetChildDomain (26ms)
	RebuildCommonClasses (22ms)
	RebuildNativeTypeToScriptingClass (7ms)
	initialDomainReloadingComplete (96ms)
	LoadAllAssembliesAndSetupDomain (278ms)
		LoadAssemblies (323ms)
		RebuildTransferFunctionScriptingTraits (0ms)
		AnalyzeDomain (9ms)
			TypeCache.Refresh (3ms)
				TypeCache.ScanAssembly (0ms)
			ScanForSourceGeneratedMonoScriptInfo (0ms)
			ResolveRequiredComponents (4ms)
	FinalizeReload (701ms)
		ReleaseScriptCaches (0ms)
		RebuildScriptCaches (0ms)
		SetupLoadedEditorAssemblies (389ms)
			LogAssemblyErrors (0ms)
			InitializePlatformSupportModulesInManaged (4ms)
			SetLoadedEditorAssemblies (3ms)
			RefreshPlugins (0ms)
			BeforeProcessingInitializeOnLoad (44ms)
			ProcessInitializeOnLoadAttributes (321ms)
			ProcessInitializeOnLoadMethodAttributes (15ms)
			AfterProcessingInitializeOnLoad (2ms)
			EditorAssembliesLoaded (0ms)
		ExecutionOrderSort2 (0ms)
		AwakeInstancesAfterBackupRestoration (7ms)
Refreshing native plugins compatible for Editor in 80.66 ms, found 8 plugins.
Preloading 0 native plugins for Editor in 0.00 ms.
Unloading 3241 Unused Serialized files (Serialized files now loaded: 0)
Unloading 27 unused Assets / (35.4 KB). Loaded Objects now: 3765.
Memory consumption went from 128.5 MB to 128.5 MB.
Total: 6.301900 ms (FindLiveObjects: 0.531800 ms CreateObjectMapping: 0.280100 ms MarkObjects: 5.405800 ms  DeleteObjects: 0.083000 ms)

Prepare: number of updated asset objects reloaded= 0
AssetImportParameters requested are different than current active one (requested -> active):
  custom:container-demuxer-ogg: 62fdf1f143b41e24485cea50d1cbac27 -> 
  custom:scripting/monoscript/fileName/ItemInteraction.cs: c43c7923e53ececd65d6ae444b350843 -> 
  custom:video-codec-MediaFoundation-h265: 746d11721c4dcdbdad8f713fa42b33f4 -> 
  custom:video-decoder-ogg-theora: a1e56fd34408186e4bbccfd4996cb3dc -> 
  custom:framework-win-MediaFoundation: 216162199b28c13a410421893ffa2e32 -> 
  custom:CustomObjectIndexerAttribute: 9a22284fe3817be447336de3de66b15e -> 
  custom:container-demuxer-webm: 4f35f7cbe854078d1ac9338744f61a02 -> 
  custom:container-muxer-webm: aa71ff27fc2769a1b78a27578f13a17b -> 
  custom:video-decoder-webm-vp8: 9c59270c3fd7afecdb556c50c9e8de78 -> 
  custom:scripting/monoscript/fileName/ItemData.cs: aa443fe117f868e3be9d7f6bf5865156 -> 
  custom:SearchIndexIgnoredProperties: e643bd26f0fe6173181afceb89e7c659 -> 
  custom:AudioImporter_EditorPlatform: d09bf68614088b80899f8185d706f6e7 -> 
  custom:scripting/monoscript/fileName/ShoppingCart.cs: 9539a68b93869ca6a7ecd2a09b239278 -> 
  custom:video-encoder-webm-vp8: eb34c28f22e8b96e1ab97ce403110664 -> 
  custom:audio-decoder-ogg-vorbis: bf7c407c2cedff20999df2af8eb42d56 -> 
  custom:audio-encoder-webm-vorbis: bf7c407c2cedff20999df2af8eb42d56 -> 
  custom:scripting/precompiled-assembly-types:Assembly-CSharp: 44be1e10a21e622caa247d721c5723a7 -> b9946b9e6a1130ba1b93d6fbada57407
========================================================================
Received Prepare
Caller must complete domain reload
Begin MonoManager ReloadAssembly
- Loaded All Assemblies, in  0.494 seconds
Native extension for WindowsStandalone target not found
Mono: successfully reloaded assembly
- Finished resetting the current domain, in  0.714 seconds
Domain Reload Profiling: 1209ms
	BeginReloadAssembly (105ms)
		ExecutionOrderSort (0ms)
		DisableScriptedObjects (3ms)
		BackupInstance (0ms)
		ReleaseScriptingObjects (0ms)
		CreateAndSetChildDomain (26ms)
	RebuildCommonClasses (21ms)
	RebuildNativeTypeToScriptingClass (12ms)
	initialDomainReloadingComplete (85ms)
	LoadAllAssembliesAndSetupDomain (271ms)
		LoadAssemblies (314ms)
		RebuildTransferFunctionScriptingTraits (0ms)
		AnalyzeDomain (9ms)
			TypeCache.Refresh (4ms)
				TypeCache.ScanAssembly (0ms)
			ScanForSourceGeneratedMonoScriptInfo (0ms)
			ResolveRequiredComponents (3ms)
	FinalizeReload (715ms)
		ReleaseScriptCaches (0ms)
		RebuildScriptCaches (0ms)
		SetupLoadedEditorAssemblies (397ms)
			LogAssemblyErrors (0ms)
			InitializePlatformSupportModulesInManaged (4ms)
			SetLoadedEditorAssemblies (3ms)
			RefreshPlugins (0ms)
			BeforeProcessingInitializeOnLoad (43ms)
			ProcessInitializeOnLoadAttributes (329ms)
			ProcessInitializeOnLoadMethodAttributes (15ms)
			AfterProcessingInitializeOnLoad (3ms)
			EditorAssembliesLoaded (0ms)
		ExecutionOrderSort2 (0ms)
		AwakeInstancesAfterBackupRestoration (6ms)
Refreshing native plugins compatible for Editor in 28.43 ms, found 8 plugins.
Preloading 0 native plugins for Editor in 0.00 ms.
Unloading 3241 Unused Serialized files (Serialized files now loaded: 0)
Unloading 27 unused Assets / (35.3 KB). Loaded Objects now: 3768.
Memory consumption went from 128.5 MB to 128.5 MB.
Total: 6.156300 ms (FindLiveObjects: 0.458200 ms CreateObjectMapping: 0.609800 ms MarkObjects: 4.998700 ms  DeleteObjects: 0.088000 ms)

Prepare: number of updated asset objects reloaded= 0
AssetImportParameters requested are different than current active one (requested -> active):
  custom:container-demuxer-ogg: 62fdf1f143b41e24485cea50d1cbac27 -> 
  custom:scripting/monoscript/fileName/ItemInteraction.cs: c43c7923e53ececd65d6ae444b350843 -> 
  custom:video-codec-MediaFoundation-h265: 746d11721c4dcdbdad8f713fa42b33f4 -> 
  custom:video-decoder-ogg-theora: a1e56fd34408186e4bbccfd4996cb3dc -> 
  custom:framework-win-MediaFoundation: 216162199b28c13a410421893ffa2e32 -> 
  custom:CustomObjectIndexerAttribute: 9a22284fe3817be447336de3de66b15e -> 
  custom:container-demuxer-webm: 4f35f7cbe854078d1ac9338744f61a02 -> 
  custom:container-muxer-webm: aa71ff27fc2769a1b78a27578f13a17b -> 
  custom:video-decoder-webm-vp8: 9c59270c3fd7afecdb556c50c9e8de78 -> 
  custom:scripting/monoscript/fileName/ItemData.cs: aa443fe117f868e3be9d7f6bf5865156 -> 
  custom:SearchIndexIgnoredProperties: e643bd26f0fe6173181afceb89e7c659 -> 
  custom:AudioImporter_EditorPlatform: d09bf68614088b80899f8185d706f6e7 -> 
  custom:scripting/monoscript/fileName/ShoppingCart.cs: 9539a68b93869ca6a7ecd2a09b239278 -> 
  custom:video-encoder-webm-vp8: eb34c28f22e8b96e1ab97ce403110664 -> 
  custom:audio-decoder-ogg-vorbis: bf7c407c2cedff20999df2af8eb42d56 -> 
  custom:audio-encoder-webm-vorbis: bf7c407c2cedff20999df2af8eb42d56 -> 
  custom:scripting/precompiled-assembly-types:Assembly-CSharp: 44be1e10a21e622caa247d721c5723a7 -> b9946b9e6a1130ba1b93d6fbada57407
========================================================================
Received Import Request.
  Time since last request: 627.716289 seconds.
  path: Assets/ModernSupermarket/Scripts/FreeCamera1.cs
  artifactKey: Guid(91f803fd26eca8442b67f0e49b5d1efa) Importer(815301076,1909f56bfc062723c751e8b465ee728b)
Start importing Assets/ModernSupermarket/Scripts/FreeCamera1.cs using Guid(91f803fd26eca8442b67f0e49b5d1efa) Importer(815301076,1909f56bfc062723c751e8b465ee728b) [PhysX] Initialized MultithreadedTaskDispatcher with 16 workers.
 -> (artifact id: '566ca7df856180f22802ac24d41138fd') in 0.001750 seconds
Number of updated asset objects reloaded before import = 0
Number of asset objects unloaded after import = 0
========================================================================
Received Import Request.
  Time since last request: 130.532274 seconds.
  path: Assets/ModernSupermarket/Scripts/FreeCamera1.cs
  artifactKey: Guid(91f803fd26eca8442b67f0e49b5d1efa) Importer(815301076,1909f56bfc062723c751e8b465ee728b)
Start importing Assets/ModernSupermarket/Scripts/FreeCamera1.cs using Guid(91f803fd26eca8442b67f0e49b5d1efa) Importer(815301076,1909f56bfc062723c751e8b465ee728b) [PhysX] Initialized MultithreadedTaskDispatcher with 16 workers.
 -> (artifact id: '77d9fd1e5f50f2177d4bfa879b26ac88') in 0.000838 seconds
Number of updated asset objects reloaded before import = 0
Number of asset objects unloaded after import = 0
========================================================================
Received Prepare
Caller must complete domain reload
Begin MonoManager ReloadAssembly
- Loaded All Assemblies, in  0.972 seconds
Native extension for WindowsStandalone target not found
Mono: successfully reloaded assembly
- Finished resetting the current domain, in  0.674 seconds
Domain Reload Profiling: 1647ms
	BeginReloadAssembly (111ms)
		ExecutionOrderSort (0ms)
		DisableScriptedObjects (3ms)
		BackupInstance (0ms)
		ReleaseScriptingObjects (0ms)
		CreateAndSetChildDomain (29ms)
	RebuildCommonClasses (25ms)
	RebuildNativeTypeToScriptingClass (7ms)
	initialDomainReloadingComplete (36ms)
	LoadAllAssembliesAndSetupDomain (793ms)
		LoadAssemblies (831ms)
		RebuildTransferFunctionScriptingTraits (0ms)
		AnalyzeDomain (17ms)
			TypeCache.Refresh (7ms)
				TypeCache.ScanAssembly (1ms)
			ScanForSourceGeneratedMonoScriptInfo (5ms)
			ResolveRequiredComponents (3ms)
	FinalizeReload (675ms)
		ReleaseScriptCaches (0ms)
		RebuildScriptCaches (0ms)
		SetupLoadedEditorAssemblies (350ms)
			LogAssemblyErrors (0ms)
			InitializePlatformSupportModulesInManaged (4ms)
			SetLoadedEditorAssemblies (4ms)
			RefreshPlugins (0ms)
			BeforeProcessingInitializeOnLoad (46ms)
			ProcessInitializeOnLoadAttributes (282ms)
			ProcessInitializeOnLoadMethodAttributes (12ms)
			AfterProcessingInitializeOnLoad (2ms)
			EditorAssembliesLoaded (0ms)
		ExecutionOrderSort2 (0ms)
		AwakeInstancesAfterBackupRestoration (6ms)
Refreshing native plugins compatible for Editor in 14.84 ms, found 8 plugins.
Preloading 0 native plugins for Editor in 0.00 ms.
Unloading 3241 Unused Serialized files (Serialized files now loaded: 0)
Unloading 27 unused Assets / (35.3 KB). Loaded Objects now: 3772.
Memory consumption went from 128.3 MB to 128.3 MB.
Total: 2.756800 ms (FindLiveObjects: 0.230600 ms CreateObjectMapping: 0.075700 ms MarkObjects: 2.400800 ms  DeleteObjects: 0.049000 ms)

Prepare: number of updated asset objects reloaded= 0
AssetImportParameters requested are different than current active one (requested -> active):
  custom:container-demuxer-ogg: 62fdf1f143b41e24485cea50d1cbac27 -> 
  custom:scripting/monoscript/fileName/ItemInteraction.cs: c43c7923e53ececd65d6ae444b350843 -> 
  custom:video-codec-MediaFoundation-h265: 746d11721c4dcdbdad8f713fa42b33f4 -> 
  custom:scripting/monoscript/fileName/FreeCamera1.cs: cfa08fe9b0fdfec479ed24ebb8964fa3 -> 
  custom:video-decoder-ogg-theora: a1e56fd34408186e4bbccfd4996cb3dc -> 
  custom:framework-win-MediaFoundation: 216162199b28c13a410421893ffa2e32 -> 
  custom:CustomObjectIndexerAttribute: 9a22284fe3817be447336de3de66b15e -> 
  custom:container-demuxer-webm: 4f35f7cbe854078d1ac9338744f61a02 -> 
  custom:container-muxer-webm: aa71ff27fc2769a1b78a27578f13a17b -> 
  custom:video-decoder-webm-vp8: 9c59270c3fd7afecdb556c50c9e8de78 -> 
  custom:scripting/monoscript/fileName/ItemData.cs: aa443fe117f868e3be9d7f6bf5865156 -> 
  custom:SearchIndexIgnoredProperties: e643bd26f0fe6173181afceb89e7c659 -> 
  custom:AudioImporter_EditorPlatform: d09bf68614088b80899f8185d706f6e7 -> 
  custom:scripting/monoscript/fileName/ShoppingCart.cs: 9539a68b93869ca6a7ecd2a09b239278 -> 
  custom:video-encoder-webm-vp8: eb34c28f22e8b96e1ab97ce403110664 -> 
  custom:audio-decoder-ogg-vorbis: bf7c407c2cedff20999df2af8eb42d56 -> 
  custom:audio-encoder-webm-vorbis: bf7c407c2cedff20999df2af8eb42d56 -> 
  custom:scripting/precompiled-assembly-types:Assembly-CSharp: bbe7c7e601436faf8dfb9208bfb7bc66 -> b9946b9e6a1130ba1b93d6fbada57407
========================================================================
Received Import Request.
  Time since last request: 14.666829 seconds.
  path: Assets/ModernSupermarket/Scripts/FreeCart.cs
  artifactKey: Guid(91f803fd26eca8442b67f0e49b5d1efa) Importer(815301076,1909f56bfc062723c751e8b465ee728b)
Start importing Assets/ModernSupermarket/Scripts/FreeCart.cs using Guid(91f803fd26eca8442b67f0e49b5d1efa) Importer(815301076,1909f56bfc062723c751e8b465ee728b) [PhysX] Initialized MultithreadedTaskDispatcher with 16 workers.
 -> (artifact id: 'b893598a7d70dbb908005eabe3d44aa9') in 0.003422 seconds
Number of updated asset objects reloaded before import = 0
Number of asset objects unloaded after import = 0
========================================================================
Received Prepare
Caller must complete domain reload
Begin MonoManager ReloadAssembly
- Loaded All Assemblies, in  0.505 seconds
Native extension for WindowsStandalone target not found
Mono: successfully reloaded assembly
- Finished resetting the current domain, in  0.729 seconds
Domain Reload Profiling: 1234ms
	BeginReloadAssembly (113ms)
		ExecutionOrderSort (0ms)
		DisableScriptedObjects (3ms)
		BackupInstance (0ms)
		ReleaseScriptingObjects (0ms)
		CreateAndSetChildDomain (32ms)
	RebuildCommonClasses (23ms)
	RebuildNativeTypeToScriptingClass (7ms)
	initialDomainReloadingComplete (37ms)
	LoadAllAssembliesAndSetupDomain (325ms)
		LoadAssemblies (360ms)
		RebuildTransferFunctionScriptingTraits (0ms)
		AnalyzeDomain (20ms)
			TypeCache.Refresh (7ms)
				TypeCache.ScanAssembly (1ms)
			ScanForSourceGeneratedMonoScriptInfo (6ms)
			ResolveRequiredComponents (5ms)
	FinalizeReload (729ms)
		ReleaseScriptCaches (0ms)
		RebuildScriptCaches (0ms)
		SetupLoadedEditorAssemblies (391ms)
			LogAssemblyErrors (0ms)
			InitializePlatformSupportModulesInManaged (4ms)
			SetLoadedEditorAssemblies (3ms)
			RefreshPlugins (0ms)
			BeforeProcessingInitializeOnLoad (42ms)
			ProcessInitializeOnLoadAttributes (322ms)
			ProcessInitializeOnLoadMethodAttributes (17ms)
			AfterProcessingInitializeOnLoad (2ms)
			EditorAssembliesLoaded (0ms)
		ExecutionOrderSort2 (0ms)
		AwakeInstancesAfterBackupRestoration (6ms)
Refreshing native plugins compatible for Editor in 98.49 ms, found 8 plugins.
Preloading 0 native plugins for Editor in 0.00 ms.
Unloading 3241 Unused Serialized files (Serialized files now loaded: 0)
Unloading 27 unused Assets / (35.3 KB). Loaded Objects now: 3775.
Memory consumption went from 128.3 MB to 128.3 MB.
Total: 2.810500 ms (FindLiveObjects: 0.245900 ms CreateObjectMapping: 0.052000 ms MarkObjects: 2.437000 ms  DeleteObjects: 0.075000 ms)

Prepare: number of updated asset objects reloaded= 0
AssetImportParameters requested are different than current active one (requested -> active):
  custom:container-demuxer-ogg: 62fdf1f143b41e24485cea50d1cbac27 -> 
  custom:scripting/monoscript/fileName/ItemInteraction.cs: c43c7923e53ececd65d6ae444b350843 -> 
  custom:video-codec-MediaFoundation-h265: 746d11721c4dcdbdad8f713fa42b33f4 -> 
  custom:scripting/monoscript/fileName/FreeCamera1.cs: cfa08fe9b0fdfec479ed24ebb8964fa3 -> 
  custom:video-decoder-ogg-theora: a1e56fd34408186e4bbccfd4996cb3dc -> 
  custom:framework-win-MediaFoundation: 216162199b28c13a410421893ffa2e32 -> 
  custom:CustomObjectIndexerAttribute: 9a22284fe3817be447336de3de66b15e -> 
  custom:container-demuxer-webm: 4f35f7cbe854078d1ac9338744f61a02 -> 
  custom:container-muxer-webm: aa71ff27fc2769a1b78a27578f13a17b -> 
  custom:video-decoder-webm-vp8: 9c59270c3fd7afecdb556c50c9e8de78 -> 
  custom:scripting/monoscript/fileName/ItemData.cs: aa443fe117f868e3be9d7f6bf5865156 -> 
  custom:SearchIndexIgnoredProperties: e643bd26f0fe6173181afceb89e7c659 -> 
  custom:AudioImporter_EditorPlatform: d09bf68614088b80899f8185d706f6e7 -> 
  custom:scripting/monoscript/fileName/ShoppingCart.cs: 9539a68b93869ca6a7ecd2a09b239278 -> 
  custom:scripting/monoscript/fileName/FreeCart.cs: cfa08fe9b0fdfec479ed24ebb8964fa3 -> 
  custom:video-encoder-webm-vp8: eb34c28f22e8b96e1ab97ce403110664 -> 
  custom:audio-decoder-ogg-vorbis: bf7c407c2cedff20999df2af8eb42d56 -> 
  custom:audio-encoder-webm-vorbis: bf7c407c2cedff20999df2af8eb42d56 -> 
  custom:scripting/precompiled-assembly-types:Assembly-CSharp: c3b682ea53b7ffe0323a4791629b1dc7 -> b9946b9e6a1130ba1b93d6fbada57407
========================================================================
Received Import Request.
  Time since last request: 161.849198 seconds.
  path: Assets/ModernSupermarket/Scripts/ShoppingCart.cs
  artifactKey: Guid(eccf4922558d94f44bb50e6956cb52f2) Importer(815301076,1909f56bfc062723c751e8b465ee728b)
Start importing Assets/ModernSupermarket/Scripts/ShoppingCart.cs using Guid(eccf4922558d94f44bb50e6956cb52f2) Importer(815301076,1909f56bfc062723c751e8b465ee728b) [PhysX] Initialized MultithreadedTaskDispatcher with 16 workers.
 -> (artifact id: 'cea42edbcfb56ae157fa9f7cbedb1729') in 0.003004 seconds
Number of updated asset objects reloaded before import = 0
Number of asset objects unloaded after import = 0
========================================================================
Received Import Request.
  Time since last request: 38.144718 seconds.
  path: Assets/ModernSupermarket/Scripts/ItemInteraction.cs
  artifactKey: Guid(975eaf1f58826e0419e6ea464adfb299) Importer(815301076,1909f56bfc062723c751e8b465ee728b)
Start importing Assets/ModernSupermarket/Scripts/ItemInteraction.cs using Guid(975eaf1f58826e0419e6ea464adfb299) Importer(815301076,1909f56bfc062723c751e8b465ee728b) [PhysX] Initialized MultithreadedTaskDispatcher with 16 workers.
 -> (artifact id: '78be9e10ae2a28302fce580f45ff12b9') in 0.001301 seconds
Number of updated asset objects reloaded before import = 0
Number of asset objects unloaded after import = 0
========================================================================
Received Prepare
Caller must complete domain reload
Begin MonoManager ReloadAssembly
- Loaded All Assemblies, in  0.501 seconds
Native extension for WindowsStandalone target not found
Mono: successfully reloaded assembly
- Finished resetting the current domain, in  0.655 seconds
Domain Reload Profiling: 1156ms
	BeginReloadAssembly (113ms)
		ExecutionOrderSort (0ms)
		DisableScriptedObjects (3ms)
		BackupInstance (0ms)
		ReleaseScriptingObjects (0ms)
		CreateAndSetChildDomain (28ms)
	RebuildCommonClasses (26ms)
	RebuildNativeTypeToScriptingClass (7ms)
	initialDomainReloadingComplete (33ms)
	LoadAllAssembliesAndSetupDomain (322ms)
		LoadAssemblies (363ms)
		RebuildTransferFunctionScriptingTraits (0ms)
		AnalyzeDomain (17ms)
			TypeCache.Refresh (7ms)
				TypeCache.ScanAssembly (1ms)
			ScanForSourceGeneratedMonoScriptInfo (5ms)
			ResolveRequiredComponents (4ms)
	FinalizeReload (656ms)
		ReleaseScriptCaches (0ms)
		RebuildScriptCaches (0ms)
		SetupLoadedEditorAssemblies (346ms)
			LogAssemblyErrors (0ms)
			InitializePlatformSupportModulesInManaged (5ms)
			SetLoadedEditorAssemblies (3ms)
			RefreshPlugins (0ms)
			BeforeProcessingInitializeOnLoad (39ms)
			ProcessInitializeOnLoadAttributes (281ms)
			ProcessInitializeOnLoadMethodAttributes (15ms)
			AfterProcessingInitializeOnLoad (2ms)
			EditorAssembliesLoaded (0ms)
		ExecutionOrderSort2 (0ms)
		AwakeInstancesAfterBackupRestoration (6ms)
Refreshing native plugins compatible for Editor in 28.29 ms, found 8 plugins.
Preloading 0 native plugins for Editor in 0.00 ms.
Unloading 3239 Unused Serialized files (Serialized files now loaded: 0)
Unloading 29 unused Assets / (36.4 KB). Loaded Objects now: 3776.
Memory consumption went from 128.3 MB to 128.2 MB.
Total: 5.702500 ms (FindLiveObjects: 0.921700 ms CreateObjectMapping: 0.252000 ms MarkObjects: 4.436100 ms  DeleteObjects: 0.090900 ms)

Prepare: number of updated asset objects reloaded= 0
AssetImportParameters requested are different than current active one (requested -> active):
  custom:container-demuxer-ogg: 62fdf1f143b41e24485cea50d1cbac27 -> 
  custom:scripting/monoscript/fileName/ItemInteraction.cs: c43c7923e53ececd65d6ae444b350843 -> 
  custom:video-codec-MediaFoundation-h265: 746d11721c4dcdbdad8f713fa42b33f4 -> 
  custom:scripting/monoscript/fileName/FreeCamera1.cs: cfa08fe9b0fdfec479ed24ebb8964fa3 -> 
  custom:video-decoder-ogg-theora: a1e56fd34408186e4bbccfd4996cb3dc -> 
  custom:framework-win-MediaFoundation: 216162199b28c13a410421893ffa2e32 -> 
  custom:CustomObjectIndexerAttribute: 9a22284fe3817be447336de3de66b15e -> 
  custom:container-demuxer-webm: 4f35f7cbe854078d1ac9338744f61a02 -> 
  custom:container-muxer-webm: aa71ff27fc2769a1b78a27578f13a17b -> 
  custom:video-decoder-webm-vp8: 9c59270c3fd7afecdb556c50c9e8de78 -> 
  custom:scripting/monoscript/fileName/ItemData.cs: aa443fe117f868e3be9d7f6bf5865156 -> 
  custom:SearchIndexIgnoredProperties: e643bd26f0fe6173181afceb89e7c659 -> 
  custom:AudioImporter_EditorPlatform: d09bf68614088b80899f8185d706f6e7 -> 
  custom:scripting/monoscript/fileName/ShoppingCart.cs: 9539a68b93869ca6a7ecd2a09b239278 -> 
  custom:scripting/monoscript/fileName/FreeCart.cs: cfa08fe9b0fdfec479ed24ebb8964fa3 -> 
  custom:video-encoder-webm-vp8: eb34c28f22e8b96e1ab97ce403110664 -> 
  custom:audio-decoder-ogg-vorbis: bf7c407c2cedff20999df2af8eb42d56 -> 
  custom:audio-encoder-webm-vorbis: bf7c407c2cedff20999df2af8eb42d56 -> 
  custom:scripting/precompiled-assembly-types:Assembly-CSharp: 21d8ebaa56d4d1c5ce021c54a6e884ea -> b9946b9e6a1130ba1b93d6fbada57407
========================================================================
Received Prepare
Caller must complete domain reload
Begin MonoManager ReloadAssembly
- Loaded All Assemblies, in  0.567 seconds
Native extension for WindowsStandalone target not found
Mono: successfully reloaded assembly
- Finished resetting the current domain, in  0.874 seconds
Domain Reload Profiling: 1441ms
	BeginReloadAssembly (114ms)
		ExecutionOrderSort (0ms)
		DisableScriptedObjects (3ms)
		BackupInstance (0ms)
		ReleaseScriptingObjects (0ms)
		CreateAndSetChildDomain (28ms)
	RebuildCommonClasses (23ms)
	RebuildNativeTypeToScriptingClass (7ms)
	initialDomainReloadingComplete (105ms)
	LoadAllAssembliesAndSetupDomain (317ms)
		LoadAssemblies (367ms)
		RebuildTransferFunctionScriptingTraits (0ms)
		AnalyzeDomain (9ms)
			TypeCache.Refresh (4ms)
				TypeCache.ScanAssembly (0ms)
			ScanForSourceGeneratedMonoScriptInfo (0ms)
			ResolveRequiredComponents (4ms)
	FinalizeReload (874ms)
		ReleaseScriptCaches (0ms)
		RebuildScriptCaches (0ms)
		SetupLoadedEditorAssemblies (516ms)
			LogAssemblyErrors (0ms)
			InitializePlatformSupportModulesInManaged (6ms)
			SetLoadedEditorAssemblies (4ms)
			RefreshPlugins (0ms)
			BeforeProcessingInitializeOnLoad (55ms)
			ProcessInitializeOnLoadAttributes (428ms)
			ProcessInitializeOnLoadMethodAttributes (19ms)
			AfterProcessingInitializeOnLoad (4ms)
			EditorAssembliesLoaded (0ms)
		ExecutionOrderSort2 (0ms)
		AwakeInstancesAfterBackupRestoration (8ms)
Refreshing native plugins compatible for Editor in 43.31 ms, found 8 plugins.
Preloading 0 native plugins for Editor in 0.00 ms.
Unloading 3240 Unused Serialized files (Serialized files now loaded: 0)
Unloading 27 unused Assets / (35.3 KB). Loaded Objects now: 3779.
Memory consumption went from 128.5 MB to 128.5 MB.
Total: 15.318600 ms (FindLiveObjects: 1.559100 ms CreateObjectMapping: 0.785200 ms MarkObjects: 12.838400 ms  DeleteObjects: 0.134300 ms)

Prepare: number of updated asset objects reloaded= 0
AssetImportParameters requested are different than current active one (requested -> active):
  custom:container-demuxer-ogg: 62fdf1f143b41e24485cea50d1cbac27 -> 
  custom:scripting/monoscript/fileName/ItemInteraction.cs: c43c7923e53ececd65d6ae444b350843 -> 
  custom:video-codec-MediaFoundation-h265: 746d11721c4dcdbdad8f713fa42b33f4 -> 
  custom:scripting/monoscript/fileName/FreeCamera1.cs: cfa08fe9b0fdfec479ed24ebb8964fa3 -> 
  custom:video-decoder-ogg-theora: a1e56fd34408186e4bbccfd4996cb3dc -> 
  custom:framework-win-MediaFoundation: 216162199b28c13a410421893ffa2e32 -> 
  custom:CustomObjectIndexerAttribute: 9a22284fe3817be447336de3de66b15e -> 
  custom:container-demuxer-webm: 4f35f7cbe854078d1ac9338744f61a02 -> 
  custom:container-muxer-webm: aa71ff27fc2769a1b78a27578f13a17b -> 
  custom:video-decoder-webm-vp8: 9c59270c3fd7afecdb556c50c9e8de78 -> 
  custom:scripting/monoscript/fileName/ItemData.cs: aa443fe117f868e3be9d7f6bf5865156 -> 
  custom:SearchIndexIgnoredProperties: e643bd26f0fe6173181afceb89e7c659 -> 
  custom:AudioImporter_EditorPlatform: d09bf68614088b80899f8185d706f6e7 -> 
  custom:scripting/monoscript/fileName/ShoppingCart.cs: 9539a68b93869ca6a7ecd2a09b239278 -> 
  custom:scripting/monoscript/fileName/FreeCart.cs: cfa08fe9b0fdfec479ed24ebb8964fa3 -> 
  custom:video-encoder-webm-vp8: eb34c28f22e8b96e1ab97ce403110664 -> 
  custom:audio-decoder-ogg-vorbis: bf7c407c2cedff20999df2af8eb42d56 -> 
  custom:audio-encoder-webm-vorbis: bf7c407c2cedff20999df2af8eb42d56 -> 
  custom:scripting/precompiled-assembly-types:Assembly-CSharp: 21d8ebaa56d4d1c5ce021c54a6e884ea -> b9946b9e6a1130ba1b93d6fbada57407
========================================================================
Received Prepare
Caller must complete domain reload
Begin MonoManager ReloadAssembly
- Loaded All Assemblies, in  0.492 seconds
Native extension for WindowsStandalone target not found
Mono: successfully reloaded assembly
- Finished resetting the current domain, in  0.694 seconds
Domain Reload Profiling: 1186ms
	BeginReloadAssembly (109ms)
		ExecutionOrderSort (0ms)
		DisableScriptedObjects (4ms)
		BackupInstance (0ms)
		ReleaseScriptingObjects (0ms)
		CreateAndSetChildDomain (25ms)
	RebuildCommonClasses (23ms)
	RebuildNativeTypeToScriptingClass (7ms)
	initialDomainReloadingComplete (35ms)
	LoadAllAssembliesAndSetupDomain (317ms)
		LoadAssemblies (356ms)
		RebuildTransferFunctionScriptingTraits (0ms)
		AnalyzeDomain (17ms)
			TypeCache.Refresh (6ms)
				TypeCache.ScanAssembly (1ms)
			ScanForSourceGeneratedMonoScriptInfo (4ms)
			ResolveRequiredComponents (5ms)
	FinalizeReload (695ms)
		ReleaseScriptCaches (0ms)
		RebuildScriptCaches (0ms)
		SetupLoadedEditorAssemblies (383ms)
			LogAssemblyErrors (0ms)
			InitializePlatformSupportModulesInManaged (5ms)
			SetLoadedEditorAssemblies (5ms)
			RefreshPlugins (0ms)
			BeforeProcessingInitializeOnLoad (51ms)
			ProcessInitializeOnLoadAttributes (308ms)
			ProcessInitializeOnLoadMethodAttributes (12ms)
			AfterProcessingInitializeOnLoad (2ms)
			EditorAssembliesLoaded (0ms)
		ExecutionOrderSort2 (0ms)
		AwakeInstancesAfterBackupRestoration (5ms)
Refreshing native plugins compatible for Editor in 31.83 ms, found 8 plugins.
Preloading 0 native plugins for Editor in 0.00 ms.
Unloading 3239 Unused Serialized files (Serialized files now loaded: 0)
Unloading 28 unused Assets / (35.8 KB). Loaded Objects now: 3781.
Memory consumption went from 128.5 MB to 128.5 MB.
Total: 4.218500 ms (FindLiveObjects: 0.502800 ms CreateObjectMapping: 0.106200 ms MarkObjects: 3.517800 ms  DeleteObjects: 0.090000 ms)

Prepare: number of updated asset objects reloaded= 0
AssetImportParameters requested are different than current active one (requested -> active):
  custom:container-demuxer-ogg: 62fdf1f143b41e24485cea50d1cbac27 -> 
  custom:scripting/monoscript/fileName/ItemInteraction.cs: c43c7923e53ececd65d6ae444b350843 -> 
  custom:video-codec-MediaFoundation-h265: 746d11721c4dcdbdad8f713fa42b33f4 -> 
  custom:scripting/monoscript/fileName/FreeCamera1.cs: cfa08fe9b0fdfec479ed24ebb8964fa3 -> 
  custom:video-decoder-ogg-theora: a1e56fd34408186e4bbccfd4996cb3dc -> 
  custom:framework-win-MediaFoundation: 216162199b28c13a410421893ffa2e32 -> 
  custom:CustomObjectIndexerAttribute: 9a22284fe3817be447336de3de66b15e -> 
  custom:container-demuxer-webm: 4f35f7cbe854078d1ac9338744f61a02 -> 
  custom:container-muxer-webm: aa71ff27fc2769a1b78a27578f13a17b -> 
  custom:video-decoder-webm-vp8: 9c59270c3fd7afecdb556c50c9e8de78 -> 
  custom:scripting/monoscript/fileName/ItemData.cs: aa443fe117f868e3be9d7f6bf5865156 -> 
  custom:SearchIndexIgnoredProperties: e643bd26f0fe6173181afceb89e7c659 -> 
  custom:AudioImporter_EditorPlatform: d09bf68614088b80899f8185d706f6e7 -> 
  custom:scripting/monoscript/fileName/ShoppingCart.cs: 9539a68b93869ca6a7ecd2a09b239278 -> 
  custom:scripting/monoscript/fileName/FreeCart.cs: cfa08fe9b0fdfec479ed24ebb8964fa3 -> 
  custom:video-encoder-webm-vp8: eb34c28f22e8b96e1ab97ce403110664 -> 
  custom:audio-decoder-ogg-vorbis: bf7c407c2cedff20999df2af8eb42d56 -> 
  custom:audio-encoder-webm-vorbis: bf7c407c2cedff20999df2af8eb42d56 -> 
  custom:scripting/precompiled-assembly-types:Assembly-CSharp: 21d8ebaa56d4d1c5ce021c54a6e884ea -> b9946b9e6a1130ba1b93d6fbada57407
========================================================================
Received Prepare
Caller must complete domain reload
Begin MonoManager ReloadAssembly
- Loaded All Assemblies, in  0.504 seconds
Native extension for WindowsStandalone target not found
Mono: successfully reloaded assembly
- Finished resetting the current domain, in  0.671 seconds
Domain Reload Profiling: 1175ms
	BeginReloadAssembly (122ms)
		ExecutionOrderSort (0ms)
		DisableScriptedObjects (3ms)
		BackupInstance (0ms)
		ReleaseScriptingObjects (0ms)
		CreateAndSetChildDomain (38ms)
	RebuildCommonClasses (24ms)
	RebuildNativeTypeToScriptingClass (9ms)
	initialDomainReloadingComplete (35ms)
	LoadAllAssembliesAndSetupDomain (313ms)
		LoadAssemblies (349ms)
		RebuildTransferFunctionScriptingTraits (0ms)
		AnalyzeDomain (19ms)
			TypeCache.Refresh (6ms)
				TypeCache.ScanAssembly (1ms)
			ScanForSourceGeneratedMonoScriptInfo (5ms)
			ResolveRequiredComponents (5ms)
	FinalizeReload (672ms)
		ReleaseScriptCaches (0ms)
		RebuildScriptCaches (0ms)
		SetupLoadedEditorAssemblies (379ms)
			LogAssemblyErrors (0ms)
			InitializePlatformSupportModulesInManaged (4ms)
			SetLoadedEditorAssemblies (4ms)
			RefreshPlugins (0ms)
			BeforeProcessingInitializeOnLoad (47ms)
			ProcessInitializeOnLoadAttributes (310ms)
			ProcessInitializeOnLoadMethodAttributes (13ms)
			AfterProcessingInitializeOnLoad (2ms)
			EditorAssembliesLoaded (0ms)
		ExecutionOrderSort2 (0ms)
		AwakeInstancesAfterBackupRestoration (5ms)
Refreshing native plugins compatible for Editor in 33.54 ms, found 8 plugins.
Preloading 0 native plugins for Editor in 0.00 ms.
Unloading 3238 Unused Serialized files (Serialized files now loaded: 0)
Unloading 28 unused Assets / (35.9 KB). Loaded Objects now: 3783.
Memory consumption went from 128.5 MB to 128.4 MB.
Total: 5.371000 ms (FindLiveObjects: 0.482800 ms CreateObjectMapping: 0.118400 ms MarkObjects: 4.672200 ms  DeleteObjects: 0.095500 ms)

Prepare: number of updated asset objects reloaded= 0
AssetImportParameters requested are different than current active one (requested -> active):
  custom:container-demuxer-ogg: 62fdf1f143b41e24485cea50d1cbac27 -> 
  custom:scripting/monoscript/fileName/ItemInteraction.cs: c43c7923e53ececd65d6ae444b350843 -> 
  custom:video-codec-MediaFoundation-h265: 746d11721c4dcdbdad8f713fa42b33f4 -> 
  custom:scripting/monoscript/fileName/FreeCamera1.cs: cfa08fe9b0fdfec479ed24ebb8964fa3 -> 
  custom:video-decoder-ogg-theora: a1e56fd34408186e4bbccfd4996cb3dc -> 
  custom:framework-win-MediaFoundation: 216162199b28c13a410421893ffa2e32 -> 
  custom:CustomObjectIndexerAttribute: 9a22284fe3817be447336de3de66b15e -> 
  custom:container-demuxer-webm: 4f35f7cbe854078d1ac9338744f61a02 -> 
  custom:container-muxer-webm: aa71ff27fc2769a1b78a27578f13a17b -> 
  custom:video-decoder-webm-vp8: 9c59270c3fd7afecdb556c50c9e8de78 -> 
  custom:scripting/monoscript/fileName/ItemData.cs: aa443fe117f868e3be9d7f6bf5865156 -> 
  custom:SearchIndexIgnoredProperties: e643bd26f0fe6173181afceb89e7c659 -> 
  custom:AudioImporter_EditorPlatform: d09bf68614088b80899f8185d706f6e7 -> 
  custom:scripting/monoscript/fileName/ShoppingCart.cs: 9539a68b93869ca6a7ecd2a09b239278 -> 
  custom:scripting/monoscript/fileName/FreeCart.cs: cfa08fe9b0fdfec479ed24ebb8964fa3 -> 
  custom:video-encoder-webm-vp8: eb34c28f22e8b96e1ab97ce403110664 -> 
  custom:audio-decoder-ogg-vorbis: bf7c407c2cedff20999df2af8eb42d56 -> 
  custom:audio-encoder-webm-vorbis: bf7c407c2cedff20999df2af8eb42d56 -> 
  custom:scripting/precompiled-assembly-types:Assembly-CSharp: 60e752f8c83319b63a1f7074c5c925e6 -> b9946b9e6a1130ba1b93d6fbada57407
========================================================================
Received Prepare
Caller must complete domain reload
Begin MonoManager ReloadAssembly
- Loaded All Assemblies, in  0.579 seconds
Native extension for WindowsStandalone target not found
Mono: successfully reloaded assembly
- Finished resetting the current domain, in  0.749 seconds
Domain Reload Profiling: 1328ms
	BeginReloadAssembly (104ms)
		ExecutionOrderSort (0ms)
		DisableScriptedObjects (3ms)
		BackupInstance (0ms)
		ReleaseScriptingObjects (0ms)
		CreateAndSetChildDomain (27ms)
	RebuildCommonClasses (20ms)
	RebuildNativeTypeToScriptingClass (7ms)
	initialDomainReloadingComplete (95ms)
	LoadAllAssembliesAndSetupDomain (353ms)
		LoadAssemblies (393ms)
		RebuildTransferFunctionScriptingTraits (0ms)
		AnalyzeDomain (10ms)
			TypeCache.Refresh (4ms)
				TypeCache.ScanAssembly (0ms)
			ScanForSourceGeneratedMonoScriptInfo (0ms)
			ResolveRequiredComponents (4ms)
	FinalizeReload (750ms)
		ReleaseScriptCaches (0ms)
		RebuildScriptCaches (0ms)
		SetupLoadedEditorAssemblies (396ms)
			LogAssemblyErrors (0ms)
			InitializePlatformSupportModulesInManaged (5ms)
			SetLoadedEditorAssemblies (4ms)
			RefreshPlugins (0ms)
			BeforeProcessingInitializeOnLoad (46ms)
			ProcessInitializeOnLoadAttributes (323ms)
			ProcessInitializeOnLoadMethodAttributes (16ms)
			AfterProcessingInitializeOnLoad (3ms)
			EditorAssembliesLoaded (0ms)
		ExecutionOrderSort2 (0ms)
		AwakeInstancesAfterBackupRestoration (6ms)
Refreshing native plugins compatible for Editor in 33.18 ms, found 8 plugins.
Preloading 0 native plugins for Editor in 0.00 ms.
Unloading 3238 Unused Serialized files (Serialized files now loaded: 0)
Unloading 27 unused Assets / (35.4 KB). Loaded Objects now: 3786.
Memory consumption went from 128.5 MB to 128.5 MB.
Total: 5.228000 ms (FindLiveObjects: 0.683500 ms CreateObjectMapping: 0.128600 ms MarkObjects: 4.325200 ms  DeleteObjects: 0.089300 ms)

Prepare: number of updated asset objects reloaded= 0
AssetImportParameters requested are different than current active one (requested -> active):
  custom:container-demuxer-ogg: 62fdf1f143b41e24485cea50d1cbac27 -> 
  custom:scripting/monoscript/fileName/ItemInteraction.cs: c43c7923e53ececd65d6ae444b350843 -> 
  custom:video-codec-MediaFoundation-h265: 746d11721c4dcdbdad8f713fa42b33f4 -> 
  custom:scripting/monoscript/fileName/FreeCamera1.cs: cfa08fe9b0fdfec479ed24ebb8964fa3 -> 
  custom:video-decoder-ogg-theora: a1e56fd34408186e4bbccfd4996cb3dc -> 
  custom:framework-win-MediaFoundation: 216162199b28c13a410421893ffa2e32 -> 
  custom:CustomObjectIndexerAttribute: 9a22284fe3817be447336de3de66b15e -> 
  custom:container-demuxer-webm: 4f35f7cbe854078d1ac9338744f61a02 -> 
  custom:container-muxer-webm: aa71ff27fc2769a1b78a27578f13a17b -> 
  custom:video-decoder-webm-vp8: 9c59270c3fd7afecdb556c50c9e8de78 -> 
  custom:scripting/monoscript/fileName/ItemData.cs: aa443fe117f868e3be9d7f6bf5865156 -> 
  custom:SearchIndexIgnoredProperties: e643bd26f0fe6173181afceb89e7c659 -> 
  custom:AudioImporter_EditorPlatform: d09bf68614088b80899f8185d706f6e7 -> 
  custom:scripting/monoscript/fileName/ShoppingCart.cs: 9539a68b93869ca6a7ecd2a09b239278 -> 
  custom:scripting/monoscript/fileName/FreeCart.cs: cfa08fe9b0fdfec479ed24ebb8964fa3 -> 
  custom:video-encoder-webm-vp8: eb34c28f22e8b96e1ab97ce403110664 -> 
  custom:audio-decoder-ogg-vorbis: bf7c407c2cedff20999df2af8eb42d56 -> 
  custom:audio-encoder-webm-vorbis: bf7c407c2cedff20999df2af8eb42d56 -> 
  custom:scripting/precompiled-assembly-types:Assembly-CSharp: 60e752f8c83319b63a1f7074c5c925e6 -> b9946b9e6a1130ba1b93d6fbada57407
========================================================================
Received Prepare
Caller must complete domain reload
Begin MonoManager ReloadAssembly
- Loaded All Assemblies, in  0.491 seconds
Native extension for WindowsStandalone target not found
Mono: successfully reloaded assembly
- Finished resetting the current domain, in  0.716 seconds
Domain Reload Profiling: 1207ms
	BeginReloadAssembly (114ms)
		ExecutionOrderSort (0ms)
		DisableScriptedObjects (3ms)
		BackupInstance (0ms)
		ReleaseScriptingObjects (0ms)
		CreateAndSetChildDomain (28ms)
	RebuildCommonClasses (23ms)
	RebuildNativeTypeToScriptingClass (8ms)
	initialDomainReloadingComplete (38ms)
	LoadAllAssembliesAndSetupDomain (307ms)
		LoadAssemblies (349ms)
		RebuildTransferFunctionScriptingTraits (0ms)
		AnalyzeDomain (17ms)
			TypeCache.Refresh (7ms)
				TypeCache.ScanAssembly (1ms)
			ScanForSourceGeneratedMonoScriptInfo (5ms)
			ResolveRequiredComponents (3ms)
	FinalizeReload (716ms)
		ReleaseScriptCaches (0ms)
		RebuildScriptCaches (0ms)
		SetupLoadedEditorAssemblies (379ms)
			LogAssemblyErrors (0ms)
			InitializePlatformSupportModulesInManaged (4ms)
			SetLoadedEditorAssemblies (5ms)
			RefreshPlugins (0ms)
			BeforeProcessingInitializeOnLoad (44ms)
			ProcessInitializeOnLoadAttributes (310ms)
			ProcessInitializeOnLoadMethodAttributes (15ms)
			AfterProcessingInitializeOnLoad (2ms)
			EditorAssembliesLoaded (0ms)
		ExecutionOrderSort2 (0ms)
		AwakeInstancesAfterBackupRestoration (6ms)
Refreshing native plugins compatible for Editor in 29.52 ms, found 8 plugins.
Preloading 0 native plugins for Editor in 0.00 ms.
Unloading 3238 Unused Serialized files (Serialized files now loaded: 0)
Unloading 27 unused Assets / (35.3 KB). Loaded Objects now: 3789.
Memory consumption went from 128.5 MB to 128.5 MB.
Total: 4.011300 ms (FindLiveObjects: 0.466300 ms CreateObjectMapping: 0.092000 ms MarkObjects: 3.378100 ms  DeleteObjects: 0.073700 ms)

Prepare: number of updated asset objects reloaded= 0
AssetImportParameters requested are different than current active one (requested -> active):
  custom:container-demuxer-ogg: 62fdf1f143b41e24485cea50d1cbac27 -> 
  custom:scripting/monoscript/fileName/ItemInteraction.cs: c43c7923e53ececd65d6ae444b350843 -> 
  custom:video-codec-MediaFoundation-h265: 746d11721c4dcdbdad8f713fa42b33f4 -> 
  custom:scripting/monoscript/fileName/FreeCamera1.cs: cfa08fe9b0fdfec479ed24ebb8964fa3 -> 
  custom:video-decoder-ogg-theora: a1e56fd34408186e4bbccfd4996cb3dc -> 
  custom:framework-win-MediaFoundation: 216162199b28c13a410421893ffa2e32 -> 
  custom:CustomObjectIndexerAttribute: 9a22284fe3817be447336de3de66b15e -> 
  custom:container-demuxer-webm: 4f35f7cbe854078d1ac9338744f61a02 -> 
  custom:container-muxer-webm: aa71ff27fc2769a1b78a27578f13a17b -> 
  custom:video-decoder-webm-vp8: 9c59270c3fd7afecdb556c50c9e8de78 -> 
  custom:scripting/monoscript/fileName/ItemData.cs: aa443fe117f868e3be9d7f6bf5865156 -> 
  custom:SearchIndexIgnoredProperties: e643bd26f0fe6173181afceb89e7c659 -> 
  custom:AudioImporter_EditorPlatform: d09bf68614088b80899f8185d706f6e7 -> 
  custom:scripting/monoscript/fileName/ShoppingCart.cs: 9539a68b93869ca6a7ecd2a09b239278 -> 
  custom:scripting/monoscript/fileName/FreeCart.cs: cfa08fe9b0fdfec479ed24ebb8964fa3 -> 
  custom:video-encoder-webm-vp8: eb34c28f22e8b96e1ab97ce403110664 -> 
  custom:audio-decoder-ogg-vorbis: bf7c407c2cedff20999df2af8eb42d56 -> 
  custom:audio-encoder-webm-vorbis: bf7c407c2cedff20999df2af8eb42d56 -> 
  custom:scripting/precompiled-assembly-types:Assembly-CSharp: 60e752f8c83319b63a1f7074c5c925e6 -> b9946b9e6a1130ba1b93d6fbada57407
========================================================================
Received Prepare
Caller must complete domain reload
Begin MonoManager ReloadAssembly
- Loaded All Assemblies, in  0.562 seconds
Native extension for WindowsStandalone target not found
Mono: successfully reloaded assembly
- Finished resetting the current domain, in  0.815 seconds
Domain Reload Profiling: 1377ms
	BeginReloadAssembly (101ms)
		ExecutionOrderSort (0ms)
		DisableScriptedObjects (4ms)
		BackupInstance (0ms)
		ReleaseScriptingObjects (0ms)
		CreateAndSetChildDomain (26ms)
	RebuildCommonClasses (23ms)
	RebuildNativeTypeToScriptingClass (7ms)
	initialDomainReloadingComplete (95ms)
	LoadAllAssembliesAndSetupDomain (335ms)
		LoadAssemblies (373ms)
		RebuildTransferFunctionScriptingTraits (0ms)
		AnalyzeDomain (10ms)
			TypeCache.Refresh (4ms)
				TypeCache.ScanAssembly (0ms)
			ScanForSourceGeneratedMonoScriptInfo (0ms)
			ResolveRequiredComponents (4ms)
	FinalizeReload (816ms)
		ReleaseScriptCaches (0ms)
		RebuildScriptCaches (0ms)
		SetupLoadedEditorAssemblies (433ms)
			LogAssemblyErrors (0ms)
			InitializePlatformSupportModulesInManaged (4ms)
			SetLoadedEditorAssemblies (3ms)
			RefreshPlugins (0ms)
			BeforeProcessingInitializeOnLoad (47ms)
			ProcessInitializeOnLoadAttributes (361ms)
			ProcessInitializeOnLoadMethodAttributes (15ms)
			AfterProcessingInitializeOnLoad (2ms)
			EditorAssembliesLoaded (0ms)
		ExecutionOrderSort2 (0ms)
		AwakeInstancesAfterBackupRestoration (7ms)
Refreshing native plugins compatible for Editor in 33.35 ms, found 8 plugins.
Preloading 0 native plugins for Editor in 0.00 ms.
Unloading 3238 Unused Serialized files (Serialized files now loaded: 0)
Unloading 27 unused Assets / (35.4 KB). Loaded Objects now: 3792.
Memory consumption went from 128.5 MB to 128.5 MB.
Total: 4.474500 ms (FindLiveObjects: 0.506000 ms CreateObjectMapping: 0.117000 ms MarkObjects: 3.766400 ms  DeleteObjects: 0.084000 ms)

Prepare: number of updated asset objects reloaded= 0
AssetImportParameters requested are different than current active one (requested -> active):
  custom:container-demuxer-ogg: 62fdf1f143b41e24485cea50d1cbac27 -> 
  custom:scripting/monoscript/fileName/ItemInteraction.cs: c43c7923e53ececd65d6ae444b350843 -> 
  custom:video-codec-MediaFoundation-h265: 746d11721c4dcdbdad8f713fa42b33f4 -> 
  custom:scripting/monoscript/fileName/FreeCamera1.cs: cfa08fe9b0fdfec479ed24ebb8964fa3 -> 
  custom:video-decoder-ogg-theora: a1e56fd34408186e4bbccfd4996cb3dc -> 
  custom:framework-win-MediaFoundation: 216162199b28c13a410421893ffa2e32 -> 
  custom:CustomObjectIndexerAttribute: 9a22284fe3817be447336de3de66b15e -> 
  custom:container-demuxer-webm: 4f35f7cbe854078d1ac9338744f61a02 -> 
  custom:container-muxer-webm: aa71ff27fc2769a1b78a27578f13a17b -> 
  custom:video-decoder-webm-vp8: 9c59270c3fd7afecdb556c50c9e8de78 -> 
  custom:scripting/monoscript/fileName/ItemData.cs: aa443fe117f868e3be9d7f6bf5865156 -> 
  custom:SearchIndexIgnoredProperties: e643bd26f0fe6173181afceb89e7c659 -> 
  custom:AudioImporter_EditorPlatform: d09bf68614088b80899f8185d706f6e7 -> 
  custom:scripting/monoscript/fileName/ShoppingCart.cs: 9539a68b93869ca6a7ecd2a09b239278 -> 
  custom:scripting/monoscript/fileName/FreeCart.cs: cfa08fe9b0fdfec479ed24ebb8964fa3 -> 
  custom:video-encoder-webm-vp8: eb34c28f22e8b96e1ab97ce403110664 -> 
  custom:audio-decoder-ogg-vorbis: bf7c407c2cedff20999df2af8eb42d56 -> 
  custom:audio-encoder-webm-vorbis: bf7c407c2cedff20999df2af8eb42d56 -> 
  custom:scripting/precompiled-assembly-types:Assembly-CSharp: 60e752f8c83319b63a1f7074c5c925e6 -> b9946b9e6a1130ba1b93d6fbada57407
========================================================================
Received Prepare
Caller must complete domain reload
Begin MonoManager ReloadAssembly
- Loaded All Assemblies, in  0.501 seconds
Native extension for WindowsStandalone target not found
Mono: successfully reloaded assembly
- Finished resetting the current domain, in  0.735 seconds
Domain Reload Profiling: 1236ms
	BeginReloadAssembly (119ms)
		ExecutionOrderSort (0ms)
		DisableScriptedObjects (4ms)
		BackupInstance (0ms)
		ReleaseScriptingObjects (0ms)
		CreateAndSetChildDomain (32ms)
	RebuildCommonClasses (23ms)
	RebuildNativeTypeToScriptingClass (7ms)
	initialDomainReloadingComplete (38ms)
	LoadAllAssembliesAndSetupDomain (313ms)
		LoadAssemblies (353ms)
		RebuildTransferFunctionScriptingTraits (0ms)
		AnalyzeDomain (17ms)
			TypeCache.Refresh (7ms)
				TypeCache.ScanAssembly (1ms)
			ScanForSourceGeneratedMonoScriptInfo (5ms)
			ResolveRequiredComponents (4ms)
	FinalizeReload (736ms)
		ReleaseScriptCaches (0ms)
		RebuildScriptCaches (0ms)
		SetupLoadedEditorAssemblies (393ms)
			LogAssemblyErrors (0ms)
			InitializePlatformSupportModulesInManaged (4ms)
			SetLoadedEditorAssemblies (4ms)
			RefreshPlugins (0ms)
			BeforeProcessingInitializeOnLoad (48ms)
			ProcessInitializeOnLoadAttributes (319ms)
			ProcessInitializeOnLoadMethodAttributes (14ms)
			AfterProcessingInitializeOnLoad (3ms)
			EditorAssembliesLoaded (0ms)
		ExecutionOrderSort2 (0ms)
		AwakeInstancesAfterBackupRestoration (8ms)
Refreshing native plugins compatible for Editor in 28.95 ms, found 8 plugins.
Preloading 0 native plugins for Editor in 0.00 ms.
Unloading 3238 Unused Serialized files (Serialized files now loaded: 0)
Unloading 27 unused Assets / (35.3 KB). Loaded Objects now: 3795.
Memory consumption went from 128.5 MB to 128.5 MB.
Total: 3.990800 ms (FindLiveObjects: 0.469200 ms CreateObjectMapping: 0.102100 ms MarkObjects: 3.340600 ms  DeleteObjects: 0.077800 ms)

Prepare: number of updated asset objects reloaded= 0
AssetImportParameters requested are different than current active one (requested -> active):
  custom:container-demuxer-ogg: 62fdf1f143b41e24485cea50d1cbac27 -> 
  custom:scripting/monoscript/fileName/ItemInteraction.cs: c43c7923e53ececd65d6ae444b350843 -> 
  custom:video-codec-MediaFoundation-h265: 746d11721c4dcdbdad8f713fa42b33f4 -> 
  custom:scripting/monoscript/fileName/FreeCamera1.cs: cfa08fe9b0fdfec479ed24ebb8964fa3 -> 
  custom:video-decoder-ogg-theora: a1e56fd34408186e4bbccfd4996cb3dc -> 
  custom:framework-win-MediaFoundation: 216162199b28c13a410421893ffa2e32 -> 
  custom:CustomObjectIndexerAttribute: 9a22284fe3817be447336de3de66b15e -> 
  custom:container-demuxer-webm: 4f35f7cbe854078d1ac9338744f61a02 -> 
  custom:container-muxer-webm: aa71ff27fc2769a1b78a27578f13a17b -> 
  custom:video-decoder-webm-vp8: 9c59270c3fd7afecdb556c50c9e8de78 -> 
  custom:scripting/monoscript/fileName/ItemData.cs: aa443fe117f868e3be9d7f6bf5865156 -> 
  custom:SearchIndexIgnoredProperties: e643bd26f0fe6173181afceb89e7c659 -> 
  custom:AudioImporter_EditorPlatform: d09bf68614088b80899f8185d706f6e7 -> 
  custom:scripting/monoscript/fileName/ShoppingCart.cs: 9539a68b93869ca6a7ecd2a09b239278 -> 
  custom:scripting/monoscript/fileName/FreeCart.cs: cfa08fe9b0fdfec479ed24ebb8964fa3 -> 
  custom:video-encoder-webm-vp8: eb34c28f22e8b96e1ab97ce403110664 -> 
  custom:audio-decoder-ogg-vorbis: bf7c407c2cedff20999df2af8eb42d56 -> 
  custom:audio-encoder-webm-vorbis: bf7c407c2cedff20999df2af8eb42d56 -> 
  custom:scripting/precompiled-assembly-types:Assembly-CSharp: 60e752f8c83319b63a1f7074c5c925e6 -> b9946b9e6a1130ba1b93d6fbada57407
========================================================================
Received Prepare
Caller must complete domain reload
Begin MonoManager ReloadAssembly
- Loaded All Assemblies, in  0.536 seconds
Native extension for WindowsStandalone target not found
Mono: successfully reloaded assembly
- Finished resetting the current domain, in  0.763 seconds
Domain Reload Profiling: 1299ms
	BeginReloadAssembly (110ms)
		ExecutionOrderSort (0ms)
		DisableScriptedObjects (3ms)
		BackupInstance (0ms)
		ReleaseScriptingObjects (0ms)
		CreateAndSetChildDomain (26ms)
	RebuildCommonClasses (19ms)
	RebuildNativeTypeToScriptingClass (9ms)
	initialDomainReloadingComplete (90ms)
	LoadAllAssembliesAndSetupDomain (306ms)
		LoadAssemblies (355ms)
		RebuildTransferFunctionScriptingTraits (0ms)
		AnalyzeDomain (9ms)
			TypeCache.Refresh (4ms)
				TypeCache.ScanAssembly (0ms)
			ScanForSourceGeneratedMonoScriptInfo (0ms)
			ResolveRequiredComponents (4ms)
	FinalizeReload (764ms)
		ReleaseScriptCaches (0ms)
		RebuildScriptCaches (0ms)
		SetupLoadedEditorAssemblies (438ms)
			LogAssemblyErrors (0ms)
			InitializePlatformSupportModulesInManaged (5ms)
			SetLoadedEditorAssemblies (4ms)
			RefreshPlugins (0ms)
			BeforeProcessingInitializeOnLoad (47ms)
			ProcessInitializeOnLoadAttributes (361ms)
			ProcessInitializeOnLoadMethodAttributes (18ms)
			AfterProcessingInitializeOnLoad (2ms)
			EditorAssembliesLoaded (0ms)
		ExecutionOrderSort2 (0ms)
		AwakeInstancesAfterBackupRestoration (7ms)
Refreshing native plugins compatible for Editor in 30.67 ms, found 8 plugins.
Preloading 0 native plugins for Editor in 0.00 ms.
Unloading 3238 Unused Serialized files (Serialized files now loaded: 0)
Unloading 27 unused Assets / (35.3 KB). Loaded Objects now: 3798.
Memory consumption went from 128.5 MB to 128.5 MB.
Total: 4.887000 ms (FindLiveObjects: 0.502200 ms CreateObjectMapping: 0.139400 ms MarkObjects: 4.151000 ms  DeleteObjects: 0.091600 ms)

Prepare: number of updated asset objects reloaded= 0
AssetImportParameters requested are different than current active one (requested -> active):
  custom:container-demuxer-ogg: 62fdf1f143b41e24485cea50d1cbac27 -> 
  custom:scripting/monoscript/fileName/ItemInteraction.cs: c43c7923e53ececd65d6ae444b350843 -> 
  custom:video-codec-MediaFoundation-h265: 746d11721c4dcdbdad8f713fa42b33f4 -> 
  custom:scripting/monoscript/fileName/FreeCamera1.cs: cfa08fe9b0fdfec479ed24ebb8964fa3 -> 
  custom:video-decoder-ogg-theora: a1e56fd34408186e4bbccfd4996cb3dc -> 
  custom:framework-win-MediaFoundation: 216162199b28c13a410421893ffa2e32 -> 
  custom:CustomObjectIndexerAttribute: 9a22284fe3817be447336de3de66b15e -> 
  custom:container-demuxer-webm: 4f35f7cbe854078d1ac9338744f61a02 -> 
  custom:container-muxer-webm: aa71ff27fc2769a1b78a27578f13a17b -> 
  custom:video-decoder-webm-vp8: 9c59270c3fd7afecdb556c50c9e8de78 -> 
  custom:scripting/monoscript/fileName/ItemData.cs: aa443fe117f868e3be9d7f6bf5865156 -> 
  custom:SearchIndexIgnoredProperties: e643bd26f0fe6173181afceb89e7c659 -> 
  custom:AudioImporter_EditorPlatform: d09bf68614088b80899f8185d706f6e7 -> 
  custom:scripting/monoscript/fileName/ShoppingCart.cs: 9539a68b93869ca6a7ecd2a09b239278 -> 
  custom:scripting/monoscript/fileName/FreeCart.cs: cfa08fe9b0fdfec479ed24ebb8964fa3 -> 
  custom:video-encoder-webm-vp8: eb34c28f22e8b96e1ab97ce403110664 -> 
  custom:audio-decoder-ogg-vorbis: bf7c407c2cedff20999df2af8eb42d56 -> 
  custom:audio-encoder-webm-vorbis: bf7c407c2cedff20999df2af8eb42d56 -> 
  custom:scripting/precompiled-assembly-types:Assembly-CSharp: 60e752f8c83319b63a1f7074c5c925e6 -> b9946b9e6a1130ba1b93d6fbada57407
========================================================================
Received Prepare
Caller must complete domain reload
Begin MonoManager ReloadAssembly
- Loaded All Assemblies, in  0.531 seconds
Native extension for WindowsStandalone target not found
Mono: successfully reloaded assembly
- Finished resetting the current domain, in  0.725 seconds
Domain Reload Profiling: 1255ms
	BeginReloadAssembly (102ms)
		ExecutionOrderSort (0ms)
		DisableScriptedObjects (3ms)
		BackupInstance (0ms)
		ReleaseScriptingObjects (0ms)
		CreateAndSetChildDomain (24ms)
	RebuildCommonClasses (26ms)
	RebuildNativeTypeToScriptingClass (8ms)
	initialDomainReloadingComplete (99ms)
	LoadAllAssembliesAndSetupDomain (296ms)
		LoadAssemblies (337ms)
		RebuildTransferFunctionScriptingTraits (0ms)
		AnalyzeDomain (9ms)
			TypeCache.Refresh (4ms)
				TypeCache.ScanAssembly (0ms)
			ScanForSourceGeneratedMonoScriptInfo (0ms)
			ResolveRequiredComponents (3ms)
	FinalizeReload (725ms)
		ReleaseScriptCaches (0ms)
		RebuildScriptCaches (0ms)
		SetupLoadedEditorAssemblies (409ms)
			LogAssemblyErrors (0ms)
			InitializePlatformSupportModulesInManaged (4ms)
			SetLoadedEditorAssemblies (4ms)
			RefreshPlugins (0ms)
			BeforeProcessingInitializeOnLoad (49ms)
			ProcessInitializeOnLoadAttributes (334ms)
			ProcessInitializeOnLoadMethodAttributes (16ms)
			AfterProcessingInitializeOnLoad (2ms)
			EditorAssembliesLoaded (0ms)
		ExecutionOrderSort2 (0ms)
		AwakeInstancesAfterBackupRestoration (7ms)
Refreshing native plugins compatible for Editor in 36.97 ms, found 8 plugins.
Preloading 0 native plugins for Editor in 0.00 ms.
Unloading 3238 Unused Serialized files (Serialized files now loaded: 0)
Unloading 27 unused Assets / (35.3 KB). Loaded Objects now: 3801.
Memory consumption went from 128.5 MB to 128.5 MB.
Total: 5.793000 ms (FindLiveObjects: 0.483300 ms CreateObjectMapping: 0.136200 ms MarkObjects: 5.091800 ms  DeleteObjects: 0.080300 ms)

Prepare: number of updated asset objects reloaded= 0
AssetImportParameters requested are different than current active one (requested -> active):
  custom:container-demuxer-ogg: 62fdf1f143b41e24485cea50d1cbac27 -> 
  custom:scripting/monoscript/fileName/ItemInteraction.cs: c43c7923e53ececd65d6ae444b350843 -> 
  custom:video-codec-MediaFoundation-h265: 746d11721c4dcdbdad8f713fa42b33f4 -> 
  custom:scripting/monoscript/fileName/FreeCamera1.cs: cfa08fe9b0fdfec479ed24ebb8964fa3 -> 
  custom:video-decoder-ogg-theora: a1e56fd34408186e4bbccfd4996cb3dc -> 
  custom:framework-win-MediaFoundation: 216162199b28c13a410421893ffa2e32 -> 
  custom:CustomObjectIndexerAttribute: 9a22284fe3817be447336de3de66b15e -> 
  custom:container-demuxer-webm: 4f35f7cbe854078d1ac9338744f61a02 -> 
  custom:container-muxer-webm: aa71ff27fc2769a1b78a27578f13a17b -> 
  custom:video-decoder-webm-vp8: 9c59270c3fd7afecdb556c50c9e8de78 -> 
  custom:scripting/monoscript/fileName/ItemData.cs: aa443fe117f868e3be9d7f6bf5865156 -> 
  custom:SearchIndexIgnoredProperties: e643bd26f0fe6173181afceb89e7c659 -> 
  custom:AudioImporter_EditorPlatform: d09bf68614088b80899f8185d706f6e7 -> 
  custom:scripting/monoscript/fileName/ShoppingCart.cs: 9539a68b93869ca6a7ecd2a09b239278 -> 
  custom:scripting/monoscript/fileName/FreeCart.cs: cfa08fe9b0fdfec479ed24ebb8964fa3 -> 
  custom:video-encoder-webm-vp8: eb34c28f22e8b96e1ab97ce403110664 -> 
  custom:audio-decoder-ogg-vorbis: bf7c407c2cedff20999df2af8eb42d56 -> 
  custom:audio-encoder-webm-vorbis: bf7c407c2cedff20999df2af8eb42d56 -> 
  custom:scripting/precompiled-assembly-types:Assembly-CSharp: 60e752f8c83319b63a1f7074c5c925e6 -> b9946b9e6a1130ba1b93d6fbada57407
========================================================================
Received Import Request.
  Time since last request: 697.187611 seconds.
  path: Assets/NuGet.config
  artifactKey: Guid(daad2310a12ad754ca0c8b1032fada01) Importer(2089858483,0ecaa5967403d082aa24f35e1b516d23)
Start importing Assets/NuGet.config using Guid(daad2310a12ad754ca0c8b1032fada01) Importer(2089858483,0ecaa5967403d082aa24f35e1b516d23) [PhysX] Initialized MultithreadedTaskDispatcher with 16 workers.
 -> (artifact id: 'a5f20fff4f7833227e8730cf7ba8224b') in 0.070830 seconds
Number of updated asset objects reloaded before import = 0
Number of asset objects unloaded after import = 1
========================================================================
Received Import Request.
  Time since last request: 0.148987 seconds.
  path: Assets/Scenes/SampleScene.unity
  artifactKey: Guid(9fc0d4010bbf28b4594072e72b8655ab) Importer(2089858483,0ecaa5967403d082aa24f35e1b516d23)
Start importing Assets/Scenes/SampleScene.unity using Guid(9fc0d4010bbf28b4594072e72b8655ab) Importer(2089858483,0ecaa5967403d082aa24f35e1b516d23) [PhysX] Initialized MultithreadedTaskDispatcher with 16 workers.
 -> (artifact id: '0d5f0efacb814a1b242f2d4d2b65a8d2') in 0.010117 seconds
Number of updated asset objects reloaded before import = 0
Number of asset objects unloaded after import = 1
========================================================================
Received Import Request.
  Time since last request: 0.236941 seconds.
  path: Assets/ModernSupermarket/Prefabs/Main Camera.prefab
  artifactKey: Guid(6c7e9da7f50abfe4e89d4d65146a6bfa) Importer(2089858483,0ecaa5967403d082aa24f35e1b516d23)
Start importing Assets/ModernSupermarket/Prefabs/Main Camera.prefab using Guid(6c7e9da7f50abfe4e89d4d65146a6bfa) Importer(2089858483,0ecaa5967403d082aa24f35e1b516d23) [PhysX] Initialized MultithreadedTaskDispatcher with 16 workers.
 -> (artifact id: 'c4a925d96891f8358a13f403a78ceb30') in 0.038299 seconds
Number of updated asset objects reloaded before import = 0
Number of asset objects unloaded after import = 6
========================================================================
Received Import Request.
  Time since last request: 0.000025 seconds.
  path: Assets/ModernSupermarket/Scripts/AzureToDeepSeek.cs
  artifactKey: Guid(ff0f97f5fd9863643879f83634fa46a0) Importer(2089858483,0ecaa5967403d082aa24f35e1b516d23)
Start importing Assets/ModernSupermarket/Scripts/AzureToDeepSeek.cs using Guid(ff0f97f5fd9863643879f83634fa46a0) Importer(2089858483,0ecaa5967403d082aa24f35e1b516d23) [PhysX] Initialized MultithreadedTaskDispatcher with 16 workers.
 -> (artifact id: '9ff8695a3eee5edd0c0201bff6fdc736') in 0.013547 seconds
Number of updated asset objects reloaded before import = 0
Number of asset objects unloaded after import = 1
========================================================================
Received Import Request.
  Time since last request: 2.659305 seconds.
  path: Assets/ModernSupermarket/Scripts/AzureTTSPlayer.cs
  artifactKey: Guid(e366a01854f3664499a13f5977dd6d87) Importer(2089858483,0ecaa5967403d082aa24f35e1b516d23)
Start importing Assets/ModernSupermarket/Scripts/AzureTTSPlayer.cs using Guid(e366a01854f3664499a13f5977dd6d87) Importer(2089858483,0ecaa5967403d082aa24f35e1b516d23) [PhysX] Initialized MultithreadedTaskDispatcher with 16 workers.
 -> (artifact id: '90966c005feaffc0b16b915184bd9c8e') in 0.019664 seconds
Number of updated asset objects reloaded before import = 0
Number of asset objects unloaded after import = 1
========================================================================
Received Import Request.
  Time since last request: 0.000031 seconds.
  path: Assets/TextMesh Pro/Resources/LineBreaking Leading Characters.txt
  artifactKey: Guid(d82c1b31c7e74239bff1220585707d2b) Importer(2089858483,0ecaa5967403d082aa24f35e1b516d23)
Start importing Assets/TextMesh Pro/Resources/LineBreaking Leading Characters.txt using Guid(d82c1b31c7e74239bff1220585707d2b) Importer(2089858483,0ecaa5967403d082aa24f35e1b516d23) [PhysX] Initialized MultithreadedTaskDispatcher with 16 workers.
 -> (artifact id: '2f3f1bcb40e7a013b1495d1707552bde') in 0.017692 seconds
Number of updated asset objects reloaded before import = 0
Number of asset objects unloaded after import = 1
========================================================================
Received Import Request.
  Time since last request: 0.000041 seconds.
  path: Assets/Packages/System.Memory.Data.6.0.1/LICENSE.TXT
  artifactKey: Guid(169d6f73c538bca4c9ac567f7ae934dc) Importer(2089858483,0ecaa5967403d082aa24f35e1b516d23)
Start importing Assets/Packages/System.Memory.Data.6.0.1/LICENSE.TXT using Guid(169d6f73c538bca4c9ac567f7ae934dc) Importer(2089858483,0ecaa5967403d082aa24f35e1b516d23) [PhysX] Initialized MultithreadedTaskDispatcher with 16 workers.
 -> (artifact id: '1200591a8797ff44e0c80123f812d8c6') in 0.013952 seconds
Number of updated asset objects reloaded before import = 0
Number of asset objects unloaded after import = 1
========================================================================
Received Import Request.
  Time since last request: 0.000025 seconds.
  path: Assets/TextMesh Pro/Shaders/TMPro.cginc
  artifactKey: Guid(407bc68d299748449bbf7f48ee690f8d) Importer(2089858483,0ecaa5967403d082aa24f35e1b516d23)
Start importing Assets/TextMesh Pro/Shaders/TMPro.cginc using Guid(407bc68d299748449bbf7f48ee690f8d) Importer(2089858483,0ecaa5967403d082aa24f35e1b516d23) [PhysX] Initialized MultithreadedTaskDispatcher with 16 workers.
 -> (artifact id: '0cbc5b4a98ebd28765c96d0d3172876a') in 0.015477 seconds
Number of updated asset objects reloaded before import = 0
Number of asset objects unloaded after import = 1
========================================================================
Received Import Request.
  Time since last request: 0.000020 seconds.
  path: Assets/TextMesh Pro/Shaders/TMP_SDF-Mobile Overlay.shader
  artifactKey: Guid(a02a7d8c237544f1962732b55a9aebf1) Importer(2089858483,0ecaa5967403d082aa24f35e1b516d23)
Start importing Assets/TextMesh Pro/Shaders/TMP_SDF-Mobile Overlay.shader using Guid(a02a7d8c237544f1962732b55a9aebf1) Importer(2089858483,0ecaa5967403d082aa24f35e1b516d23) [PhysX] Initialized MultithreadedTaskDispatcher with 16 workers.
 -> (artifact id: '0048c956dbe13364aa6bb154a374367b') in 0.019601 seconds
Number of updated asset objects reloaded before import = 0
Number of asset objects unloaded after import = 1
========================================================================
Received Import Request.
  Time since last request: 0.000022 seconds.
  path: Assets/Packages/System.Diagnostics.DiagnosticSource.8.0.1/System.Diagnostics.DiagnosticSource.nuspec
  artifactKey: Guid(dc5da054710941d40a14cfe2ce1ab5d6) Importer(2089858483,0ecaa5967403d082aa24f35e1b516d23)
Start importing Assets/Packages/System.Diagnostics.DiagnosticSource.8.0.1/System.Diagnostics.DiagnosticSource.nuspec using Guid(dc5da054710941d40a14cfe2ce1ab5d6) Importer(2089858483,0ecaa5967403d082aa24f35e1b516d23) [PhysX] Initialized MultithreadedTaskDispatcher with 16 workers.
 -> (artifact id: '90563ee8097b2b9ac7d4ed2b2253b56f') in 0.012886 seconds
Number of updated asset objects reloaded before import = 0
Number of asset objects unloaded after import = 1
========================================================================
Received Import Request.
  Time since last request: 0.000020 seconds.
  path: Assets/Packages/System.Diagnostics.DiagnosticSource.8.0.1/LICENSE.TXT
  artifactKey: Guid(e88148fbd754629488f7d8f810882b97) Importer(2089858483,0ecaa5967403d082aa24f35e1b516d23)
Start importing Assets/Packages/System.Diagnostics.DiagnosticSource.8.0.1/LICENSE.TXT using Guid(e88148fbd754629488f7d8f810882b97) Importer(2089858483,0ecaa5967403d082aa24f35e1b516d23) [PhysX] Initialized MultithreadedTaskDispatcher with 16 workers.
 -> (artifact id: '4724cb147b4811a8d3d259551e93e30d') in 0.012948 seconds
Number of updated asset objects reloaded before import = 0
Number of asset objects unloaded after import = 1
========================================================================
Received Import Request.
  Time since last request: 0.000021 seconds.
  path: Assets/Packages/Azure.Core.1.46.2/Azure.Core.nuspec
  artifactKey: Guid(50141876d870bdc4b824a700244ff504) Importer(2089858483,0ecaa5967403d082aa24f35e1b516d23)
Start importing Assets/Packages/Azure.Core.1.46.2/Azure.Core.nuspec using Guid(50141876d870bdc4b824a700244ff504) Importer(2089858483,0ecaa5967403d082aa24f35e1b516d23) [PhysX] Initialized MultithreadedTaskDispatcher with 16 workers.
 -> (artifact id: 'be1e00405068ed7b23246a2a9d0063fe') in 0.010054 seconds
Number of updated asset objects reloaded before import = 0
Number of asset objects unloaded after import = 1
========================================================================
Received Import Request.
  Time since last request: 0.000027 seconds.
  path: Assets/TextMesh Pro/Sprites/EmojiOne.png
  artifactKey: Guid(dffef66376be4fa480fb02b19edbe903) Importer(2089858483,0ecaa5967403d082aa24f35e1b516d23)
Start importing Assets/TextMesh Pro/Sprites/EmojiOne.png using Guid(dffef66376be4fa480fb02b19edbe903) Importer(2089858483,0ecaa5967403d082aa24f35e1b516d23) [PhysX] Initialized MultithreadedTaskDispatcher with 16 workers.
 -> (artifact id: 'b90c412dcc99042165d2748971f3bf41') in 0.043538 seconds
Number of updated asset objects reloaded before import = 0
Number of asset objects unloaded after import = 1
========================================================================
Received Import Request.
  Time since last request: 0.000017 seconds.
  path: Assets/Packages/System.Text.Json.8.0.5/LICENSE.TXT
  artifactKey: Guid(7cb151acb9822ad49951069fa9c7fb70) Importer(2089858483,0ecaa5967403d082aa24f35e1b516d23)
Start importing Assets/Packages/System.Text.Json.8.0.5/LICENSE.TXT using Guid(7cb151acb9822ad49951069fa9c7fb70) Importer(2089858483,0ecaa5967403d082aa24f35e1b516d23) [PhysX] Initialized MultithreadedTaskDispatcher with 16 workers.
 -> (artifact id: 'c810e5b4348f2c83ad423bc10f2b3d27') in 0.012860 seconds
Number of updated asset objects reloaded before import = 0
Number of asset objects unloaded after import = 1
========================================================================
Received Import Request.
  Time since last request: 0.000023 seconds.
  path: Assets/Packages/Microsoft.Bcl.AsyncInterfaces.8.0.0/Icon.png
  artifactKey: Guid(0c598b51077efe44288c5b40053ccaeb) Importer(2089858483,0ecaa5967403d082aa24f35e1b516d23)
Start importing Assets/Packages/Microsoft.Bcl.AsyncInterfaces.8.0.0/Icon.png using Guid(0c598b51077efe44288c5b40053ccaeb) Importer(2089858483,0ecaa5967403d082aa24f35e1b516d23) [PhysX] Initialized MultithreadedTaskDispatcher with 16 workers.
 -> (artifact id: '8dfc9ec3ef9e5a6f3ab7c96408b87644') in 0.020317 seconds
Number of updated asset objects reloaded before import = 0
Number of asset objects unloaded after import = 1
========================================================================
Received Import Request.
  Time since last request: 0.000021 seconds.
  path: Assets/Packages/System.Diagnostics.DiagnosticSource.8.0.1/useSharedDesignerContext.txt
  artifactKey: Guid(42437b1447cefe2429c356fccd918a59) Importer(2089858483,0ecaa5967403d082aa24f35e1b516d23)
Start importing Assets/Packages/System.Diagnostics.DiagnosticSource.8.0.1/useSharedDesignerContext.txt using Guid(42437b1447cefe2429c356fccd918a59) Importer(2089858483,0ecaa5967403d082aa24f35e1b516d23) [PhysX] Initialized MultithreadedTaskDispatcher with 16 workers.
 -> (artifact id: '778ff2f7d05b597ea6f0a9d1067c2f2b') in 0.012190 seconds
Number of updated asset objects reloaded before import = 0
Number of asset objects unloaded after import = 1
========================================================================
Received Import Request.
  Time since last request: 0.000020 seconds.
  path: Assets/Packages/System.Runtime.CompilerServices.Unsafe.6.0.0/Icon.png
  artifactKey: Guid(feafb9c102c900a478dacd87db4ba08a) Importer(2089858483,0ecaa5967403d082aa24f35e1b516d23)
Start importing Assets/Packages/System.Runtime.CompilerServices.Unsafe.6.0.0/Icon.png using Guid(feafb9c102c900a478dacd87db4ba08a) Importer(2089858483,0ecaa5967403d082aa24f35e1b516d23) [PhysX] Initialized MultithreadedTaskDispatcher with 16 workers.
 -> (artifact id: '2115854052e4207fb5253ee4123e809c') in 0.018556 seconds
Number of updated asset objects reloaded before import = 0
Number of asset objects unloaded after import = 1
========================================================================
Received Import Request.
  Time since last request: 0.000032 seconds.
  path: Assets/Packages/System.Text.Encodings.Web.8.0.0/LICENSE.TXT
  artifactKey: Guid(764f6804a2f9be34ea2cf188801f6fa1) Importer(2089858483,0ecaa5967403d082aa24f35e1b516d23)
Start importing Assets/Packages/System.Text.Encodings.Web.8.0.0/LICENSE.TXT using Guid(764f6804a2f9be34ea2cf188801f6fa1) Importer(2089858483,0ecaa5967403d082aa24f35e1b516d23) [PhysX] Initialized MultithreadedTaskDispatcher with 16 workers.
 -> (artifact id: '0c1174f0bf6578949b9d97633502f211') in 0.011672 seconds
Number of updated asset objects reloaded before import = 0
Number of asset objects unloaded after import = 1
========================================================================
Received Import Request.
  Time since last request: 0.000028 seconds.
  path: Assets/ModernSupermarket/Models/Architecture/Floor.fbx
  artifactKey: Guid(85491b0953cc55e4381b02e4495d4a00) Importer(2089858483,0ecaa5967403d082aa24f35e1b516d23)
Start importing Assets/ModernSupermarket/Models/Architecture/Floor.fbx using Guid(85491b0953cc55e4381b02e4495d4a00) Importer(2089858483,0ecaa5967403d082aa24f35e1b516d23) [PhysX] Initialized MultithreadedTaskDispatcher with 16 workers.
 -> (artifact id: 'a4dbff40dbbbc30d39aaa485358714bf') in 0.057964 seconds
Number of updated asset objects reloaded before import = 0
Number of asset objects unloaded after import = 7
========================================================================
Received Import Request.
  Time since last request: 0.000030 seconds.
  path: Assets/Packages/System.Diagnostics.DiagnosticSource.8.0.1/THIRD-PARTY-NOTICES.TXT
  artifactKey: Guid(502c23754efc9b340ad145f6ffd0c7ae) Importer(2089858483,0ecaa5967403d082aa24f35e1b516d23)
Start importing Assets/Packages/System.Diagnostics.DiagnosticSource.8.0.1/THIRD-PARTY-NOTICES.TXT using Guid(502c23754efc9b340ad145f6ffd0c7ae) Importer(2089858483,0ecaa5967403d082aa24f35e1b516d23) [PhysX] Initialized MultithreadedTaskDispatcher with 16 workers.
 -> (artifact id: '901289b031531be823590d4687bd370c') in 0.018668 seconds
Number of updated asset objects reloaded before import = 0
Number of asset objects unloaded after import = 1
========================================================================
Received Import Request.
  Time since last request: 0.000056 seconds.
  path: Assets/TextMesh Pro/Documentation/TextMesh Pro User Guide 2016.pdf
  artifactKey: Guid(1b8d251f9af63b746bf2f7ffe00ebb9b) Importer(2089858483,0ecaa5967403d082aa24f35e1b516d23)
Start importing Assets/TextMesh Pro/Documentation/TextMesh Pro User Guide 2016.pdf using Guid(1b8d251f9af63b746bf2f7ffe00ebb9b) Importer(2089858483,0ecaa5967403d082aa24f35e1b516d23) [PhysX] Initialized MultithreadedTaskDispatcher with 16 workers.
 -> (artifact id: '4925be78eaf535bf5eb68e0204227de4') in 0.013798 seconds
Number of updated asset objects reloaded before import = 0
Number of asset objects unloaded after import = 1
========================================================================
Received Import Request.
  Time since last request: 0.000032 seconds.
  path: Assets/ModernSupermarket/Scripts/MainThreadDispatcher.cs
  artifactKey: Guid(21da4a37cc2037d4f8b74717ffecdf89) Importer(2089858483,0ecaa5967403d082aa24f35e1b516d23)
Start importing Assets/ModernSupermarket/Scripts/MainThreadDispatcher.cs using Guid(21da4a37cc2037d4f8b74717ffecdf89) Importer(2089858483,0ecaa5967403d082aa24f35e1b516d23) [PhysX] Initialized MultithreadedTaskDispatcher with 16 workers.
 -> (artifact id: '90fd9233bd75de3e388ebe4ec49e2004') in 0.013836 seconds
Number of updated asset objects reloaded before import = 0
Number of asset objects unloaded after import = 1
========================================================================
Received Import Request.
  Time since last request: 0.000020 seconds.
  path: Assets/Packages/System.Text.Encodings.Web.8.0.0/System.Text.Encodings.Web.nuspec
  artifactKey: Guid(20d24edb1b9392246b3a62d97dbaa229) Importer(2089858483,0ecaa5967403d082aa24f35e1b516d23)
Start importing Assets/Packages/System.Text.Encodings.Web.8.0.0/System.Text.Encodings.Web.nuspec using Guid(20d24edb1b9392246b3a62d97dbaa229) Importer(2089858483,0ecaa5967403d082aa24f35e1b516d23) [PhysX] Initialized MultithreadedTaskDispatcher with 16 workers.
 -> (artifact id: 'fab071126ea643873a7f0aa751c347f9') in 0.010344 seconds
Number of updated asset objects reloaded before import = 0
Number of asset objects unloaded after import = 1
========================================================================
Received Import Request.
  Time since last request: 0.000020 seconds.
  path: Assets/Packages/Microsoft.Extensions.Logging.Abstractions.8.0.3/useSharedDesignerContext.txt
  artifactKey: Guid(047d094489a137b4aa62deab13934cb0) Importer(2089858483,0ecaa5967403d082aa24f35e1b516d23)
Start importing Assets/Packages/Microsoft.Extensions.Logging.Abstractions.8.0.3/useSharedDesignerContext.txt using Guid(047d094489a137b4aa62deab13934cb0) Importer(2089858483,0ecaa5967403d082aa24f35e1b516d23) [PhysX] Initialized MultithreadedTaskDispatcher with 16 workers.
 -> (artifact id: '764aa27dca7c064e83cc72c3ef256cef') in 0.012451 seconds
Number of updated asset objects reloaded before import = 0
Number of asset objects unloaded after import = 1
========================================================================
Received Import Request.
  Time since last request: 0.000023 seconds.
  path: Assets/ModernSupermarket/Shaders/Glass.shader
  artifactKey: Guid(5c807a08e8028cd43a3d25cbbfe0c304) Importer(2089858483,0ecaa5967403d082aa24f35e1b516d23)
Start importing Assets/ModernSupermarket/Shaders/Glass.shader using Guid(5c807a08e8028cd43a3d25cbbfe0c304) Importer(2089858483,0ecaa5967403d082aa24f35e1b516d23) [PhysX] Initialized MultithreadedTaskDispatcher with 16 workers.
 -> (artifact id: 'aafee19f622231cc697dcfd3efe47aca') in 0.011535 seconds
Number of updated asset objects reloaded before import = 0
Number of asset objects unloaded after import = 1
========================================================================
Received Import Request.
  Time since last request: 0.000023 seconds.
  path: Assets/TextMesh Pro/Sprites/EmojiOne Attribution.txt
  artifactKey: Guid(381dcb09d5029d14897e55f98031fca5) Importer(2089858483,0ecaa5967403d082aa24f35e1b516d23)
Start importing Assets/TextMesh Pro/Sprites/EmojiOne Attribution.txt using Guid(381dcb09d5029d14897e55f98031fca5) Importer(2089858483,0ecaa5967403d082aa24f35e1b516d23) [PhysX] Initialized MultithreadedTaskDispatcher with 16 workers.
 -> (artifact id: '0964eeee459f89c2e83b3cc7f87c56dc') in 0.011697 seconds
Number of updated asset objects reloaded before import = 0
Number of asset objects unloaded after import = 1
========================================================================
Received Import Request.
  Time since last request: 0.000019 seconds.
  path: Assets/ModernSupermarket/Scripts/FreeCamera.cs
  artifactKey: Guid(98a364947576a3341b6d3f02505de77f) Importer(2089858483,0ecaa5967403d082aa24f35e1b516d23)
Start importing Assets/ModernSupermarket/Scripts/FreeCamera.cs using Guid(98a364947576a3341b6d3f02505de77f) Importer(2089858483,0ecaa5967403d082aa24f35e1b516d23) [PhysX] Initialized MultithreadedTaskDispatcher with 16 workers.
 -> (artifact id: 'b6db9b4c7bbf3147c0bf993fb78ff046') in 0.012526 seconds
Number of updated asset objects reloaded before import = 0
Number of asset objects unloaded after import = 1
========================================================================
Received Import Request.
  Time since last request: 0.000021 seconds.
  path: Assets/TextMesh Pro/Shaders/TMP_SDF-Mobile Masking.shader
  artifactKey: Guid(bc1ede39bf3643ee8e493720e4259791) Importer(2089858483,0ecaa5967403d082aa24f35e1b516d23)
Start importing Assets/TextMesh Pro/Shaders/TMP_SDF-Mobile Masking.shader using Guid(bc1ede39bf3643ee8e493720e4259791) Importer(2089858483,0ecaa5967403d082aa24f35e1b516d23) [PhysX] Initialized MultithreadedTaskDispatcher with 16 workers.
 -> (artifact id: 'ee1916553b2516a3874ae7021d582722') in 0.011869 seconds
Number of updated asset objects reloaded before import = 0
Number of asset objects unloaded after import = 1
========================================================================
Received Import Request.
  Time since last request: 0.000017 seconds.
  path: Assets/TextMesh Pro/Shaders/TMP_Bitmap.shader
  artifactKey: Guid(128e987d567d4e2c824d754223b3f3b0) Importer(2089858483,0ecaa5967403d082aa24f35e1b516d23)
Start importing Assets/TextMesh Pro/Shaders/TMP_Bitmap.shader using Guid(128e987d567d4e2c824d754223b3f3b0) Importer(2089858483,0ecaa5967403d082aa24f35e1b516d23) [PhysX] Initialized MultithreadedTaskDispatcher with 16 workers.
 -> (artifact id: 'ca0f0afa2109486a8495bbc4af5d64f7') in 0.015262 seconds
Number of updated asset objects reloaded before import = 0
Number of asset objects unloaded after import = 1
========================================================================
Received Import Request.
  Time since last request: 0.000046 seconds.
  path: Assets/Packages/System.ClientModel.1.4.2/System.ClientModel.nuspec
  artifactKey: Guid(ed278da6c59b7ce49bab7edb47a34d36) Importer(2089858483,0ecaa5967403d082aa24f35e1b516d23)
Start importing Assets/Packages/System.ClientModel.1.4.2/System.ClientModel.nuspec using Guid(ed278da6c59b7ce49bab7edb47a34d36) Importer(2089858483,0ecaa5967403d082aa24f35e1b516d23) [PhysX] Initialized MultithreadedTaskDispatcher with 16 workers.
 -> (artifact id: '934073b11332146e57f1c3b92d7b76a9') in 0.013612 seconds
Number of updated asset objects reloaded before import = 0
Number of asset objects unloaded after import = 1
========================================================================
Received Import Request.
  Time since last request: 0.000041 seconds.
  path: Assets/TextMesh Pro/Shaders/TMP_SDF Overlay.shader
  artifactKey: Guid(dd89cf5b9246416f84610a006f916af7) Importer(2089858483,0ecaa5967403d082aa24f35e1b516d23)
Start importing Assets/TextMesh Pro/Shaders/TMP_SDF Overlay.shader using Guid(dd89cf5b9246416f84610a006f916af7) Importer(2089858483,0ecaa5967403d082aa24f35e1b516d23) [PhysX] Initialized MultithreadedTaskDispatcher with 16 workers.
 -> (artifact id: 'bf4d5636696d04fd0340dd0d4df713a6') in 0.014787 seconds
Number of updated asset objects reloaded before import = 0
Number of asset objects unloaded after import = 1
========================================================================
Received Import Request.
  Time since last request: 0.000026 seconds.
  path: Assets/TextMesh Pro/Shaders/TMP_SDF-Mobile SSD.shader
  artifactKey: Guid(c8d12adcee749c344b8117cf7c7eb912) Importer(2089858483,0ecaa5967403d082aa24f35e1b516d23)
Start importing Assets/TextMesh Pro/Shaders/TMP_SDF-Mobile SSD.shader using Guid(c8d12adcee749c344b8117cf7c7eb912) Importer(2089858483,0ecaa5967403d082aa24f35e1b516d23) [PhysX] Initialized MultithreadedTaskDispatcher with 16 workers.
 -> (artifact id: '2448581238b0f089d374f66a93fd2f1b') in 0.015139 seconds
Number of updated asset objects reloaded before import = 0
Number of asset objects unloaded after import = 1
========================================================================
Received Import Request.
  Time since last request: 0.000027 seconds.
  path: Assets/Packages/System.Text.Encodings.Web.8.0.0/useSharedDesignerContext.txt
  artifactKey: Guid(4992574efe326bd4eadadd101c4f0afa) Importer(2089858483,0ecaa5967403d082aa24f35e1b516d23)
Start importing Assets/Packages/System.Text.Encodings.Web.8.0.0/useSharedDesignerContext.txt using Guid(4992574efe326bd4eadadd101c4f0afa) Importer(2089858483,0ecaa5967403d082aa24f35e1b516d23) [PhysX] Initialized MultithreadedTaskDispatcher with 16 workers.
 -> (artifact id: '7bc1c3a740430e122f4d128ce63070ff') in 0.011418 seconds
Number of updated asset objects reloaded before import = 0
Number of asset objects unloaded after import = 1
========================================================================
Received Import Request.
  Time since last request: 0.000025 seconds.
  path: Assets/Packages/System.ClientModel.1.4.2/CHANGELOG.md
  artifactKey: Guid(ee02e47c6ee94814b993444d6ce6299c) Importer(2089858483,0ecaa5967403d082aa24f35e1b516d23)
Start importing Assets/Packages/System.ClientModel.1.4.2/CHANGELOG.md using Guid(ee02e47c6ee94814b993444d6ce6299c) Importer(2089858483,0ecaa5967403d082aa24f35e1b516d23) [PhysX] Initialized MultithreadedTaskDispatcher with 16 workers.
 -> (artifact id: '9703064cdb5c3cba1bb36c686a45d6c7') in 0.011969 seconds
Number of updated asset objects reloaded before import = 0
Number of asset objects unloaded after import = 1
========================================================================
Received Import Request.
  Time since last request: 0.000021 seconds.
  path: Assets/Packages/System.Text.Json.8.0.5/System.Text.Json.nuspec
  artifactKey: Guid(e848fe2b879d77c448a7ecbb46bab630) Importer(2089858483,0ecaa5967403d082aa24f35e1b516d23)
Start importing Assets/Packages/System.Text.Json.8.0.5/System.Text.Json.nuspec using Guid(e848fe2b879d77c448a7ecbb46bab630) Importer(2089858483,0ecaa5967403d082aa24f35e1b516d23) [PhysX] Initialized MultithreadedTaskDispatcher with 16 workers.
 -> (artifact id: 'e88b2e15d019e72c9585ddc1e9d007f1') in 0.012210 seconds
Number of updated asset objects reloaded before import = 0
Number of asset objects unloaded after import = 1
========================================================================
Received Import Request.
  Time since last request: 0.000022 seconds.
  path: Assets/Packages/System.Memory.Data.6.0.1/System.Memory.Data.nuspec
  artifactKey: Guid(07fb1274764f1254d88daf6ffaaaf050) Importer(2089858483,0ecaa5967403d082aa24f35e1b516d23)
Start importing Assets/Packages/System.Memory.Data.6.0.1/System.Memory.Data.nuspec using Guid(07fb1274764f1254d88daf6ffaaaf050) Importer(2089858483,0ecaa5967403d082aa24f35e1b516d23) [PhysX] Initialized MultithreadedTaskDispatcher with 16 workers.
 -> (artifact id: 'ee46a513343bea4179aaaadffb288e04') in 0.012022 seconds
Number of updated asset objects reloaded before import = 0
Number of asset objects unloaded after import = 1
========================================================================
Received Import Request.
  Time since last request: 0.000029 seconds.
  path: Assets/TextMesh Pro/Resources/LineBreaking Following Characters.txt
  artifactKey: Guid(fade42e8bc714b018fac513c043d323b) Importer(2089858483,0ecaa5967403d082aa24f35e1b516d23)
Start importing Assets/TextMesh Pro/Resources/LineBreaking Following Characters.txt using Guid(fade42e8bc714b018fac513c043d323b) Importer(2089858483,0ecaa5967403d082aa24f35e1b516d23) [PhysX] Initialized MultithreadedTaskDispatcher with 16 workers.
 -> (artifact id: '592ca2153acc22a44f285dbec78e6b28') in 0.010420 seconds
Number of updated asset objects reloaded before import = 0
Number of asset objects unloaded after import = 1
========================================================================
Received Import Request.
  Time since last request: 0.000022 seconds.
  path: Assets/TextMesh Pro/Shaders/TMP_SDF SSD.shader
  artifactKey: Guid(14eb328de4b8eb245bb7cea29e4ac00b) Importer(2089858483,0ecaa5967403d082aa24f35e1b516d23)
Start importing Assets/TextMesh Pro/Shaders/TMP_SDF SSD.shader using Guid(14eb328de4b8eb245bb7cea29e4ac00b) Importer(2089858483,0ecaa5967403d082aa24f35e1b516d23) [PhysX] Initialized MultithreadedTaskDispatcher with 16 workers.
 -> (artifact id: '54bf6d5f45ea01ab7230512f3d69f2d3') in 0.014776 seconds
Number of updated asset objects reloaded before import = 0
Number of asset objects unloaded after import = 1
========================================================================
Received Import Request.
  Time since last request: 0.000018 seconds.
  path: Assets/ModernSupermarket/Models/Architecture/Pillar.fbx
  artifactKey: Guid(920ad4d33a4b5724a9f9a1ca55919e8f) Importer(2089858483,0ecaa5967403d082aa24f35e1b516d23)
Start importing Assets/ModernSupermarket/Models/Architecture/Pillar.fbx using Guid(920ad4d33a4b5724a9f9a1ca55919e8f) Importer(2089858483,0ecaa5967403d082aa24f35e1b516d23) [PhysX] Initialized MultithreadedTaskDispatcher with 16 workers.
 -> (artifact id: 'd3ce7b7696744be7ad891ff731cfac4d') in 0.018766 seconds
Number of updated asset objects reloaded before import = 0
Number of asset objects unloaded after import = 7
========================================================================
Received Import Request.
  Time since last request: 0.000058 seconds.
  path: Assets/Packages/System.Memory.Data.6.0.1/THIRD-PARTY-NOTICES.TXT
  artifactKey: Guid(8b48cedf2486a7049aa127ce99c1776a) Importer(2089858483,0ecaa5967403d082aa24f35e1b516d23)
Start importing Assets/Packages/System.Memory.Data.6.0.1/THIRD-PARTY-NOTICES.TXT using Guid(8b48cedf2486a7049aa127ce99c1776a) Importer(2089858483,0ecaa5967403d082aa24f35e1b516d23) [PhysX] Initialized MultithreadedTaskDispatcher with 16 workers.
 -> (artifact id: '0eff5210391a777400c8d06679902d1f') in 0.011327 seconds
Number of updated asset objects reloaded before import = 0
Number of asset objects unloaded after import = 1
========================================================================
Received Import Request.
  Time since last request: 0.000022 seconds.
  path: Assets/Packages/System.Text.Encodings.Web.8.0.0/THIRD-PARTY-NOTICES.TXT
  artifactKey: Guid(96a44e9a04036324391d48297ea9b3a0) Importer(2089858483,0ecaa5967403d082aa24f35e1b516d23)
Start importing Assets/Packages/System.Text.Encodings.Web.8.0.0/THIRD-PARTY-NOTICES.TXT using Guid(96a44e9a04036324391d48297ea9b3a0) Importer(2089858483,0ecaa5967403d082aa24f35e1b516d23) [PhysX] Initialized MultithreadedTaskDispatcher with 16 workers.
 -> (artifact id: '4596da0ff3e9a499e73421bfbb724839') in 0.013136 seconds
Number of updated asset objects reloaded before import = 0
Number of asset objects unloaded after import = 1
========================================================================
Received Import Request.
  Time since last request: 0.000019 seconds.
  path: Assets/Packages/System.Text.Json.8.0.5/THIRD-PARTY-NOTICES.TXT
  artifactKey: Guid(19ec041aa3f0df0489635cb73964dda7) Importer(2089858483,0ecaa5967403d082aa24f35e1b516d23)
Start importing Assets/Packages/System.Text.Json.8.0.5/THIRD-PARTY-NOTICES.TXT using Guid(19ec041aa3f0df0489635cb73964dda7) Importer(2089858483,0ecaa5967403d082aa24f35e1b516d23) [PhysX] Initialized MultithreadedTaskDispatcher with 16 workers.
 -> (artifact id: 'c2ae470149f7eb3d2acfdbdbf09ac9d6') in 0.012059 seconds
Number of updated asset objects reloaded before import = 0
Number of asset objects unloaded after import = 1
========================================================================
Received Import Request.
  Time since last request: 0.000023 seconds.
  path: Assets/ModernSupermarket/Scripts/ShoppingCart.cs
  artifactKey: Guid(eccf4922558d94f44bb50e6956cb52f2) Importer(2089858483,0ecaa5967403d082aa24f35e1b516d23)
Start importing Assets/ModernSupermarket/Scripts/ShoppingCart.cs using Guid(eccf4922558d94f44bb50e6956cb52f2) Importer(2089858483,0ecaa5967403d082aa24f35e1b516d23) [PhysX] Initialized MultithreadedTaskDispatcher with 16 workers.
 -> (artifact id: 'c691ab2afbcb177c2a4aa1d48def118d') in 0.014416 seconds
Number of updated asset objects reloaded before import = 0
Number of asset objects unloaded after import = 1
========================================================================
Received Import Request.
  Time since last request: 0.000022 seconds.
  path: Assets/Packages/Microsoft.Extensions.DependencyInjection.Abstractions.8.0.2/LICENSE.TXT
  artifactKey: Guid(e783cd7b1dea0cf44b8d0c66dcf24d0e) Importer(2089858483,0ecaa5967403d082aa24f35e1b516d23)
Start importing Assets/Packages/Microsoft.Extensions.DependencyInjection.Abstractions.8.0.2/LICENSE.TXT using Guid(e783cd7b1dea0cf44b8d0c66dcf24d0e) Importer(2089858483,0ecaa5967403d082aa24f35e1b516d23) [PhysX] Initialized MultithreadedTaskDispatcher with 16 workers.
 -> (artifact id: '0bc88b8b43e40c734feb7bb6747b1e47') in 0.010675 seconds
Number of updated asset objects reloaded before import = 0
Number of asset objects unloaded after import = 1
========================================================================
Received Import Request.
  Time since last request: 0.000038 seconds.
  path: Assets/Packages/Microsoft.Extensions.Logging.Abstractions.8.0.3/THIRD-PARTY-NOTICES.TXT
  artifactKey: Guid(caa0a1f589f8e0645904229aa62185e4) Importer(2089858483,0ecaa5967403d082aa24f35e1b516d23)
Start importing Assets/Packages/Microsoft.Extensions.Logging.Abstractions.8.0.3/THIRD-PARTY-NOTICES.TXT using Guid(caa0a1f589f8e0645904229aa62185e4) Importer(2089858483,0ecaa5967403d082aa24f35e1b516d23) [PhysX] Initialized MultithreadedTaskDispatcher with 16 workers.
 -> (artifact id: '4543e8ac161428e1f91ce0c932d6ec77') in 0.011473 seconds
Number of updated asset objects reloaded before import = 0
Number of asset objects unloaded after import = 1
========================================================================
Received Import Request.
  Time since last request: 0.000022 seconds.
  path: Assets/Packages/Newtonsoft.Json.13.0.3/README.md
  artifactKey: Guid(f5e495fc317744446b2d76e70d9cf15d) Importer(2089858483,0ecaa5967403d082aa24f35e1b516d23)
Start importing Assets/Packages/Newtonsoft.Json.13.0.3/README.md using Guid(f5e495fc317744446b2d76e70d9cf15d) Importer(2089858483,0ecaa5967403d082aa24f35e1b516d23) [PhysX] Initialized MultithreadedTaskDispatcher with 16 workers.
 -> (artifact id: '9e04de0db955405840d2ebe724c1a078') in 0.011404 seconds
Number of updated asset objects reloaded before import = 0
Number of asset objects unloaded after import = 1
========================================================================
Received Import Request.
  Time since last request: 0.000018 seconds.
  path: Assets/Packages/Azure.Core.1.46.2/CHANGELOG.md
  artifactKey: Guid(af49ef8df8e1c3d4fb407faa1c7f2a4b) Importer(2089858483,0ecaa5967403d082aa24f35e1b516d23)
Start importing Assets/Packages/Azure.Core.1.46.2/CHANGELOG.md using Guid(af49ef8df8e1c3d4fb407faa1c7f2a4b) Importer(2089858483,0ecaa5967403d082aa24f35e1b516d23) [PhysX] Initialized MultithreadedTaskDispatcher with 16 workers.
 -> (artifact id: '09e9e2003763a714c36df2d5978ee71e') in 0.011804 seconds
Number of updated asset objects reloaded before import = 0
Number of asset objects unloaded after import = 1
========================================================================
Received Import Request.
  Time since last request: 0.000017 seconds.
  path: Assets/Packages/System.ClientModel.1.4.2/DotNetPackageIcon.png
  artifactKey: Guid(bc458d8442370a24b9720ca609c9c678) Importer(2089858483,0ecaa5967403d082aa24f35e1b516d23)
Start importing Assets/Packages/System.ClientModel.1.4.2/DotNetPackageIcon.png using Guid(bc458d8442370a24b9720ca609c9c678) Importer(2089858483,0ecaa5967403d082aa24f35e1b516d23) [PhysX] Initialized MultithreadedTaskDispatcher with 16 workers.
 -> (artifact id: 'dbbad32eda6ff17c0d62e9b3c9129c3d') in 0.017060 seconds
Number of updated asset objects reloaded before import = 0
Number of asset objects unloaded after import = 1
========================================================================
Received Import Request.
  Time since last request: 0.000018 seconds.
  path: Assets/Packages/Microsoft.Bcl.AsyncInterfaces.8.0.0/useSharedDesignerContext.txt
  artifactKey: Guid(16562107f9277394291e63d0fa0948fb) Importer(2089858483,0ecaa5967403d082aa24f35e1b516d23)
Start importing Assets/Packages/Microsoft.Bcl.AsyncInterfaces.8.0.0/useSharedDesignerContext.txt using Guid(16562107f9277394291e63d0fa0948fb) Importer(2089858483,0ecaa5967403d082aa24f35e1b516d23) [PhysX] Initialized MultithreadedTaskDispatcher with 16 workers.
 -> (artifact id: '3bb5e5522230535461cab450e004ac06') in 0.010286 seconds
Number of updated asset objects reloaded before import = 0
Number of asset objects unloaded after import = 1
========================================================================
Received Import Request.
  Time since last request: 0.000019 seconds.
  path: Assets/Packages/System.Runtime.CompilerServices.Unsafe.6.0.0/useSharedDesignerContext.txt
  artifactKey: Guid(e2c1103b93a106f4f9c727b52895ff59) Importer(2089858483,0ecaa5967403d082aa24f35e1b516d23)
Start importing Assets/Packages/System.Runtime.CompilerServices.Unsafe.6.0.0/useSharedDesignerContext.txt using Guid(e2c1103b93a106f4f9c727b52895ff59) Importer(2089858483,0ecaa5967403d082aa24f35e1b516d23) [PhysX] Initialized MultithreadedTaskDispatcher with 16 workers.
 -> (artifact id: 'dc48bf8e2fd08bb1fe595dcddc3f7d0d') in 0.011574 seconds
Number of updated asset objects reloaded before import = 0
Number of asset objects unloaded after import = 1
========================================================================
Received Import Request.
  Time since last request: 0.000018 seconds.
  path: Assets/Packages/Microsoft.Extensions.Logging.Abstractions.8.0.3/PACKAGE.md
  artifactKey: Guid(3f1b639d504801947bc032452cba0e5c) Importer(2089858483,0ecaa5967403d082aa24f35e1b516d23)
Start importing Assets/Packages/Microsoft.Extensions.Logging.Abstractions.8.0.3/PACKAGE.md using Guid(3f1b639d504801947bc032452cba0e5c) Importer(2089858483,0ecaa5967403d082aa24f35e1b516d23) [PhysX] Initialized MultithreadedTaskDispatcher with 16 workers.
 -> (artifact id: 'dce88394661d28edb12c80e8d54349bb') in 0.012415 seconds
Number of updated asset objects reloaded before import = 0
Number of asset objects unloaded after import = 1
========================================================================
Received Import Request.
  Time since last request: 0.000021 seconds.
  path: Assets/TextMesh Pro/Shaders/TMP_SDF.shader
  artifactKey: Guid(68e6db2ebdc24f95958faec2be5558d6) Importer(2089858483,0ecaa5967403d082aa24f35e1b516d23)
Start importing Assets/TextMesh Pro/Shaders/TMP_SDF.shader using Guid(68e6db2ebdc24f95958faec2be5558d6) Importer(2089858483,0ecaa5967403d082aa24f35e1b516d23) [PhysX] Initialized MultithreadedTaskDispatcher with 16 workers.
 -> (artifact id: 'ceed0d2929b6c05154154b2ad4be13a3') in 0.013710 seconds
Number of updated asset objects reloaded before import = 0
Number of asset objects unloaded after import = 1
========================================================================
Received Import Request.
  Time since last request: 0.000029 seconds.
  path: Assets/Packages/System.Diagnostics.DiagnosticSource.8.0.1/Icon.png
  artifactKey: Guid(1af73c5826b71ce48973500abf7a6cd5) Importer(2089858483,0ecaa5967403d082aa24f35e1b516d23)
Start importing Assets/Packages/System.Diagnostics.DiagnosticSource.8.0.1/Icon.png using Guid(1af73c5826b71ce48973500abf7a6cd5) Importer(2089858483,0ecaa5967403d082aa24f35e1b516d23) [PhysX] Initialized MultithreadedTaskDispatcher with 16 workers.
 -> (artifact id: 'b7b7a27fc5148fbf5f57994aa41af421') in 0.015556 seconds
Number of updated asset objects reloaded before import = 0
Number of asset objects unloaded after import = 1
========================================================================
Received Import Request.
  Time since last request: 0.000016 seconds.
  path: Assets/ModernSupermarket/Shaders/Liquid.shader
  artifactKey: Guid(0379e4cd21e1eeb4b87c75a9d04fe5a7) Importer(2089858483,0ecaa5967403d082aa24f35e1b516d23)
Start importing Assets/ModernSupermarket/Shaders/Liquid.shader using Guid(0379e4cd21e1eeb4b87c75a9d04fe5a7) Importer(2089858483,0ecaa5967403d082aa24f35e1b516d23) [PhysX] Initialized MultithreadedTaskDispatcher with 16 workers.
 -> (artifact id: '0b037e7e3e04a39ba4ba21e09ab77da4') in 0.013661 seconds
Number of updated asset objects reloaded before import = 0
Number of asset objects unloaded after import = 1
========================================================================
Received Import Request.
  Time since last request: 0.000020 seconds.
  path: Assets/Packages/System.Text.Encodings.Web.8.0.0/Icon.png
  artifactKey: Guid(8ffcb6c25aa9a2a40ae7153442fdf2cb) Importer(2089858483,0ecaa5967403d082aa24f35e1b516d23)
Start importing Assets/Packages/System.Text.Encodings.Web.8.0.0/Icon.png using Guid(8ffcb6c25aa9a2a40ae7153442fdf2cb) Importer(2089858483,0ecaa5967403d082aa24f35e1b516d23) [PhysX] Initialized MultithreadedTaskDispatcher with 16 workers.
 -> (artifact id: 'c559999beba6709fa0bed0003641c547') in 0.016351 seconds
Number of updated asset objects reloaded before import = 0
Number of asset objects unloaded after import = 1
========================================================================
Received Import Request.
  Time since last request: 0.000016 seconds.
  path: Assets/Packages/Azure.Core.1.46.2/azureicon.png
  artifactKey: Guid(3692c805acc17dc47bd15920694708cc) Importer(2089858483,0ecaa5967403d082aa24f35e1b516d23)
Start importing Assets/Packages/Azure.Core.1.46.2/azureicon.png using Guid(3692c805acc17dc47bd15920694708cc) Importer(2089858483,0ecaa5967403d082aa24f35e1b516d23) [PhysX] Initialized MultithreadedTaskDispatcher with 16 workers.
 -> (artifact id: 'aef06684d373b6b7ff161b7cfa116406') in 0.016584 seconds
Number of updated asset objects reloaded before import = 0
Number of asset objects unloaded after import = 1
========================================================================
Received Import Request.
  Time since last request: 1.875324 seconds.
  path: Assets/ModernSupermarket/Models/Architecture/PillarTop_Beam.fbx
  artifactKey: Guid(7bb797e68896fa24794b3be1e93337df) Importer(2089858483,0ecaa5967403d082aa24f35e1b516d23)
Start importing Assets/ModernSupermarket/Models/Architecture/PillarTop_Beam.fbx using Guid(7bb797e68896fa24794b3be1e93337df) Importer(2089858483,0ecaa5967403d082aa24f35e1b516d23) [PhysX] Initialized MultithreadedTaskDispatcher with 16 workers.
 -> (artifact id: '9442161e617187489ffe32882f2aa00c') in 0.016474 seconds
Number of updated asset objects reloaded before import = 0
Number of asset objects unloaded after import = 7
========================================================================
Received Import Request.
  Time since last request: 0.000019 seconds.
  path: Assets/ModernSupermarket/Prefabs/Furniture/Sign_04h2fw_Wine.prefab
  artifactKey: Guid(45e2b12e0e8d66b4486872a2bc40e4ba) Importer(2089858483,0ecaa5967403d082aa24f35e1b516d23)
Start importing Assets/ModernSupermarket/Prefabs/Furniture/Sign_04h2fw_Wine.prefab using Guid(45e2b12e0e8d66b4486872a2bc40e4ba) Importer(2089858483,0ecaa5967403d082aa24f35e1b516d23) [PhysX] Initialized MultithreadedTaskDispatcher with 16 workers.
 -> (artifact id: '17f7d5d8a012b604a1a2a6a58e0768d9') in 0.019366 seconds
Number of updated asset objects reloaded before import = 0
Number of asset objects unloaded after import = 27
========================================================================
Received Import Request.
  Time since last request: 0.000020 seconds.
  path: Assets/ModernSupermarket/Models/Architecture/Wall.fbx
  artifactKey: Guid(50a1ba2266688a74a8ab759b0d83ff11) Importer(2089858483,0ecaa5967403d082aa24f35e1b516d23)
Start importing Assets/ModernSupermarket/Models/Architecture/Wall.fbx using Guid(50a1ba2266688a74a8ab759b0d83ff11) Importer(2089858483,0ecaa5967403d082aa24f35e1b516d23) [PhysX] Initialized MultithreadedTaskDispatcher with 16 workers.
 -> (artifact id: '19303fc9d4c3ad79b6097ec677b649c0') in 0.018691 seconds
Number of updated asset objects reloaded before import = 0
Number of asset objects unloaded after import = 7
========================================================================
Received Import Request.
  Time since last request: 0.000018 seconds.
  path: Assets/ModernSupermarket/Prefabs/Furniture/Fridge_4ttiif.prefab
  artifactKey: Guid(cfeb1ca3472ff614dbf78e77108155bc) Importer(2089858483,0ecaa5967403d082aa24f35e1b516d23)
Start importing Assets/ModernSupermarket/Prefabs/Furniture/Fridge_4ttiif.prefab using Guid(cfeb1ca3472ff614dbf78e77108155bc) Importer(2089858483,0ecaa5967403d082aa24f35e1b516d23) [PhysX] Initialized MultithreadedTaskDispatcher with 16 workers.
 -> (artifact id: '7446a252497e426a9c0aadab0c42c335') in 0.013588 seconds
Number of updated asset objects reloaded before import = 0
Number of asset objects unloaded after import = 25
========================================================================
Received Import Request.
  Time since last request: 0.000027 seconds.
  path: Assets/ModernSupermarket/Prefabs/Furniture/Sign_9jlt52_Circle_Var01.prefab
  artifactKey: Guid(684866136f4cb04488154ecf2ebe92a9) Importer(2089858483,0ecaa5967403d082aa24f35e1b516d23)
Start importing Assets/ModernSupermarket/Prefabs/Furniture/Sign_9jlt52_Circle_Var01.prefab using Guid(684866136f4cb04488154ecf2ebe92a9) Importer(2089858483,0ecaa5967403d082aa24f35e1b516d23) [PhysX] Initialized MultithreadedTaskDispatcher with 16 workers.
 -> (artifact id: '033c933bbb29643fdd420790f2d5f817') in 0.016075 seconds
Number of updated asset objects reloaded before import = 0
Number of asset objects unloaded after import = 15
========================================================================
Received Import Request.
  Time since last request: 0.000031 seconds.
  path: Assets/ModernSupermarket/Models/Architecture/PillarTop_BeamRight.fbx
  artifactKey: Guid(b5fc2054a46e14a439a497d6afce20b2) Importer(2089858483,0ecaa5967403d082aa24f35e1b516d23)
Start importing Assets/ModernSupermarket/Models/Architecture/PillarTop_BeamRight.fbx using Guid(b5fc2054a46e14a439a497d6afce20b2) Importer(2089858483,0ecaa5967403d082aa24f35e1b516d23) [PhysX] Initialized MultithreadedTaskDispatcher with 16 workers.
 -> (artifact id: 'a6eb600646b59ff0cbe223a92008d259') in 0.019016 seconds
Number of updated asset objects reloaded before import = 0
Number of asset objects unloaded after import = 7
========================================================================
Received Import Request.
  Time since last request: 0.000018 seconds.
  path: Assets/SpeechSDK/Plugins/MacOS/Microsoft.CognitiveServices.Speech.csharp.dll
  artifactKey: Guid(a036a258da1ec4ffd9e8b990c3ee682a) Importer(2089858483,0ecaa5967403d082aa24f35e1b516d23)
Start importing Assets/SpeechSDK/Plugins/MacOS/Microsoft.CognitiveServices.Speech.csharp.dll using Guid(a036a258da1ec4ffd9e8b990c3ee682a) Importer(2089858483,0ecaa5967403d082aa24f35e1b516d23) [PhysX] Initialized MultithreadedTaskDispatcher with 16 workers.
 -> (artifact id: 'dcf37cb2a8e1d2fe04463043867d919b') in 0.011053 seconds
Number of updated asset objects reloaded before import = 0
Number of asset objects unloaded after import = 1
========================================================================
Received Import Request.
  Time since last request: 0.000028 seconds.
  path: Assets/ModernSupermarket/Prefabs/Architecture/Vent_9y3yod_Grid04.prefab
  artifactKey: Guid(a3bd7168031eab14c80b43f7f11cc0de) Importer(2089858483,0ecaa5967403d082aa24f35e1b516d23)
Start importing Assets/ModernSupermarket/Prefabs/Architecture/Vent_9y3yod_Grid04.prefab using Guid(a3bd7168031eab14c80b43f7f11cc0de) Importer(2089858483,0ecaa5967403d082aa24f35e1b516d23) [PhysX] Initialized MultithreadedTaskDispatcher with 16 workers.
 -> (artifact id: '5d5b82b07b844b9d53ee6e08504ce8b2') in 0.017891 seconds
Number of updated asset objects reloaded before import = 0
Number of asset objects unloaded after import = 8
========================================================================
Received Import Request.
  Time since last request: 0.000022 seconds.
  path: Assets/ModernSupermarket/Prefabs/Architecture/PillarTop_BeamStraight.prefab
  artifactKey: Guid(0b43a28311ede3647a22f30c5f9afba3) Importer(2089858483,0ecaa5967403d082aa24f35e1b516d23)
Start importing Assets/ModernSupermarket/Prefabs/Architecture/PillarTop_BeamStraight.prefab using Guid(0b43a28311ede3647a22f30c5f9afba3) Importer(2089858483,0ecaa5967403d082aa24f35e1b516d23) [PhysX] Initialized MultithreadedTaskDispatcher with 16 workers.
 -> (artifact id: 'ea50a91e84cf4c2e88a4fa396e8862ab') in 0.017130 seconds
Number of updated asset objects reloaded before import = 0
Number of asset objects unloaded after import = 8
========================================================================
Received Import Request.
  Time since last request: 0.000017 seconds.
  path: Assets/ModernSupermarket/Prefabs/Furniture/Shelf_hler4q.prefab
  artifactKey: Guid(b1507a0d72e9b5646b9cf2d5975e3a26) Importer(2089858483,0ecaa5967403d082aa24f35e1b516d23)
Start importing Assets/ModernSupermarket/Prefabs/Furniture/Shelf_hler4q.prefab using Guid(b1507a0d72e9b5646b9cf2d5975e3a26) Importer(2089858483,0ecaa5967403d082aa24f35e1b516d23) [PhysX] Initialized MultithreadedTaskDispatcher with 16 workers.
 -> (artifact id: 'a61119ab853aa9150d799a32758d4451') in 0.016710 seconds
Number of updated asset objects reloaded before import = 0
Number of asset objects unloaded after import = 12
========================================================================
Received Import Request.
  Time since last request: 0.000029 seconds.
  path: Assets/ModernSupermarket/Prefabs/Architecture/Door_1jcm5g.prefab
  artifactKey: Guid(08ed1f2ddc650bd4093dc318f6c06b02) Importer(2089858483,0ecaa5967403d082aa24f35e1b516d23)
Start importing Assets/ModernSupermarket/Prefabs/Architecture/Door_1jcm5g.prefab using Guid(08ed1f2ddc650bd4093dc318f6c06b02) Importer(2089858483,0ecaa5967403d082aa24f35e1b516d23) [PhysX] Initialized MultithreadedTaskDispatcher with 16 workers.
 -> (artifact id: '03c7683b17a4db79affce2fe2e164f82') in 0.015339 seconds
Number of updated asset objects reloaded before import = 0
Number of asset objects unloaded after import = 8
========================================================================
Received Import Request.
  Time since last request: 0.000015 seconds.
  path: Assets/ModernSupermarket/Prefabs/Furniture/Sign_04h2fw_Dairy.prefab
  artifactKey: Guid(32929e1ed6cdc254081cd554d3d8052a) Importer(2089858483,0ecaa5967403d082aa24f35e1b516d23)
Start importing Assets/ModernSupermarket/Prefabs/Furniture/Sign_04h2fw_Dairy.prefab using Guid(32929e1ed6cdc254081cd554d3d8052a) Importer(2089858483,0ecaa5967403d082aa24f35e1b516d23) [PhysX] Initialized MultithreadedTaskDispatcher with 16 workers.
 -> (artifact id: '3dc292d37c06991f629218b5c4c56914') in 0.015613 seconds
Number of updated asset objects reloaded before import = 0
Number of asset objects unloaded after import = 15
========================================================================
Received Import Request.
  Time since last request: 0.000019 seconds.
  path: Assets/ModernSupermarket/Prefabs/Furniture/HeritageStall_0hvi4wVar01.prefab
  artifactKey: Guid(a106300d002197d42ac0626dae3abe84) Importer(2089858483,0ecaa5967403d082aa24f35e1b516d23)
Start importing Assets/ModernSupermarket/Prefabs/Furniture/HeritageStall_0hvi4wVar01.prefab using Guid(a106300d002197d42ac0626dae3abe84) Importer(2089858483,0ecaa5967403d082aa24f35e1b516d23) [PhysX] Initialized MultithreadedTaskDispatcher with 16 workers.
 -> (artifact id: 'c23abfa5cffbbb9bfe7221e1dec4d033') in 0.030485 seconds
Number of updated asset objects reloaded before import = 0
Number of asset objects unloaded after import = 15
========================================================================
Received Import Request.
  Time since last request: 0.000021 seconds.
  path: Assets/ModernSupermarket/Prefabs/Architecture/PillarTop_Beam.prefab
  artifactKey: Guid(f3fe27302e576a245b73371978238ea8) Importer(2089858483,0ecaa5967403d082aa24f35e1b516d23)
Start importing Assets/ModernSupermarket/Prefabs/Architecture/PillarTop_Beam.prefab using Guid(f3fe27302e576a245b73371978238ea8) Importer(2089858483,0ecaa5967403d082aa24f35e1b516d23) [PhysX] Initialized MultithreadedTaskDispatcher with 16 workers.
 -> (artifact id: 'fdd933cd1ff9b14b5982d3b16701f08d') in 0.015040 seconds
Number of updated asset objects reloaded before import = 0
Number of asset objects unloaded after import = 8
========================================================================
Received Import Request.
  Time since last request: 0.000020 seconds.
  path: Assets/ModernSupermarket/Prefabs/Furniture/Sign_04h2fw_Water.prefab
  artifactKey: Guid(6ee5422a479fadc4dafea0d217b567ec) Importer(2089858483,0ecaa5967403d082aa24f35e1b516d23)
Start importing Assets/ModernSupermarket/Prefabs/Furniture/Sign_04h2fw_Water.prefab using Guid(6ee5422a479fadc4dafea0d217b567ec) Importer(2089858483,0ecaa5967403d082aa24f35e1b516d23) [PhysX] Initialized MultithreadedTaskDispatcher with 16 workers.
 -> (artifact id: '1e7a5f9ec0fe3ab16b80c6d09b4ced0a') in 0.016667 seconds
Number of updated asset objects reloaded before import = 0
Number of asset objects unloaded after import = 39
========================================================================
Received Import Request.
  Time since last request: 0.000023 seconds.
  path: Assets/ModernSupermarket/Prefabs/Furniture/Freezer_9olxw5.prefab
  artifactKey: Guid(518aaf4aa32e2e545b4e5e8050f8cdf6) Importer(2089858483,0ecaa5967403d082aa24f35e1b516d23)
Start importing Assets/ModernSupermarket/Prefabs/Furniture/Freezer_9olxw5.prefab using Guid(518aaf4aa32e2e545b4e5e8050f8cdf6) Importer(2089858483,0ecaa5967403d082aa24f35e1b516d23) [PhysX] Initialized MultithreadedTaskDispatcher with 16 workers.
 -> (artifact id: '4343f03c016c6da35de6bdf6981accc2') in 0.013322 seconds
Number of updated asset objects reloaded before import = 0
Number of asset objects unloaded after import = 16
========================================================================
Received Import Request.
  Time since last request: 0.000277 seconds.
  path: Assets/ModernSupermarket/Prefabs/Architecture/Vent_9y3yod_Straight.prefab
  artifactKey: Guid(f195c1a4dfe26ac48870be379b5890f2) Importer(2089858483,0ecaa5967403d082aa24f35e1b516d23)
Start importing Assets/ModernSupermarket/Prefabs/Architecture/Vent_9y3yod_Straight.prefab using Guid(f195c1a4dfe26ac48870be379b5890f2) Importer(2089858483,0ecaa5967403d082aa24f35e1b516d23) [PhysX] Initialized MultithreadedTaskDispatcher with 16 workers.
 -> (artifact id: 'cdddb77cb5f7561544e087c2ad8a5216') in 0.016969 seconds
Number of updated asset objects reloaded before import = 0
Number of asset objects unloaded after import = 8
========================================================================
Received Import Request.
  Time since last request: 0.000056 seconds.
  path: Assets/ModernSupermarket/Prefabs/Furniture/Shelf_kicg9f.prefab
  artifactKey: Guid(aa2a0d13525651b429ef1e12dc3e15f4) Importer(2089858483,0ecaa5967403d082aa24f35e1b516d23)
Start importing Assets/ModernSupermarket/Prefabs/Furniture/Shelf_kicg9f.prefab using Guid(aa2a0d13525651b429ef1e12dc3e15f4) Importer(2089858483,0ecaa5967403d082aa24f35e1b516d23) [PhysX] Initialized MultithreadedTaskDispatcher with 16 workers.
 -> (artifact id: '8c2fd383fc1fb339b1cd04bdc2d96e8f') in 0.012046 seconds
Number of updated asset objects reloaded before import = 0
Number of asset objects unloaded after import = 30
========================================================================
Received Import Request.
  Time since last request: 0.000032 seconds.
  path: Assets/ModernSupermarket/Prefabs/Furniture/Checkout_4295b5.prefab
  artifactKey: Guid(b30f3eb612c28b84aafe176c38502680) Importer(2089858483,0ecaa5967403d082aa24f35e1b516d23)
Start importing Assets/ModernSupermarket/Prefabs/Furniture/Checkout_4295b5.prefab using Guid(b30f3eb612c28b84aafe176c38502680) Importer(2089858483,0ecaa5967403d082aa24f35e1b516d23) [PhysX] Initialized MultithreadedTaskDispatcher with 16 workers.
 -> (artifact id: '704211622b77420d3b167dca105cb529') in 0.015810 seconds
Number of updated asset objects reloaded before import = 0
Number of asset objects unloaded after import = 8
========================================================================
Received Import Request.
  Time since last request: 0.000015 seconds.
  path: Assets/ModernSupermarket/Prefabs/Architecture/PillarTop_BeamTee.prefab
  artifactKey: Guid(5ed29bab0b3484547831f49e356b9d8d) Importer(2089858483,0ecaa5967403d082aa24f35e1b516d23)
Start importing Assets/ModernSupermarket/Prefabs/Architecture/PillarTop_BeamTee.prefab using Guid(5ed29bab0b3484547831f49e356b9d8d) Importer(2089858483,0ecaa5967403d082aa24f35e1b516d23) [PhysX] Initialized MultithreadedTaskDispatcher with 16 workers.
 -> (artifact id: 'dd3c36311144301e1d2e332e34a99996') in 0.015038 seconds
Number of updated asset objects reloaded before import = 0
Number of asset objects unloaded after import = 8
========================================================================
Received Import Request.
  Time since last request: 0.000016 seconds.
  path: Assets/ModernSupermarket/Prefabs/Furniture/Door_o8w2gy.prefab
  artifactKey: Guid(25d66a07faa479a4981ff21f38aad23e) Importer(2089858483,0ecaa5967403d082aa24f35e1b516d23)
Start importing Assets/ModernSupermarket/Prefabs/Furniture/Door_o8w2gy.prefab using Guid(25d66a07faa479a4981ff21f38aad23e) Importer(2089858483,0ecaa5967403d082aa24f35e1b516d23) [PhysX] Initialized MultithreadedTaskDispatcher with 16 workers.
 -> (artifact id: 'e2cb2575c74640a3a4d35bc8b0a4b0f8') in 0.012314 seconds
Number of updated asset objects reloaded before import = 0
Number of asset objects unloaded after import = 8
========================================================================
Received Import Request.
  Time since last request: 0.000017 seconds.
  path: Assets/ModernSupermarket/Scenes/Scene_Prefabs/Scene_Prefabs.unity
  artifactKey: Guid(d92c2ea084647464ab785d9fda51475d) Importer(2089858483,0ecaa5967403d082aa24f35e1b516d23)
Start importing Assets/ModernSupermarket/Scenes/Scene_Prefabs/Scene_Prefabs.unity using Guid(d92c2ea084647464ab785d9fda51475d) Importer(2089858483,0ecaa5967403d082aa24f35e1b516d23) [PhysX] Initialized MultithreadedTaskDispatcher with 16 workers.
 -> (artifact id: '418302b2a60b69b025db25746ee8826c') in 0.014903 seconds
Number of updated asset objects reloaded before import = 0
Number of asset objects unloaded after import = 1
========================================================================
Received Import Request.
  Time since last request: 0.000025 seconds.
  path: Assets/ModernSupermarket/Prefabs/Furniture/HeritageStall_0hvi4w.prefab
  artifactKey: Guid(a1a44b7cae039064e90ea12da06a2113) Importer(2089858483,0ecaa5967403d082aa24f35e1b516d23)
Start importing Assets/ModernSupermarket/Prefabs/Furniture/HeritageStall_0hvi4w.prefab using Guid(a1a44b7cae039064e90ea12da06a2113) Importer(2089858483,0ecaa5967403d082aa24f35e1b516d23) [PhysX] Initialized MultithreadedTaskDispatcher with 16 workers.
 -> (artifact id: 'e603892d9585a4b617825809e583a8ae') in 0.015038 seconds
Number of updated asset objects reloaded before import = 0
Number of asset objects unloaded after import = 8
========================================================================
Received Import Request.
  Time since last request: 0.000026 seconds.
  path: Assets/ModernSupermarket/Prefabs/Architecture/WallDoorLarge.prefab
  artifactKey: Guid(f320c266245f11c4d86f4ac0517816e1) Importer(2089858483,0ecaa5967403d082aa24f35e1b516d23)
Start importing Assets/ModernSupermarket/Prefabs/Architecture/WallDoorLarge.prefab using Guid(f320c266245f11c4d86f4ac0517816e1) Importer(2089858483,0ecaa5967403d082aa24f35e1b516d23) [PhysX] Initialized MultithreadedTaskDispatcher with 16 workers.
 -> (artifact id: 'b497db5a87e5d493f3d34944a6c9a885') in 0.015019 seconds
Number of updated asset objects reloaded before import = 0
Number of asset objects unloaded after import = 8
========================================================================
Received Import Request.
  Time since last request: 0.000020 seconds.
  path: Assets/ModernSupermarket/Prefabs/Architecture/Vent_9y3yod_Grid01.prefab
  artifactKey: Guid(f8bcd3322f0b7e441aa3a3058f622768) Importer(2089858483,0ecaa5967403d082aa24f35e1b516d23)
Start importing Assets/ModernSupermarket/Prefabs/Architecture/Vent_9y3yod_Grid01.prefab using Guid(f8bcd3322f0b7e441aa3a3058f622768) Importer(2089858483,0ecaa5967403d082aa24f35e1b516d23) [PhysX] Initialized MultithreadedTaskDispatcher with 16 workers.
 -> (artifact id: '4dda0a8afc45ca22a2c68519b9cc565e') in 0.018487 seconds
Number of updated asset objects reloaded before import = 0
Number of asset objects unloaded after import = 8
========================================================================
Received Import Request.
  Time since last request: 0.000021 seconds.
  path: Assets/ModernSupermarket/Settings/URP/URP.unitypackage
  artifactKey: Guid(de1316af19fe91b4b9b0052d2168cf73) Importer(2089858483,0ecaa5967403d082aa24f35e1b516d23)
Start importing Assets/ModernSupermarket/Settings/URP/URP.unitypackage using Guid(de1316af19fe91b4b9b0052d2168cf73) Importer(2089858483,0ecaa5967403d082aa24f35e1b516d23) [PhysX] Initialized MultithreadedTaskDispatcher with 16 workers.
 -> (artifact id: '5af40f55b6e825e541d269446728ee98') in 0.009510 seconds
Number of updated asset objects reloaded before import = 0
Number of asset objects unloaded after import = 1
========================================================================
Received Import Request.
  Time since last request: 0.000023 seconds.
  path: Assets/ModernSupermarket/Textures/_Dev/GridGrey.png
  artifactKey: Guid(7b622ad2640b049418c522477b815a6b) Importer(2089858483,0ecaa5967403d082aa24f35e1b516d23)
Start importing Assets/ModernSupermarket/Textures/_Dev/GridGrey.png using Guid(7b622ad2640b049418c522477b815a6b) Importer(2089858483,0ecaa5967403d082aa24f35e1b516d23) [PhysX] Initialized MultithreadedTaskDispatcher with 16 workers.
 -> (artifact id: '6fbb212323c5c0c6f691d5b43336e4b4') in 0.051061 seconds
Number of updated asset objects reloaded before import = 0
Number of asset objects unloaded after import = 1
========================================================================
Received Import Request.
  Time since last request: 2.111714 seconds.
  path: Assets/SpeechSDK/Plugins/x86_64/Microsoft.CognitiveServices.Speech.extension.audio.sys.dll
  artifactKey: Guid(6549674f7e08f1b4e941ffe120a6ad63) Importer(2089858483,0ecaa5967403d082aa24f35e1b516d23)
Start importing Assets/SpeechSDK/Plugins/x86_64/Microsoft.CognitiveServices.Speech.extension.audio.sys.dll using Guid(6549674f7e08f1b4e941ffe120a6ad63) Importer(2089858483,0ecaa5967403d082aa24f35e1b516d23) [PhysX] Initialized MultithreadedTaskDispatcher with 16 workers.
 -> (artifact id: 'a8cf9aeaaf7d8e6d69ec39c1ef8509d4') in 0.013554 seconds
Number of updated asset objects reloaded before import = 0
Number of asset objects unloaded after import = 1
========================================================================
Received Import Request.
  Time since last request: 0.000017 seconds.
  path: Assets/TextMesh Pro/Resources/Fonts & Materials/LiberationSans SDF - Drop Shadow.mat
  artifactKey: Guid(e73a58f6e2794ae7b1b7e50b7fb811b0) Importer(2089858483,0ecaa5967403d082aa24f35e1b516d23)
Start importing Assets/TextMesh Pro/Resources/Fonts & Materials/LiberationSans SDF - Drop Shadow.mat using Guid(e73a58f6e2794ae7b1b7e50b7fb811b0) Importer(2089858483,0ecaa5967403d082aa24f35e1b516d23) [PhysX] Initialized MultithreadedTaskDispatcher with 16 workers.
 -> (artifact id: 'fe77d2f194f81819d23bd4638feba204') in 0.032684 seconds
Number of updated asset objects reloaded before import = 0
Number of asset objects unloaded after import = 2
========================================================================
Received Import Request.
  Time since last request: 0.000021 seconds.
  path: Assets/ModernSupermarket/Models/Furniture/Vent_9y3yo/Vent_9y3yod_Curve.fbx
  artifactKey: Guid(26676b2a41268314e9e165e858ed63ef) Importer(2089858483,0ecaa5967403d082aa24f35e1b516d23)
Start importing Assets/ModernSupermarket/Models/Furniture/Vent_9y3yo/Vent_9y3yod_Curve.fbx using Guid(26676b2a41268314e9e165e858ed63ef) Importer(2089858483,0ecaa5967403d082aa24f35e1b516d23) [PhysX] Initialized MultithreadedTaskDispatcher with 16 workers.
 -> (artifact id: 'cb7899152fd8c2ee7dec8f910a9638c9') in 0.017615 seconds
Number of updated asset objects reloaded before import = 0
Number of asset objects unloaded after import = 7
========================================================================
Received Import Request.
  Time since last request: 0.000022 seconds.
  path: Assets/ModernSupermarket/Models/Furniture/Fridge_f13xen/Fridge_f13xen.fbx
  artifactKey: Guid(13d0089232b769148ace83172a89d899) Importer(2089858483,0ecaa5967403d082aa24f35e1b516d23)
Start importing Assets/ModernSupermarket/Models/Furniture/Fridge_f13xen/Fridge_f13xen.fbx using Guid(13d0089232b769148ace83172a89d899) Importer(2089858483,0ecaa5967403d082aa24f35e1b516d23) [PhysX] Initialized MultithreadedTaskDispatcher with 16 workers.
 -> (artifact id: '8f73a5b9d909c9e13f5dc8ede8a3bb43') in 0.022182 seconds
Number of updated asset objects reloaded before import = 0
Number of asset objects unloaded after import = 14
========================================================================
Received Import Request.
  Time since last request: 0.000018 seconds.
  path: Assets/TextMesh Pro/Examples & Extras/Scripts/VertexShakeB.cs
  artifactKey: Guid(e4e0d9ccee5f4950be8979268c9014e0) Importer(2089858483,0ecaa5967403d082aa24f35e1b516d23)
Start importing Assets/TextMesh Pro/Examples & Extras/Scripts/VertexShakeB.cs using Guid(e4e0d9ccee5f4950be8979268c9014e0) Importer(2089858483,0ecaa5967403d082aa24f35e1b516d23) [PhysX] Initialized MultithreadedTaskDispatcher with 16 workers.
 -> (artifact id: '29dda05f8a188bde3a4c6eef32f1ec17') in 0.010929 seconds
Number of updated asset objects reloaded before import = 0
Number of asset objects unloaded after import = 1
========================================================================
Received Import Request.
  Time since last request: 0.000033 seconds.
  path: Assets/ModernSupermarket/Models/Furniture/Vent_9y3yo/Vent_9y3yod_Grid01.fbx
  artifactKey: Guid(317fa6d95636f7b4dae47a4d97ff40f4) Importer(2089858483,0ecaa5967403d082aa24f35e1b516d23)
Start importing Assets/ModernSupermarket/Models/Furniture/Vent_9y3yo/Vent_9y3yod_Grid01.fbx using Guid(317fa6d95636f7b4dae47a4d97ff40f4) Importer(2089858483,0ecaa5967403d082aa24f35e1b516d23) [PhysX] Initialized MultithreadedTaskDispatcher with 16 workers.
 -> (artifact id: 'bccaedbbef392bddeab2e7cfce2cafe2') in 0.017343 seconds
Number of updated asset objects reloaded before import = 0
Number of asset objects unloaded after import = 7
========================================================================
Received Import Request.
  Time since last request: 0.000022 seconds.
  path: Assets/TextMesh Pro/Examples & Extras/Scripts/TMP_TextInfoDebugTool.cs
  artifactKey: Guid(21256c5b62f346f18640dad779911e20) Importer(2089858483,0ecaa5967403d082aa24f35e1b516d23)
Start importing Assets/TextMesh Pro/Examples & Extras/Scripts/TMP_TextInfoDebugTool.cs using Guid(21256c5b62f346f18640dad779911e20) Importer(2089858483,0ecaa5967403d082aa24f35e1b516d23) [PhysX] Initialized MultithreadedTaskDispatcher with 16 workers.
 -> (artifact id: '2d0b50133bcc9762f9f8358b3730a633') in 0.011782 seconds
Number of updated asset objects reloaded before import = 0
Number of asset objects unloaded after import = 1
========================================================================
Received Import Request.
  Time since last request: 0.000022 seconds.
  path: Assets/TextMesh Pro/Examples & Extras/Scripts/DropdownSample.cs
  artifactKey: Guid(ac1eb05af6d391b4eb0f4c070a99f1d0) Importer(2089858483,0ecaa5967403d082aa24f35e1b516d23)
Start importing Assets/TextMesh Pro/Examples & Extras/Scripts/DropdownSample.cs using Guid(ac1eb05af6d391b4eb0f4c070a99f1d0) Importer(2089858483,0ecaa5967403d082aa24f35e1b516d23) [PhysX] Initialized MultithreadedTaskDispatcher with 16 workers.
 -> (artifact id: '89227ebc5dc52910876ab578ec11e890') in 0.012487 seconds
Number of updated asset objects reloaded before import = 0
Number of asset objects unloaded after import = 1
========================================================================
Received Import Request.
  Time since last request: 0.000039 seconds.
  path: Assets/TextMesh Pro/Examples & Extras/Scenes/Benchmark (Floating Text).unity
  artifactKey: Guid(16177da2e3254cee91944756d5f8ddd3) Importer(2089858483,0ecaa5967403d082aa24f35e1b516d23)
Start importing Assets/TextMesh Pro/Examples & Extras/Scenes/Benchmark (Floating Text).unity using Guid(16177da2e3254cee91944756d5f8ddd3) Importer(2089858483,0ecaa5967403d082aa24f35e1b516d23) [PhysX] Initialized MultithreadedTaskDispatcher with 16 workers.
 -> (artifact id: '9b19e49ff4b51c15dd5815143cc06e76') in 0.011954 seconds
Number of updated asset objects reloaded before import = 0
Number of asset objects unloaded after import = 1
========================================================================
Received Import Request.
  Time since last request: 0.000020 seconds.
  path: Assets/TextMesh Pro/Examples & Extras/Scenes/12 - Link Example.unity
  artifactKey: Guid(9747140c28254be2adc582210dfb89b8) Importer(2089858483,0ecaa5967403d082aa24f35e1b516d23)
Start importing Assets/TextMesh Pro/Examples & Extras/Scenes/12 - Link Example.unity using Guid(9747140c28254be2adc582210dfb89b8) Importer(2089858483,0ecaa5967403d082aa24f35e1b516d23) [PhysX] Initialized MultithreadedTaskDispatcher with 16 workers.
 -> (artifact id: 'b4ac9866a2c1e1d63194a3e7eb56792f') in 0.012186 seconds
Number of updated asset objects reloaded before import = 0
Number of asset objects unloaded after import = 1
========================================================================
Received Import Request.
  Time since last request: 0.000021 seconds.
  path: Assets/TextMesh Pro/Examples & Extras/Scripts/TeleType.cs
  artifactKey: Guid(e32c266ee6204b21a427753cb0694c81) Importer(2089858483,0ecaa5967403d082aa24f35e1b516d23)
Start importing Assets/TextMesh Pro/Examples & Extras/Scripts/TeleType.cs using Guid(e32c266ee6204b21a427753cb0694c81) Importer(2089858483,0ecaa5967403d082aa24f35e1b516d23) [PhysX] Initialized MultithreadedTaskDispatcher with 16 workers.
 -> (artifact id: 'f120d2f9504800697a107b5aafd95d59') in 0.013656 seconds
Number of updated asset objects reloaded before import = 0
Number of asset objects unloaded after import = 1
========================================================================
Received Import Request.
  Time since last request: 0.000019 seconds.
  path: Assets/ModernSupermarket/Models/Architecture/Textures/Pillar_n.png
  artifactKey: Guid(8ed4a0c6a4da90b4ebb9d37a74c926d7) Importer(2089858483,0ecaa5967403d082aa24f35e1b516d23)
Start importing Assets/ModernSupermarket/Models/Architecture/Textures/Pillar_n.png using Guid(8ed4a0c6a4da90b4ebb9d37a74c926d7) Importer(2089858483,0ecaa5967403d082aa24f35e1b516d23) [PhysX] Initialized MultithreadedTaskDispatcher with 16 workers.
 -> (artifact id: 'a1a5d1cc8f4364c432f0907c1ba7609f') in 0.017625 seconds
Number of updated asset objects reloaded before import = 0
Number of asset objects unloaded after import = 1
========================================================================
Received Import Request.
  Time since last request: 0.000017 seconds.
  path: Assets/TextMesh Pro/Examples & Extras/Materials/Crate - Surface Shader Scene.mat
  artifactKey: Guid(e6b9b44320f4448d9d5e0ee634259966) Importer(2089858483,0ecaa5967403d082aa24f35e1b516d23)
Start importing Assets/TextMesh Pro/Examples & Extras/Materials/Crate - Surface Shader Scene.mat using Guid(e6b9b44320f4448d9d5e0ee634259966) Importer(2089858483,0ecaa5967403d082aa24f35e1b516d23) [PhysX] Initialized MultithreadedTaskDispatcher with 16 workers.
 -> (artifact id: '15cd7f6e07e266a9536d7e15ac002192') in 0.034155 seconds
Number of updated asset objects reloaded before import = 0
Number of asset objects unloaded after import = 3
========================================================================
Received Import Request.
  Time since last request: 0.000018 seconds.
  path: Assets/TextMesh Pro/Examples & Extras/Scenes/22 - Basic Scripting Example.unity
  artifactKey: Guid(6250f98e58fe4abbaada5d84b7ca846d) Importer(2089858483,0ecaa5967403d082aa24f35e1b516d23)
Start importing Assets/TextMesh Pro/Examples & Extras/Scenes/22 - Basic Scripting Example.unity using Guid(6250f98e58fe4abbaada5d84b7ca846d) Importer(2089858483,0ecaa5967403d082aa24f35e1b516d23) [PhysX] Initialized MultithreadedTaskDispatcher with 16 workers.
 -> (artifact id: '7b8201a118d25baa6b563bb86478f2b3') in 0.011050 seconds
Number of updated asset objects reloaded before import = 0
Number of asset objects unloaded after import = 1
========================================================================
Received Import Request.
  Time since last request: 0.000019 seconds.
  path: Assets/ModernSupermarket/Models/Architecture/Textures/Vents_n.png
  artifactKey: Guid(6e577038ab5729e4ab9f71b70b89f5c9) Importer(2089858483,0ecaa5967403d082aa24f35e1b516d23)
Start importing Assets/ModernSupermarket/Models/Architecture/Textures/Vents_n.png using Guid(6e577038ab5729e4ab9f71b70b89f5c9) Importer(2089858483,0ecaa5967403d082aa24f35e1b516d23) [PhysX] Initialized MultithreadedTaskDispatcher with 16 workers.
 -> (artifact id: 'e41974f80b5beb42c5fb27d606bb2130') in 0.023265 seconds
Number of updated asset objects reloaded before import = 0
Number of asset objects unloaded after import = 1
========================================================================
Received Import Request.
  Time since last request: 0.000019 seconds.
  path: Assets/TextMesh Pro/Examples & Extras/Scripts/Benchmark02.cs
  artifactKey: Guid(e8538afcddc14efbb5d9e94b7ae50197) Importer(2089858483,0ecaa5967403d082aa24f35e1b516d23)
Start importing Assets/TextMesh Pro/Examples & Extras/Scripts/Benchmark02.cs using Guid(e8538afcddc14efbb5d9e94b7ae50197) Importer(2089858483,0ecaa5967403d082aa24f35e1b516d23) [PhysX] Initialized MultithreadedTaskDispatcher with 16 workers.
 -> (artifact id: '5d8df7e5f671b5b878fa23999261db8b') in 0.013464 seconds
Number of updated asset objects reloaded before import = 0
Number of asset objects unloaded after import = 1
========================================================================
Received Import Request.
  Time since last request: 0.000106 seconds.
  path: Assets/TextMesh Pro/Examples & Extras/Scripts/SimpleScript.cs
  artifactKey: Guid(9eff140b25d64601aabc6ba32245d099) Importer(2089858483,0ecaa5967403d082aa24f35e1b516d23)
Start importing Assets/TextMesh Pro/Examples & Extras/Scripts/SimpleScript.cs using Guid(9eff140b25d64601aabc6ba32245d099) Importer(2089858483,0ecaa5967403d082aa24f35e1b516d23) [PhysX] Initialized MultithreadedTaskDispatcher with 16 workers.
 -> (artifact id: 'd8ea5dedd4fbbb2d07b73a9801aaaa61') in 0.013735 seconds
Number of updated asset objects reloaded before import = 0
Number of asset objects unloaded after import = 1
========================================================================
Received Import Request.
  Time since last request: 0.000022 seconds.
  path: Assets/TextMesh Pro/Examples & Extras/Scenes/08 - Improved Text Alignment.unity
  artifactKey: Guid(5fe2257128d9401fad0790f581dc8a6f) Importer(2089858483,0ecaa5967403d082aa24f35e1b516d23)
Start importing Assets/TextMesh Pro/Examples & Extras/Scenes/08 - Improved Text Alignment.unity using Guid(5fe2257128d9401fad0790f581dc8a6f) Importer(2089858483,0ecaa5967403d082aa24f35e1b516d23) [PhysX] Initialized MultithreadedTaskDispatcher with 16 workers.
 -> (artifact id: 'beac66b57af48dee43ed91f2cc9b4c76') in 0.011784 seconds
Number of updated asset objects reloaded before import = 0
Number of asset objects unloaded after import = 1
========================================================================
Received Import Request.
  Time since last request: 0.000033 seconds.
  path: Assets/TextMesh Pro/Examples & Extras/Scenes/02 - Multi-line TextMesh Pro.unity
  artifactKey: Guid(251716609f634449bfe8ce75c0ed78fe) Importer(2089858483,0ecaa5967403d082aa24f35e1b516d23)
Start importing Assets/TextMesh Pro/Examples & Extras/Scenes/02 - Multi-line TextMesh Pro.unity using Guid(251716609f634449bfe8ce75c0ed78fe) Importer(2089858483,0ecaa5967403d082aa24f35e1b516d23) [PhysX] Initialized MultithreadedTaskDispatcher with 16 workers.
 -> (artifact id: 'd264f02b28e0fead6969b30ee41def6f') in 0.011856 seconds
Number of updated asset objects reloaded before import = 0
Number of asset objects unloaded after import = 1
========================================================================
Received Import Request.
  Time since last request: 0.000033 seconds.
  path: Assets/TextMesh Pro/Resources/Fonts & Materials/LiberationSans SDF - Outline.mat
  artifactKey: Guid(79459efec17a4d00a321bdcc27bbc385) Importer(2089858483,0ecaa5967403d082aa24f35e1b516d23)
Start importing Assets/TextMesh Pro/Resources/Fonts & Materials/LiberationSans SDF - Outline.mat using Guid(79459efec17a4d00a321bdcc27bbc385) Importer(2089858483,0ecaa5967403d082aa24f35e1b516d23) [PhysX] Initialized MultithreadedTaskDispatcher with 16 workers.
 -> (artifact id: '459d52af0e5625abf21ef773364c0473') in 0.025364 seconds
Number of updated asset objects reloaded before import = 0
Number of asset objects unloaded after import = 2
========================================================================
Received Import Request.
  Time since last request: 0.000025 seconds.
  path: Assets/ModernSupermarket/Models/Furniture/Table_5ma72f/Table_5ma72f.fbx
  artifactKey: Guid(8e2533e2457e55c42bea5a3791044346) Importer(2089858483,0ecaa5967403d082aa24f35e1b516d23)
Start importing Assets/ModernSupermarket/Models/Furniture/Table_5ma72f/Table_5ma72f.fbx using Guid(8e2533e2457e55c42bea5a3791044346) Importer(2089858483,0ecaa5967403d082aa24f35e1b516d23) [PhysX] Initialized MultithreadedTaskDispatcher with 16 workers.
 -> (artifact id: 'f849fd66bebe6e0fe2bb9189105a1526') in 0.019460 seconds
Number of updated asset objects reloaded before import = 0
Number of asset objects unloaded after import = 7
========================================================================
Received Import Request.
  Time since last request: 0.000030 seconds.
  path: Assets/TextMesh Pro/Examples & Extras/Sprites/Default Sprites.png
  artifactKey: Guid(a0fc465d6cf04254a2938578735e2383) Importer(2089858483,0ecaa5967403d082aa24f35e1b516d23)
Start importing Assets/TextMesh Pro/Examples & Extras/Sprites/Default Sprites.png using Guid(a0fc465d6cf04254a2938578735e2383) Importer(2089858483,0ecaa5967403d082aa24f35e1b516d23) [PhysX] Initialized MultithreadedTaskDispatcher with 16 workers.
 -> (artifact id: '85a11554b577516e1fbc027be5dee6dd') in 0.017538 seconds
Number of updated asset objects reloaded before import = 0
Number of asset objects unloaded after import = 1
========================================================================
Received Import Request.
  Time since last request: 0.000018 seconds.
  path: Assets/ModernSupermarket/Models/Furniture/Freezer_9olxw5/Freezer_9olxw5.fbx
  artifactKey: Guid(d8f760edd3c087943bac64956d1c79b6) Importer(2089858483,0ecaa5967403d082aa24f35e1b516d23)
Start importing Assets/ModernSupermarket/Models/Furniture/Freezer_9olxw5/Freezer_9olxw5.fbx using Guid(d8f760edd3c087943bac64956d1c79b6) Importer(2089858483,0ecaa5967403d082aa24f35e1b516d23) [PhysX] Initialized MultithreadedTaskDispatcher with 16 workers.
 -> (artifact id: 'b41ed2e20f50665bc419d49fc04376ca') in 0.021317 seconds
Number of updated asset objects reloaded before import = 0
Number of asset objects unloaded after import = 14
========================================================================
Received Import Request.
  Time since last request: 0.000026 seconds.
  path: Assets/TextMesh Pro/Examples & Extras/Fonts/Bangers - OFL.txt
  artifactKey: Guid(efe0bf4ac872451e91612d1ae593f480) Importer(2089858483,0ecaa5967403d082aa24f35e1b516d23)
Start importing Assets/TextMesh Pro/Examples & Extras/Fonts/Bangers - OFL.txt using Guid(efe0bf4ac872451e91612d1ae593f480) Importer(2089858483,0ecaa5967403d082aa24f35e1b516d23) [PhysX] Initialized MultithreadedTaskDispatcher with 16 workers.
 -> (artifact id: '683a738eacb601cc4e0e43830f78cf5a') in 0.012910 seconds
Number of updated asset objects reloaded before import = 0
Number of asset objects unloaded after import = 1
========================================================================
Received Import Request.
  Time since last request: 0.000022 seconds.
  path: Assets/TextMesh Pro/Examples & Extras/Scripts/EnvMapAnimator.cs
  artifactKey: Guid(a4b6f99e8bc54541bbd149b014ff441c) Importer(2089858483,0ecaa5967403d082aa24f35e1b516d23)
Start importing Assets/TextMesh Pro/Examples & Extras/Scripts/EnvMapAnimator.cs using Guid(a4b6f99e8bc54541bbd149b014ff441c) Importer(2089858483,0ecaa5967403d082aa24f35e1b516d23) [PhysX] Initialized MultithreadedTaskDispatcher with 16 workers.
 -> (artifact id: '91593c964154ab955e7ac1e1c0c39d37') in 0.012891 seconds
Number of updated asset objects reloaded before import = 0
Number of asset objects unloaded after import = 1
========================================================================
Received Import Request.
  Time since last request: 0.000017 seconds.
  path: Assets/ModernSupermarket/Models/Furniture/Vent_9y3yo/Vent_9y3yod_Grid03.fbx
  artifactKey: Guid(d363b6e83cbde7c4e99b3ef1c0c7de0e) Importer(2089858483,0ecaa5967403d082aa24f35e1b516d23)
Start importing Assets/ModernSupermarket/Models/Furniture/Vent_9y3yo/Vent_9y3yod_Grid03.fbx using Guid(d363b6e83cbde7c4e99b3ef1c0c7de0e) Importer(2089858483,0ecaa5967403d082aa24f35e1b516d23) [PhysX] Initialized MultithreadedTaskDispatcher with 16 workers.
 -> (artifact id: '23585c0d096c5057eb26e33ca5c16ac6') in 0.021087 seconds
Number of updated asset objects reloaded before import = 0
Number of asset objects unloaded after import = 7
========================================================================
Received Import Request.
  Time since last request: 0.000023 seconds.
  path: Assets/TextMesh Pro/Resources/Fonts & Materials/LiberationSans SDF.asset
  artifactKey: Guid(8f586378b4e144a9851e7b34d9b748ee) Importer(2089858483,0ecaa5967403d082aa24f35e1b516d23)
Start importing Assets/TextMesh Pro/Resources/Fonts & Materials/LiberationSans SDF.asset using Guid(8f586378b4e144a9851e7b34d9b748ee) Importer(2089858483,0ecaa5967403d082aa24f35e1b516d23) [PhysX] Initialized MultithreadedTaskDispatcher with 16 workers.
 -> (artifact id: '6234db362ab49e474645e9e8ef00b907') in 0.064835 seconds
Number of updated asset objects reloaded before import = 0
Number of asset objects unloaded after import = 8
========================================================================
Received Import Request.
  Time since last request: 0.000019 seconds.
  path: Assets/TextMesh Pro/Resources/Sprite Assets/EmojiOne.asset
  artifactKey: Guid(c41005c129ba4d66911b75229fd70b45) Importer(2089858483,0ecaa5967403d082aa24f35e1b516d23)
Start importing Assets/TextMesh Pro/Resources/Sprite Assets/EmojiOne.asset using Guid(c41005c129ba4d66911b75229fd70b45) Importer(2089858483,0ecaa5967403d082aa24f35e1b516d23) [PhysX] Initialized MultithreadedTaskDispatcher with 16 workers.
 -> (artifact id: '11e8cf9dd0fa8c05f42710427212f88d') in 0.019758 seconds
Number of updated asset objects reloaded before import = 0
Number of asset objects unloaded after import = 3
========================================================================
Received Import Request.
  Time since last request: 0.000023 seconds.
  path: Assets/TextMesh Pro/Examples & Extras/Textures/Sunny Days - Seamless.jpg
  artifactKey: Guid(17c350171f7a3ca479f830547c66d187) Importer(2089858483,0ecaa5967403d082aa24f35e1b516d23)
Start importing Assets/TextMesh Pro/Examples & Extras/Textures/Sunny Days - Seamless.jpg using Guid(17c350171f7a3ca479f830547c66d187) Importer(2089858483,0ecaa5967403d082aa24f35e1b516d23) [PhysX] Initialized MultithreadedTaskDispatcher with 16 workers.
 -> (artifact id: '4e16cf99bd558134c9ac9dccad84436a') in 0.016604 seconds
Number of updated asset objects reloaded before import = 0
Number of asset objects unloaded after import = 1
========================================================================
Received Import Request.
  Time since last request: 0.000021 seconds.
  path: Assets/TextMesh Pro/Examples & Extras/Textures/Text Overflow - Linked Text UI Screenshot.png
  artifactKey: Guid(c76d18757a194d618355f05f815cb0a1) Importer(2089858483,0ecaa5967403d082aa24f35e1b516d23)
Start importing Assets/TextMesh Pro/Examples & Extras/Textures/Text Overflow - Linked Text UI Screenshot.png using Guid(c76d18757a194d618355f05f815cb0a1) Importer(2089858483,0ecaa5967403d082aa24f35e1b516d23) [PhysX] Initialized MultithreadedTaskDispatcher with 16 workers.
 -> (artifact id: '66fbb037b20ffa326d0b818fce3c7254') in 0.018031 seconds
Number of updated asset objects reloaded before import = 0
Number of asset objects unloaded after import = 1
========================================================================
Received Import Request.
  Time since last request: 0.000020 seconds.
  path: Assets/ModernSupermarket/Models/Furniture/Fridge_4ttiif/Fridge_4ttiif.fbx
  artifactKey: Guid(3b82eef328d1cf74f9dfc4dc39bdc481) Importer(2089858483,0ecaa5967403d082aa24f35e1b516d23)
Start importing Assets/ModernSupermarket/Models/Furniture/Fridge_4ttiif/Fridge_4ttiif.fbx using Guid(3b82eef328d1cf74f9dfc4dc39bdc481) Importer(2089858483,0ecaa5967403d082aa24f35e1b516d23) [PhysX] Initialized MultithreadedTaskDispatcher with 16 workers.
 -> (artifact id: '51e4ea0b4b8ff23af2cade59f16fead7') in 0.022516 seconds
Number of updated asset objects reloaded before import = 0
Number of asset objects unloaded after import = 19
========================================================================
Received Import Request.
  Time since last request: 0.000029 seconds.
  path: Assets/ModernSupermarket/Models/Furniture/Counter_attlsv/Counter_attlsv.fbx
  artifactKey: Guid(677a67edbc205884db0395d53c41dbec) Importer(2089858483,0ecaa5967403d082aa24f35e1b516d23)
Start importing Assets/ModernSupermarket/Models/Furniture/Counter_attlsv/Counter_attlsv.fbx using Guid(677a67edbc205884db0395d53c41dbec) Importer(2089858483,0ecaa5967403d082aa24f35e1b516d23) [PhysX] Initialized MultithreadedTaskDispatcher with 16 workers.
 -> (artifact id: '5e2cebe001bef89f4201f798c5830a7b') in 0.034007 seconds
Number of updated asset objects reloaded before import = 0
Number of asset objects unloaded after import = 7
========================================================================
Received Import Request.
  Time since last request: 0.000019 seconds.
  path: Assets/TextMesh Pro/Examples & Extras/Scenes/09 - Margin Tag Example.unity
  artifactKey: Guid(349f38d3606449708c7340d26740e1e2) Importer(2089858483,0ecaa5967403d082aa24f35e1b516d23)
Start importing Assets/TextMesh Pro/Examples & Extras/Scenes/09 - Margin Tag Example.unity using Guid(349f38d3606449708c7340d26740e1e2) Importer(2089858483,0ecaa5967403d082aa24f35e1b516d23) [PhysX] Initialized MultithreadedTaskDispatcher with 16 workers.
 -> (artifact id: 'bcbe0357b15bc98f1bc5c25fc6d94f36') in 0.011214 seconds
Number of updated asset objects reloaded before import = 0
Number of asset objects unloaded after import = 1
========================================================================
Received Import Request.
  Time since last request: 0.000021 seconds.
  path: Assets/ModernSupermarket/Models/Architecture/Textures/Vents_m.png
  artifactKey: Guid(b83ff2571b3c2c34b986f59108f26f6f) Importer(2089858483,0ecaa5967403d082aa24f35e1b516d23)
Start importing Assets/ModernSupermarket/Models/Architecture/Textures/Vents_m.png using Guid(b83ff2571b3c2c34b986f59108f26f6f) Importer(2089858483,0ecaa5967403d082aa24f35e1b516d23) [PhysX] Initialized MultithreadedTaskDispatcher with 16 workers.
 -> (artifact id: '5eabc790d5b7c58f029d4e10307de15d') in 0.022636 seconds
Number of updated asset objects reloaded before import = 0
Number of asset objects unloaded after import = 1
========================================================================
Received Import Request.
  Time since last request: 1.831713 seconds.
  path: Assets/ModernSupermarket/Prefabs/Props/Produce/Apple_k7nzrr_Crate.prefab
  artifactKey: Guid(87a663d36cf8894408a79b1235f22141) Importer(2089858483,0ecaa5967403d082aa24f35e1b516d23)
Start importing Assets/ModernSupermarket/Prefabs/Props/Produce/Apple_k7nzrr_Crate.prefab using Guid(87a663d36cf8894408a79b1235f22141) Importer(2089858483,0ecaa5967403d082aa24f35e1b516d23) [PhysX] Initialized MultithreadedTaskDispatcher with 16 workers.
 -> (artifact id: '0c7afd5577d74c42e177edc67c25b5f3') in 0.022959 seconds
Number of updated asset objects reloaded before import = 0
Number of asset objects unloaded after import = 16
========================================================================
Received Import Request.
  Time since last request: 0.000023 seconds.
  path: Assets/ModernSupermarket/Prefabs/Props/Produce/Perry_fhz4xg_Pack01.prefab
  artifactKey: Guid(b97c1df0bc4616b48ab1af883577f84f) Importer(2089858483,0ecaa5967403d082aa24f35e1b516d23)
Start importing Assets/ModernSupermarket/Prefabs/Props/Produce/Perry_fhz4xg_Pack01.prefab using Guid(b97c1df0bc4616b48ab1af883577f84f) Importer(2089858483,0ecaa5967403d082aa24f35e1b516d23) [PhysX] Initialized MultithreadedTaskDispatcher with 16 workers.
 -> (artifact id: '2d3d8ba7fbe02fc70158063bcd32b3bd') in 0.014800 seconds
Number of updated asset objects reloaded before import = 0
Number of asset objects unloaded after import = 8
========================================================================
Received Import Request.
  Time since last request: 0.000016 seconds.
  path: Assets/ModernSupermarket/Prefabs/Props/Products/Cake_a3h87k.prefab
  artifactKey: Guid(c92d0462d1b7fd243b6bea3f8c600794) Importer(2089858483,0ecaa5967403d082aa24f35e1b516d23)
Start importing Assets/ModernSupermarket/Prefabs/Props/Products/Cake_a3h87k.prefab using Guid(c92d0462d1b7fd243b6bea3f8c600794) Importer(2089858483,0ecaa5967403d082aa24f35e1b516d23) [PhysX] Initialized MultithreadedTaskDispatcher with 16 workers.
 -> (artifact id: '497bee0d1fc5207a858e40a29e32d01c') in 0.015468 seconds
Number of updated asset objects reloaded before import = 0
Number of asset objects unloaded after import = 8
========================================================================
Received Import Request.
  Time since last request: 0.000022 seconds.
  path: Assets/ModernSupermarket/Prefabs/Props/Produce/Squash_0r6m5l_Pack01.prefab
  artifactKey: Guid(c9df232872c86d74d8a735a2eee134bd) Importer(2089858483,0ecaa5967403d082aa24f35e1b516d23)
Start importing Assets/ModernSupermarket/Prefabs/Props/Produce/Squash_0r6m5l_Pack01.prefab using Guid(c9df232872c86d74d8a735a2eee134bd) Importer(2089858483,0ecaa5967403d082aa24f35e1b516d23) [PhysX] Initialized MultithreadedTaskDispatcher with 16 workers.
 -> (artifact id: 'eaa0ff446cc03cfcf91ccbfbd7621f33') in 0.014416 seconds
Number of updated asset objects reloaded before import = 0
Number of asset objects unloaded after import = 8
========================================================================
Received Import Request.
  Time since last request: 0.000022 seconds.
  path: Assets/ModernSupermarket/Prefabs/Props/Products/Cake_a3h87k_Var02.prefab
  artifactKey: Guid(b1a45b17f4ef871419011c8092b22d4e) Importer(2089858483,0ecaa5967403d082aa24f35e1b516d23)
Start importing Assets/ModernSupermarket/Prefabs/Props/Products/Cake_a3h87k_Var02.prefab using Guid(b1a45b17f4ef871419011c8092b22d4e) Importer(2089858483,0ecaa5967403d082aa24f35e1b516d23) [PhysX] Initialized MultithreadedTaskDispatcher with 16 workers.
 -> (artifact id: 'c3a3e7b7c57837db313eb59f05a08a60') in 0.016389 seconds
Number of updated asset objects reloaded before import = 0
Number of asset objects unloaded after import = 15
========================================================================
Received Import Request.
  Time since last request: 0.000020 seconds.
  path: Assets/ModernSupermarket/Prefabs/Props/Products/Book_bpxngl_07.prefab
  artifactKey: Guid(7fe7a2784e7a7b8449dfc585ad7bc616) Importer(2089858483,0ecaa5967403d082aa24f35e1b516d23)
Start importing Assets/ModernSupermarket/Prefabs/Props/Products/Book_bpxngl_07.prefab using Guid(7fe7a2784e7a7b8449dfc585ad7bc616) Importer(2089858483,0ecaa5967403d082aa24f35e1b516d23) [PhysX] Initialized MultithreadedTaskDispatcher with 16 workers.
 -> (artifact id: '3d6523db453938115fb7ec0aff89ed92') in 0.016029 seconds
Number of updated asset objects reloaded before import = 0
Number of asset objects unloaded after import = 8
========================================================================
Received Import Request.
  Time since last request: 0.000028 seconds.
  path: Assets/ModernSupermarket/Prefabs/Props/Products/Cake_a3h87k_Pack01.prefab
  artifactKey: Guid(c9411a3fb3b69f14b9823a09b2ef20d4) Importer(2089858483,0ecaa5967403d082aa24f35e1b516d23)
Start importing Assets/ModernSupermarket/Prefabs/Props/Products/Cake_a3h87k_Pack01.prefab using Guid(c9411a3fb3b69f14b9823a09b2ef20d4) Importer(2089858483,0ecaa5967403d082aa24f35e1b516d23) [PhysX] Initialized MultithreadedTaskDispatcher with 16 workers.
 -> (artifact id: '35c4fb7d8d51368363bbcf43f828b78c') in 0.016709 seconds
Number of updated asset objects reloaded before import = 0
Number of asset objects unloaded after import = 8
========================================================================
Received Import Request.
  Time since last request: 0.000026 seconds.
  path: Assets/ModernSupermarket/Prefabs/Props/Produce/Banana_zjs4oz_Pack01.prefab
  artifactKey: Guid(c37679b2451cdf14da291a14a56658da) Importer(2089858483,0ecaa5967403d082aa24f35e1b516d23)
Start importing Assets/ModernSupermarket/Prefabs/Props/Produce/Banana_zjs4oz_Pack01.prefab using Guid(c37679b2451cdf14da291a14a56658da) Importer(2089858483,0ecaa5967403d082aa24f35e1b516d23) [PhysX] Initialized MultithreadedTaskDispatcher with 16 workers.
 -> (artifact id: '04d52d09feabae1a5c6888a809dc2b4d') in 0.016411 seconds
Number of updated asset objects reloaded before import = 0
Number of asset objects unloaded after import = 8
========================================================================
Received Import Request.
  Time since last request: 0.000019 seconds.
  path: Assets/ModernSupermarket/Prefabs/Props/Products/Alcohol_ao62w_Pack01.prefab
  artifactKey: Guid(3f7d9422ac20c664697d560ac100550d) Importer(2089858483,0ecaa5967403d082aa24f35e1b516d23)
Start importing Assets/ModernSupermarket/Prefabs/Props/Products/Alcohol_ao62w_Pack01.prefab using Guid(3f7d9422ac20c664697d560ac100550d) Importer(2089858483,0ecaa5967403d082aa24f35e1b516d23) [PhysX] Initialized MultithreadedTaskDispatcher with 16 workers.
 -> (artifact id: 'c30176c5bf9129820c381a922dfb48c4') in 0.015400 seconds
Number of updated asset objects reloaded before import = 0
Number of asset objects unloaded after import = 8
========================================================================
Received Import Request.
  Time since last request: 0.000031 seconds.
  path: Assets/ModernSupermarket/Prefabs/Props/Products/Book_bpxngl_04.prefab
  artifactKey: Guid(ad1c413ba682bbc49bf6bf209786a8ba) Importer(2089858483,0ecaa5967403d082aa24f35e1b516d23)
Start importing Assets/ModernSupermarket/Prefabs/Props/Products/Book_bpxngl_04.prefab using Guid(ad1c413ba682bbc49bf6bf209786a8ba) Importer(2089858483,0ecaa5967403d082aa24f35e1b516d23) [PhysX] Initialized MultithreadedTaskDispatcher with 16 workers.
 -> (artifact id: '5b6c5ff8d609b407f58f182f23950e85') in 0.015963 seconds
Number of updated asset objects reloaded before import = 0
Number of asset objects unloaded after import = 8
========================================================================
Received Import Request.
  Time since last request: 0.000020 seconds.
  path: Assets/ModernSupermarket/Prefabs/Props/Products/Cake_p6lebj_Pack01.prefab
  artifactKey: Guid(40c95110a07b4ed4387aa24294841fcd) Importer(2089858483,0ecaa5967403d082aa24f35e1b516d23)
Start importing Assets/ModernSupermarket/Prefabs/Props/Products/Cake_p6lebj_Pack01.prefab using Guid(40c95110a07b4ed4387aa24294841fcd) Importer(2089858483,0ecaa5967403d082aa24f35e1b516d23) [PhysX] Initialized MultithreadedTaskDispatcher with 16 workers.
 -> (artifact id: 'e54fc23e6cce3c77c2e01c981c950b3b') in 0.016985 seconds
Number of updated asset objects reloaded before import = 0
Number of asset objects unloaded after import = 8
========================================================================
Received Import Request.
  Time since last request: 0.000019 seconds.
  path: Assets/ModernSupermarket/Prefabs/Props/Produce/Tomato_u9ceyc.prefab
  artifactKey: Guid(77214190a46c588448b89ae4f74f9e64) Importer(2089858483,0ecaa5967403d082aa24f35e1b516d23)
Start importing Assets/ModernSupermarket/Prefabs/Props/Produce/Tomato_u9ceyc.prefab using Guid(77214190a46c588448b89ae4f74f9e64) Importer(2089858483,0ecaa5967403d082aa24f35e1b516d23) [PhysX] Initialized MultithreadedTaskDispatcher with 16 workers.
 -> (artifact id: '7b2b6aa12becff949798ff7c11f5b05a') in 0.017404 seconds
Number of updated asset objects reloaded before import = 0
Number of asset objects unloaded after import = 8
========================================================================
Received Import Request.
  Time since last request: 0.000017 seconds.
  path: Assets/ModernSupermarket/Prefabs/Props/Products/Book_bpxngl_10.prefab
  artifactKey: Guid(04214be982a86b94291c65cb478d3b44) Importer(2089858483,0ecaa5967403d082aa24f35e1b516d23)
Start importing Assets/ModernSupermarket/Prefabs/Props/Products/Book_bpxngl_10.prefab using Guid(04214be982a86b94291c65cb478d3b44) Importer(2089858483,0ecaa5967403d082aa24f35e1b516d23) [PhysX] Initialized MultithreadedTaskDispatcher with 16 workers.
 -> (artifact id: '03fb53742acf598ebb78bb900c86bc66') in 0.015472 seconds
Number of updated asset objects reloaded before import = 0
Number of asset objects unloaded after import = 8
========================================================================
Received Import Request.
  Time since last request: 0.000017 seconds.
  path: Assets/ModernSupermarket/Prefabs/Props/Products/Bag_s45li3_Var02.prefab
  artifactKey: Guid(916e5d11fdc41234bbc9c83d8f27780a) Importer(2089858483,0ecaa5967403d082aa24f35e1b516d23)
Start importing Assets/ModernSupermarket/Prefabs/Props/Products/Bag_s45li3_Var02.prefab using Guid(916e5d11fdc41234bbc9c83d8f27780a) Importer(2089858483,0ecaa5967403d082aa24f35e1b516d23) [PhysX] Initialized MultithreadedTaskDispatcher with 16 workers.
 -> (artifact id: '82f4df3ce684517d42639ed4b37509b0') in 0.014380 seconds
Number of updated asset objects reloaded before import = 0
Number of asset objects unloaded after import = 15
========================================================================
Received Import Request.
  Time since last request: 0.000017 seconds.
  path: Assets/ModernSupermarket/Prefabs/Props/Produce/Zucchini_z21819_Crate.prefab
  artifactKey: Guid(b75be5922d5d2a64ea81366e6222cada) Importer(2089858483,0ecaa5967403d082aa24f35e1b516d23)
Start importing Assets/ModernSupermarket/Prefabs/Props/Produce/Zucchini_z21819_Crate.prefab using Guid(b75be5922d5d2a64ea81366e6222cada) Importer(2089858483,0ecaa5967403d082aa24f35e1b516d23) [PhysX] Initialized MultithreadedTaskDispatcher with 16 workers.
 -> (artifact id: '81bd514dd3ed6b1d2510041e243af48e') in 0.013812 seconds
Number of updated asset objects reloaded before import = 0
Number of asset objects unloaded after import = 16
========================================================================
Received Import Request.
  Time since last request: 0.000025 seconds.
  path: Assets/ModernSupermarket/Prefabs/Props/Produce/Artichoke_fdde0u_Crate.prefab
  artifactKey: Guid(e165e4e134457d84b8d6ffefedc348fa) Importer(2089858483,0ecaa5967403d082aa24f35e1b516d23)
Start importing Assets/ModernSupermarket/Prefabs/Props/Produce/Artichoke_fdde0u_Crate.prefab using Guid(e165e4e134457d84b8d6ffefedc348fa) Importer(2089858483,0ecaa5967403d082aa24f35e1b516d23) [PhysX] Initialized MultithreadedTaskDispatcher with 16 workers.
 -> (artifact id: '4b1b1d965715b35fe63381ace9923214') in 0.012190 seconds
Number of updated asset objects reloaded before import = 0
Number of asset objects unloaded after import = 16
========================================================================
Received Import Request.
  Time since last request: 0.000025 seconds.
  path: Assets/ModernSupermarket/Prefabs/Props/Produce/Potato_px2ht4_Pack01.prefab
  artifactKey: Guid(ec3e2ffb6bc340541bc3ba0d8d16f27e) Importer(2089858483,0ecaa5967403d082aa24f35e1b516d23)
Start importing Assets/ModernSupermarket/Prefabs/Props/Produce/Potato_px2ht4_Pack01.prefab using Guid(ec3e2ffb6bc340541bc3ba0d8d16f27e) Importer(2089858483,0ecaa5967403d082aa24f35e1b516d23) [PhysX] Initialized MultithreadedTaskDispatcher with 16 workers.
 -> (artifact id: 'd2c3a53f7107856924455e1e15c1cc93') in 0.015151 seconds
Number of updated asset objects reloaded before import = 0
Number of asset objects unloaded after import = 8
========================================================================
Received Import Request.
  Time since last request: 0.000023 seconds.
  path: Assets/ModernSupermarket/Prefabs/Props/Produce/ChilliPeppers_w388hm_Var02.prefab
  artifactKey: Guid(2905790bf21966b49a1059846353ad2b) Importer(2089858483,0ecaa5967403d082aa24f35e1b516d23)
Start importing Assets/ModernSupermarket/Prefabs/Props/Produce/ChilliPeppers_w388hm_Var02.prefab using Guid(2905790bf21966b49a1059846353ad2b) Importer(2089858483,0ecaa5967403d082aa24f35e1b516d23) [PhysX] Initialized MultithreadedTaskDispatcher with 16 workers.
 -> (artifact id: '553abe7c980204804f723e2c6ce26dba') in 0.015773 seconds
Number of updated asset objects reloaded before import = 0
Number of asset objects unloaded after import = 8
========================================================================
Received Import Request.
  Time since last request: 0.000028 seconds.
  path: Assets/ModernSupermarket/Prefabs/Props/Products/Bleach_irrpnt_Pack01.prefab
  artifactKey: Guid(7ae853c018dd63540b50f870e2f72f63) Importer(2089858483,0ecaa5967403d082aa24f35e1b516d23)
Start importing Assets/ModernSupermarket/Prefabs/Props/Products/Bleach_irrpnt_Pack01.prefab using Guid(7ae853c018dd63540b50f870e2f72f63) Importer(2089858483,0ecaa5967403d082aa24f35e1b516d23) [PhysX] Initialized MultithreadedTaskDispatcher with 16 workers.
 -> (artifact id: '4affd6a94f1426b41d15695f7fe1d096') in 0.018229 seconds
Number of updated asset objects reloaded before import = 0
Number of asset objects unloaded after import = 8
========================================================================
Received Import Request.
  Time since last request: 0.000017 seconds.
  path: Assets/ModernSupermarket/Prefabs/Props/Products/Bleach_irrpnt_Var02.prefab
  artifactKey: Guid(55af63caf2911394d9f131c5d9bb1e4d) Importer(2089858483,0ecaa5967403d082aa24f35e1b516d23)
Start importing Assets/ModernSupermarket/Prefabs/Props/Products/Bleach_irrpnt_Var02.prefab using Guid(55af63caf2911394d9f131c5d9bb1e4d) Importer(2089858483,0ecaa5967403d082aa24f35e1b516d23) [PhysX] Initialized MultithreadedTaskDispatcher with 16 workers.
 -> (artifact id: 'a1182fc45fd8b137ae3f07d94887231b') in 0.016990 seconds
Number of updated asset objects reloaded before import = 0
Number of asset objects unloaded after import = 15
========================================================================
Received Import Request.
  Time since last request: 0.000023 seconds.
  path: Assets/ModernSupermarket/Prefabs/Props/Produce/Grapefruit_mrfrpw_Pack01.prefab
  artifactKey: Guid(2264972ecfe5d39438c4947abca3d425) Importer(2089858483,0ecaa5967403d082aa24f35e1b516d23)
Start importing Assets/ModernSupermarket/Prefabs/Props/Produce/Grapefruit_mrfrpw_Pack01.prefab using Guid(2264972ecfe5d39438c4947abca3d425) Importer(2089858483,0ecaa5967403d082aa24f35e1b516d23) [PhysX] Initialized MultithreadedTaskDispatcher with 16 workers.
 -> (artifact id: '6563684aa5d5ae0c0ea1cf865bf3d770') in 0.015517 seconds
Number of updated asset objects reloaded before import = 0
Number of asset objects unloaded after import = 8
========================================================================
Received Import Request.
  Time since last request: 0.000020 seconds.
  path: Assets/ModernSupermarket/Prefabs/Props/Produce/Clementine_7okhg9_Pack01.prefab
  artifactKey: Guid(eb2221972f4f2514d81e31b4b7c002d1) Importer(2089858483,0ecaa5967403d082aa24f35e1b516d23)
Start importing Assets/ModernSupermarket/Prefabs/Props/Produce/Clementine_7okhg9_Pack01.prefab using Guid(eb2221972f4f2514d81e31b4b7c002d1) Importer(2089858483,0ecaa5967403d082aa24f35e1b516d23) [PhysX] Initialized MultithreadedTaskDispatcher with 16 workers.
 -> (artifact id: '9404e78927905c5cca38dff08a8708a4') in 0.015307 seconds
Number of updated asset objects reloaded before import = 0
Number of asset objects unloaded after import = 8
========================================================================
Received Import Request.
  Time since last request: 0.000022 seconds.
  path: Assets/ModernSupermarket/Prefabs/Props/Produce/Clementine_7okhg9_Crate.prefab
  artifactKey: Guid(8ee64b8e051e119429c8cb7536240b46) Importer(2089858483,0ecaa5967403d082aa24f35e1b516d23)
Start importing Assets/ModernSupermarket/Prefabs/Props/Produce/Clementine_7okhg9_Crate.prefab using Guid(8ee64b8e051e119429c8cb7536240b46) Importer(2089858483,0ecaa5967403d082aa24f35e1b516d23) [PhysX] Initialized MultithreadedTaskDispatcher with 16 workers.
 -> (artifact id: '2e72a84f79a663f52a02d50b0bec4228') in 0.013671 seconds
Number of updated asset objects reloaded before import = 0
Number of asset objects unloaded after import = 16
========================================================================
Received Import Request.
  Time since last request: 0.000034 seconds.
  path: Assets/ModernSupermarket/Prefabs/Props/Produce/Apple_yf18nm_Crate.prefab
  artifactKey: Guid(5c11c0fa6b660334db805a7ad2708271) Importer(2089858483,0ecaa5967403d082aa24f35e1b516d23)
Start importing Assets/ModernSupermarket/Prefabs/Props/Produce/Apple_yf18nm_Crate.prefab using Guid(5c11c0fa6b660334db805a7ad2708271) Importer(2089858483,0ecaa5967403d082aa24f35e1b516d23) [PhysX] Initialized MultithreadedTaskDispatcher with 16 workers.
 -> (artifact id: 'e6c2d704367480a25d22bf40d1003f8c') in 0.015470 seconds
Number of updated asset objects reloaded before import = 0
Number of asset objects unloaded after import = 16
========================================================================
Received Import Request.
  Time since last request: 0.000023 seconds.
  path: Assets/ModernSupermarket/Prefabs/Props/Products/Bleach_irrpnt_Pack02.prefab
  artifactKey: Guid(c04116ccbdcd96b48950faf83840a5f8) Importer(2089858483,0ecaa5967403d082aa24f35e1b516d23)
Start importing Assets/ModernSupermarket/Prefabs/Props/Products/Bleach_irrpnt_Pack02.prefab using Guid(c04116ccbdcd96b48950faf83840a5f8) Importer(2089858483,0ecaa5967403d082aa24f35e1b516d23) [PhysX] Initialized MultithreadedTaskDispatcher with 16 workers.
 -> (artifact id: '0df509cd6b4e5a3643d670fbdddab91d') in 0.016774 seconds
Number of updated asset objects reloaded before import = 0
Number of asset objects unloaded after import = 8
========================================================================
Received Import Request.
  Time since last request: 0.000025 seconds.
  path: Assets/ModernSupermarket/Prefabs/Props/Products/BeerKeg_byk96e_Var01.prefab
  artifactKey: Guid(3b955f70801ef3a41a6ef2a627d82102) Importer(2089858483,0ecaa5967403d082aa24f35e1b516d23)
Start importing Assets/ModernSupermarket/Prefabs/Props/Products/BeerKeg_byk96e_Var01.prefab using Guid(3b955f70801ef3a41a6ef2a627d82102) Importer(2089858483,0ecaa5967403d082aa24f35e1b516d23) [PhysX] Initialized MultithreadedTaskDispatcher with 16 workers.
 -> (artifact id: 'c0e3e4fd309e239291393a3aa0eeaf25') in 0.016827 seconds
Number of updated asset objects reloaded before import = 0
Number of asset objects unloaded after import = 8
========================================================================
Received Import Request.
  Time since last request: 0.000016 seconds.
  path: Assets/ModernSupermarket/Prefabs/Props/Produce/Artichoke_fdde0u_Pack01.prefab
  artifactKey: Guid(b4f58ee27e0e17b40957a45987490ca0) Importer(2089858483,0ecaa5967403d082aa24f35e1b516d23)
Start importing Assets/ModernSupermarket/Prefabs/Props/Produce/Artichoke_fdde0u_Pack01.prefab using Guid(b4f58ee27e0e17b40957a45987490ca0) Importer(2089858483,0ecaa5967403d082aa24f35e1b516d23) [PhysX] Initialized MultithreadedTaskDispatcher with 16 workers.
 -> (artifact id: '327da114718812b6de01e260e369c397') in 0.013882 seconds
Number of updated asset objects reloaded before import = 0
Number of asset objects unloaded after import = 8
========================================================================
Received Import Request.
  Time since last request: 0.000042 seconds.
  path: Assets/ModernSupermarket/Prefabs/Props/Products/Butter_5ttny6.prefab
  artifactKey: Guid(8c7773a9c7d6b6c4c9b33e87af8f2741) Importer(2089858483,0ecaa5967403d082aa24f35e1b516d23)
Start importing Assets/ModernSupermarket/Prefabs/Props/Products/Butter_5ttny6.prefab using Guid(8c7773a9c7d6b6c4c9b33e87af8f2741) Importer(2089858483,0ecaa5967403d082aa24f35e1b516d23) [PhysX] Initialized MultithreadedTaskDispatcher with 16 workers.
 -> (artifact id: '7e1c4540e86252d289d557317b48616f') in 0.012601 seconds
Number of updated asset objects reloaded before import = 0
Number of asset objects unloaded after import = 8
========================================================================
Received Import Request.
  Time since last request: 0.000024 seconds.
  path: Assets/ModernSupermarket/Prefabs/Props/Products/CansPack_f98qxo_Var01.prefab
  artifactKey: Guid(d474b66f05e3d5e4082ef44044f1c5bc) Importer(2089858483,0ecaa5967403d082aa24f35e1b516d23)
Start importing Assets/ModernSupermarket/Prefabs/Props/Products/CansPack_f98qxo_Var01.prefab using Guid(d474b66f05e3d5e4082ef44044f1c5bc) Importer(2089858483,0ecaa5967403d082aa24f35e1b516d23) [PhysX] Initialized MultithreadedTaskDispatcher with 16 workers.
 -> (artifact id: 'e1a0b8d0dc7e1448be1147293b765a7d') in 0.015329 seconds
Number of updated asset objects reloaded before import = 0
Number of asset objects unloaded after import = 15
========================================================================
Received Import Request.
  Time since last request: 0.000020 seconds.
  path: Assets/ModernSupermarket/Prefabs/Props/Products/Alcool_ao62w_Var01.prefab
  artifactKey: Guid(afe6c6ee8dbb3234daf7d91ff1d48b6c) Importer(2089858483,0ecaa5967403d082aa24f35e1b516d23)
Start importing Assets/ModernSupermarket/Prefabs/Props/Products/Alcool_ao62w_Var01.prefab using Guid(afe6c6ee8dbb3234daf7d91ff1d48b6c) Importer(2089858483,0ecaa5967403d082aa24f35e1b516d23) [PhysX] Initialized MultithreadedTaskDispatcher with 16 workers.
 -> (artifact id: 'a3704a13fa12fa3a8d0f4f108ff2ec5f') in 0.014183 seconds
Number of updated asset objects reloaded before import = 0
Number of asset objects unloaded after import = 15
========================================================================
Received Import Request.
  Time since last request: 0.000017 seconds.
  path: Assets/ModernSupermarket/Prefabs/Props/Products/BeerPack_74mugc_Pack01.prefab
  artifactKey: Guid(81f9077be4764384dbe87ddca5e7f880) Importer(2089858483,0ecaa5967403d082aa24f35e1b516d23)
Start importing Assets/ModernSupermarket/Prefabs/Props/Products/BeerPack_74mugc_Pack01.prefab using Guid(81f9077be4764384dbe87ddca5e7f880) Importer(2089858483,0ecaa5967403d082aa24f35e1b516d23) [PhysX] Initialized MultithreadedTaskDispatcher with 16 workers.
 -> (artifact id: '93192dd99c700be417d62dd1137814ba') in 0.014339 seconds
Number of updated asset objects reloaded before import = 0
Number of asset objects unloaded after import = 8
========================================================================
Received Import Request.
  Time since last request: 0.000018 seconds.
  path: Assets/ModernSupermarket/Prefabs/Props/Products/Cake_p6lebj_Var01.prefab
  artifactKey: Guid(26b7235215fa8bf48af32129e41d4052) Importer(2089858483,0ecaa5967403d082aa24f35e1b516d23)
Start importing Assets/ModernSupermarket/Prefabs/Props/Products/Cake_p6lebj_Var01.prefab using Guid(26b7235215fa8bf48af32129e41d4052) Importer(2089858483,0ecaa5967403d082aa24f35e1b516d23) [PhysX] Initialized MultithreadedTaskDispatcher with 16 workers.
 -> (artifact id: '63156da8fd964303a2b5cffb9c2f5cbf') in 0.016866 seconds
Number of updated asset objects reloaded before import = 0
Number of asset objects unloaded after import = 15
========================================================================
Received Import Request.
  Time since last request: 0.000017 seconds.
  path: Assets/ModernSupermarket/Prefabs/Props/Produce/Basket_o52iei_Full04.prefab
  artifactKey: Guid(56c6dceb5058d1f40b02cf695bde4339) Importer(2089858483,0ecaa5967403d082aa24f35e1b516d23)
Start importing Assets/ModernSupermarket/Prefabs/Props/Produce/Basket_o52iei_Full04.prefab using Guid(56c6dceb5058d1f40b02cf695bde4339) Importer(2089858483,0ecaa5967403d082aa24f35e1b516d23) [PhysX] Initialized MultithreadedTaskDispatcher with 16 workers.
 -> (artifact id: '8d13f91361f3724d545eee76690b8432') in 0.011301 seconds
Number of updated asset objects reloaded before import = 0
Number of asset objects unloaded after import = 28
========================================================================
Received Import Request.
  Time since last request: 0.000025 seconds.
  path: Assets/ModernSupermarket/Prefabs/Props/Produce/Garlic_tkqeno_Grape.prefab
  artifactKey: Guid(9532ab49db10cfd4f9e45cdb36296725) Importer(2089858483,0ecaa5967403d082aa24f35e1b516d23)
Start importing Assets/ModernSupermarket/Prefabs/Props/Produce/Garlic_tkqeno_Grape.prefab using Guid(9532ab49db10cfd4f9e45cdb36296725) Importer(2089858483,0ecaa5967403d082aa24f35e1b516d23) [PhysX] Initialized MultithreadedTaskDispatcher with 16 workers.
 -> (artifact id: '2af38281cfad0efbbcb9441203858936') in 0.013238 seconds
Number of updated asset objects reloaded before import = 0
Number of asset objects unloaded after import = 65
========================================================================
Received Import Request.
  Time since last request: 0.000020 seconds.
  path: Assets/ModernSupermarket/Prefabs/Props/Products/Alcohol_tqkp8c_Pack01.prefab
  artifactKey: Guid(f844183feb880e343ad616a1fd7409f6) Importer(2089858483,0ecaa5967403d082aa24f35e1b516d23)
Start importing Assets/ModernSupermarket/Prefabs/Props/Products/Alcohol_tqkp8c_Pack01.prefab using Guid(f844183feb880e343ad616a1fd7409f6) Importer(2089858483,0ecaa5967403d082aa24f35e1b516d23) [PhysX] Initialized MultithreadedTaskDispatcher with 16 workers.
 -> (artifact id: '4157d0bdc1c8c4f6ce610b997b4bdc4a') in 0.019682 seconds
Number of updated asset objects reloaded before import = 0
Number of asset objects unloaded after import = 8
========================================================================
Received Import Request.
  Time since last request: 0.000015 seconds.
  path: Assets/ModernSupermarket/Prefabs/Props/Products/Bleach_irrpnt_Var01.prefab
  artifactKey: Guid(e4e3ea6e2447a704e8f784d2df669e00) Importer(2089858483,0ecaa5967403d082aa24f35e1b516d23)
Start importing Assets/ModernSupermarket/Prefabs/Props/Products/Bleach_irrpnt_Var01.prefab using Guid(e4e3ea6e2447a704e8f784d2df669e00) Importer(2089858483,0ecaa5967403d082aa24f35e1b516d23) [PhysX] Initialized MultithreadedTaskDispatcher with 16 workers.
 -> (artifact id: '1954368e750425c6256967bef8f34c4f') in 0.014098 seconds
Number of updated asset objects reloaded before import = 0
Number of asset objects unloaded after import = 15
========================================================================
Received Import Request.
  Time since last request: 0.000018 seconds.
  path: Assets/ModernSupermarket/Prefabs/Props/Products/CansPack_f98qxo_Pack02.prefab
  artifactKey: Guid(57bb128e2d7140d4b8115b37c30821cc) Importer(2089858483,0ecaa5967403d082aa24f35e1b516d23)
Start importing Assets/ModernSupermarket/Prefabs/Props/Products/CansPack_f98qxo_Pack02.prefab using Guid(57bb128e2d7140d4b8115b37c30821cc) Importer(2089858483,0ecaa5967403d082aa24f35e1b516d23) [PhysX] Initialized MultithreadedTaskDispatcher with 16 workers.
 -> (artifact id: '93e5bafdd2284c09d6cec3a59a9c30d6') in 0.015556 seconds
Number of updated asset objects reloaded before import = 0
Number of asset objects unloaded after import = 8
========================================================================
Received Import Request.
  Time since last request: 0.000031 seconds.
  path: Assets/ModernSupermarket/Prefabs/Props/Products/Book_bpxngl_01.prefab
  artifactKey: Guid(332012b48fa2fd141b7304dbb3e212b7) Importer(2089858483,0ecaa5967403d082aa24f35e1b516d23)
Start importing Assets/ModernSupermarket/Prefabs/Props/Products/Book_bpxngl_01.prefab using Guid(332012b48fa2fd141b7304dbb3e212b7) Importer(2089858483,0ecaa5967403d082aa24f35e1b516d23) [PhysX] Initialized MultithreadedTaskDispatcher with 16 workers.
 -> (artifact id: '421b00ad57be3dea950b0c9952240d96') in 0.016320 seconds
Number of updated asset objects reloaded before import = 0
Number of asset objects unloaded after import = 8
========================================================================
Received Import Request.
  Time since last request: 1.734082 seconds.
  path: Assets/ModernSupermarket/Prefabs/Props/Products/Capsule_dchvzi_Pack01.prefab
  artifactKey: Guid(2ee2b387e432c8040bf1f0b888688398) Importer(2089858483,0ecaa5967403d082aa24f35e1b516d23)
Start importing Assets/ModernSupermarket/Prefabs/Props/Products/Capsule_dchvzi_Pack01.prefab using Guid(2ee2b387e432c8040bf1f0b888688398) Importer(2089858483,0ecaa5967403d082aa24f35e1b516d23) [PhysX] Initialized MultithreadedTaskDispatcher with 16 workers.
 -> (artifact id: '7531693ee5ac4a1c5325995496428cc2') in 0.017015 seconds
Number of updated asset objects reloaded before import = 0
Number of asset objects unloaded after import = 8
========================================================================
Received Import Request.
  Time since last request: 0.000026 seconds.
  path: Assets/ModernSupermarket/Prefabs/Props/Products/Decoration_3k4dyn_02.prefab
  artifactKey: Guid(bd00bd92bfc72e54d9d5baa2ca114e27) Importer(2089858483,0ecaa5967403d082aa24f35e1b516d23)
Start importing Assets/ModernSupermarket/Prefabs/Props/Products/Decoration_3k4dyn_02.prefab using Guid(bd00bd92bfc72e54d9d5baa2ca114e27) Importer(2089858483,0ecaa5967403d082aa24f35e1b516d23) [PhysX] Initialized MultithreadedTaskDispatcher with 16 workers.
 -> (artifact id: '2ff072ff19aa132113e0043eeea3b5fc') in 0.017170 seconds
Number of updated asset objects reloaded before import = 0
Number of asset objects unloaded after import = 8
========================================================================
Received Import Request.
  Time since last request: 0.000023 seconds.
  path: Assets/ModernSupermarket/Prefabs/Props/Products/Shampoo_vimakk.prefab
  artifactKey: Guid(c35f656580b483644a2227cac1c4505e) Importer(2089858483,0ecaa5967403d082aa24f35e1b516d23)
Start importing Assets/ModernSupermarket/Prefabs/Props/Products/Shampoo_vimakk.prefab using Guid(c35f656580b483644a2227cac1c4505e) Importer(2089858483,0ecaa5967403d082aa24f35e1b516d23) [PhysX] Initialized MultithreadedTaskDispatcher with 16 workers.
 -> (artifact id: '92b686af0bd7cc1ad34c7b03cceedcb1') in 0.014726 seconds
Number of updated asset objects reloaded before import = 0
Number of asset objects unloaded after import = 8
========================================================================
Received Import Request.
  Time since last request: 0.000018 seconds.
  path: Assets/ModernSupermarket/Prefabs/Props/Products/FrozenPack_t7wenh_Var03.prefab
  artifactKey: Guid(79bb6ecd59ca12549bdeb0ecb2af7fda) Importer(2089858483,0ecaa5967403d082aa24f35e1b516d23)
Start importing Assets/ModernSupermarket/Prefabs/Props/Products/FrozenPack_t7wenh_Var03.prefab using Guid(79bb6ecd59ca12549bdeb0ecb2af7fda) Importer(2089858483,0ecaa5967403d082aa24f35e1b516d23) [PhysX] Initialized MultithreadedTaskDispatcher with 16 workers.
 -> (artifact id: 'c0ae0e4f8cd3391bb425a69c5a2e02ec') in 0.015856 seconds
Number of updated asset objects reloaded before import = 0
Number of asset objects unloaded after import = 15
========================================================================
Received Import Request.
  Time since last request: 0.000017 seconds.
  path: Assets/ModernSupermarket/Prefabs/Props/Products/Pizza_ehb1pe_Var01.prefab
  artifactKey: Guid(c46e742c592dcda4f8f9eff6504c3353) Importer(2089858483,0ecaa5967403d082aa24f35e1b516d23)
Start importing Assets/ModernSupermarket/Prefabs/Props/Products/Pizza_ehb1pe_Var01.prefab using Guid(c46e742c592dcda4f8f9eff6504c3353) Importer(2089858483,0ecaa5967403d082aa24f35e1b516d23) [PhysX] Initialized MultithreadedTaskDispatcher with 16 workers.
 -> (artifact id: '3cbfd8716ef9f65b3000d470bcff2f27') in 0.015983 seconds
Number of updated asset objects reloaded before import = 0
Number of asset objects unloaded after import = 15
========================================================================
Received Import Request.
  Time since last request: 0.000023 seconds.
  path: Assets/ModernSupermarket/Prefabs/Props/Products/Soap_1rcsb1_Pack01.prefab
  artifactKey: Guid(f899e11ccc51dfb4482c0eae1588ac00) Importer(2089858483,0ecaa5967403d082aa24f35e1b516d23)
Start importing Assets/ModernSupermarket/Prefabs/Props/Products/Soap_1rcsb1_Pack01.prefab using Guid(f899e11ccc51dfb4482c0eae1588ac00) Importer(2089858483,0ecaa5967403d082aa24f35e1b516d23) [PhysX] Initialized MultithreadedTaskDispatcher with 16 workers.
 -> (artifact id: 'c6504cf38224d8cf2056d38dfa191011') in 0.017537 seconds
Number of updated asset objects reloaded before import = 0
Number of asset objects unloaded after import = 8
========================================================================
Received Import Request.
  Time since last request: 0.000030 seconds.
  path: Assets/ModernSupermarket/Prefabs/Props/Products/Salt_9we170.prefab
  artifactKey: Guid(590b9bb106ff6294fb704142dd5d7374) Importer(2089858483,0ecaa5967403d082aa24f35e1b516d23)
Start importing Assets/ModernSupermarket/Prefabs/Props/Products/Salt_9we170.prefab using Guid(590b9bb106ff6294fb704142dd5d7374) Importer(2089858483,0ecaa5967403d082aa24f35e1b516d23) [PhysX] Initialized MultithreadedTaskDispatcher with 16 workers.
 -> (artifact id: '537fffa594a96d86201754f7b6183f7b') in 0.016091 seconds
Number of updated asset objects reloaded before import = 0
Number of asset objects unloaded after import = 8
========================================================================
Received Import Request.
  Time since last request: 0.000016 seconds.
  path: Assets/ModernSupermarket/Prefabs/Props/Products/Ham_wplnxm.prefab
  artifactKey: Guid(6c34d6084a99a534b941755552c7ad38) Importer(2089858483,0ecaa5967403d082aa24f35e1b516d23)
Start importing Assets/ModernSupermarket/Prefabs/Props/Products/Ham_wplnxm.prefab using Guid(6c34d6084a99a534b941755552c7ad38) Importer(2089858483,0ecaa5967403d082aa24f35e1b516d23) [PhysX] Initialized MultithreadedTaskDispatcher with 16 workers.
 -> (artifact id: 'bdadcedd755c79c50aa96ab2e580d6a6') in 0.015060 seconds
Number of updated asset objects reloaded before import = 0
Number of asset objects unloaded after import = 8
========================================================================
Received Import Request.
  Time since last request: 0.000019 seconds.
  path: Assets/ModernSupermarket/Prefabs/Props/Products/Decoration_3k4dyn_01.prefab
  artifactKey: Guid(dc39c93769f48074f9db3e5218f7b7b8) Importer(2089858483,0ecaa5967403d082aa24f35e1b516d23)
Start importing Assets/ModernSupermarket/Prefabs/Props/Products/Decoration_3k4dyn_01.prefab using Guid(dc39c93769f48074f9db3e5218f7b7b8) Importer(2089858483,0ecaa5967403d082aa24f35e1b516d23) [PhysX] Initialized MultithreadedTaskDispatcher with 16 workers.
 -> (artifact id: '67fe7afccdcb81f7656b4171851b6b00') in 0.014152 seconds
Number of updated asset objects reloaded before import = 0
Number of asset objects unloaded after import = 8
========================================================================
Received Import Request.
  Time since last request: 0.000019 seconds.
  path: Assets/ModernSupermarket/Prefabs/Props/Products/MeatTray_fbw8xf.prefab
  artifactKey: Guid(070b6ec138857d74299ee0e067484135) Importer(2089858483,0ecaa5967403d082aa24f35e1b516d23)
Start importing Assets/ModernSupermarket/Prefabs/Props/Products/MeatTray_fbw8xf.prefab using Guid(070b6ec138857d74299ee0e067484135) Importer(2089858483,0ecaa5967403d082aa24f35e1b516d23) [PhysX] Initialized MultithreadedTaskDispatcher with 16 workers.
 -> (artifact id: 'f36294e0d08330a1225cc7bb3992b7e5') in 0.014956 seconds
Number of updated asset objects reloaded before import = 0
Number of asset objects unloaded after import = 8
========================================================================
Received Import Request.
  Time since last request: 0.000017 seconds.
  path: Assets/ModernSupermarket/Prefabs/Props/Products/Capsule_xrahaz_low.prefab
  artifactKey: Guid(033a04b1b625e684489cd930eb302092) Importer(2089858483,0ecaa5967403d082aa24f35e1b516d23)
Start importing Assets/ModernSupermarket/Prefabs/Props/Products/Capsule_xrahaz_low.prefab using Guid(033a04b1b625e684489cd930eb302092) Importer(2089858483,0ecaa5967403d082aa24f35e1b516d23) [PhysX] Initialized MultithreadedTaskDispatcher with 16 workers.
 -> (artifact id: 'f0339e47711fbcb5f261f8b4f75c7dc3') in 0.016874 seconds
Number of updated asset objects reloaded before import = 0
Number of asset objects unloaded after import = 8
========================================================================
Received Import Request.
  Time since last request: 0.000019 seconds.
  path: Assets/ModernSupermarket/Prefabs/Props/Products/Soda_f6b9gw.prefab
  artifactKey: Guid(073dfce97529269418b94d6d278de14b) Importer(2089858483,0ecaa5967403d082aa24f35e1b516d23)
Start importing Assets/ModernSupermarket/Prefabs/Props/Products/Soda_f6b9gw.prefab using Guid(073dfce97529269418b94d6d278de14b) Importer(2089858483,0ecaa5967403d082aa24f35e1b516d23) [PhysX] Initialized MultithreadedTaskDispatcher with 16 workers.
 -> (artifact id: 'fbe5039f203a0895bd12af5c06b59f17') in 0.014312 seconds
Number of updated asset objects reloaded before import = 0
Number of asset objects unloaded after import = 8
========================================================================
Received Import Request.
  Time since last request: 0.000033 seconds.
  path: Assets/ModernSupermarket/Prefabs/Props/Products/Pasta_9duit2.prefab
  artifactKey: Guid(2ffb446c5e43dd447af0a240ccb79385) Importer(2089858483,0ecaa5967403d082aa24f35e1b516d23)
Start importing Assets/ModernSupermarket/Prefabs/Props/Products/Pasta_9duit2.prefab using Guid(2ffb446c5e43dd447af0a240ccb79385) Importer(2089858483,0ecaa5967403d082aa24f35e1b516d23) [PhysX] Initialized MultithreadedTaskDispatcher with 16 workers.
 -> (artifact id: '5fd9c08462a41d4b73abb806864c4f40') in 0.016466 seconds
Number of updated asset objects reloaded before import = 0
Number of asset objects unloaded after import = 8
========================================================================
Received Import Request.
  Time since last request: 0.000020 seconds.
  path: Assets/ModernSupermarket/Prefabs/Props/Products/FrozenPack_xp713y_Pack01.prefab
  artifactKey: Guid(fd173e7871939654d947d0b68019216e) Importer(2089858483,0ecaa5967403d082aa24f35e1b516d23)
Start importing Assets/ModernSupermarket/Prefabs/Props/Products/FrozenPack_xp713y_Pack01.prefab using Guid(fd173e7871939654d947d0b68019216e) Importer(2089858483,0ecaa5967403d082aa24f35e1b516d23) [PhysX] Initialized MultithreadedTaskDispatcher with 16 workers.
 -> (artifact id: '067cb613a2c7afe05f096fcc6592ec71') in 0.018362 seconds
Number of updated asset objects reloaded before import = 0
Number of asset objects unloaded after import = 8
========================================================================
Received Import Request.
  Time since last request: 0.000016 seconds.
  path: Assets/ModernSupermarket/Prefabs/Props/Products/PetFood_3pjwif_Var01.prefab
  artifactKey: Guid(f5a7d502ca0715f4b884e425394121f6) Importer(2089858483,0ecaa5967403d082aa24f35e1b516d23)
Start importing Assets/ModernSupermarket/Prefabs/Props/Products/PetFood_3pjwif_Var01.prefab using Guid(f5a7d502ca0715f4b884e425394121f6) Importer(2089858483,0ecaa5967403d082aa24f35e1b516d23) [PhysX] Initialized MultithreadedTaskDispatcher with 16 workers.
 -> (artifact id: '66f9116ae65b4f2830c148aae373f046') in 0.016224 seconds
Number of updated asset objects reloaded before import = 0
Number of asset objects unloaded after import = 15
========================================================================
Received Import Request.
  Time since last request: 0.000022 seconds.
  path: Assets/ModernSupermarket/Prefabs/Props/Products/Cheese_bn26cq_Pack02.prefab
  artifactKey: Guid(0287fc4ff6efa4e4ea383eb8b47a572d) Importer(2089858483,0ecaa5967403d082aa24f35e1b516d23)
Start importing Assets/ModernSupermarket/Prefabs/Props/Products/Cheese_bn26cq_Pack02.prefab using Guid(0287fc4ff6efa4e4ea383eb8b47a572d) Importer(2089858483,0ecaa5967403d082aa24f35e1b516d23) [PhysX] Initialized MultithreadedTaskDispatcher with 16 workers.
 -> (artifact id: '481b4e8f05950530da41a3a4707c1e73') in 0.014992 seconds
Number of updated asset objects reloaded before import = 0
Number of asset objects unloaded after import = 8
========================================================================
Received Import Request.
  Time since last request: 0.000022 seconds.
  path: Assets/ModernSupermarket/Prefabs/Props/Products/Cheese_bn26cq_Var02.prefab
  artifactKey: Guid(c5f638dd73fde034f917979c7e24da0a) Importer(2089858483,0ecaa5967403d082aa24f35e1b516d23)
Start importing Assets/ModernSupermarket/Prefabs/Props/Products/Cheese_bn26cq_Var02.prefab using Guid(c5f638dd73fde034f917979c7e24da0a) Importer(2089858483,0ecaa5967403d082aa24f35e1b516d23) [PhysX] Initialized MultithreadedTaskDispatcher with 16 workers.
 -> (artifact id: 'fd73594a8bab4cd0f013635713228054') in 0.018715 seconds
Number of updated asset objects reloaded before import = 0
Number of asset objects unloaded after import = 21
========================================================================
Received Import Request.
  Time since last request: 0.000019 seconds.
  path: Assets/ModernSupermarket/Prefabs/Props/Products/EggBox8x_2zgq4h.prefab
  artifactKey: Guid(169545b0ddb8f0f499aab64e2c832f40) Importer(2089858483,0ecaa5967403d082aa24f35e1b516d23)
Start importing Assets/ModernSupermarket/Prefabs/Props/Products/EggBox8x_2zgq4h.prefab using Guid(169545b0ddb8f0f499aab64e2c832f40) Importer(2089858483,0ecaa5967403d082aa24f35e1b516d23) [PhysX] Initialized MultithreadedTaskDispatcher with 16 workers.
 -> (artifact id: '49d6bf77ed110975fdb9f91d2f2d69e6') in 0.016208 seconds
Number of updated asset objects reloaded before import = 0
Number of asset objects unloaded after import = 8
========================================================================
Received Import Request.
  Time since last request: 0.000020 seconds.
  path: Assets/ModernSupermarket/Prefabs/Props/Products/Soda_f6b9gw_Pack01.prefab
  artifactKey: Guid(f4e0daf86ecd4014fba06a962e75e8f9) Importer(2089858483,0ecaa5967403d082aa24f35e1b516d23)
Start importing Assets/ModernSupermarket/Prefabs/Props/Products/Soda_f6b9gw_Pack01.prefab using Guid(f4e0daf86ecd4014fba06a962e75e8f9) Importer(2089858483,0ecaa5967403d082aa24f35e1b516d23) [PhysX] Initialized MultithreadedTaskDispatcher with 16 workers.
 -> (artifact id: '3f38aa55037216080fc9c6a49dc5fee5') in 0.015404 seconds
Number of updated asset objects reloaded before import = 0
Number of asset objects unloaded after import = 8
========================================================================
Received Import Request.
  Time since last request: 0.000029 seconds.
  path: Assets/ModernSupermarket/Prefabs/Props/Products/MeatTray_qm4z4l.prefab
  artifactKey: Guid(cdd9455b6c9484e47a9636234bea379c) Importer(2089858483,0ecaa5967403d082aa24f35e1b516d23)
Start importing Assets/ModernSupermarket/Prefabs/Props/Products/MeatTray_qm4z4l.prefab using Guid(cdd9455b6c9484e47a9636234bea379c) Importer(2089858483,0ecaa5967403d082aa24f35e1b516d23) [PhysX] Initialized MultithreadedTaskDispatcher with 16 workers.
 -> (artifact id: 'c29d764cb989c1d87e67a149af23f1db') in 0.015327 seconds
Number of updated asset objects reloaded before import = 0
Number of asset objects unloaded after import = 8
========================================================================
Received Import Request.
  Time since last request: 0.000023 seconds.
  path: Assets/ModernSupermarket/Prefabs/Props/Products/Milk_l6slvx_Pack01.prefab
  artifactKey: Guid(9a8d6978429c5a444a89f5a636c027c2) Importer(2089858483,0ecaa5967403d082aa24f35e1b516d23)
Start importing Assets/ModernSupermarket/Prefabs/Props/Products/Milk_l6slvx_Pack01.prefab using Guid(9a8d6978429c5a444a89f5a636c027c2) Importer(2089858483,0ecaa5967403d082aa24f35e1b516d23) [PhysX] Initialized MultithreadedTaskDispatcher with 16 workers.
 -> (artifact id: '3815034078ec8cc6f8dbc1c0213e66b6') in 0.014095 seconds
Number of updated asset objects reloaded before import = 0
Number of asset objects unloaded after import = 8
========================================================================
Received Import Request.
  Time since last request: 0.000022 seconds.
  path: Assets/ModernSupermarket/Prefabs/Props/Products/Pepper_ybmiq9.prefab
  artifactKey: Guid(63bc1723fb7bbff4eb0b744204e2157b) Importer(2089858483,0ecaa5967403d082aa24f35e1b516d23)
Start importing Assets/ModernSupermarket/Prefabs/Props/Products/Pepper_ybmiq9.prefab using Guid(63bc1723fb7bbff4eb0b744204e2157b) Importer(2089858483,0ecaa5967403d082aa24f35e1b516d23) [PhysX] Initialized MultithreadedTaskDispatcher with 16 workers.
 -> (artifact id: 'f4dbe90bfc5dfb6c097ce5a200eab24f') in 0.014499 seconds
Number of updated asset objects reloaded before import = 0
Number of asset objects unloaded after import = 8
========================================================================
Received Import Request.
  Time since last request: 0.000021 seconds.
  path: Assets/ModernSupermarket/Prefabs/Props/Products/FlourPack_ckgfmu_Var02.prefab
  artifactKey: Guid(e5d09de59e2fece48919bc8f72b246c0) Importer(2089858483,0ecaa5967403d082aa24f35e1b516d23)
Start importing Assets/ModernSupermarket/Prefabs/Props/Products/FlourPack_ckgfmu_Var02.prefab using Guid(e5d09de59e2fece48919bc8f72b246c0) Importer(2089858483,0ecaa5967403d082aa24f35e1b516d23) [PhysX] Initialized MultithreadedTaskDispatcher with 16 workers.
 -> (artifact id: 'a205a36442ddd94f03ba4ae48737f7af') in 0.014741 seconds
Number of updated asset objects reloaded before import = 0
Number of asset objects unloaded after import = 23
========================================================================
Received Import Request.
  Time since last request: 0.000019 seconds.
  path: Assets/ModernSupermarket/Prefabs/Props/Products/MilkBrick_e8foxc_Pack01.prefab
  artifactKey: Guid(1bb6ad681099e5d41bea88b597262a92) Importer(2089858483,0ecaa5967403d082aa24f35e1b516d23)
Start importing Assets/ModernSupermarket/Prefabs/Props/Products/MilkBrick_e8foxc_Pack01.prefab using Guid(1bb6ad681099e5d41bea88b597262a92) Importer(2089858483,0ecaa5967403d082aa24f35e1b516d23) [PhysX] Initialized MultithreadedTaskDispatcher with 16 workers.
 -> (artifact id: '123ee9bb147f2c94e8207173b346d384') in 0.015618 seconds
Number of updated asset objects reloaded before import = 0
Number of asset objects unloaded after import = 8
========================================================================
Received Import Request.
  Time since last request: 0.000017 seconds.
  path: Assets/ModernSupermarket/Prefabs/Props/Products/Shampoo_lvhjkn.prefab
  artifactKey: Guid(0da57ef26a99e284fbd5840bcd1ceaa7) Importer(2089858483,0ecaa5967403d082aa24f35e1b516d23)
Start importing Assets/ModernSupermarket/Prefabs/Props/Products/Shampoo_lvhjkn.prefab using Guid(0da57ef26a99e284fbd5840bcd1ceaa7) Importer(2089858483,0ecaa5967403d082aa24f35e1b516d23) [PhysX] Initialized MultithreadedTaskDispatcher with 16 workers.
 -> (artifact id: '940c9031e122b7de37e1b8bafc03d569') in 0.014483 seconds
Number of updated asset objects reloaded before import = 0
Number of asset objects unloaded after import = 8
========================================================================
Received Import Request.
  Time since last request: 0.000019 seconds.
  path: Assets/ModernSupermarket/Prefabs/Props/Products/Decoration_3k4dyn_05.prefab
  artifactKey: Guid(599778eafcaff394bacdc37cff12adea) Importer(2089858483,0ecaa5967403d082aa24f35e1b516d23)
Start importing Assets/ModernSupermarket/Prefabs/Props/Products/Decoration_3k4dyn_05.prefab using Guid(599778eafcaff394bacdc37cff12adea) Importer(2089858483,0ecaa5967403d082aa24f35e1b516d23) [PhysX] Initialized MultithreadedTaskDispatcher with 16 workers.
 -> (artifact id: 'cd88632c8324a4faef2359d3cb4e6d44') in 0.014703 seconds
Number of updated asset objects reloaded before import = 0
Number of asset objects unloaded after import = 8
========================================================================
Received Import Request.
  Time since last request: 0.000020 seconds.
  path: Assets/ModernSupermarket/Prefabs/Props/Products/FrozenBox_vhvpd4_Pack02.prefab
  artifactKey: Guid(299c3c15a408634489dadcf6f91fedc3) Importer(2089858483,0ecaa5967403d082aa24f35e1b516d23)
Start importing Assets/ModernSupermarket/Prefabs/Props/Products/FrozenBox_vhvpd4_Pack02.prefab using Guid(299c3c15a408634489dadcf6f91fedc3) Importer(2089858483,0ecaa5967403d082aa24f35e1b516d23) [PhysX] Initialized MultithreadedTaskDispatcher with 16 workers.
 -> (artifact id: '08b29b6be1bfc72dbcc42971652a8248') in 0.016414 seconds
Number of updated asset objects reloaded before import = 0
Number of asset objects unloaded after import = 8
========================================================================
Received Import Request.
  Time since last request: 0.000021 seconds.
  path: Assets/ModernSupermarket/Prefabs/Props/Products/PetFood_2ujlf0_Pack01.prefab
  artifactKey: Guid(9530b727ff97a44498a8685a42f5746f) Importer(2089858483,0ecaa5967403d082aa24f35e1b516d23)
Start importing Assets/ModernSupermarket/Prefabs/Props/Products/PetFood_2ujlf0_Pack01.prefab using Guid(9530b727ff97a44498a8685a42f5746f) Importer(2089858483,0ecaa5967403d082aa24f35e1b516d23) [PhysX] Initialized MultithreadedTaskDispatcher with 16 workers.
 -> (artifact id: '91127bba310e0a399c61ac376c05476a') in 0.017026 seconds
Number of updated asset objects reloaded before import = 0
Number of asset objects unloaded after import = 8
========================================================================
Received Import Request.
  Time since last request: 0.000017 seconds.
  path: Assets/ModernSupermarket/Prefabs/Props/Products/Milk_l6slvx.prefab
  artifactKey: Guid(2a281186c7235da46853781921a01022) Importer(2089858483,0ecaa5967403d082aa24f35e1b516d23)
Start importing Assets/ModernSupermarket/Prefabs/Props/Products/Milk_l6slvx.prefab using Guid(2a281186c7235da46853781921a01022) Importer(2089858483,0ecaa5967403d082aa24f35e1b516d23) [PhysX] Initialized MultithreadedTaskDispatcher with 16 workers.
 -> (artifact id: 'c0195ecbf477a21f6e47567075a74d59') in 0.015176 seconds
Number of updated asset objects reloaded before import = 0
Number of asset objects unloaded after import = 8
========================================================================
Received Import Request.
  Time since last request: 0.000016 seconds.
  path: Assets/ModernSupermarket/Prefabs/Props/Products/ChocolateSpread_xhkyij_Pack01.prefab
  artifactKey: Guid(fbb302f813a145149a8127cd2c43f4eb) Importer(2089858483,0ecaa5967403d082aa24f35e1b516d23)
Start importing Assets/ModernSupermarket/Prefabs/Props/Products/ChocolateSpread_xhkyij_Pack01.prefab using Guid(fbb302f813a145149a8127cd2c43f4eb) Importer(2089858483,0ecaa5967403d082aa24f35e1b516d23) [PhysX] Initialized MultithreadedTaskDispatcher with 16 workers.
 -> (artifact id: 'b6324303e5c940d26df3feba2a031d2f') in 0.015312 seconds
Number of updated asset objects reloaded before import = 0
Number of asset objects unloaded after import = 8
========================================================================
Received Import Request.
  Time since last request: 0.000023 seconds.
  path: Assets/ModernSupermarket/Prefabs/Props/Products/Shampoo_vimakk_Var01.prefab
  artifactKey: Guid(e6dd57c184f0087439c73b75ecfabf31) Importer(2089858483,0ecaa5967403d082aa24f35e1b516d23)
Start importing Assets/ModernSupermarket/Prefabs/Props/Products/Shampoo_vimakk_Var01.prefab using Guid(e6dd57c184f0087439c73b75ecfabf31) Importer(2089858483,0ecaa5967403d082aa24f35e1b516d23) [PhysX] Initialized MultithreadedTaskDispatcher with 16 workers.
 -> (artifact id: '68782c8e14dfa58709978e82c8e92d0e') in 0.016866 seconds
Number of updated asset objects reloaded before import = 0
Number of asset objects unloaded after import = 15
========================================================================
Received Import Request.
  Time since last request: 0.000018 seconds.
  path: Assets/ModernSupermarket/Prefabs/Props/Products/Pasta_9duit2_Var01.prefab
  artifactKey: Guid(073aff8a246ef894b8df6251ba137857) Importer(2089858483,0ecaa5967403d082aa24f35e1b516d23)
Start importing Assets/ModernSupermarket/Prefabs/Props/Products/Pasta_9duit2_Var01.prefab using Guid(073aff8a246ef894b8df6251ba137857) Importer(2089858483,0ecaa5967403d082aa24f35e1b516d23) [PhysX] Initialized MultithreadedTaskDispatcher with 16 workers.
 -> (artifact id: 'ba48c4d8cfb93a8037a9a6d4e12545f2') in 0.015515 seconds
Number of updated asset objects reloaded before import = 0
Number of asset objects unloaded after import = 8
========================================================================
Received Import Request.
  Time since last request: 0.000021 seconds.
  path: Assets/ModernSupermarket/Prefabs/Props/Products/Cream_jatl5h_Var01.prefab
  artifactKey: Guid(42e478381f5c92f4c8937722d77d95a8) Importer(2089858483,0ecaa5967403d082aa24f35e1b516d23)
Start importing Assets/ModernSupermarket/Prefabs/Props/Products/Cream_jatl5h_Var01.prefab using Guid(42e478381f5c92f4c8937722d77d95a8) Importer(2089858483,0ecaa5967403d082aa24f35e1b516d23) [PhysX] Initialized MultithreadedTaskDispatcher with 16 workers.
 -> (artifact id: '36dff78c88627ddf5b49eabcdcba11d1') in 0.014473 seconds
Number of updated asset objects reloaded before import = 0
Number of asset objects unloaded after import = 15
========================================================================
Received Import Request.
  Time since last request: 0.000028 seconds.
  path: Assets/ModernSupermarket/Prefabs/Props/Products/Soda_7gwg2t_Pack01.prefab
  artifactKey: Guid(6245a3af1846c694db38b924cbde46fc) Importer(2089858483,0ecaa5967403d082aa24f35e1b516d23)
Start importing Assets/ModernSupermarket/Prefabs/Props/Products/Soda_7gwg2t_Pack01.prefab using Guid(6245a3af1846c694db38b924cbde46fc) Importer(2089858483,0ecaa5967403d082aa24f35e1b516d23) [PhysX] Initialized MultithreadedTaskDispatcher with 16 workers.
 -> (artifact id: 'cc3182e28ee043a766672149151f9636') in 0.016595 seconds
Number of updated asset objects reloaded before import = 0
Number of asset objects unloaded after import = 8
========================================================================
Received Import Request.
  Time since last request: 0.000016 seconds.
  path: Assets/ModernSupermarket/Prefabs/Props/Products/Coffee_5uj6zk.prefab
  artifactKey: Guid(4a7f1e6533fc5ef43b347ee123c94086) Importer(2089858483,0ecaa5967403d082aa24f35e1b516d23)
Start importing Assets/ModernSupermarket/Prefabs/Props/Products/Coffee_5uj6zk.prefab using Guid(4a7f1e6533fc5ef43b347ee123c94086) Importer(2089858483,0ecaa5967403d082aa24f35e1b516d23) [PhysX] Initialized MultithreadedTaskDispatcher with 16 workers.
 -> (artifact id: '8a6d73fda20104e00d90fae5c0dba4dd') in 0.015251 seconds
Number of updated asset objects reloaded before import = 0
Number of asset objects unloaded after import = 8
========================================================================
Received Import Request.
  Time since last request: 0.000023 seconds.
  path: Assets/ModernSupermarket/Prefabs/Props/Products/RicePack_rewt3q.prefab
  artifactKey: Guid(7aef69fe8de538441915d9e1de766910) Importer(2089858483,0ecaa5967403d082aa24f35e1b516d23)
Start importing Assets/ModernSupermarket/Prefabs/Props/Products/RicePack_rewt3q.prefab using Guid(7aef69fe8de538441915d9e1de766910) Importer(2089858483,0ecaa5967403d082aa24f35e1b516d23) [PhysX] Initialized MultithreadedTaskDispatcher with 16 workers.
 -> (artifact id: '9b498788ed715bda630221fb7ea9c09b') in 0.015702 seconds
Number of updated asset objects reloaded before import = 0
Number of asset objects unloaded after import = 8
========================================================================
Received Import Request.
  Time since last request: 0.000019 seconds.
  path: Assets/ModernSupermarket/Prefabs/Props/Products/FrozenPack_t7wenh_Var04.prefab
  artifactKey: Guid(202a4b9603f4f7348846ff987f34ae2d) Importer(2089858483,0ecaa5967403d082aa24f35e1b516d23)
Start importing Assets/ModernSupermarket/Prefabs/Props/Products/FrozenPack_t7wenh_Var04.prefab using Guid(202a4b9603f4f7348846ff987f34ae2d) Importer(2089858483,0ecaa5967403d082aa24f35e1b516d23) [PhysX] Initialized MultithreadedTaskDispatcher with 16 workers.
 -> (artifact id: '34ebb731e82bd833c884819a7bc841bd') in 0.015376 seconds
Number of updated asset objects reloaded before import = 0
Number of asset objects unloaded after import = 15
========================================================================
Received Import Request.
  Time since last request: 0.000016 seconds.
  path: Assets/ModernSupermarket/Prefabs/Props/Products/Rice_rewt3q_Pack01.prefab
  artifactKey: Guid(107e8b5486a6f9e4e94a66d82e7aae44) Importer(2089858483,0ecaa5967403d082aa24f35e1b516d23)
Start importing Assets/ModernSupermarket/Prefabs/Props/Products/Rice_rewt3q_Pack01.prefab using Guid(107e8b5486a6f9e4e94a66d82e7aae44) Importer(2089858483,0ecaa5967403d082aa24f35e1b516d23) [PhysX] Initialized MultithreadedTaskDispatcher with 16 workers.
 -> (artifact id: '9bf7dcc0d154df8babf288cd1f97e642') in 0.016193 seconds
Number of updated asset objects reloaded before import = 0
Number of asset objects unloaded after import = 8
========================================================================
Received Import Request.
  Time since last request: 0.000027 seconds.
  path: Assets/ModernSupermarket/Prefabs/Props/Products/Pizza_ehb1pe.prefab
  artifactKey: Guid(7f1c69769622e78438ce989bc6d3343f) Importer(2089858483,0ecaa5967403d082aa24f35e1b516d23)
Start importing Assets/ModernSupermarket/Prefabs/Props/Products/Pizza_ehb1pe.prefab using Guid(7f1c69769622e78438ce989bc6d3343f) Importer(2089858483,0ecaa5967403d082aa24f35e1b516d23) [PhysX] Initialized MultithreadedTaskDispatcher with 16 workers.
 -> (artifact id: '1b0542d2af8e7ebef60582560538d0f4') in 0.019542 seconds
Number of updated asset objects reloaded before import = 0
Number of asset objects unloaded after import = 8
========================================================================
Received Import Request.
  Time since last request: 0.000025 seconds.
  path: Assets/ModernSupermarket/Prefabs/Props/Products/Chips_w4tja8_Var05.prefab
  artifactKey: Guid(9a3b2560e7a99d04d95933def4d28b95) Importer(2089858483,0ecaa5967403d082aa24f35e1b516d23)
Start importing Assets/ModernSupermarket/Prefabs/Props/Products/Chips_w4tja8_Var05.prefab using Guid(9a3b2560e7a99d04d95933def4d28b95) Importer(2089858483,0ecaa5967403d082aa24f35e1b516d23) [PhysX] Initialized MultithreadedTaskDispatcher with 16 workers.
 -> (artifact id: '3f9126aa84c08a428b1a60e8737108ea') in 0.021215 seconds
Number of updated asset objects reloaded before import = 0
Number of asset objects unloaded after import = 15
========================================================================
Received Import Request.
  Time since last request: 0.000039 seconds.
  path: Assets/ModernSupermarket/Prefabs/Props/Products/FrozenBox_vhvpd4_Var02.prefab
  artifactKey: Guid(ec5e321690418f846b4b0c1790c33dca) Importer(2089858483,0ecaa5967403d082aa24f35e1b516d23)
Start importing Assets/ModernSupermarket/Prefabs/Props/Products/FrozenBox_vhvpd4_Var02.prefab using Guid(ec5e321690418f846b4b0c1790c33dca) Importer(2089858483,0ecaa5967403d082aa24f35e1b516d23) [PhysX] Initialized MultithreadedTaskDispatcher with 16 workers.
 -> (artifact id: '89303acd9877aaa30ad7c1b85f0fcd12') in 0.016943 seconds
Number of updated asset objects reloaded before import = 0
Number of asset objects unloaded after import = 15
========================================================================
Received Import Request.
  Time since last request: 0.000018 seconds.
  path: Assets/ModernSupermarket/Prefabs/Props/Products/PotatoeBag_gcx3y2.prefab
  artifactKey: Guid(bd0eef10dd0e7fd438a4e56045b9d461) Importer(2089858483,0ecaa5967403d082aa24f35e1b516d23)
Start importing Assets/ModernSupermarket/Prefabs/Props/Products/PotatoeBag_gcx3y2.prefab using Guid(bd0eef10dd0e7fd438a4e56045b9d461) Importer(2089858483,0ecaa5967403d082aa24f35e1b516d23) [PhysX] Initialized MultithreadedTaskDispatcher with 16 workers.
 -> (artifact id: '4c2282d2bc50df9f87320ceb6ebd3a3b') in 0.016828 seconds
Number of updated asset objects reloaded before import = 0
Number of asset objects unloaded after import = 8
========================================================================
Received Import Request.
  Time since last request: 0.000018 seconds.
  path: Assets/ModernSupermarket/Prefabs/Props/Products/Eggbox12x_7zw3j2_Pack01.prefab
  artifactKey: Guid(810e7da2a8d5de347a05ed2811d8313b) Importer(2089858483,0ecaa5967403d082aa24f35e1b516d23)
Start importing Assets/ModernSupermarket/Prefabs/Props/Products/Eggbox12x_7zw3j2_Pack01.prefab using Guid(810e7da2a8d5de347a05ed2811d8313b) Importer(2089858483,0ecaa5967403d082aa24f35e1b516d23) [PhysX] Initialized MultithreadedTaskDispatcher with 16 workers.
 -> (artifact id: 'b684130139ce964b4d97c2dbe195dd37') in 0.016219 seconds
Number of updated asset objects reloaded before import = 0
Number of asset objects unloaded after import = 8
========================================================================
Received Import Request.
  Time since last request: 0.000023 seconds.
  path: Assets/ModernSupermarket/Prefabs/Props/Products/Pasta_g87jtq_Pack01.prefab
  artifactKey: Guid(96f1062f02875c843b3100cb31acc392) Importer(2089858483,0ecaa5967403d082aa24f35e1b516d23)
Start importing Assets/ModernSupermarket/Prefabs/Props/Products/Pasta_g87jtq_Pack01.prefab using Guid(96f1062f02875c843b3100cb31acc392) Importer(2089858483,0ecaa5967403d082aa24f35e1b516d23) [PhysX] Initialized MultithreadedTaskDispatcher with 16 workers.
 -> (artifact id: '2e6802aa89d8368177c37ef72db0910b') in 0.018432 seconds
Number of updated asset objects reloaded before import = 0
Number of asset objects unloaded after import = 8
========================================================================
Received Import Request.
  Time since last request: 0.000024 seconds.
  path: Assets/ModernSupermarket/Prefabs/Props/Products/Rice_rewt3q_Pack02.prefab
  artifactKey: Guid(108757e1c7cb5c949ba8395e004838ab) Importer(2089858483,0ecaa5967403d082aa24f35e1b516d23)
Start importing Assets/ModernSupermarket/Prefabs/Props/Products/Rice_rewt3q_Pack02.prefab using Guid(108757e1c7cb5c949ba8395e004838ab) Importer(2089858483,0ecaa5967403d082aa24f35e1b516d23) [PhysX] Initialized MultithreadedTaskDispatcher with 16 workers.
 -> (artifact id: 'd3a250bc8e27e791c811fcf5b4d21e74') in 0.017889 seconds
Number of updated asset objects reloaded before import = 0
Number of asset objects unloaded after import = 8
========================================================================
Received Import Request.
  Time since last request: 0.000019 seconds.
  path: Assets/ModernSupermarket/Prefabs/Props/Products/Shampoo_u15m67.prefab
  artifactKey: Guid(abf4397b6c1803d40a3051d9d98fe623) Importer(2089858483,0ecaa5967403d082aa24f35e1b516d23)
Start importing Assets/ModernSupermarket/Prefabs/Props/Products/Shampoo_u15m67.prefab using Guid(abf4397b6c1803d40a3051d9d98fe623) Importer(2089858483,0ecaa5967403d082aa24f35e1b516d23) [PhysX] Initialized MultithreadedTaskDispatcher with 16 workers.
 -> (artifact id: '57c955010c218c8b5780fc90aae8b898') in 0.015195 seconds
Number of updated asset objects reloaded before import = 0
Number of asset objects unloaded after import = 8
========================================================================
Received Import Request.
  Time since last request: 0.000036 seconds.
  path: Assets/ModernSupermarket/Prefabs/Props/Products/Paintings_wmgwnw_03.prefab
  artifactKey: Guid(7ada5a4aa15b6f54c91651a6a9f82017) Importer(2089858483,0ecaa5967403d082aa24f35e1b516d23)
Start importing Assets/ModernSupermarket/Prefabs/Props/Products/Paintings_wmgwnw_03.prefab using Guid(7ada5a4aa15b6f54c91651a6a9f82017) Importer(2089858483,0ecaa5967403d082aa24f35e1b516d23) [PhysX] Initialized MultithreadedTaskDispatcher with 16 workers.
 -> (artifact id: 'b8d12bdbe6ee95207061725ca373a8ec') in 0.015165 seconds
Number of updated asset objects reloaded before import = 0
Number of asset objects unloaded after import = 8
========================================================================
Received Import Request.
  Time since last request: 0.000022 seconds.
  path: Assets/ModernSupermarket/Prefabs/Props/Products/Shampoo_u15m67_Pack01_Var05.prefab
  artifactKey: Guid(503d1c778180a9641a8331c64f8d7668) Importer(2089858483,0ecaa5967403d082aa24f35e1b516d23)
Start importing Assets/ModernSupermarket/Prefabs/Props/Products/Shampoo_u15m67_Pack01_Var05.prefab using Guid(503d1c778180a9641a8331c64f8d7668) Importer(2089858483,0ecaa5967403d082aa24f35e1b516d23) [PhysX] Initialized MultithreadedTaskDispatcher with 16 workers.
 -> (artifact id: 'ba545d24283d92f977c9bd33d2ccbc58') in 0.016730 seconds
Number of updated asset objects reloaded before import = 0
Number of asset objects unloaded after import = 15
========================================================================
Received Import Request.
  Time since last request: 0.000028 seconds.
  path: Assets/ModernSupermarket/Prefabs/Props/Products/Shampoo_u15m67_Var04.prefab
  artifactKey: Guid(c1590e1c10cc0394eb64c47e75543371) Importer(2089858483,0ecaa5967403d082aa24f35e1b516d23)
Start importing Assets/ModernSupermarket/Prefabs/Props/Products/Shampoo_u15m67_Var04.prefab using Guid(c1590e1c10cc0394eb64c47e75543371) Importer(2089858483,0ecaa5967403d082aa24f35e1b516d23) [PhysX] Initialized MultithreadedTaskDispatcher with 16 workers.
 -> (artifact id: '90e584e645c548ec7b7e540f248f8adc') in 0.015177 seconds
Number of updated asset objects reloaded before import = 0
Number of asset objects unloaded after import = 15
========================================================================
Received Import Request.
  Time since last request: 0.000017 seconds.
  path: Assets/ModernSupermarket/Prefabs/Props/Products/MeatTray_bbcwdq_Pack01.prefab
  artifactKey: Guid(871192208123cd34791361df8f806720) Importer(2089858483,0ecaa5967403d082aa24f35e1b516d23)
Start importing Assets/ModernSupermarket/Prefabs/Props/Products/MeatTray_bbcwdq_Pack01.prefab using Guid(871192208123cd34791361df8f806720) Importer(2089858483,0ecaa5967403d082aa24f35e1b516d23) [PhysX] Initialized MultithreadedTaskDispatcher with 16 workers.
 -> (artifact id: '38c1f98a41e518ab740863ec147dd048') in 0.014130 seconds
Number of updated asset objects reloaded before import = 0
Number of asset objects unloaded after import = 8
========================================================================
Received Import Request.
  Time since last request: 0.000019 seconds.
  path: Assets/ModernSupermarket/Prefabs/Props/Products/JuiceBrick_6ljfy3_Var01.prefab
  artifactKey: Guid(cb0fd31c23b11d840af8e7408a15318a) Importer(2089858483,0ecaa5967403d082aa24f35e1b516d23)
Start importing Assets/ModernSupermarket/Prefabs/Props/Products/JuiceBrick_6ljfy3_Var01.prefab using Guid(cb0fd31c23b11d840af8e7408a15318a) Importer(2089858483,0ecaa5967403d082aa24f35e1b516d23) [PhysX] Initialized MultithreadedTaskDispatcher with 16 workers.
 -> (artifact id: 'a68dc9164a8e62c9504a582569931958') in 0.020147 seconds
Number of updated asset objects reloaded before import = 0
Number of asset objects unloaded after import = 16
========================================================================
Received Import Request.
  Time since last request: 0.000023 seconds.
  path: Assets/ModernSupermarket/Prefabs/Props/Products/Soap_1rcsb1.prefab
  artifactKey: Guid(c753ce760b8340749a58f7a713751e33) Importer(2089858483,0ecaa5967403d082aa24f35e1b516d23)
Start importing Assets/ModernSupermarket/Prefabs/Props/Products/Soap_1rcsb1.prefab using Guid(c753ce760b8340749a58f7a713751e33) Importer(2089858483,0ecaa5967403d082aa24f35e1b516d23) [PhysX] Initialized MultithreadedTaskDispatcher with 16 workers.
 -> (artifact id: '656770bfe3758c41333b83589f67991d') in 0.017432 seconds
Number of updated asset objects reloaded before import = 0
Number of asset objects unloaded after import = 8
========================================================================
Received Import Request.
  Time since last request: 0.000029 seconds.
  path: Assets/ModernSupermarket/Prefabs/Props/Products/CrabSticks_mu7h0i.prefab
  artifactKey: Guid(c6011a36d7dc94c48ba9af7d7b4fa5c4) Importer(2089858483,0ecaa5967403d082aa24f35e1b516d23)
Start importing Assets/ModernSupermarket/Prefabs/Props/Products/CrabSticks_mu7h0i.prefab using Guid(c6011a36d7dc94c48ba9af7d7b4fa5c4) Importer(2089858483,0ecaa5967403d082aa24f35e1b516d23) [PhysX] Initialized MultithreadedTaskDispatcher with 16 workers.
 -> (artifact id: 'b161ef255a2ad0d1d5cdc2f6b6d69bab') in 0.019072 seconds
Number of updated asset objects reloaded before import = 0
Number of asset objects unloaded after import = 8
========================================================================
Received Import Request.
  Time since last request: 0.000021 seconds.
  path: Assets/ModernSupermarket/Prefabs/Props/Products/EggBox4x_nbzek2_Pack01.prefab
  artifactKey: Guid(e7c3fcb07feaf3a4cb8285416100dc4e) Importer(2089858483,0ecaa5967403d082aa24f35e1b516d23)
Start importing Assets/ModernSupermarket/Prefabs/Props/Products/EggBox4x_nbzek2_Pack01.prefab using Guid(e7c3fcb07feaf3a4cb8285416100dc4e) Importer(2089858483,0ecaa5967403d082aa24f35e1b516d23) [PhysX] Initialized MultithreadedTaskDispatcher with 16 workers.
 -> (artifact id: '8d188c6c9f5a1ad303ea5d0e05dca234') in 0.017219 seconds
Number of updated asset objects reloaded before import = 0
Number of asset objects unloaded after import = 8
========================================================================
Received Import Request.
  Time since last request: 0.000023 seconds.
  path: Assets/ModernSupermarket/Prefabs/Props/Products/Cream_jatl5h_Pack01.prefab
  artifactKey: Guid(87a3f278330777b4cb2c622c71686b7a) Importer(2089858483,0ecaa5967403d082aa24f35e1b516d23)
Start importing Assets/ModernSupermarket/Prefabs/Props/Products/Cream_jatl5h_Pack01.prefab using Guid(87a3f278330777b4cb2c622c71686b7a) Importer(2089858483,0ecaa5967403d082aa24f35e1b516d23) [PhysX] Initialized MultithreadedTaskDispatcher with 16 workers.
 -> (artifact id: '20543f260960babd7ec93c906f037c22') in 0.018635 seconds
Number of updated asset objects reloaded before import = 0
Number of asset objects unloaded after import = 8
========================================================================
Received Import Request.
  Time since last request: 0.000017 seconds.
  path: Assets/ModernSupermarket/Prefabs/Props/Products/Decoration_3k4dyn_04.prefab
  artifactKey: Guid(61e92285ba2567f4e89fdd4a31cb3f04) Importer(2089858483,0ecaa5967403d082aa24f35e1b516d23)
Start importing Assets/ModernSupermarket/Prefabs/Props/Products/Decoration_3k4dyn_04.prefab using Guid(61e92285ba2567f4e89fdd4a31cb3f04) Importer(2089858483,0ecaa5967403d082aa24f35e1b516d23) [PhysX] Initialized MultithreadedTaskDispatcher with 16 workers.
 -> (artifact id: 'ed5b71ace82a7d0ee92bdb31c2c735b3') in 0.015256 seconds
Number of updated asset objects reloaded before import = 0
Number of asset objects unloaded after import = 8
========================================================================
Received Import Request.
  Time since last request: 1.246359 seconds.
  path: Assets/ModernSupermarket/Prefabs/Props/Products/Sugar_ffc568_Pack01.prefab
  artifactKey: Guid(308c44d7de532254081b5690b56af6d7) Importer(2089858483,0ecaa5967403d082aa24f35e1b516d23)
Start importing Assets/ModernSupermarket/Prefabs/Props/Products/Sugar_ffc568_Pack01.prefab using Guid(308c44d7de532254081b5690b56af6d7) Importer(2089858483,0ecaa5967403d082aa24f35e1b516d23) [PhysX] Initialized MultithreadedTaskDispatcher with 16 workers.
 -> (artifact id: '1d761dc355be3ddff990c5072f253030') in 0.024541 seconds
Number of updated asset objects reloaded before import = 0
Number of asset objects unloaded after import = 8
========================================================================
Received Import Request.
  Time since last request: 0.000031 seconds.
  path: Assets/ModernSupermarket/Prefabs/Props/Products/Teabox_5oq0ki.prefab
  artifactKey: Guid(57984c482ade36749be036a2e470fa60) Importer(2089858483,0ecaa5967403d082aa24f35e1b516d23)
Start importing Assets/ModernSupermarket/Prefabs/Props/Products/Teabox_5oq0ki.prefab using Guid(57984c482ade36749be036a2e470fa60) Importer(2089858483,0ecaa5967403d082aa24f35e1b516d23) [PhysX] Initialized MultithreadedTaskDispatcher with 16 workers.
 -> (artifact id: '94c65ff08a768aeb2392c2fd475d27bf') in 0.017875 seconds
Number of updated asset objects reloaded before import = 0
Number of asset objects unloaded after import = 8
========================================================================
Received Import Request.
  Time since last request: 0.000036 seconds.
  path: Assets/ModernSupermarket/Prefabs/Props/Products/SweetJar_alnwix.prefab
  artifactKey: Guid(da7d17b452b3d5749beea53ec01e57b4) Importer(2089858483,0ecaa5967403d082aa24f35e1b516d23)
Start importing Assets/ModernSupermarket/Prefabs/Props/Products/SweetJar_alnwix.prefab using Guid(da7d17b452b3d5749beea53ec01e57b4) Importer(2089858483,0ecaa5967403d082aa24f35e1b516d23) [PhysX] Initialized MultithreadedTaskDispatcher with 16 workers.
 -> (artifact id: 'c0164dd4292ed28e91fea9a29db5cc15') in 0.031126 seconds
Number of updated asset objects reloaded before import = 0
Number of asset objects unloaded after import = 8
========================================================================
Received Import Request.
  Time since last request: 0.000023 seconds.
  path: Assets/ModernSupermarket/Prefabs/Props/Products/Toothpaste_duqkf2_Pack01.prefab
  artifactKey: Guid(230f7659e8b02124aac28cdcd77abcb2) Importer(2089858483,0ecaa5967403d082aa24f35e1b516d23)
Start importing Assets/ModernSupermarket/Prefabs/Props/Products/Toothpaste_duqkf2_Pack01.prefab using Guid(230f7659e8b02124aac28cdcd77abcb2) Importer(2089858483,0ecaa5967403d082aa24f35e1b516d23) [PhysX] Initialized MultithreadedTaskDispatcher with 16 workers.
 -> (artifact id: 'c4bb8fd78a7354f015a594451648cfc7') in 0.018407 seconds
Number of updated asset objects reloaded before import = 0
Number of asset objects unloaded after import = 8
========================================================================
Received Import Request.
  Time since last request: 0.000026 seconds.
  path: Assets/ModernSupermarket/Prefabs/Props/Products/Vase_enq19o_01.prefab
  artifactKey: Guid(4b95bd7c96f347840a8dba6f695b033b) Importer(2089858483,0ecaa5967403d082aa24f35e1b516d23)
Start importing Assets/ModernSupermarket/Prefabs/Props/Products/Vase_enq19o_01.prefab using Guid(4b95bd7c96f347840a8dba6f695b033b) Importer(2089858483,0ecaa5967403d082aa24f35e1b516d23) [PhysX] Initialized MultithreadedTaskDispatcher with 16 workers.
 -> (artifact id: '56b2828ac9ae2452d2c27bf1546944ef') in 0.018655 seconds
Number of updated asset objects reloaded before import = 0
Number of asset objects unloaded after import = 8
========================================================================
Received Import Request.
  Time since last request: 0.000016 seconds.
  path: Assets/ModernSupermarket/Prefabs/Props/Products/TinCan_60afsy_02.prefab
  artifactKey: Guid(a987673ec9533dc48ae17b9de0636de0) Importer(2089858483,0ecaa5967403d082aa24f35e1b516d23)
Start importing Assets/ModernSupermarket/Prefabs/Props/Products/TinCan_60afsy_02.prefab using Guid(a987673ec9533dc48ae17b9de0636de0) Importer(2089858483,0ecaa5967403d082aa24f35e1b516d23) [PhysX] Initialized MultithreadedTaskDispatcher with 16 workers.
 -> (artifact id: '3fbec89796438dafd1b8d0943d0cd729') in 0.022417 seconds
Number of updated asset objects reloaded before import = 0
Number of asset objects unloaded after import = 8
========================================================================
Received Import Request.
  Time since last request: 0.000023 seconds.
  path: Assets/SpeechSDK/Plugins/Linux/x64/libMicrosoft.CognitiveServices.Speech.extension.kws.ort.so
  artifactKey: Guid(793c37aadf494ba5b7cb2aa40559e6dc) Importer(2089858483,0ecaa5967403d082aa24f35e1b516d23)
Start importing Assets/SpeechSDK/Plugins/Linux/x64/libMicrosoft.CognitiveServices.Speech.extension.kws.ort.so using Guid(793c37aadf494ba5b7cb2aa40559e6dc) Importer(2089858483,0ecaa5967403d082aa24f35e1b516d23) [PhysX] Initialized MultithreadedTaskDispatcher with 16 workers.
 -> (artifact id: '09dd5e397725c3ed78b10cd524ad21c7') in 0.020349 seconds
Number of updated asset objects reloaded before import = 0
Number of asset objects unloaded after import = 1
========================================================================
Received Import Request.
  Time since last request: 0.000025 seconds.
  path: Assets/ModernSupermarket/Prefabs/Props/Products/Vase_0p0iky_02_Var01.prefab
  artifactKey: Guid(1acbe60780f88144fa54937335b10704) Importer(2089858483,0ecaa5967403d082aa24f35e1b516d23)
Start importing Assets/ModernSupermarket/Prefabs/Props/Products/Vase_0p0iky_02_Var01.prefab using Guid(1acbe60780f88144fa54937335b10704) Importer(2089858483,0ecaa5967403d082aa24f35e1b516d23) [PhysX] Initialized MultithreadedTaskDispatcher with 16 workers.
 -> (artifact id: '33b984ed8fb8de7f3dd7ffc8f8c0e5dc') in 0.018141 seconds
Number of updated asset objects reloaded before import = 0
Number of asset objects unloaded after import = 16
========================================================================
Received Import Request.
  Time since last request: 0.000016 seconds.
  path: Assets/SpeechSDK/Plugins/WSA/ARM64/Microsoft.CognitiveServices.Speech.extension.kws.ort.dll
  artifactKey: Guid(e459aab48f484315a8b11d7fef150bbd) Importer(2089858483,0ecaa5967403d082aa24f35e1b516d23)
Start importing Assets/SpeechSDK/Plugins/WSA/ARM64/Microsoft.CognitiveServices.Speech.extension.kws.ort.dll using Guid(e459aab48f484315a8b11d7fef150bbd) Importer(2089858483,0ecaa5967403d082aa24f35e1b516d23) [PhysX] Initialized MultithreadedTaskDispatcher with 16 workers.
 -> (artifact id: '36859ba361a7511bbd6f268c99acde08') in 0.012915 seconds
Number of updated asset objects reloaded before import = 0
Number of asset objects unloaded after import = 1
========================================================================
Received Import Request.
  Time since last request: 0.000019 seconds.
  path: Assets/ModernSupermarket/Prefabs/Props/Utility/Cart_nabnuh.prefab
  artifactKey: Guid(d8ea10e099920e944a0be1325030ca41) Importer(2089858483,0ecaa5967403d082aa24f35e1b516d23)
Start importing Assets/ModernSupermarket/Prefabs/Props/Utility/Cart_nabnuh.prefab using Guid(d8ea10e099920e944a0be1325030ca41) Importer(2089858483,0ecaa5967403d082aa24f35e1b516d23) [PhysX] Initialized MultithreadedTaskDispatcher with 16 workers.
 -> (artifact id: 'a0b5f037a67f48ee224632109c695dd5') in 0.013979 seconds
Number of updated asset objects reloaded before import = 0
Number of asset objects unloaded after import = 8
========================================================================
Received Import Request.
  Time since last request: 0.000017 seconds.
  path: Assets/Packages/System.Memory.Data.6.0.1/buildTransitive/netcoreapp2.0/System.Memory.Data.targets
  artifactKey: Guid(a52621d6bb4b90046ba1c2667921cdb7) Importer(2089858483,0ecaa5967403d082aa24f35e1b516d23)
Start importing Assets/Packages/System.Memory.Data.6.0.1/buildTransitive/netcoreapp2.0/System.Memory.Data.targets using Guid(a52621d6bb4b90046ba1c2667921cdb7) Importer(2089858483,0ecaa5967403d082aa24f35e1b516d23) [PhysX] Initialized MultithreadedTaskDispatcher with 16 workers.
 -> (artifact id: '7e716b853f9a7956c7081d5373af2040') in 0.012688 seconds
Number of updated asset objects reloaded before import = 0
Number of asset objects unloaded after import = 1
========================================================================
Received Import Request.
  Time since last request: 0.000021 seconds.
  path: Assets/Packages/System.Diagnostics.DiagnosticSource.8.0.1/lib/netstandard2.0/System.Diagnostics.DiagnosticSource.xml
  artifactKey: Guid(dd2c37de9958c3e41bb839a1ad188605) Importer(2089858483,0ecaa5967403d082aa24f35e1b516d23)
Start importing Assets/Packages/System.Diagnostics.DiagnosticSource.8.0.1/lib/netstandard2.0/System.Diagnostics.DiagnosticSource.xml using Guid(dd2c37de9958c3e41bb839a1ad188605) Importer(2089858483,0ecaa5967403d082aa24f35e1b516d23) [PhysX] Initialized MultithreadedTaskDispatcher with 16 workers.
 -> (artifact id: 'dbb9a1ca46fbb5ab48c23255dee38492') in 0.012594 seconds
Number of updated asset objects reloaded before import = 0
Number of asset objects unloaded after import = 1
========================================================================
Received Import Request.
  Time since last request: 0.000018 seconds.
  path: Assets/SpeechSDK/Plugins/WSA/ARM/Microsoft.CognitiveServices.Speech.extension.audio.sys.dll
  artifactKey: Guid(60f4e68436195a249a540084865f2fb9) Importer(2089858483,0ecaa5967403d082aa24f35e1b516d23)
Start importing Assets/SpeechSDK/Plugins/WSA/ARM/Microsoft.CognitiveServices.Speech.extension.audio.sys.dll using Guid(60f4e68436195a249a540084865f2fb9) Importer(2089858483,0ecaa5967403d082aa24f35e1b516d23) [PhysX] Initialized MultithreadedTaskDispatcher with 16 workers.
 -> (artifact id: 'b66367bd3a5810cd885efb9df9d2b179') in 0.012510 seconds
Number of updated asset objects reloaded before import = 0
Number of asset objects unloaded after import = 1
========================================================================
Received Import Request.
  Time since last request: 0.000033 seconds.
  path: Assets/ModernSupermarket/Prefabs/Props/Products/YoghurtPack_rk7lsf_Var01.prefab
  artifactKey: Guid(c18e82116ecca5f4985b232f75c7666f) Importer(2089858483,0ecaa5967403d082aa24f35e1b516d23)
Start importing Assets/ModernSupermarket/Prefabs/Props/Products/YoghurtPack_rk7lsf_Var01.prefab using Guid(c18e82116ecca5f4985b232f75c7666f) Importer(2089858483,0ecaa5967403d082aa24f35e1b516d23) [PhysX] Initialized MultithreadedTaskDispatcher with 16 workers.
 -> (artifact id: 'e99bbdf915e5775f2164d04101f330a9') in 0.024320 seconds
Number of updated asset objects reloaded before import = 0
Number of asset objects unloaded after import = 15
========================================================================
Received Import Request.
  Time since last request: 0.000041 seconds.
  path: Assets/ModernSupermarket/Textures/Surfaces/TileFloor_j8qkl9/TileFloor_j8qkl9_m.png
  artifactKey: Guid(bee3973eed85e5942ae76959c6874c88) Importer(2089858483,0ecaa5967403d082aa24f35e1b516d23)
Start importing Assets/ModernSupermarket/Textures/Surfaces/TileFloor_j8qkl9/TileFloor_j8qkl9_m.png using Guid(bee3973eed85e5942ae76959c6874c88) Importer(2089858483,0ecaa5967403d082aa24f35e1b516d23) [PhysX] Initialized MultithreadedTaskDispatcher with 16 workers.
 -> (artifact id: 'aefba6ff20ade481f88c0607d58e667e') in 0.035156 seconds
Number of updated asset objects reloaded before import = 0
Number of asset objects unloaded after import = 1
========================================================================
Received Import Request.
  Time since last request: 0.000024 seconds.
  path: Assets/ModernSupermarket/Prefabs/Props/Products/WaterBottle_cbaimv.prefab
  artifactKey: Guid(c4caa4f13e2e7814789dda031b4f499e) Importer(2089858483,0ecaa5967403d082aa24f35e1b516d23)
Start importing Assets/ModernSupermarket/Prefabs/Props/Products/WaterBottle_cbaimv.prefab using Guid(c4caa4f13e2e7814789dda031b4f499e) Importer(2089858483,0ecaa5967403d082aa24f35e1b516d23) [PhysX] Initialized MultithreadedTaskDispatcher with 16 workers.
 -> (artifact id: '2969a787618bf5fbe4c7973d1f13c5f8') in 0.015956 seconds
Number of updated asset objects reloaded before import = 0
Number of asset objects unloaded after import = 8
========================================================================
Received Import Request.
  Time since last request: 0.000019 seconds.
  path: Assets/Packages/System.Text.Json.8.0.5/lib/netstandard2.0/System.Text.Json.dll
  artifactKey: Guid(28ab38eae1cce5a4c90f27a329482651) Importer(2089858483,0ecaa5967403d082aa24f35e1b516d23)
Start importing Assets/Packages/System.Text.Json.8.0.5/lib/netstandard2.0/System.Text.Json.dll using Guid(28ab38eae1cce5a4c90f27a329482651) Importer(2089858483,0ecaa5967403d082aa24f35e1b516d23) [PhysX] Initialized MultithreadedTaskDispatcher with 16 workers.
 -> (artifact id: 'e84d91472bcda0b4dc2f72eb82ce4a72') in 0.012380 seconds
Number of updated asset objects reloaded before import = 0
Number of asset objects unloaded after import = 1
========================================================================
Received Import Request.
  Time since last request: 0.000025 seconds.
  path: Assets/SpeechSDK/Plugins/Linux/x64/Microsoft.CognitiveServices.Speech.csharp.dll
  artifactKey: Guid(a46e5d07c92c1584cb131cd94c1ff1b3) Importer(2089858483,0ecaa5967403d082aa24f35e1b516d23)
Start importing Assets/SpeechSDK/Plugins/Linux/x64/Microsoft.CognitiveServices.Speech.csharp.dll using Guid(a46e5d07c92c1584cb131cd94c1ff1b3) Importer(2089858483,0ecaa5967403d082aa24f35e1b516d23) [PhysX] Initialized MultithreadedTaskDispatcher with 16 workers.
 -> (artifact id: '630fbb5dc023a3018f3324645d9d24a3') in 0.012807 seconds
Number of updated asset objects reloaded before import = 0
Number of asset objects unloaded after import = 1
========================================================================
Received Import Request.
  Time since last request: 0.000022 seconds.
  path: Assets/ModernSupermarket/Textures/Surfaces/Concrete_nlqhws/Concrete_nlqhws_o.png
  artifactKey: Guid(68dca38d8000bf142872c8cb324e77fd) Importer(2089858483,0ecaa5967403d082aa24f35e1b516d23)
Start importing Assets/ModernSupermarket/Textures/Surfaces/Concrete_nlqhws/Concrete_nlqhws_o.png using Guid(68dca38d8000bf142872c8cb324e77fd) Importer(2089858483,0ecaa5967403d082aa24f35e1b516d23) [PhysX] Initialized MultithreadedTaskDispatcher with 16 workers.
 -> (artifact id: '77ca3db0b1b3fd4ca65c9e3612ae867f') in 0.019023 seconds
Number of updated asset objects reloaded before import = 0
Number of asset objects unloaded after import = 1
========================================================================
Received Import Request.
  Time since last request: 0.000020 seconds.
  path: Assets/ModernSupermarket/Prefabs/Props/Products/WaterPack_mqmuh7_Var01.prefab
  artifactKey: Guid(3ad8e7d739f7cb8408ee772af6051b55) Importer(2089858483,0ecaa5967403d082aa24f35e1b516d23)
Start importing Assets/ModernSupermarket/Prefabs/Props/Products/WaterPack_mqmuh7_Var01.prefab using Guid(3ad8e7d739f7cb8408ee772af6051b55) Importer(2089858483,0ecaa5967403d082aa24f35e1b516d23) [PhysX] Initialized MultithreadedTaskDispatcher with 16 workers.
 -> (artifact id: 'ee6da3a221df3d7c983f453ace9c693c') in 0.015205 seconds
Number of updated asset objects reloaded before import = 0
Number of asset objects unloaded after import = 15
========================================================================
Received Import Request.
  Time since last request: 0.000017 seconds.
  path: Assets/ModernSupermarket/Prefabs/Props/Utility/Camera_fbj1by.prefab
  artifactKey: Guid(1755c736e7f0c2c46aee0d2f6631f364) Importer(2089858483,0ecaa5967403d082aa24f35e1b516d23)
Start importing Assets/ModernSupermarket/Prefabs/Props/Utility/Camera_fbj1by.prefab using Guid(1755c736e7f0c2c46aee0d2f6631f364) Importer(2089858483,0ecaa5967403d082aa24f35e1b516d23) [PhysX] Initialized MultithreadedTaskDispatcher with 16 workers.
 -> (artifact id: 'b368ff7464a7c84436a22eedd73a7fb2') in 0.013321 seconds
Number of updated asset objects reloaded before import = 0
Number of asset objects unloaded after import = 16
========================================================================
Received Import Request.
  Time since last request: 0.000019 seconds.
  path: Assets/Packages/System.Runtime.CompilerServices.Unsafe.6.0.0/buildTransitive/netcoreapp2.0/System.Runtime.CompilerServices.Unsafe.targets
  artifactKey: Guid(6c780f9a919390e4398b374e4401c80c) Importer(2089858483,0ecaa5967403d082aa24f35e1b516d23)
Start importing Assets/Packages/System.Runtime.CompilerServices.Unsafe.6.0.0/buildTransitive/netcoreapp2.0/System.Runtime.CompilerServices.Unsafe.targets using Guid(6c780f9a919390e4398b374e4401c80c) Importer(2089858483,0ecaa5967403d082aa24f35e1b516d23) [PhysX] Initialized MultithreadedTaskDispatcher with 16 workers.
 -> (artifact id: 'da4b9f862cd3e1f4f09b267d4cb67cd3') in 0.011272 seconds
Number of updated asset objects reloaded before import = 0
Number of asset objects unloaded after import = 1
========================================================================
Received Import Request.
  Time since last request: 0.000023 seconds.
  path: Assets/ModernSupermarket/Prefabs/Props/Products/Vase_0p0iky_01.prefab
  artifactKey: Guid(d73df1aaf02057e44a1574029f550afb) Importer(2089858483,0ecaa5967403d082aa24f35e1b516d23)
Start importing Assets/ModernSupermarket/Prefabs/Props/Products/Vase_0p0iky_01.prefab using Guid(d73df1aaf02057e44a1574029f550afb) Importer(2089858483,0ecaa5967403d082aa24f35e1b516d23) [PhysX] Initialized MultithreadedTaskDispatcher with 16 workers.
 -> (artifact id: 'c64cc2c03a38d6fb5597f1fd30f5d395') in 0.015128 seconds
Number of updated asset objects reloaded before import = 0
Number of asset objects unloaded after import = 8
========================================================================
Received Import Request.
  Time since last request: 0.000019 seconds.
  path: Assets/ModernSupermarket/Textures/Skybox/HDRi/HDRi02.hdr
  artifactKey: Guid(205ac03f238c0a54889a449704a96c1c) Importer(2089858483,0ecaa5967403d082aa24f35e1b516d23)
Start importing Assets/ModernSupermarket/Textures/Skybox/HDRi/HDRi02.hdr using Guid(205ac03f238c0a54889a449704a96c1c) Importer(2089858483,0ecaa5967403d082aa24f35e1b516d23) [PhysX] Initialized MultithreadedTaskDispatcher with 16 workers.
 -> (artifact id: '9b3b685496eb652b2f9c7dd2ecae9bce') in 0.035482 seconds
Number of updated asset objects reloaded before import = 0
Number of asset objects unloaded after import = 1
========================================================================
Received Import Request.
  Time since last request: 0.000019 seconds.
  path: Assets/Packages/Azure.Core.1.46.2/lib/netstandard2.0/Azure.Core.xml
  artifactKey: Guid(3f613daa949fae541aad547b9094a55b) Importer(2089858483,0ecaa5967403d082aa24f35e1b516d23)
Start importing Assets/Packages/Azure.Core.1.46.2/lib/netstandard2.0/Azure.Core.xml using Guid(3f613daa949fae541aad547b9094a55b) Importer(2089858483,0ecaa5967403d082aa24f35e1b516d23) [PhysX] Initialized MultithreadedTaskDispatcher with 16 workers.
 -> (artifact id: 'c5278b4ffb513e8ed41e59fc9dd61b3f') in 0.010840 seconds
Number of updated asset objects reloaded before import = 0
Number of asset objects unloaded after import = 1
========================================================================
Received Import Request.
  Time since last request: 0.000017 seconds.
  path: Assets/SpeechSDK/Plugins/WSA/ARM/Microsoft.CognitiveServices.Speech.core.dll
  artifactKey: Guid(bb55eb4c84f6464c8ab71475d4a5ba79) Importer(2089858483,0ecaa5967403d082aa24f35e1b516d23)
Start importing Assets/SpeechSDK/Plugins/WSA/ARM/Microsoft.CognitiveServices.Speech.core.dll using Guid(bb55eb4c84f6464c8ab71475d4a5ba79) Importer(2089858483,0ecaa5967403d082aa24f35e1b516d23) [PhysX] Initialized MultithreadedTaskDispatcher with 16 workers.
 -> (artifact id: 'f5410d80b0b88f2c454e89a91fbbd335') in 0.013483 seconds
Number of updated asset objects reloaded before import = 0
Number of asset objects unloaded after import = 1
========================================================================
Received Import Request.
  Time since last request: 0.000027 seconds.
  path: Assets/ModernSupermarket/Prefabs/Props/Products/YoghurtPack_rk7lsf_Var02.prefab
  artifactKey: Guid(5612e4c03d2f9564dae806ea08b9ce28) Importer(2089858483,0ecaa5967403d082aa24f35e1b516d23)
Start importing Assets/ModernSupermarket/Prefabs/Props/Products/YoghurtPack_rk7lsf_Var02.prefab using Guid(5612e4c03d2f9564dae806ea08b9ce28) Importer(2089858483,0ecaa5967403d082aa24f35e1b516d23) [PhysX] Initialized MultithreadedTaskDispatcher with 16 workers.
 -> (artifact id: '703051d2150cf948a84c8ce11bec3651') in 0.016523 seconds
Number of updated asset objects reloaded before import = 0
Number of asset objects unloaded after import = 21
========================================================================
Received Import Request.
  Time since last request: 0.000030 seconds.
  path: Assets/ModernSupermarket/Textures/Surfaces/TileFloor_j8qkl9/TileFloor_j8qkl9_n.png
  artifactKey: Guid(a89273aca61610241982f8bb419974c2) Importer(2089858483,0ecaa5967403d082aa24f35e1b516d23)
Start importing Assets/ModernSupermarket/Textures/Surfaces/TileFloor_j8qkl9/TileFloor_j8qkl9_n.png using Guid(a89273aca61610241982f8bb419974c2) Importer(2089858483,0ecaa5967403d082aa24f35e1b516d23) [PhysX] Initialized MultithreadedTaskDispatcher with 16 workers.
 -> (artifact id: '99ed5d1038efc23f7682a747d9b9ae09') in 0.069016 seconds
Number of updated asset objects reloaded before import = 0
Number of asset objects unloaded after import = 1
========================================================================
Received Import Request.
  Time since last request: 0.000022 seconds.
  path: Assets/ModernSupermarket/Prefabs/Props/Products/Teabox_l5w9ll.prefab
  artifactKey: Guid(10234af7a554e7d4a9d359ca2519eb85) Importer(2089858483,0ecaa5967403d082aa24f35e1b516d23)
Start importing Assets/ModernSupermarket/Prefabs/Props/Products/Teabox_l5w9ll.prefab using Guid(10234af7a554e7d4a9d359ca2519eb85) Importer(2089858483,0ecaa5967403d082aa24f35e1b516d23) [PhysX] Initialized MultithreadedTaskDispatcher with 16 workers.
 -> (artifact id: '090ac34c33d9ad9a6132f62021642b8c') in 0.015326 seconds
Number of updated asset objects reloaded before import = 0
Number of asset objects unloaded after import = 8
========================================================================
Received Import Request.
  Time since last request: 0.000022 seconds.
  path: Assets/Packages/Newtonsoft.Json.13.0.3/lib/netstandard2.0/Newtonsoft.Json.xml
  artifactKey: Guid(36d1a8d724fa3754384f3cedf8cc455e) Importer(2089858483,0ecaa5967403d082aa24f35e1b516d23)
Start importing Assets/Packages/Newtonsoft.Json.13.0.3/lib/netstandard2.0/Newtonsoft.Json.xml using Guid(36d1a8d724fa3754384f3cedf8cc455e) Importer(2089858483,0ecaa5967403d082aa24f35e1b516d23) [PhysX] Initialized MultithreadedTaskDispatcher with 16 workers.
 -> (artifact id: '148abb34784112527432ee39420156f4') in 0.014327 seconds
Number of updated asset objects reloaded before import = 0
Number of asset objects unloaded after import = 1
========================================================================
Received Import Request.
  Time since last request: 0.000017 seconds.
  path: Assets/ModernSupermarket/Prefabs/Props/Utility/Camera_9m4m3y.prefab
  artifactKey: Guid(c8954a970be2223428c2893ce18a067b) Importer(2089858483,0ecaa5967403d082aa24f35e1b516d23)
Start importing Assets/ModernSupermarket/Prefabs/Props/Utility/Camera_9m4m3y.prefab using Guid(c8954a970be2223428c2893ce18a067b) Importer(2089858483,0ecaa5967403d082aa24f35e1b516d23) [PhysX] Initialized MultithreadedTaskDispatcher with 16 workers.
 -> (artifact id: 'fafabba365146abf32aa4754b51fab00') in 0.016415 seconds
Number of updated asset objects reloaded before import = 0
Number of asset objects unloaded after import = 8
========================================================================
Received Import Request.
  Time since last request: 0.000022 seconds.
  path: Assets/SpeechSDK/Plugins/WSA/x64/Microsoft.CognitiveServices.Speech.core.dll
  artifactKey: Guid(5de02dabb4a2d114aa9caf21d66b41b7) Importer(2089858483,0ecaa5967403d082aa24f35e1b516d23)
Start importing Assets/SpeechSDK/Plugins/WSA/x64/Microsoft.CognitiveServices.Speech.core.dll using Guid(5de02dabb4a2d114aa9caf21d66b41b7) Importer(2089858483,0ecaa5967403d082aa24f35e1b516d23) [PhysX] Initialized MultithreadedTaskDispatcher with 16 workers.
 -> (artifact id: 'c5ceb82aed71c1c905e3cdfbd8199608') in 0.014506 seconds
Number of updated asset objects reloaded before import = 0
Number of asset objects unloaded after import = 1
========================================================================
Received Import Request.
  Time since last request: 0.000021 seconds.
  path: Assets/ModernSupermarket/Textures/_Dev/Materials/GridGrey.mat
  artifactKey: Guid(1f3a28efccf980346be6ddf0b247a9bc) Importer(2089858483,0ecaa5967403d082aa24f35e1b516d23)
Start importing Assets/ModernSupermarket/Textures/_Dev/Materials/GridGrey.mat using Guid(1f3a28efccf980346be6ddf0b247a9bc) Importer(2089858483,0ecaa5967403d082aa24f35e1b516d23) [PhysX] Initialized MultithreadedTaskDispatcher with 16 workers.
 -> (artifact id: 'ca958b05d6a3692f40c6995e5f236eef') in 0.018429 seconds
Number of updated asset objects reloaded before import = 0
Number of asset objects unloaded after import = 2
========================================================================
Received Import Request.
  Time since last request: 0.000023 seconds.
  path: Assets/ModernSupermarket/Textures/Surfaces/TileFloor_n3y6kl/TileFloor_n3y6kl_m.png
  artifactKey: Guid(a62ac9c8189a8e14f9120b2a84087a4b) Importer(2089858483,0ecaa5967403d082aa24f35e1b516d23)
Start importing Assets/ModernSupermarket/Textures/Surfaces/TileFloor_n3y6kl/TileFloor_n3y6kl_m.png using Guid(a62ac9c8189a8e14f9120b2a84087a4b) Importer(2089858483,0ecaa5967403d082aa24f35e1b516d23) [PhysX] Initialized MultithreadedTaskDispatcher with 16 workers.
 -> (artifact id: 'c49750740b1eb93af401fb3751150ded') in 0.036637 seconds
Number of updated asset objects reloaded before import = 0
Number of asset objects unloaded after import = 1
========================================================================
Received Import Request.
  Time since last request: 0.000021 seconds.
  path: Assets/ModernSupermarket/Prefabs/Props/Products/Sushis_jtvduo.prefab
  artifactKey: Guid(030c7a3ef8bdc9741b1b95ce21a3a528) Importer(2089858483,0ecaa5967403d082aa24f35e1b516d23)
Start importing Assets/ModernSupermarket/Prefabs/Props/Products/Sushis_jtvduo.prefab using Guid(030c7a3ef8bdc9741b1b95ce21a3a528) Importer(2089858483,0ecaa5967403d082aa24f35e1b516d23) [PhysX] Initialized MultithreadedTaskDispatcher with 16 workers.
 -> (artifact id: '93427bf8c36c94de280aabb63558e5bc') in 0.014107 seconds
Number of updated asset objects reloaded before import = 0
Number of asset objects unloaded after import = 8
========================================================================
Received Import Request.
  Time since last request: 0.000020 seconds.
  path: Assets/ModernSupermarket/Prefabs/Props/Products/TinCan_60afsy_01.prefab
  artifactKey: Guid(c79380fa6bd100440b9de57703bcf9cd) Importer(2089858483,0ecaa5967403d082aa24f35e1b516d23)
Start importing Assets/ModernSupermarket/Prefabs/Props/Products/TinCan_60afsy_01.prefab using Guid(c79380fa6bd100440b9de57703bcf9cd) Importer(2089858483,0ecaa5967403d082aa24f35e1b516d23) [PhysX] Initialized MultithreadedTaskDispatcher with 16 workers.
 -> (artifact id: 'a9e786b5aa4957bb6de7c01385570888') in 0.014176 seconds
Number of updated asset objects reloaded before import = 0
Number of asset objects unloaded after import = 8
========================================================================
Received Import Request.
  Time since last request: 0.000037 seconds.
  path: Assets/ModernSupermarket/Prefabs/Props/Products/TinCan_60afsy_Pack03.prefab
  artifactKey: Guid(47b7aa769a9907f46bf2f2b810a4c293) Importer(2089858483,0ecaa5967403d082aa24f35e1b516d23)
Start importing Assets/ModernSupermarket/Prefabs/Props/Products/TinCan_60afsy_Pack03.prefab using Guid(47b7aa769a9907f46bf2f2b810a4c293) Importer(2089858483,0ecaa5967403d082aa24f35e1b516d23) [PhysX] Initialized MultithreadedTaskDispatcher with 16 workers.
 -> (artifact id: '43ed859d08f4743b34330bc8f841f445') in 0.015873 seconds
Number of updated asset objects reloaded before import = 0
Number of asset objects unloaded after import = 8
========================================================================
Received Import Request.
  Time since last request: 0.000033 seconds.
  path: Assets/Packages/System.Text.Json.8.0.5/buildTransitive/netcoreapp2.0/System.Text.Json.targets
  artifactKey: Guid(47152a1c58e564245bc9ba1ffc5463f1) Importer(2089858483,0ecaa5967403d082aa24f35e1b516d23)
Start importing Assets/Packages/System.Text.Json.8.0.5/buildTransitive/netcoreapp2.0/System.Text.Json.targets using Guid(47152a1c58e564245bc9ba1ffc5463f1) Importer(2089858483,0ecaa5967403d082aa24f35e1b516d23) [PhysX] Initialized MultithreadedTaskDispatcher with 16 workers.
 -> (artifact id: '2e18124c5dc838069572e9b5b3e3bcd9') in 0.011519 seconds
Number of updated asset objects reloaded before import = 0
Number of asset objects unloaded after import = 1
========================================================================
Received Import Request.
  Time since last request: 0.000026 seconds.
  path: Assets/ModernSupermarket/Prefabs/Props/Products/WineBottle_2b6kjh_Var01.prefab
  artifactKey: Guid(91d30689fe43bb94c86523d8a7a37875) Importer(2089858483,0ecaa5967403d082aa24f35e1b516d23)
Start importing Assets/ModernSupermarket/Prefabs/Props/Products/WineBottle_2b6kjh_Var01.prefab using Guid(91d30689fe43bb94c86523d8a7a37875) Importer(2089858483,0ecaa5967403d082aa24f35e1b516d23) [PhysX] Initialized MultithreadedTaskDispatcher with 16 workers.
 -> (artifact id: '4237f69a9686df9c7fe4d43d05dacf17') in 0.016035 seconds
Number of updated asset objects reloaded before import = 0
Number of asset objects unloaded after import = 15
========================================================================
Received Import Request.
  Time since last request: 0.000023 seconds.
  path: Assets/Packages/Microsoft.Extensions.Logging.Abstractions.8.0.3/buildTransitive/net462/Microsoft.Extensions.Logging.Abstractions.targets
  artifactKey: Guid(ba2bc76d5f050ec44a86ef654b369f16) Importer(2089858483,0ecaa5967403d082aa24f35e1b516d23)
Start importing Assets/Packages/Microsoft.Extensions.Logging.Abstractions.8.0.3/buildTransitive/net462/Microsoft.Extensions.Logging.Abstractions.targets using Guid(ba2bc76d5f050ec44a86ef654b369f16) Importer(2089858483,0ecaa5967403d082aa24f35e1b516d23) [PhysX] Initialized MultithreadedTaskDispatcher with 16 workers.
 -> (artifact id: '5a452ebcb1ffa57e3728150a21d9852b') in 0.012268 seconds
Number of updated asset objects reloaded before import = 0
Number of asset objects unloaded after import = 1
========================================================================
Received Import Request.
  Time since last request: 0.000018 seconds.
  path: Assets/ModernSupermarket/Scenes/Scene_Supermarket/Supermarket/ReflectionProbe-2.exr
  artifactKey: Guid(294577fb0f6c07f4596352d38b53bbe7) Importer(2089858483,0ecaa5967403d082aa24f35e1b516d23)
Start importing Assets/ModernSupermarket/Scenes/Scene_Supermarket/Supermarket/ReflectionProbe-2.exr using Guid(294577fb0f6c07f4596352d38b53bbe7) Importer(2089858483,0ecaa5967403d082aa24f35e1b516d23) [PhysX] Initialized MultithreadedTaskDispatcher with 16 workers.
 -> (artifact id: '9e6959ebbef5a79b9d99b6f0c132d539') in 0.022282 seconds
Number of updated asset objects reloaded before import = 0
Number of asset objects unloaded after import = 1
========================================================================
Received Import Request.
  Time since last request: 0.000038 seconds.
  path: Assets/ModernSupermarket/Textures/Surfaces/TileFloor_j8qkl9/TileFloor_j8qkl9_o.png
  artifactKey: Guid(31e63ea62081e354581636a6c1c04b8c) Importer(2089858483,0ecaa5967403d082aa24f35e1b516d23)
Start importing Assets/ModernSupermarket/Textures/Surfaces/TileFloor_j8qkl9/TileFloor_j8qkl9_o.png using Guid(31e63ea62081e354581636a6c1c04b8c) Importer(2089858483,0ecaa5967403d082aa24f35e1b516d23) [PhysX] Initialized MultithreadedTaskDispatcher with 16 workers.
 -> (artifact id: '457ce7cf6580269967caafc2fb241eb8') in 0.032373 seconds
Number of updated asset objects reloaded before import = 0
Number of asset objects unloaded after import = 1
========================================================================
Received Import Request.
  Time since last request: 0.000027 seconds.
  path: Assets/ModernSupermarket/Textures/Surfaces/TileFloor_n3y6kl/TileFloor_n3y6kl_a.png
  artifactKey: Guid(41d8bd1f75e21fa4abf59d2ce4649a92) Importer(2089858483,0ecaa5967403d082aa24f35e1b516d23)
Start importing Assets/ModernSupermarket/Textures/Surfaces/TileFloor_n3y6kl/TileFloor_n3y6kl_a.png using Guid(41d8bd1f75e21fa4abf59d2ce4649a92) Importer(2089858483,0ecaa5967403d082aa24f35e1b516d23) [PhysX] Initialized MultithreadedTaskDispatcher with 16 workers.
 -> (artifact id: 'eb55d90a6e302802ae0b88522b1db122') in 0.021437 seconds
Number of updated asset objects reloaded before import = 0
Number of asset objects unloaded after import = 1
========================================================================
Received Import Request.
  Time since last request: 0.000026 seconds.
  path: Assets/ModernSupermarket/Prefabs/Props/Products/Vase_0p0iky_03.prefab
  artifactKey: Guid(271caefda2e64d443b912534827afe5d) Importer(2089858483,0ecaa5967403d082aa24f35e1b516d23)
Start importing Assets/ModernSupermarket/Prefabs/Props/Products/Vase_0p0iky_03.prefab using Guid(271caefda2e64d443b912534827afe5d) Importer(2089858483,0ecaa5967403d082aa24f35e1b516d23) [PhysX] Initialized MultithreadedTaskDispatcher with 16 workers.
 -> (artifact id: 'b73ac7b7ccc69dbb763cec74a2adb6dd') in 0.028739 seconds
Number of updated asset objects reloaded before import = 0
Number of asset objects unloaded after import = 8
========================================================================
Received Import Request.
  Time since last request: 0.000026 seconds.
  path: Assets/SpeechSDK/Plugins/WSA/x64/Microsoft.CognitiveServices.Speech.extension.audio.sys.dll
  artifactKey: Guid(e132eb33a9d43844a8b2b4b8cbe5a79a) Importer(2089858483,0ecaa5967403d082aa24f35e1b516d23)
Start importing Assets/SpeechSDK/Plugins/WSA/x64/Microsoft.CognitiveServices.Speech.extension.audio.sys.dll using Guid(e132eb33a9d43844a8b2b4b8cbe5a79a) Importer(2089858483,0ecaa5967403d082aa24f35e1b516d23) [PhysX] Initialized MultithreadedTaskDispatcher with 16 workers.
 -> (artifact id: 'e86333d8d7356f091372fa685efe1aac') in 0.016479 seconds
Number of updated asset objects reloaded before import = 0
Number of asset objects unloaded after import = 1
========================================================================
Received Import Request.
  Time since last request: 0.000023 seconds.
  path: Assets/ModernSupermarket/Prefabs/Props/Products/WineBottle_2b6kjh_Pack01.prefab
  artifactKey: Guid(54435621f4735d440893831dc3a4db6e) Importer(2089858483,0ecaa5967403d082aa24f35e1b516d23)
Start importing Assets/ModernSupermarket/Prefabs/Props/Products/WineBottle_2b6kjh_Pack01.prefab using Guid(54435621f4735d440893831dc3a4db6e) Importer(2089858483,0ecaa5967403d082aa24f35e1b516d23) [PhysX] Initialized MultithreadedTaskDispatcher with 16 workers.
 -> (artifact id: '08976ac9affb2c11abd53e7f698c34ca') in 0.018596 seconds
Number of updated asset objects reloaded before import = 0
Number of asset objects unloaded after import = 8
========================================================================
Received Import Request.
  Time since last request: 0.000028 seconds.
  path: Assets/ModernSupermarket/Prefabs/Props/Products/Sushis_r6r1w6.prefab
  artifactKey: Guid(2a8e5997c508e3046b003d3f3acd42fd) Importer(2089858483,0ecaa5967403d082aa24f35e1b516d23)
Start importing Assets/ModernSupermarket/Prefabs/Props/Products/Sushis_r6r1w6.prefab using Guid(2a8e5997c508e3046b003d3f3acd42fd) Importer(2089858483,0ecaa5967403d082aa24f35e1b516d23) [PhysX] Initialized MultithreadedTaskDispatcher with 16 workers.
 -> (artifact id: '288804d2f7745845f1e077e109bb3f15') in 0.017333 seconds
Number of updated asset objects reloaded before import = 0
Number of asset objects unloaded after import = 8
========================================================================
Received Import Request.
  Time since last request: 0.000019 seconds.
  path: Assets/ModernSupermarket/Prefabs/Props/Products/ToiletPaper_tunz3i_Pack01.prefab
  artifactKey: Guid(7f78cb130f688fe42ade6b38d9022c67) Importer(2089858483,0ecaa5967403d082aa24f35e1b516d23)
Start importing Assets/ModernSupermarket/Prefabs/Props/Products/ToiletPaper_tunz3i_Pack01.prefab using Guid(7f78cb130f688fe42ade6b38d9022c67) Importer(2089858483,0ecaa5967403d082aa24f35e1b516d23) [PhysX] Initialized MultithreadedTaskDispatcher with 16 workers.
 -> (artifact id: '360934d2fee523ddfce2ff51fcb09eb1') in 0.018446 seconds
Number of updated asset objects reloaded before import = 0
Number of asset objects unloaded after import = 8
========================================================================
Received Import Request.
  Time since last request: 0.000023 seconds.
  path: Assets/Packages/Microsoft.Bcl.AsyncInterfaces.8.0.0/lib/netstandard2.1/Microsoft.Bcl.AsyncInterfaces.xml
  artifactKey: Guid(32cc30e68ca51cf4eb60bc4f7ebc9872) Importer(2089858483,0ecaa5967403d082aa24f35e1b516d23)
Start importing Assets/Packages/Microsoft.Bcl.AsyncInterfaces.8.0.0/lib/netstandard2.1/Microsoft.Bcl.AsyncInterfaces.xml using Guid(32cc30e68ca51cf4eb60bc4f7ebc9872) Importer(2089858483,0ecaa5967403d082aa24f35e1b516d23) [PhysX] Initialized MultithreadedTaskDispatcher with 16 workers.
 -> (artifact id: '47675789e2a0d4b7d94026366f57c20b') in 0.010769 seconds
Number of updated asset objects reloaded before import = 0
Number of asset objects unloaded after import = 1
========================================================================
Received Import Request.
  Time since last request: 0.000035 seconds.
  path: Assets/ModernSupermarket/Prefabs/Props/Utility/WetFloor_fxi59q.prefab
  artifactKey: Guid(38f66f4ee22bedd4a856a09b6292b9ba) Importer(2089858483,0ecaa5967403d082aa24f35e1b516d23)
Start importing Assets/ModernSupermarket/Prefabs/Props/Utility/WetFloor_fxi59q.prefab using Guid(38f66f4ee22bedd4a856a09b6292b9ba) Importer(2089858483,0ecaa5967403d082aa24f35e1b516d23) [PhysX] Initialized MultithreadedTaskDispatcher with 16 workers.
 -> (artifact id: '5a7875274fe0e46e4601ed10d0b7af0c') in 0.015746 seconds
Number of updated asset objects reloaded before import = 0
Number of asset objects unloaded after import = 8
========================================================================
Received Import Request.
  Time since last request: 0.000024 seconds.
  path: Assets/ModernSupermarket/Prefabs/Props/Utility/Neon_dwd6wi.prefab
  artifactKey: Guid(ff833f93911fe224382ad102b43d2c61) Importer(2089858483,0ecaa5967403d082aa24f35e1b516d23)
Start importing Assets/ModernSupermarket/Prefabs/Props/Utility/Neon_dwd6wi.prefab using Guid(ff833f93911fe224382ad102b43d2c61) Importer(2089858483,0ecaa5967403d082aa24f35e1b516d23) [PhysX] Initialized MultithreadedTaskDispatcher with 16 workers.
 -> (artifact id: '929c3764a865e68b86d6d24b6cc42d33') in 0.015651 seconds
Number of updated asset objects reloaded before import = 0
Number of asset objects unloaded after import = 11
========================================================================
Received Import Request.
  Time since last request: 0.000017 seconds.
  path: Assets/ModernSupermarket/Prefabs/Props/Products/Teabox_5oq0ki_Var02.prefab
  artifactKey: Guid(d212f9ac16107a74c813c1f76aa9e30e) Importer(2089858483,0ecaa5967403d082aa24f35e1b516d23)
Start importing Assets/ModernSupermarket/Prefabs/Props/Products/Teabox_5oq0ki_Var02.prefab using Guid(d212f9ac16107a74c813c1f76aa9e30e) Importer(2089858483,0ecaa5967403d082aa24f35e1b516d23) [PhysX] Initialized MultithreadedTaskDispatcher with 16 workers.
 -> (artifact id: '820d01389b80aa937801b79aeacd2074') in 0.014977 seconds
Number of updated asset objects reloaded before import = 0
Number of asset objects unloaded after import = 16
========================================================================
Received Import Request.
  Time since last request: 0.000018 seconds.
  path: Assets/ModernSupermarket/Prefabs/Props/Products/Teabox_5oq0ki_Var01.prefab
  artifactKey: Guid(ff36437ab5a3a5d4a93610a7cc79ac52) Importer(2089858483,0ecaa5967403d082aa24f35e1b516d23)
Start importing Assets/ModernSupermarket/Prefabs/Props/Products/Teabox_5oq0ki_Var01.prefab using Guid(ff36437ab5a3a5d4a93610a7cc79ac52) Importer(2089858483,0ecaa5967403d082aa24f35e1b516d23) [PhysX] Initialized MultithreadedTaskDispatcher with 16 workers.
 -> (artifact id: 'e4713700a3cc7a92da8762b74e452a44') in 0.015305 seconds
Number of updated asset objects reloaded before import = 0
Number of asset objects unloaded after import = 16
========================================================================
Received Import Request.
  Time since last request: 0.000022 seconds.
  path: Assets/ModernSupermarket/Prefabs/Props/Products/Vase_x3wysg_02_Var01.prefab
  artifactKey: Guid(f09d6335562935c43ba704ac8e6b50c3) Importer(2089858483,0ecaa5967403d082aa24f35e1b516d23)
Start importing Assets/ModernSupermarket/Prefabs/Props/Products/Vase_x3wysg_02_Var01.prefab using Guid(f09d6335562935c43ba704ac8e6b50c3) Importer(2089858483,0ecaa5967403d082aa24f35e1b516d23) [PhysX] Initialized MultithreadedTaskDispatcher with 16 workers.
 -> (artifact id: '8bf6d019bdeaa363a1ebe48ff62e1988') in 0.017140 seconds
Number of updated asset objects reloaded before import = 0
Number of asset objects unloaded after import = 16
========================================================================
Received Import Request.
  Time since last request: 0.923086 seconds.
  path: Assets/TextMesh Pro/Examples & Extras/Resources/Color Gradient Presets/Dark to Light Green - Vertical.asset
  artifactKey: Guid(4c86a3366cd840348ebe8dc438570ee4) Importer(2089858483,0ecaa5967403d082aa24f35e1b516d23)
Start importing Assets/TextMesh Pro/Examples & Extras/Resources/Color Gradient Presets/Dark to Light Green - Vertical.asset using Guid(4c86a3366cd840348ebe8dc438570ee4) Importer(2089858483,0ecaa5967403d082aa24f35e1b516d23) [PhysX] Initialized MultithreadedTaskDispatcher with 16 workers.
 -> (artifact id: '05bb8f34d227e54056e1b56126eaaa79') in 0.012618 seconds
Number of updated asset objects reloaded before import = 0
Number of asset objects unloaded after import = 1
========================================================================
Received Import Request.
  Time since last request: 0.000017 seconds.
  path: Assets/ModernSupermarket/Models/Furniture/HeritageBuffet_wkjvvg/Textures/HeritageBuffet_wkjvvg_a.png
  artifactKey: Guid(042e0aa583f153049aaecebab6349df6) Importer(2089858483,0ecaa5967403d082aa24f35e1b516d23)
Start importing Assets/ModernSupermarket/Models/Furniture/HeritageBuffet_wkjvvg/Textures/HeritageBuffet_wkjvvg_a.png using Guid(042e0aa583f153049aaecebab6349df6) Importer(2089858483,0ecaa5967403d082aa24f35e1b516d23) [PhysX] Initialized MultithreadedTaskDispatcher with 16 workers.
 -> (artifact id: '9cefc130dcde062fb9566b0ce49efb46') in 0.019912 seconds
Number of updated asset objects reloaded before import = 0
Number of asset objects unloaded after import = 1
========================================================================
Received Import Request.
  Time since last request: 0.000039 seconds.
  path: Assets/ModernSupermarket/Models/Props/Produce/Tomato_u9ceyc/Tomato_u9ceyc.fbx
  artifactKey: Guid(dc1808f6ee8b2df48a558a1b48089537) Importer(2089858483,0ecaa5967403d082aa24f35e1b516d23)
Start importing Assets/ModernSupermarket/Models/Props/Produce/Tomato_u9ceyc/Tomato_u9ceyc.fbx using Guid(dc1808f6ee8b2df48a558a1b48089537) Importer(2089858483,0ecaa5967403d082aa24f35e1b516d23) [PhysX] Initialized MultithreadedTaskDispatcher with 16 workers.
 -> (artifact id: '1f3d46582d6ed57df587cb49e6aa2301') in 0.018890 seconds
Number of updated asset objects reloaded before import = 0
Number of asset objects unloaded after import = 7
========================================================================
Received Import Request.
  Time since last request: 0.000021 seconds.
  path: Assets/ModernSupermarket/Models/Furniture/Fridge_4ttiif/Textures/Fridge_4ttiif_m.png
  artifactKey: Guid(ac1f3912467a3644f9a85f3a43f5cee3) Importer(2089858483,0ecaa5967403d082aa24f35e1b516d23)
Start importing Assets/ModernSupermarket/Models/Furniture/Fridge_4ttiif/Textures/Fridge_4ttiif_m.png using Guid(ac1f3912467a3644f9a85f3a43f5cee3) Importer(2089858483,0ecaa5967403d082aa24f35e1b516d23) [PhysX] Initialized MultithreadedTaskDispatcher with 16 workers.
 -> (artifact id: '74bca351d8fcce15f9bbad3210e07d11') in 0.023567 seconds
Number of updated asset objects reloaded before import = 0
Number of asset objects unloaded after import = 1
========================================================================
Received Import Request.
  Time since last request: 0.000021 seconds.
  path: Assets/ModernSupermarket/Models/Furniture/Shelf_6h7vop/Textures/Shelf_6h7vop_n.png
  artifactKey: Guid(c962c4695edeafc4c943df70ed590c88) Importer(2089858483,0ecaa5967403d082aa24f35e1b516d23)
Start importing Assets/ModernSupermarket/Models/Furniture/Shelf_6h7vop/Textures/Shelf_6h7vop_n.png using Guid(c962c4695edeafc4c943df70ed590c88) Importer(2089858483,0ecaa5967403d082aa24f35e1b516d23) [PhysX] Initialized MultithreadedTaskDispatcher with 16 workers.
 -> (artifact id: '3b5a103dc9d3bbf82c1b5d797d8e2e69') in 0.022847 seconds
Number of updated asset objects reloaded before import = 0
Number of asset objects unloaded after import = 1
========================================================================
Received Import Request.
  Time since last request: 0.000018 seconds.
  path: Assets/ModernSupermarket/Models/Props/Produce/Potato_px2ht4/Potato_px2ht4.fbx
  artifactKey: Guid(ae5d72965c71e59429f91af18fafa3b1) Importer(2089858483,0ecaa5967403d082aa24f35e1b516d23)
Start importing Assets/ModernSupermarket/Models/Props/Produce/Potato_px2ht4/Potato_px2ht4.fbx using Guid(ae5d72965c71e59429f91af18fafa3b1) Importer(2089858483,0ecaa5967403d082aa24f35e1b516d23) [PhysX] Initialized MultithreadedTaskDispatcher with 16 workers.
 -> (artifact id: '8cea17451fa95f328f1b0d7bedf2df76') in 0.019460 seconds
Number of updated asset objects reloaded before import = 0
Number of asset objects unloaded after import = 7
========================================================================
Received Import Request.
  Time since last request: 0.000041 seconds.
  path: Assets/ModernSupermarket/Models/Furniture/Freezer_9olxw5/Textures/Freezer_9olxw5_n.png
  artifactKey: Guid(7ce1a8a869de5e1418bebf34cc334b47) Importer(2089858483,0ecaa5967403d082aa24f35e1b516d23)
Start importing Assets/ModernSupermarket/Models/Furniture/Freezer_9olxw5/Textures/Freezer_9olxw5_n.png using Guid(7ce1a8a869de5e1418bebf34cc334b47) Importer(2089858483,0ecaa5967403d082aa24f35e1b516d23) [PhysX] Initialized MultithreadedTaskDispatcher with 16 workers.
 -> (artifact id: 'f8c392dd338d1b5ec75257101bc584e5') in 0.025495 seconds
Number of updated asset objects reloaded before import = 0
Number of asset objects unloaded after import = 1
========================================================================
Received Import Request.
  Time since last request: 0.000021 seconds.
  path: Assets/ModernSupermarket/Models/Props/Produce/Apple_yf18nm/Apple_yf18nm_Pack01.fbx
  artifactKey: Guid(80f41a940855c0a4887e17fe1330cf00) Importer(2089858483,0ecaa5967403d082aa24f35e1b516d23)
Start importing Assets/ModernSupermarket/Models/Props/Produce/Apple_yf18nm/Apple_yf18nm_Pack01.fbx using Guid(80f41a940855c0a4887e17fe1330cf00) Importer(2089858483,0ecaa5967403d082aa24f35e1b516d23) [PhysX] Initialized MultithreadedTaskDispatcher with 16 workers.
 -> (artifact id: 'a99260765fbf4f1918c4dab9e283b171') in 0.017178 seconds
Number of updated asset objects reloaded before import = 0
Number of asset objects unloaded after import = 7
========================================================================
Received Import Request.
  Time since last request: 0.000017 seconds.
  path: Assets/ModernSupermarket/Models/Props/Products/FrozenBox_vhvpd4/FrozenBox_vhvpd4.fbx
  artifactKey: Guid(3794626168de55645aa0fc7244f5c1d8) Importer(2089858483,0ecaa5967403d082aa24f35e1b516d23)
Start importing Assets/ModernSupermarket/Models/Props/Products/FrozenBox_vhvpd4/FrozenBox_vhvpd4.fbx using Guid(3794626168de55645aa0fc7244f5c1d8) Importer(2089858483,0ecaa5967403d082aa24f35e1b516d23) [PhysX] Initialized MultithreadedTaskDispatcher with 16 workers.
 -> (artifact id: '298a5602f025ab3671587cdd6c494ec9') in 0.017604 seconds
Number of updated asset objects reloaded before import = 0
Number of asset objects unloaded after import = 7
========================================================================
Received Import Request.
  Time since last request: 0.000023 seconds.
  path: Assets/ModernSupermarket/Models/Furniture/HeritageBuffet_wkjvvg/Textures/HeritageBuffet_wkjvvg_n.png
  artifactKey: Guid(83b26801cafc51f419525b4b719e512b) Importer(2089858483,0ecaa5967403d082aa24f35e1b516d23)
Start importing Assets/ModernSupermarket/Models/Furniture/HeritageBuffet_wkjvvg/Textures/HeritageBuffet_wkjvvg_n.png using Guid(83b26801cafc51f419525b4b719e512b) Importer(2089858483,0ecaa5967403d082aa24f35e1b516d23) [PhysX] Initialized MultithreadedTaskDispatcher with 16 workers.
 -> (artifact id: '11cd04fba82a1ca4f81dbaa75a37f4b9') in 0.025070 seconds
Number of updated asset objects reloaded before import = 0
Number of asset objects unloaded after import = 1
========================================================================
Received Import Request.
  Time since last request: 0.000021 seconds.
  path: Assets/ModernSupermarket/Models/Furniture/Table_x90owh/Textures/Table_x90owh_m.png
  artifactKey: Guid(bd098784a16ac1344b3442fdfca2c238) Importer(2089858483,0ecaa5967403d082aa24f35e1b516d23)
Start importing Assets/ModernSupermarket/Models/Furniture/Table_x90owh/Textures/Table_x90owh_m.png using Guid(bd098784a16ac1344b3442fdfca2c238) Importer(2089858483,0ecaa5967403d082aa24f35e1b516d23) [PhysX] Initialized MultithreadedTaskDispatcher with 16 workers.
 -> (artifact id: '3b49079fdb86aae8b43e7031d3b1d21e') in 0.019508 seconds
Number of updated asset objects reloaded before import = 0
Number of asset objects unloaded after import = 1
========================================================================
Received Import Request.
  Time since last request: 0.000023 seconds.
  path: Assets/ModernSupermarket/Models/Props/Products/FrozenPack_xp713y/FrozenPack_xp713y.fbx
  artifactKey: Guid(113585fc11e20cb408a4837d2457ef86) Importer(2089858483,0ecaa5967403d082aa24f35e1b516d23)
Start importing Assets/ModernSupermarket/Models/Props/Products/FrozenPack_xp713y/FrozenPack_xp713y.fbx using Guid(113585fc11e20cb408a4837d2457ef86) Importer(2089858483,0ecaa5967403d082aa24f35e1b516d23) [PhysX] Initialized MultithreadedTaskDispatcher with 16 workers.
 -> (artifact id: '7862aff4f2aa7d2c1168481fc6d18170') in 0.017574 seconds
Number of updated asset objects reloaded before import = 0
Number of asset objects unloaded after import = 7
========================================================================
Received Import Request.
  Time since last request: 0.000023 seconds.
  path: Assets/ModernSupermarket/Models/Props/Products/CrabSticks_mu7h0i/CrabSticks_mu7h0i.fbx
  artifactKey: Guid(6764a7f4f703f1548b89d010934951f8) Importer(2089858483,0ecaa5967403d082aa24f35e1b516d23)
Start importing Assets/ModernSupermarket/Models/Props/Products/CrabSticks_mu7h0i/CrabSticks_mu7h0i.fbx using Guid(6764a7f4f703f1548b89d010934951f8) Importer(2089858483,0ecaa5967403d082aa24f35e1b516d23) [PhysX] Initialized MultithreadedTaskDispatcher with 16 workers.
 -> (artifact id: '79b74869b3fda50748219d2d85484c95') in 0.017310 seconds
Number of updated asset objects reloaded before import = 0
Number of asset objects unloaded after import = 7
========================================================================
Received Import Request.
  Time since last request: 0.000045 seconds.
  path: Assets/ModernSupermarket/Models/Furniture/HeritageBuffet_wkjvvg/Textures/HeritageBuffet_wkjvvgVar01_o.png
  artifactKey: Guid(bc0041199b49f3147bc1c81b11f579ee) Importer(2089858483,0ecaa5967403d082aa24f35e1b516d23)
Start importing Assets/ModernSupermarket/Models/Furniture/HeritageBuffet_wkjvvg/Textures/HeritageBuffet_wkjvvgVar01_o.png using Guid(bc0041199b49f3147bc1c81b11f579ee) Importer(2089858483,0ecaa5967403d082aa24f35e1b516d23) [PhysX] Initialized MultithreadedTaskDispatcher with 16 workers.
 -> (artifact id: '4a860082510f9759fe3c65c98c697a4d') in 0.037678 seconds
Number of updated asset objects reloaded before import = 0
Number of asset objects unloaded after import = 1
========================================================================
Received Import Request.
  Time since last request: 0.000021 seconds.
  path: Assets/ModernSupermarket/Models/Props/Products/Decoration_q1fmhj/Decoration_q1fmhj.fbx
  artifactKey: Guid(47f81c0dc3423484cb11c469c1e6104b) Importer(2089858483,0ecaa5967403d082aa24f35e1b516d23)
Start importing Assets/ModernSupermarket/Models/Props/Products/Decoration_q1fmhj/Decoration_q1fmhj.fbx using Guid(47f81c0dc3423484cb11c469c1e6104b) Importer(2089858483,0ecaa5967403d082aa24f35e1b516d23) [PhysX] Initialized MultithreadedTaskDispatcher with 16 workers.
 -> (artifact id: 'e98c06231989811f01641528a75f2dfd') in 0.020831 seconds
Number of updated asset objects reloaded before import = 0
Number of asset objects unloaded after import = 19
========================================================================
Received Import Request.
  Time since last request: 0.000023 seconds.
  path: Assets/ModernSupermarket/Models/Furniture/Sign_04h2fw/Textures/Sign_04h2fw_Decoration_a.png
  artifactKey: Guid(c048aff0be3583a4db97944040e42346) Importer(2089858483,0ecaa5967403d082aa24f35e1b516d23)
Start importing Assets/ModernSupermarket/Models/Furniture/Sign_04h2fw/Textures/Sign_04h2fw_Decoration_a.png using Guid(c048aff0be3583a4db97944040e42346) Importer(2089858483,0ecaa5967403d082aa24f35e1b516d23) [PhysX] Initialized MultithreadedTaskDispatcher with 16 workers.
 -> (artifact id: '359eb2217cd4cb794fb3c5174c6ee4f3') in 0.015836 seconds
Number of updated asset objects reloaded before import = 0
Number of asset objects unloaded after import = 1
========================================================================
Received Import Request.
  Time since last request: 0.000018 seconds.
  path: Assets/ModernSupermarket/Models/Props/Products/Capsule_rk7lsf/Capsule_rk7lsf_Pack01.fbx
  artifactKey: Guid(2c2b9dbf66220a24d8f627b831bd88d1) Importer(2089858483,0ecaa5967403d082aa24f35e1b516d23)
Start importing Assets/ModernSupermarket/Models/Props/Products/Capsule_rk7lsf/Capsule_rk7lsf_Pack01.fbx using Guid(2c2b9dbf66220a24d8f627b831bd88d1) Importer(2089858483,0ecaa5967403d082aa24f35e1b516d23) [PhysX] Initialized MultithreadedTaskDispatcher with 16 workers.
 -> (artifact id: '8ee9688c95c81f1b4ad7d84fb4189c1c') in 0.016662 seconds
Number of updated asset objects reloaded before import = 0
Number of asset objects unloaded after import = 7
========================================================================
Received Import Request.
  Time since last request: 0.000018 seconds.
  path: Assets/ModernSupermarket/Models/Furniture/HeritageStall_0hvi4w/Textures/HeritageStall_0hvi4w_n.png
  artifactKey: Guid(14f30612ab395ef4d9df0a0015c0bc16) Importer(2089858483,0ecaa5967403d082aa24f35e1b516d23)
Start importing Assets/ModernSupermarket/Models/Furniture/HeritageStall_0hvi4w/Textures/HeritageStall_0hvi4w_n.png using Guid(14f30612ab395ef4d9df0a0015c0bc16) Importer(2089858483,0ecaa5967403d082aa24f35e1b516d23) [PhysX] Initialized MultithreadedTaskDispatcher with 16 workers.
 -> (artifact id: '6433a4dbbd76761eec4a0753258c6d5a') in 0.023678 seconds
Number of updated asset objects reloaded before import = 0
Number of asset objects unloaded after import = 1
========================================================================
Received Import Request.
  Time since last request: 0.000023 seconds.
  path: Assets/ModernSupermarket/Models/Props/Products/MilkBrick_e8foxc/MilkBrick_e8foxc_Pack01.fbx
  artifactKey: Guid(f3fcc5bb972f681499e53ae50457c0d9) Importer(2089858483,0ecaa5967403d082aa24f35e1b516d23)
Start importing Assets/ModernSupermarket/Models/Props/Products/MilkBrick_e8foxc/MilkBrick_e8foxc_Pack01.fbx using Guid(f3fcc5bb972f681499e53ae50457c0d9) Importer(2089858483,0ecaa5967403d082aa24f35e1b516d23) [PhysX] Initialized MultithreadedTaskDispatcher with 16 workers.
 -> (artifact id: '38b8970a5e696f2c14c90474aa0c908f') in 0.017627 seconds
Number of updated asset objects reloaded before import = 0
Number of asset objects unloaded after import = 7
========================================================================
Received Import Request.
  Time since last request: 0.000020 seconds.
  path: Assets/TextMesh Pro/Examples & Extras/Resources/Fonts & Materials/Anton SDF - Sunny Days.mat
  artifactKey: Guid(6522f30e342599e4e9dd4cc2cc03c830) Importer(2089858483,0ecaa5967403d082aa24f35e1b516d23)
Start importing Assets/TextMesh Pro/Examples & Extras/Resources/Fonts & Materials/Anton SDF - Sunny Days.mat using Guid(6522f30e342599e4e9dd4cc2cc03c830) Importer(2089858483,0ecaa5967403d082aa24f35e1b516d23) [PhysX] Initialized MultithreadedTaskDispatcher with 16 workers.
 -> (artifact id: '0da39c1a826225256df6df53903decef') in 0.013550 seconds
Number of updated asset objects reloaded before import = 0
Number of asset objects unloaded after import = 4
========================================================================
Received Import Request.
  Time since last request: 0.000020 seconds.
  path: Assets/ModernSupermarket/Models/Props/Products/Ham_wplnxm/Ham_wplnxm.fbx
  artifactKey: Guid(a7413700d8597ba408d62df027d19e64) Importer(2089858483,0ecaa5967403d082aa24f35e1b516d23)
Start importing Assets/ModernSupermarket/Models/Props/Products/Ham_wplnxm/Ham_wplnxm.fbx using Guid(a7413700d8597ba408d62df027d19e64) Importer(2089858483,0ecaa5967403d082aa24f35e1b516d23) [PhysX] Initialized MultithreadedTaskDispatcher with 16 workers.
 -> (artifact id: 'd25ae422ee456efd9ff2fae8703b1c72') in 0.017913 seconds
Number of updated asset objects reloaded before import = 0
Number of asset objects unloaded after import = 7
========================================================================
Received Import Request.
  Time since last request: 0.000021 seconds.
  path: Assets/ModernSupermarket/Models/Props/Produce/Clementine_7okhg9/Clementine_7okhg9.fbx
  artifactKey: Guid(fef32c5a71b08ed42b5402ba7299df10) Importer(2089858483,0ecaa5967403d082aa24f35e1b516d23)
Start importing Assets/ModernSupermarket/Models/Props/Produce/Clementine_7okhg9/Clementine_7okhg9.fbx using Guid(fef32c5a71b08ed42b5402ba7299df10) Importer(2089858483,0ecaa5967403d082aa24f35e1b516d23) [PhysX] Initialized MultithreadedTaskDispatcher with 16 workers.
 -> (artifact id: 'f7b3388e54a54130e5bbcc4664d13a6a') in 0.016442 seconds
Number of updated asset objects reloaded before import = 0
Number of asset objects unloaded after import = 7
========================================================================
Received Import Request.
  Time since last request: 0.000017 seconds.
  path: Assets/ModernSupermarket/Models/Props/Products/Cheese_dx1ygk/Cheese_dx1ygk_Pack01.fbx
  artifactKey: Guid(a0e6322cee040874590957e4f752e5ec) Importer(2089858483,0ecaa5967403d082aa24f35e1b516d23)
Start importing Assets/ModernSupermarket/Models/Props/Products/Cheese_dx1ygk/Cheese_dx1ygk_Pack01.fbx using Guid(a0e6322cee040874590957e4f752e5ec) Importer(2089858483,0ecaa5967403d082aa24f35e1b516d23) [PhysX] Initialized MultithreadedTaskDispatcher with 16 workers.
 -> (artifact id: '21fa215f9f1063c62fd98ed21763b12a') in 0.018322 seconds
Number of updated asset objects reloaded before import = 0
Number of asset objects unloaded after import = 7
========================================================================
Received Import Request.
  Time since last request: 0.000019 seconds.
  path: Assets/ModernSupermarket/Models/Furniture/Table_8sjjys/Textures/Table_8sjjys_o.png
  artifactKey: Guid(293bf558c7bc3134ba2414d4c6353151) Importer(2089858483,0ecaa5967403d082aa24f35e1b516d23)
Start importing Assets/ModernSupermarket/Models/Furniture/Table_8sjjys/Textures/Table_8sjjys_o.png using Guid(293bf558c7bc3134ba2414d4c6353151) Importer(2089858483,0ecaa5967403d082aa24f35e1b516d23) [PhysX] Initialized MultithreadedTaskDispatcher with 16 workers.
 -> (artifact id: '3b845d2329d9ae3357b20cd2d8bd64f4') in 0.019058 seconds
Number of updated asset objects reloaded before import = 0
Number of asset objects unloaded after import = 1
========================================================================
Received Import Request.
  Time since last request: 0.000020 seconds.
  path: Assets/ModernSupermarket/Models/Furniture/Table_x90owh/Textures/Table_x90owh_n.png
  artifactKey: Guid(a4cac99899bb9b8479ff279c25b9b040) Importer(2089858483,0ecaa5967403d082aa24f35e1b516d23)
Start importing Assets/ModernSupermarket/Models/Furniture/Table_x90owh/Textures/Table_x90owh_n.png using Guid(a4cac99899bb9b8479ff279c25b9b040) Importer(2089858483,0ecaa5967403d082aa24f35e1b516d23) [PhysX] Initialized MultithreadedTaskDispatcher with 16 workers.
 -> (artifact id: '36ad2ed3920266c8c8f0b669895e2b83') in 0.025591 seconds
Number of updated asset objects reloaded before import = 0
Number of asset objects unloaded after import = 1
========================================================================
Received Import Request.
  Time since last request: 0.000060 seconds.
  path: Assets/ModernSupermarket/Models/Furniture/Stall_94wthk/Textures/Stall_94wthk_a.png
  artifactKey: Guid(216f2529a8139384ebe619e1872faa49) Importer(2089858483,0ecaa5967403d082aa24f35e1b516d23)
Start importing Assets/ModernSupermarket/Models/Furniture/Stall_94wthk/Textures/Stall_94wthk_a.png using Guid(216f2529a8139384ebe619e1872faa49) Importer(2089858483,0ecaa5967403d082aa24f35e1b516d23) [PhysX] Initialized MultithreadedTaskDispatcher with 16 workers.
 -> (artifact id: '1f375c95a7641e80d10f1a0f103cb64f') in 0.021791 seconds
Number of updated asset objects reloaded before import = 0
Number of asset objects unloaded after import = 1
========================================================================
Received Import Request.
  Time since last request: 0.000021 seconds.
  path: Assets/ModernSupermarket/Models/Props/Produce/Watermelon_z0o9y3/Watermelon_z0o9y3.fbx
  artifactKey: Guid(f0f51b80115b1784bb4dcb310eacb9a9) Importer(2089858483,0ecaa5967403d082aa24f35e1b516d23)
Start importing Assets/ModernSupermarket/Models/Props/Produce/Watermelon_z0o9y3/Watermelon_z0o9y3.fbx using Guid(f0f51b80115b1784bb4dcb310eacb9a9) Importer(2089858483,0ecaa5967403d082aa24f35e1b516d23) [PhysX] Initialized MultithreadedTaskDispatcher with 16 workers.
 -> (artifact id: '4db8464a207bf55c2a273c047909af8f') in 0.021314 seconds
Number of updated asset objects reloaded before import = 0
Number of asset objects unloaded after import = 7
========================================================================
Received Import Request.
  Time since last request: 0.000016 seconds.
  path: Assets/ModernSupermarket/Models/Props/Products/Cheese_bn26cq/Cheese_bn26cq_Pack01.fbx
  artifactKey: Guid(05c792555b6b1c441aa7ad8793ff7801) Importer(2089858483,0ecaa5967403d082aa24f35e1b516d23)
Start importing Assets/ModernSupermarket/Models/Props/Products/Cheese_bn26cq/Cheese_bn26cq_Pack01.fbx using Guid(05c792555b6b1c441aa7ad8793ff7801) Importer(2089858483,0ecaa5967403d082aa24f35e1b516d23) [PhysX] Initialized MultithreadedTaskDispatcher with 16 workers.
 -> (artifact id: '1020e0b748c7162e7cfd350bf87de7e4') in 0.022540 seconds
Number of updated asset objects reloaded before import = 0
Number of asset objects unloaded after import = 7
========================================================================
Received Import Request.
  Time since last request: 0.000020 seconds.
  path: Assets/ModernSupermarket/Models/Props/Produce/Artichoke_fdde0u/Artichoke_fdde0u_Pack01.fbx
  artifactKey: Guid(17885e206510d0b49993af90c16b0093) Importer(2089858483,0ecaa5967403d082aa24f35e1b516d23)
Start importing Assets/ModernSupermarket/Models/Props/Produce/Artichoke_fdde0u/Artichoke_fdde0u_Pack01.fbx using Guid(17885e206510d0b49993af90c16b0093) Importer(2089858483,0ecaa5967403d082aa24f35e1b516d23) [PhysX] Initialized MultithreadedTaskDispatcher with 16 workers.
 -> (artifact id: '1ecf220fbcb5387e589928930314259f') in 0.022687 seconds
Number of updated asset objects reloaded before import = 0
Number of asset objects unloaded after import = 7
========================================================================
Received Import Request.
  Time since last request: 0.000024 seconds.
  path: Assets/ModernSupermarket/Models/Furniture/Checkout_gueqmj/Textures/Checkout_gueqmj_mask.png
  artifactKey: Guid(8239f42a2471d0242957676998d19c9f) Importer(2089858483,0ecaa5967403d082aa24f35e1b516d23)
Start importing Assets/ModernSupermarket/Models/Furniture/Checkout_gueqmj/Textures/Checkout_gueqmj_mask.png using Guid(8239f42a2471d0242957676998d19c9f) Importer(2089858483,0ecaa5967403d082aa24f35e1b516d23) [PhysX] Initialized MultithreadedTaskDispatcher with 16 workers.
 -> (artifact id: '94a7ce054c5973811d994d1825510385') in 0.022134 seconds
Number of updated asset objects reloaded before import = 0
Number of asset objects unloaded after import = 1
========================================================================
Received Import Request.
  Time since last request: 0.000021 seconds.
  path: Assets/ModernSupermarket/Models/Props/Products/Cereal_me9j99/Cereals_me9j99_Pack01.fbx
  artifactKey: Guid(3fbcbebdf765bfd4da6eeebb21a2a86d) Importer(2089858483,0ecaa5967403d082aa24f35e1b516d23)
Start importing Assets/ModernSupermarket/Models/Props/Products/Cereal_me9j99/Cereals_me9j99_Pack01.fbx using Guid(3fbcbebdf765bfd4da6eeebb21a2a86d) Importer(2089858483,0ecaa5967403d082aa24f35e1b516d23) [PhysX] Initialized MultithreadedTaskDispatcher with 16 workers.
 -> (artifact id: 'a40198333552c3259e0e24e5bcb082bd') in 0.016845 seconds
Number of updated asset objects reloaded before import = 0
Number of asset objects unloaded after import = 7
========================================================================
Received Import Request.
  Time since last request: 0.000023 seconds.
  path: Assets/TextMesh Pro/Examples & Extras/Resources/Fonts & Materials/Bangers SDF.asset
  artifactKey: Guid(125cb55b44b24c4393181402bc6200e6) Importer(2089858483,0ecaa5967403d082aa24f35e1b516d23)
Start importing Assets/TextMesh Pro/Examples & Extras/Resources/Fonts & Materials/Bangers SDF.asset using Guid(125cb55b44b24c4393181402bc6200e6) Importer(2089858483,0ecaa5967403d082aa24f35e1b516d23) [PhysX] Initialized MultithreadedTaskDispatcher with 16 workers.
 -> (artifact id: '1354e533688ad8b7275bf8331b4e4a09') in 0.026135 seconds
Number of updated asset objects reloaded before import = 0
Number of asset objects unloaded after import = 5
========================================================================
Received Import Request.
  Time since last request: 0.000020 seconds.
  path: Assets/ModernSupermarket/Models/Props/Produce/Banana_zjs4oz/Banana_zjs4oz_Pack01.fbx
  artifactKey: Guid(f8401068e838d89459b477c07d663e08) Importer(2089858483,0ecaa5967403d082aa24f35e1b516d23)
Start importing Assets/ModernSupermarket/Models/Props/Produce/Banana_zjs4oz/Banana_zjs4oz_Pack01.fbx using Guid(f8401068e838d89459b477c07d663e08) Importer(2089858483,0ecaa5967403d082aa24f35e1b516d23) [PhysX] Initialized MultithreadedTaskDispatcher with 16 workers.
 -> (artifact id: '40956eb028714a2050c74fd84c597325') in 0.021675 seconds
Number of updated asset objects reloaded before import = 0
Number of asset objects unloaded after import = 7
========================================================================
Received Import Request.
  Time since last request: 0.000020 seconds.
  path: Assets/ModernSupermarket/Models/Props/Products/MashPotatoe_3n44xc/MashPotatoe_3n44xc.fbx
  artifactKey: Guid(d54e9d76fadf4d6438dd7b4e3986d499) Importer(2089858483,0ecaa5967403d082aa24f35e1b516d23)
Start importing Assets/ModernSupermarket/Models/Props/Products/MashPotatoe_3n44xc/MashPotatoe_3n44xc.fbx using Guid(d54e9d76fadf4d6438dd7b4e3986d499) Importer(2089858483,0ecaa5967403d082aa24f35e1b516d23) [PhysX] Initialized MultithreadedTaskDispatcher with 16 workers.
 -> (artifact id: '0a138167be25d2ef327d463b491a8e31') in 0.022408 seconds
Number of updated asset objects reloaded before import = 0
Number of asset objects unloaded after import = 7
========================================================================
Received Import Request.
  Time since last request: 0.000024 seconds.
  path: Assets/ModernSupermarket/Models/Props/Products/Alcohol_eoojba/Alcohol_eoojba.fbx
  artifactKey: Guid(6104b6c3709f5534cabee688c0f1db37) Importer(2089858483,0ecaa5967403d082aa24f35e1b516d23)
Start importing Assets/ModernSupermarket/Models/Props/Products/Alcohol_eoojba/Alcohol_eoojba.fbx using Guid(6104b6c3709f5534cabee688c0f1db37) Importer(2089858483,0ecaa5967403d082aa24f35e1b516d23) [PhysX] Initialized MultithreadedTaskDispatcher with 16 workers.
 -> (artifact id: 'a9e5e5387f00943110e30cfe1d9f881c') in 0.019456 seconds
Number of updated asset objects reloaded before import = 0
Number of asset objects unloaded after import = 7
========================================================================
Received Import Request.
  Time since last request: 0.000025 seconds.
  path: Assets/ModernSupermarket/Models/Furniture/Sign_04h2fw/Textures/Sign_04h2fw_m.png
  artifactKey: Guid(1c7de249f6bc60b49a620030be12c29a) Importer(2089858483,0ecaa5967403d082aa24f35e1b516d23)
Start importing Assets/ModernSupermarket/Models/Furniture/Sign_04h2fw/Textures/Sign_04h2fw_m.png using Guid(1c7de249f6bc60b49a620030be12c29a) Importer(2089858483,0ecaa5967403d082aa24f35e1b516d23) [PhysX] Initialized MultithreadedTaskDispatcher with 16 workers.
 -> (artifact id: '848cc94d3e87d8035d01c62425d2f3bc') in 0.020079 seconds
Number of updated asset objects reloaded before import = 0
Number of asset objects unloaded after import = 1
========================================================================
Received Import Request.
  Time since last request: 0.000029 seconds.
  path: Assets/ModernSupermarket/Models/Furniture/HeritageStall_0hvi4w/Textures/HeritageStall_0hvi4wVar01_o.png
  artifactKey: Guid(ecc0b1934261d054db46512d96315d46) Importer(2089858483,0ecaa5967403d082aa24f35e1b516d23)
Start importing Assets/ModernSupermarket/Models/Furniture/HeritageStall_0hvi4w/Textures/HeritageStall_0hvi4wVar01_o.png using Guid(ecc0b1934261d054db46512d96315d46) Importer(2089858483,0ecaa5967403d082aa24f35e1b516d23) [PhysX] Initialized MultithreadedTaskDispatcher with 16 workers.
 -> (artifact id: '2325f9d6b17d451b9ccb3ef96d6a2646') in 0.022370 seconds
Number of updated asset objects reloaded before import = 0
Number of asset objects unloaded after import = 1
========================================================================
Received Import Request.
  Time since last request: 0.000017 seconds.
  path: Assets/ModernSupermarket/Models/Furniture/Shelf_6h7vop/Textures/Shelf_6h7vop_a.png
  artifactKey: Guid(c9a76d545001d9445bea5d4300b4823a) Importer(2089858483,0ecaa5967403d082aa24f35e1b516d23)
Start importing Assets/ModernSupermarket/Models/Furniture/Shelf_6h7vop/Textures/Shelf_6h7vop_a.png using Guid(c9a76d545001d9445bea5d4300b4823a) Importer(2089858483,0ecaa5967403d082aa24f35e1b516d23) [PhysX] Initialized MultithreadedTaskDispatcher with 16 workers.
 -> (artifact id: '4680a43d55d057b5c4237d6470e45cf1') in 0.024262 seconds
Number of updated asset objects reloaded before import = 0
Number of asset objects unloaded after import = 1
========================================================================
Received Import Request.
  Time since last request: 0.000024 seconds.
  path: Assets/ModernSupermarket/Models/Props/Products/Beer_lryra7/Beer_lryra7.fbx
  artifactKey: Guid(a4c4de044a3b8be4cbcda3f7df9896ca) Importer(2089858483,0ecaa5967403d082aa24f35e1b516d23)
Start importing Assets/ModernSupermarket/Models/Props/Products/Beer_lryra7/Beer_lryra7.fbx using Guid(a4c4de044a3b8be4cbcda3f7df9896ca) Importer(2089858483,0ecaa5967403d082aa24f35e1b516d23) [PhysX] Initialized MultithreadedTaskDispatcher with 16 workers.
 -> (artifact id: '31b2bfbc4a6fb38f4a877bdbb25af2ba') in 0.017912 seconds
Number of updated asset objects reloaded before import = 0
Number of asset objects unloaded after import = 7
========================================================================
Received Import Request.
  Time since last request: 0.000024 seconds.
  path: Assets/ModernSupermarket/Models/Props/Products/Chicken_ozj6pn/Chicken_ozj6pn.fbx
  artifactKey: Guid(271667aaaefb2844f92c350a7e47a105) Importer(2089858483,0ecaa5967403d082aa24f35e1b516d23)
Start importing Assets/ModernSupermarket/Models/Props/Products/Chicken_ozj6pn/Chicken_ozj6pn.fbx using Guid(271667aaaefb2844f92c350a7e47a105) Importer(2089858483,0ecaa5967403d082aa24f35e1b516d23) [PhysX] Initialized MultithreadedTaskDispatcher with 16 workers.
 -> (artifact id: 'e7bcbd812854b4ba8d391e15e9e3efaa') in 0.018502 seconds
Number of updated asset objects reloaded before import = 0
Number of asset objects unloaded after import = 7
========================================================================
Received Import Request.
  Time since last request: 0.000023 seconds.
  path: Assets/ModernSupermarket/Models/Furniture/Door_c5bu08/Textures/Door_c5bu08_m.png
  artifactKey: Guid(93a41a0accf9247459aac420bcb8b42b) Importer(2089858483,0ecaa5967403d082aa24f35e1b516d23)
Start importing Assets/ModernSupermarket/Models/Furniture/Door_c5bu08/Textures/Door_c5bu08_m.png using Guid(93a41a0accf9247459aac420bcb8b42b) Importer(2089858483,0ecaa5967403d082aa24f35e1b516d23) [PhysX] Initialized MultithreadedTaskDispatcher with 16 workers.
 -> (artifact id: '9aedb08013a779d36ecf4fd80896bf74') in 0.025089 seconds
Number of updated asset objects reloaded before import = 0
Number of asset objects unloaded after import = 1
========================================================================
Received Import Request.
  Time since last request: 0.000022 seconds.
  path: Assets/ModernSupermarket/Models/Props/Products/MeatTray_fbw8xf/MeatTray_fbw8xf_Pack01.fbx
  artifactKey: Guid(155d452cbb1fb474799dc9b05d27c123) Importer(2089858483,0ecaa5967403d082aa24f35e1b516d23)
Start importing Assets/ModernSupermarket/Models/Props/Products/MeatTray_fbw8xf/MeatTray_fbw8xf_Pack01.fbx using Guid(155d452cbb1fb474799dc9b05d27c123) Importer(2089858483,0ecaa5967403d082aa24f35e1b516d23) [PhysX] Initialized MultithreadedTaskDispatcher with 16 workers.
 -> (artifact id: 'a37d8b7e9615696395a7df24855d2528') in 0.021060 seconds
Number of updated asset objects reloaded before import = 0
Number of asset objects unloaded after import = 7
========================================================================
Received Import Request.
  Time since last request: 0.000022 seconds.
  path: Assets/ModernSupermarket/Models/Props/Products/Butter_5ttny6/Butter_5ttny6.fbx
  artifactKey: Guid(d46253bee40317946be4003c114638c7) Importer(2089858483,0ecaa5967403d082aa24f35e1b516d23)
Start importing Assets/ModernSupermarket/Models/Props/Products/Butter_5ttny6/Butter_5ttny6.fbx using Guid(d46253bee40317946be4003c114638c7) Importer(2089858483,0ecaa5967403d082aa24f35e1b516d23) [PhysX] Initialized MultithreadedTaskDispatcher with 16 workers.
 -> (artifact id: 'c70a7bc123ddd0849cbe65b85f34866c') in 0.018525 seconds
Number of updated asset objects reloaded before import = 0
Number of asset objects unloaded after import = 7
========================================================================
Received Import Request.
  Time since last request: 0.000024 seconds.
  path: Assets/ModernSupermarket/Models/Props/Produce/Onion_mut7xz/Onion_mut7xz_Pack01.fbx
  artifactKey: Guid(fecf5ad7bae441a4090f47d332afacd6) Importer(2089858483,0ecaa5967403d082aa24f35e1b516d23)
Start importing Assets/ModernSupermarket/Models/Props/Produce/Onion_mut7xz/Onion_mut7xz_Pack01.fbx using Guid(fecf5ad7bae441a4090f47d332afacd6) Importer(2089858483,0ecaa5967403d082aa24f35e1b516d23) [PhysX] Initialized MultithreadedTaskDispatcher with 16 workers.
 -> (artifact id: 'bcc991716329e1806925c6bdf56e22f3') in 0.019448 seconds
Number of updated asset objects reloaded before import = 0
Number of asset objects unloaded after import = 7
========================================================================
Received Import Request.
  Time since last request: 0.000029 seconds.
  path: Assets/ModernSupermarket/Models/Props/Products/Alcohol_tqkp8c/Alcohol_tqkp8c.fbx
  artifactKey: Guid(c45fe0fa5531e884eaf45640b8740e73) Importer(2089858483,0ecaa5967403d082aa24f35e1b516d23)
Start importing Assets/ModernSupermarket/Models/Props/Products/Alcohol_tqkp8c/Alcohol_tqkp8c.fbx using Guid(c45fe0fa5531e884eaf45640b8740e73) Importer(2089858483,0ecaa5967403d082aa24f35e1b516d23) [PhysX] Initialized MultithreadedTaskDispatcher with 16 workers.
 -> (artifact id: '4204f7aae0690c1c8323f31172522eb7') in 0.016234 seconds
Number of updated asset objects reloaded before import = 0
Number of asset objects unloaded after import = 7
========================================================================
Received Import Request.
  Time since last request: 0.000019 seconds.
  path: Assets/ModernSupermarket/Models/Props/Products/EggBox8x_2zgq4h/EggBox8x_2zgq4h.fbx
  artifactKey: Guid(b108f1db29153a549b899324c3374fae) Importer(2089858483,0ecaa5967403d082aa24f35e1b516d23)
Start importing Assets/ModernSupermarket/Models/Props/Products/EggBox8x_2zgq4h/EggBox8x_2zgq4h.fbx using Guid(b108f1db29153a549b899324c3374fae) Importer(2089858483,0ecaa5967403d082aa24f35e1b516d23) [PhysX] Initialized MultithreadedTaskDispatcher with 16 workers.
 -> (artifact id: '4176c3f3ea961b9e266a988180aa925c') in 0.018639 seconds
Number of updated asset objects reloaded before import = 0
Number of asset objects unloaded after import = 7
========================================================================
Received Import Request.
  Time since last request: 0.000027 seconds.
  path: Assets/ModernSupermarket/Models/Props/Produce/Artichoke_fdde0u/Artichoke_fdde0u.fbx
  artifactKey: Guid(c5cf24414e9ed9944afbafce14f24b36) Importer(2089858483,0ecaa5967403d082aa24f35e1b516d23)
Start importing Assets/ModernSupermarket/Models/Props/Produce/Artichoke_fdde0u/Artichoke_fdde0u.fbx using Guid(c5cf24414e9ed9944afbafce14f24b36) Importer(2089858483,0ecaa5967403d082aa24f35e1b516d23) [PhysX] Initialized MultithreadedTaskDispatcher with 16 workers.
 -> (artifact id: '482e4bc6c384826c0009404d8918e6db') in 0.018063 seconds
Number of updated asset objects reloaded before import = 0
Number of asset objects unloaded after import = 7
========================================================================
Received Import Request.
  Time since last request: 0.000030 seconds.
  path: Assets/ModernSupermarket/Models/Props/Products/BeerKeg_byk96e/BeerKeg_byk96e.fbx
  artifactKey: Guid(3f60e8dfe9073b54095a61d1acd35561) Importer(2089858483,0ecaa5967403d082aa24f35e1b516d23)
Start importing Assets/ModernSupermarket/Models/Props/Products/BeerKeg_byk96e/BeerKeg_byk96e.fbx using Guid(3f60e8dfe9073b54095a61d1acd35561) Importer(2089858483,0ecaa5967403d082aa24f35e1b516d23) [PhysX] Initialized MultithreadedTaskDispatcher with 16 workers.
 -> (artifact id: '2e7ff89b5bf1621c42329f916e797a2c') in 0.042785 seconds
Number of updated asset objects reloaded before import = 0
Number of asset objects unloaded after import = 9
========================================================================
Received Import Request.
  Time since last request: 0.000025 seconds.
  path: Assets/ModernSupermarket/Models/Props/Products/Books_bpxngl/Books_bpxngl.fbx
  artifactKey: Guid(7b42ba0e6e0cd734f89521146da796e1) Importer(2089858483,0ecaa5967403d082aa24f35e1b516d23)
Start importing Assets/ModernSupermarket/Models/Props/Products/Books_bpxngl/Books_bpxngl.fbx using Guid(7b42ba0e6e0cd734f89521146da796e1) Importer(2089858483,0ecaa5967403d082aa24f35e1b516d23) [PhysX] Initialized MultithreadedTaskDispatcher with 16 workers.
 -> (artifact id: '77e226033e37c2ac6993fb4ec6cfeff7') in 0.031482 seconds
Number of updated asset objects reloaded before import = 0
Number of asset objects unloaded after import = 64
========================================================================
Received Import Request.
  Time since last request: 0.000018 seconds.
  path: Assets/ModernSupermarket/Models/Furniture/Fridge_4ttiif/Textures/Fridge_4ttiif_r.png
  artifactKey: Guid(abe34480a05bccf45b9143dc809910cb) Importer(2089858483,0ecaa5967403d082aa24f35e1b516d23)
Start importing Assets/ModernSupermarket/Models/Furniture/Fridge_4ttiif/Textures/Fridge_4ttiif_r.png using Guid(abe34480a05bccf45b9143dc809910cb) Importer(2089858483,0ecaa5967403d082aa24f35e1b516d23) [PhysX] Initialized MultithreadedTaskDispatcher with 16 workers.
 -> (artifact id: '6fbe280f23e083e656a460ba60cd5b68') in 0.018934 seconds
Number of updated asset objects reloaded before import = 0
Number of asset objects unloaded after import = 1
========================================================================
Received Import Request.
  Time since last request: 0.000019 seconds.
  path: Assets/ModernSupermarket/Models/Props/Products/Alcohol_ao62w4/Alcohol_ao62w_Pack01.fbx
  artifactKey: Guid(f3b1af0a11135ad469faeb91b1cebcc5) Importer(2089858483,0ecaa5967403d082aa24f35e1b516d23)
Start importing Assets/ModernSupermarket/Models/Props/Products/Alcohol_ao62w4/Alcohol_ao62w_Pack01.fbx using Guid(f3b1af0a11135ad469faeb91b1cebcc5) Importer(2089858483,0ecaa5967403d082aa24f35e1b516d23) [PhysX] Initialized MultithreadedTaskDispatcher with 16 workers.
 -> (artifact id: '6cf04a63171822371b643c1512bf7af7') in 0.019630 seconds
Number of updated asset objects reloaded before import = 0
Number of asset objects unloaded after import = 7
========================================================================
Received Import Request.
  Time since last request: 0.000021 seconds.
  path: Assets/ModernSupermarket/Models/Props/Products/Alcohol_tqkp8c/Alcohol_tqkp8c_Pack01.fbx
  artifactKey: Guid(dc61b3341e6b7a54cba431c3ae3da928) Importer(2089858483,0ecaa5967403d082aa24f35e1b516d23)
Start importing Assets/ModernSupermarket/Models/Props/Products/Alcohol_tqkp8c/Alcohol_tqkp8c_Pack01.fbx using Guid(dc61b3341e6b7a54cba431c3ae3da928) Importer(2089858483,0ecaa5967403d082aa24f35e1b516d23) [PhysX] Initialized MultithreadedTaskDispatcher with 16 workers.
 -> (artifact id: '863cf9f3c6b710b33624fe9929e29d7d') in 0.017537 seconds
Number of updated asset objects reloaded before import = 0
Number of asset objects unloaded after import = 7
========================================================================
Received Import Request.
  Time since last request: 0.000019 seconds.
  path: Assets/ModernSupermarket/Models/Architecture/Textures/Materials/Vents.mat
  artifactKey: Guid(fdda9a8433678d6478692d5a1ccbdb09) Importer(2089858483,0ecaa5967403d082aa24f35e1b516d23)
Start importing Assets/ModernSupermarket/Models/Architecture/Textures/Materials/Vents.mat using Guid(fdda9a8433678d6478692d5a1ccbdb09) Importer(2089858483,0ecaa5967403d082aa24f35e1b516d23) [PhysX] Initialized MultithreadedTaskDispatcher with 16 workers.
 -> (artifact id: 'a098bc0ee16f34c569b5971c6e3358a5') in 0.037203 seconds
Number of updated asset objects reloaded before import = 0
Number of asset objects unloaded after import = 5
========================================================================
Received Import Request.
  Time since last request: 0.000018 seconds.
  path: Assets/ModernSupermarket/Models/Props/Produce/Melon_h6xrq4/Melon_h6xrq4_Pack01.fbx
  artifactKey: Guid(67913ce3b2cae5044a10118ca9a5b116) Importer(2089858483,0ecaa5967403d082aa24f35e1b516d23)
Start importing Assets/ModernSupermarket/Models/Props/Produce/Melon_h6xrq4/Melon_h6xrq4_Pack01.fbx using Guid(67913ce3b2cae5044a10118ca9a5b116) Importer(2089858483,0ecaa5967403d082aa24f35e1b516d23) [PhysX] Initialized MultithreadedTaskDispatcher with 16 workers.
 -> (artifact id: '8da82ced72af4354e11d7122449d6423') in 0.020254 seconds
Number of updated asset objects reloaded before import = 0
Number of asset objects unloaded after import = 7
========================================================================
Received Import Request.
  Time since last request: 0.000024 seconds.
  path: Assets/ModernSupermarket/Models/Props/Products/BeerKeg_byk96e/BeerKeg_byk96e_Pack01.fbx
  artifactKey: Guid(85b0674f64202e34e9d2065d5f37ed04) Importer(2089858483,0ecaa5967403d082aa24f35e1b516d23)
Start importing Assets/ModernSupermarket/Models/Props/Products/BeerKeg_byk96e/BeerKeg_byk96e_Pack01.fbx using Guid(85b0674f64202e34e9d2065d5f37ed04) Importer(2089858483,0ecaa5967403d082aa24f35e1b516d23) [PhysX] Initialized MultithreadedTaskDispatcher with 16 workers.
 -> (artifact id: '4c2ea95be76e048b28eef0fa179e31fe') in 0.017893 seconds
Number of updated asset objects reloaded before import = 0
Number of asset objects unloaded after import = 7
========================================================================
Received Import Request.
  Time since last request: 0.000018 seconds.
  path: Assets/ModernSupermarket/Models/Furniture/Fridge_4ttiif/Textures/Fridge_4ttiif_o.png
  artifactKey: Guid(b4b8e95293173c7498dc5345b3ad1ed7) Importer(2089858483,0ecaa5967403d082aa24f35e1b516d23)
Start importing Assets/ModernSupermarket/Models/Furniture/Fridge_4ttiif/Textures/Fridge_4ttiif_o.png using Guid(b4b8e95293173c7498dc5345b3ad1ed7) Importer(2089858483,0ecaa5967403d082aa24f35e1b516d23) [PhysX] Initialized MultithreadedTaskDispatcher with 16 workers.
 -> (artifact id: '3d80c213ad64fbb56004dd4c010ee182') in 0.018863 seconds
Number of updated asset objects reloaded before import = 0
Number of asset objects unloaded after import = 1
========================================================================
Received Import Request.
  Time since last request: 0.000027 seconds.
  path: Assets/ModernSupermarket/Models/Furniture/Table_8sjjys/Textures/Table_8sjjys_a.png
  artifactKey: Guid(3573eb3bd5d00b144aba042f56287410) Importer(2089858483,0ecaa5967403d082aa24f35e1b516d23)
Start importing Assets/ModernSupermarket/Models/Furniture/Table_8sjjys/Textures/Table_8sjjys_a.png using Guid(3573eb3bd5d00b144aba042f56287410) Importer(2089858483,0ecaa5967403d082aa24f35e1b516d23) [PhysX] Initialized MultithreadedTaskDispatcher with 16 workers.
 -> (artifact id: 'cf2e35ebe68796fdad99e9d17eb8da22') in 0.022954 seconds
Number of updated asset objects reloaded before import = 0
Number of asset objects unloaded after import = 1
========================================================================
Received Import Request.
  Time since last request: 0.000017 seconds.
  path: Assets/ModernSupermarket/Models/Furniture/Neon_dwd6wi/textures/Neon_dwd6wi_o.png
  artifactKey: Guid(04ea6a579ac34ce45ab36ae66cf8e15a) Importer(2089858483,0ecaa5967403d082aa24f35e1b516d23)
Start importing Assets/ModernSupermarket/Models/Furniture/Neon_dwd6wi/textures/Neon_dwd6wi_o.png using Guid(04ea6a579ac34ce45ab36ae66cf8e15a) Importer(2089858483,0ecaa5967403d082aa24f35e1b516d23) [PhysX] Initialized MultithreadedTaskDispatcher with 16 workers.
 -> (artifact id: 'ef0894d49c5c2984ba4f788a9f16717e') in 0.020076 seconds
Number of updated asset objects reloaded before import = 0
Number of asset objects unloaded after import = 1
========================================================================
Received Import Request.
  Time since last request: 0.000035 seconds.
  path: Assets/ModernSupermarket/Models/Furniture/Stall_94wthk/Textures/Stall_94wthk_m.png
  artifactKey: Guid(a8cd3c72533036749b8d99f8f6cc5fdf) Importer(2089858483,0ecaa5967403d082aa24f35e1b516d23)
Start importing Assets/ModernSupermarket/Models/Furniture/Stall_94wthk/Textures/Stall_94wthk_m.png using Guid(a8cd3c72533036749b8d99f8f6cc5fdf) Importer(2089858483,0ecaa5967403d082aa24f35e1b516d23) [PhysX] Initialized MultithreadedTaskDispatcher with 16 workers.
 -> (artifact id: 'cfae31605f661a83d8db9ad97484af1a') in 0.024672 seconds
Number of updated asset objects reloaded before import = 0
Number of asset objects unloaded after import = 1
========================================================================
Received Import Request.
  Time since last request: 0.000020 seconds.
  path: Assets/ModernSupermarket/Models/Furniture/Shelf_kicg9f/Textures/Shelf_kicg9f_n.png
  artifactKey: Guid(1e531def5ebf05b44920ad150b38e8cc) Importer(2089858483,0ecaa5967403d082aa24f35e1b516d23)
Start importing Assets/ModernSupermarket/Models/Furniture/Shelf_kicg9f/Textures/Shelf_kicg9f_n.png using Guid(1e531def5ebf05b44920ad150b38e8cc) Importer(2089858483,0ecaa5967403d082aa24f35e1b516d23) [PhysX] Initialized MultithreadedTaskDispatcher with 16 workers.
 -> (artifact id: '88e46c64e95ccc5c99b276274f30d27d') in 0.018944 seconds
Number of updated asset objects reloaded before import = 0
Number of asset objects unloaded after import = 1
========================================================================
Received Import Request.
  Time since last request: 0.000025 seconds.
  path: Assets/ModernSupermarket/Models/Furniture/Slate_t3iq3t/Textures/Slate_t3iq3t_a.png
  artifactKey: Guid(29c464044e75eaa449dbbb1fc175b17a) Importer(2089858483,0ecaa5967403d082aa24f35e1b516d23)
Start importing Assets/ModernSupermarket/Models/Furniture/Slate_t3iq3t/Textures/Slate_t3iq3t_a.png using Guid(29c464044e75eaa449dbbb1fc175b17a) Importer(2089858483,0ecaa5967403d082aa24f35e1b516d23) [PhysX] Initialized MultithreadedTaskDispatcher with 16 workers.
 -> (artifact id: '760ca13ff5a3e8c4570266ec142dc138') in 0.022021 seconds
Number of updated asset objects reloaded before import = 0
Number of asset objects unloaded after import = 1
========================================================================
Received Import Request.
  Time since last request: 0.000019 seconds.
  path: Assets/ModernSupermarket/Models/Furniture/Stall_6f5bo1/Textures/Stall_6f5bo1_n.png
  artifactKey: Guid(0f69eef5c90e64c4194536285e93db8c) Importer(2089858483,0ecaa5967403d082aa24f35e1b516d23)
Start importing Assets/ModernSupermarket/Models/Furniture/Stall_6f5bo1/Textures/Stall_6f5bo1_n.png using Guid(0f69eef5c90e64c4194536285e93db8c) Importer(2089858483,0ecaa5967403d082aa24f35e1b516d23) [PhysX] Initialized MultithreadedTaskDispatcher with 16 workers.
 -> (artifact id: '3c69d5adce540e36ad56a9ef92c83262') in 0.023781 seconds
Number of updated asset objects reloaded before import = 0
Number of asset objects unloaded after import = 1
========================================================================
Received Import Request.
  Time since last request: 0.000021 seconds.
  path: Assets/ModernSupermarket/Models/Props/Produce/Kiwi_leh3t9/Kiwi_leh3t9.fbx
  artifactKey: Guid(018bff1857db5334cb46ed3604242807) Importer(2089858483,0ecaa5967403d082aa24f35e1b516d23)
Start importing Assets/ModernSupermarket/Models/Props/Produce/Kiwi_leh3t9/Kiwi_leh3t9.fbx using Guid(018bff1857db5334cb46ed3604242807) Importer(2089858483,0ecaa5967403d082aa24f35e1b516d23) [PhysX] Initialized MultithreadedTaskDispatcher with 16 workers.
 -> (artifact id: '7abbf67ade55c6d3e52bb5eeff9af013') in 0.017766 seconds
Number of updated asset objects reloaded before import = 0
Number of asset objects unloaded after import = 7
========================================================================
Received Import Request.
  Time since last request: 0.000027 seconds.
  path: Assets/ModernSupermarket/Models/Props/Products/FrozenBox_vhvpd4/FrozenBox_vhvpd4_Pack04.fbx
  artifactKey: Guid(00f3aedc54cf5234fb98c613e0d919f2) Importer(2089858483,0ecaa5967403d082aa24f35e1b516d23)
Start importing Assets/ModernSupermarket/Models/Props/Products/FrozenBox_vhvpd4/FrozenBox_vhvpd4_Pack04.fbx using Guid(00f3aedc54cf5234fb98c613e0d919f2) Importer(2089858483,0ecaa5967403d082aa24f35e1b516d23) [PhysX] Initialized MultithreadedTaskDispatcher with 16 workers.
 -> (artifact id: '4d78cdff00b195260bccfbc8711a8acd') in 0.018786 seconds
Number of updated asset objects reloaded before import = 0
Number of asset objects unloaded after import = 7
========================================================================
Received Import Request.
  Time since last request: 0.000018 seconds.
  path: Assets/ModernSupermarket/Models/Props/Produce/Papaya_xt7unv/Papaya_xt7unv.fbx
  artifactKey: Guid(5063c67dd1f5b3b4cb6656603b6662cc) Importer(2089858483,0ecaa5967403d082aa24f35e1b516d23)
Start importing Assets/ModernSupermarket/Models/Props/Produce/Papaya_xt7unv/Papaya_xt7unv.fbx using Guid(5063c67dd1f5b3b4cb6656603b6662cc) Importer(2089858483,0ecaa5967403d082aa24f35e1b516d23) [PhysX] Initialized MultithreadedTaskDispatcher with 16 workers.
 -> (artifact id: '5b43408e27f356435c23de609df11015') in 0.018892 seconds
Number of updated asset objects reloaded before import = 0
Number of asset objects unloaded after import = 7
========================================================================
Received Import Request.
  Time since last request: 0.000023 seconds.
  path: Assets/ModernSupermarket/Models/Props/Products/MeatTray_dbf1nh/MeatTray_dbf1nh.fbx
  artifactKey: Guid(6521ceda4532a494d99cd18612c1d8b3) Importer(2089858483,0ecaa5967403d082aa24f35e1b516d23)
Start importing Assets/ModernSupermarket/Models/Props/Products/MeatTray_dbf1nh/MeatTray_dbf1nh.fbx using Guid(6521ceda4532a494d99cd18612c1d8b3) Importer(2089858483,0ecaa5967403d082aa24f35e1b516d23) [PhysX] Initialized MultithreadedTaskDispatcher with 16 workers.
 -> (artifact id: '2e6d2e365ffd98bb809bd0b1dd05bebe') in 0.020263 seconds
Number of updated asset objects reloaded before import = 0
Number of asset objects unloaded after import = 7
========================================================================
Received Import Request.
  Time since last request: 0.000028 seconds.
  path: Assets/TextMesh Pro/Examples & Extras/Resources/Fonts & Materials/Electronic Highway Sign SDF.asset
  artifactKey: Guid(dc36b3fdc14f47ebb36fd484a67e268a) Importer(2089858483,0ecaa5967403d082aa24f35e1b516d23)
Start importing Assets/TextMesh Pro/Examples & Extras/Resources/Fonts & Materials/Electronic Highway Sign SDF.asset using Guid(dc36b3fdc14f47ebb36fd484a67e268a) Importer(2089858483,0ecaa5967403d082aa24f35e1b516d23) [PhysX] Initialized MultithreadedTaskDispatcher with 16 workers.
 -> (artifact id: '41c4cbad9e8c06c7d748fc4bd5c3b36f') in 0.019976 seconds
Number of updated asset objects reloaded before import = 0
Number of asset objects unloaded after import = 5
========================================================================
Received Import Request.
  Time since last request: 0.000025 seconds.
  path: Assets/ModernSupermarket/Models/Furniture/Grid_ff0dgb/Textures/Grid_ff0dgb_o.png
  artifactKey: Guid(6195e66023b62e941b2523b528f59ad1) Importer(2089858483,0ecaa5967403d082aa24f35e1b516d23)
Start importing Assets/ModernSupermarket/Models/Furniture/Grid_ff0dgb/Textures/Grid_ff0dgb_o.png using Guid(6195e66023b62e941b2523b528f59ad1) Importer(2089858483,0ecaa5967403d082aa24f35e1b516d23) [PhysX] Initialized MultithreadedTaskDispatcher with 16 workers.
 -> (artifact id: '9a52b8b06ac1771fedb6159c39ff87c9') in 0.027664 seconds
Number of updated asset objects reloaded before import = 0
Number of asset objects unloaded after import = 1
========================================================================
Received Import Request.
  Time since last request: 0.000018 seconds.
  path: Assets/ModernSupermarket/Models/Furniture/Sign_04h2fw/Textures/Sign_04h2fw_n.png
  artifactKey: Guid(32247fbba169f6344a9dd56d37e796ae) Importer(2089858483,0ecaa5967403d082aa24f35e1b516d23)
Start importing Assets/ModernSupermarket/Models/Furniture/Sign_04h2fw/Textures/Sign_04h2fw_n.png using Guid(32247fbba169f6344a9dd56d37e796ae) Importer(2089858483,0ecaa5967403d082aa24f35e1b516d23) [PhysX] Initialized MultithreadedTaskDispatcher with 16 workers.
 -> (artifact id: 'f4d0aabc56c803ac47b383bdfc02745e') in 0.018116 seconds
Number of updated asset objects reloaded before import = 0
Number of asset objects unloaded after import = 1
========================================================================
Received Import Request.
  Time since last request: 0.000020 seconds.
  path: Assets/ModernSupermarket/Models/Props/Products/CrabSticks_mu7h0i/CrabSticks_mu7h0i_Pack01.fbx
  artifactKey: Guid(ab394fc782f794c45bdd812bd4b19ee6) Importer(2089858483,0ecaa5967403d082aa24f35e1b516d23)
Start importing Assets/ModernSupermarket/Models/Props/Products/CrabSticks_mu7h0i/CrabSticks_mu7h0i_Pack01.fbx using Guid(ab394fc782f794c45bdd812bd4b19ee6) Importer(2089858483,0ecaa5967403d082aa24f35e1b516d23) [PhysX] Initialized MultithreadedTaskDispatcher with 16 workers.
 -> (artifact id: '44b5986e56f3b13b0e017e598f2178b3') in 0.017388 seconds
Number of updated asset objects reloaded before import = 0
Number of asset objects unloaded after import = 7
========================================================================
Received Import Request.
  Time since last request: 0.000019 seconds.
  path: Assets/ModernSupermarket/Models/Props/Products/FrozenBox_vhvpd4/FrozenBox_vhvpd4_Pack02.fbx
  artifactKey: Guid(45c5a0862f4570143aa6dd5a2e67b371) Importer(2089858483,0ecaa5967403d082aa24f35e1b516d23)
Start importing Assets/ModernSupermarket/Models/Props/Products/FrozenBox_vhvpd4/FrozenBox_vhvpd4_Pack02.fbx using Guid(45c5a0862f4570143aa6dd5a2e67b371) Importer(2089858483,0ecaa5967403d082aa24f35e1b516d23) [PhysX] Initialized MultithreadedTaskDispatcher with 16 workers.
 -> (artifact id: '208fc8c9c51d00aa7670df11c3f71b9b') in 0.017027 seconds
Number of updated asset objects reloaded before import = 0
Number of asset objects unloaded after import = 7
========================================================================
Received Import Request.
  Time since last request: 0.000024 seconds.
  path: Assets/ModernSupermarket/Models/Props/Products/Laundry_mm7gx5/Laundry_mm7gx5_Pack01.fbx
  artifactKey: Guid(20672a844ca50f842a7c70dbfabbd756) Importer(2089858483,0ecaa5967403d082aa24f35e1b516d23)
Start importing Assets/ModernSupermarket/Models/Props/Products/Laundry_mm7gx5/Laundry_mm7gx5_Pack01.fbx using Guid(20672a844ca50f842a7c70dbfabbd756) Importer(2089858483,0ecaa5967403d082aa24f35e1b516d23) [PhysX] Initialized MultithreadedTaskDispatcher with 16 workers.
 -> (artifact id: '03fc6e5055d9e8fe8089607fae8051b1') in 0.020259 seconds
Number of updated asset objects reloaded before import = 0
Number of asset objects unloaded after import = 7
========================================================================
Received Import Request.
  Time since last request: 0.000027 seconds.
  path: Assets/TextMesh Pro/Examples & Extras/Resources/Fonts & Materials/LiberationSans SDF - Soft Mask.mat
  artifactKey: Guid(42df1c7856584b6b8db9a509b6b10074) Importer(2089858483,0ecaa5967403d082aa24f35e1b516d23)
Start importing Assets/TextMesh Pro/Examples & Extras/Resources/Fonts & Materials/LiberationSans SDF - Soft Mask.mat using Guid(42df1c7856584b6b8db9a509b6b10074) Importer(2089858483,0ecaa5967403d082aa24f35e1b516d23) [PhysX] Initialized MultithreadedTaskDispatcher with 16 workers.
 -> (artifact id: 'eb1fb54a4f6e6ff23c230be1b27a994f') in 0.025734 seconds
Number of updated asset objects reloaded before import = 0
Number of asset objects unloaded after import = 3
========================================================================
Received Import Request.
  Time since last request: 0.000024 seconds.
  path: Assets/ModernSupermarket/Models/Props/Products/Butter_5ttny6/Butter_5ttny6_Pack01.fbx
  artifactKey: Guid(88d38c5810cf76845a6f2aebded5de41) Importer(2089858483,0ecaa5967403d082aa24f35e1b516d23)
Start importing Assets/ModernSupermarket/Models/Props/Products/Butter_5ttny6/Butter_5ttny6_Pack01.fbx using Guid(88d38c5810cf76845a6f2aebded5de41) Importer(2089858483,0ecaa5967403d082aa24f35e1b516d23) [PhysX] Initialized MultithreadedTaskDispatcher with 16 workers.
 -> (artifact id: 'd7439d7f819de00ef26dd82243c1f87c') in 0.019091 seconds
Number of updated asset objects reloaded before import = 0
Number of asset objects unloaded after import = 7
========================================================================
Received Import Request.
  Time since last request: 0.000019 seconds.
  path: Assets/ModernSupermarket/Models/Props/Products/Pasta_9duit2/Pasta_9duit2.fbx
  artifactKey: Guid(51857a3f053e37e4dae17d6c8d0812de) Importer(2089858483,0ecaa5967403d082aa24f35e1b516d23)
Start importing Assets/ModernSupermarket/Models/Props/Products/Pasta_9duit2/Pasta_9duit2.fbx using Guid(51857a3f053e37e4dae17d6c8d0812de) Importer(2089858483,0ecaa5967403d082aa24f35e1b516d23) [PhysX] Initialized MultithreadedTaskDispatcher with 16 workers.
 -> (artifact id: '9dd8eb241ee6a1df97729d1950d59eb4') in 0.018856 seconds
Number of updated asset objects reloaded before import = 0
Number of asset objects unloaded after import = 7
========================================================================
Received Import Request.
  Time since last request: 0.000024 seconds.
  path: Assets/ModernSupermarket/Models/Furniture/Grid_dyxmv5/Textures/Grid_dyxmv5_o.png
  artifactKey: Guid(4ba674a9ab7166e47aa9089868408ef8) Importer(2089858483,0ecaa5967403d082aa24f35e1b516d23)
Start importing Assets/ModernSupermarket/Models/Furniture/Grid_dyxmv5/Textures/Grid_dyxmv5_o.png using Guid(4ba674a9ab7166e47aa9089868408ef8) Importer(2089858483,0ecaa5967403d082aa24f35e1b516d23) [PhysX] Initialized MultithreadedTaskDispatcher with 16 workers.
 -> (artifact id: '541ec4ef7bb3eeb88e6ceab5e6d48b1c') in 0.019498 seconds
Number of updated asset objects reloaded before import = 0
Number of asset objects unloaded after import = 1
========================================================================
Received Import Request.
  Time since last request: 0.000017 seconds.
  path: Assets/ModernSupermarket/Models/Furniture/Checkout_4295b5/Textures/Checkout_4295b5_o.png
  artifactKey: Guid(fdba685397e46dc438e18a42c22524db) Importer(2089858483,0ecaa5967403d082aa24f35e1b516d23)
Start importing Assets/ModernSupermarket/Models/Furniture/Checkout_4295b5/Textures/Checkout_4295b5_o.png using Guid(fdba685397e46dc438e18a42c22524db) Importer(2089858483,0ecaa5967403d082aa24f35e1b516d23) [PhysX] Initialized MultithreadedTaskDispatcher with 16 workers.
 -> (artifact id: 'd95c4eea12e4fdda31067f79eef76e8b') in 0.023115 seconds
Number of updated asset objects reloaded before import = 0
Number of asset objects unloaded after import = 1
========================================================================
Received Import Request.
  Time since last request: 0.000027 seconds.
  path: Assets/ModernSupermarket/Models/Props/Products/Cake_p6lebj/Cake_p6lebj.fbx
  artifactKey: Guid(81b069d96149aba418d5e3ebefed251f) Importer(2089858483,0ecaa5967403d082aa24f35e1b516d23)
Start importing Assets/ModernSupermarket/Models/Props/Products/Cake_p6lebj/Cake_p6lebj.fbx using Guid(81b069d96149aba418d5e3ebefed251f) Importer(2089858483,0ecaa5967403d082aa24f35e1b516d23) [PhysX] Initialized MultithreadedTaskDispatcher with 16 workers.
 -> (artifact id: 'd60783b2ef45a3f3f8ffd0fc49488f83') in 0.017437 seconds
Number of updated asset objects reloaded before import = 0
Number of asset objects unloaded after import = 7
========================================================================
Received Import Request.
  Time since last request: 0.000027 seconds.
  path: Assets/ModernSupermarket/Models/Props/Produce/Tomato_u9ceyc/Tomato_u9ceyc_Pack01.fbx
  artifactKey: Guid(d366ab942fb5dc341a7bbf04f8ac6e0d) Importer(2089858483,0ecaa5967403d082aa24f35e1b516d23)
Start importing Assets/ModernSupermarket/Models/Props/Produce/Tomato_u9ceyc/Tomato_u9ceyc_Pack01.fbx using Guid(d366ab942fb5dc341a7bbf04f8ac6e0d) Importer(2089858483,0ecaa5967403d082aa24f35e1b516d23) [PhysX] Initialized MultithreadedTaskDispatcher with 16 workers.
 -> (artifact id: '1068b2c0c2df5d0f230624ce853bc461') in 0.017736 seconds
Number of updated asset objects reloaded before import = 0
Number of asset objects unloaded after import = 7
========================================================================
Received Import Request.
  Time since last request: 0.000019 seconds.
  path: Assets/ModernSupermarket/Models/Props/Products/ChocolateSpread_xhkyij/ChocolateSpread_xhkyij.fbx
  artifactKey: Guid(9cafa268ed91ec840b8a674171f322ad) Importer(2089858483,0ecaa5967403d082aa24f35e1b516d23)
Start importing Assets/ModernSupermarket/Models/Props/Products/ChocolateSpread_xhkyij/ChocolateSpread_xhkyij.fbx using Guid(9cafa268ed91ec840b8a674171f322ad) Importer(2089858483,0ecaa5967403d082aa24f35e1b516d23) [PhysX] Initialized MultithreadedTaskDispatcher with 16 workers.
 -> (artifact id: '73f505db647876814b532b244974a732') in 0.019234 seconds
Number of updated asset objects reloaded before import = 0
Number of asset objects unloaded after import = 7
========================================================================
Received Import Request.
  Time since last request: 0.000020 seconds.
  path: Assets/ModernSupermarket/Models/Props/Products/Bleach_c6nm2t/Bleach_c6nm2t.fbx
  artifactKey: Guid(e557b182771013245ae3f7087c7a4edf) Importer(2089858483,0ecaa5967403d082aa24f35e1b516d23)
Start importing Assets/ModernSupermarket/Models/Props/Products/Bleach_c6nm2t/Bleach_c6nm2t.fbx using Guid(e557b182771013245ae3f7087c7a4edf) Importer(2089858483,0ecaa5967403d082aa24f35e1b516d23) [PhysX] Initialized MultithreadedTaskDispatcher with 16 workers.
 -> (artifact id: '346a6de48f1ac4ce8bdb40ba01417ddd') in 0.020477 seconds
Number of updated asset objects reloaded before import = 0
Number of asset objects unloaded after import = 7
========================================================================
Received Import Request.
  Time since last request: 0.000022 seconds.
  path: Assets/ModernSupermarket/Models/Props/Products/Cereal_me9j99/Cereals_me9j99.fbx
  artifactKey: Guid(025f1c3f67cd3aa44b8e501113bb51af) Importer(2089858483,0ecaa5967403d082aa24f35e1b516d23)
Start importing Assets/ModernSupermarket/Models/Props/Products/Cereal_me9j99/Cereals_me9j99.fbx using Guid(025f1c3f67cd3aa44b8e501113bb51af) Importer(2089858483,0ecaa5967403d082aa24f35e1b516d23) [PhysX] Initialized MultithreadedTaskDispatcher with 16 workers.
 -> (artifact id: '6048d63681db819f6337927efb886a01') in 0.016470 seconds
Number of updated asset objects reloaded before import = 0
Number of asset objects unloaded after import = 7
========================================================================
Received Import Request.
  Time since last request: 0.000024 seconds.
  path: Assets/ModernSupermarket/Models/Props/Products/Rice_rewt3q/Rice_rewt3q.fbx
  artifactKey: Guid(8f37053c6aaec804b92be20689a8403f) Importer(2089858483,0ecaa5967403d082aa24f35e1b516d23)
Start importing Assets/ModernSupermarket/Models/Props/Products/Rice_rewt3q/Rice_rewt3q.fbx using Guid(8f37053c6aaec804b92be20689a8403f) Importer(2089858483,0ecaa5967403d082aa24f35e1b516d23) [PhysX] Initialized MultithreadedTaskDispatcher with 16 workers.
 -> (artifact id: '5db7b3aa1d3fc27416456f95627268f3') in 0.016913 seconds
Number of updated asset objects reloaded before import = 0
Number of asset objects unloaded after import = 7
========================================================================
Received Import Request.
  Time since last request: 0.000022 seconds.
  path: Assets/ModernSupermarket/Models/Props/Produce/Melon_h6xrq4/Textures/Melon_h6xrq4_n.png
  artifactKey: Guid(2b4ffb854298aa2499ffba452f01ed8d) Importer(2089858483,0ecaa5967403d082aa24f35e1b516d23)
Start importing Assets/ModernSupermarket/Models/Props/Produce/Melon_h6xrq4/Textures/Melon_h6xrq4_n.png using Guid(2b4ffb854298aa2499ffba452f01ed8d) Importer(2089858483,0ecaa5967403d082aa24f35e1b516d23) [PhysX] Initialized MultithreadedTaskDispatcher with 16 workers.
 -> (artifact id: '3fa6ace47a6aaf474334594b1aa3b231') in 0.019134 seconds
Number of updated asset objects reloaded before import = 0
Number of asset objects unloaded after import = 1
========================================================================
Received Import Request.
  Time since last request: 0.000022 seconds.
  path: Assets/ModernSupermarket/Models/Furniture/HeritageBuffet_wkjvvg/Textures/Materials/HeritageBuffet_wkjvvg.mat
  artifactKey: Guid(eaefa6c287110aa4eaf86dbd660cf742) Importer(2089858483,0ecaa5967403d082aa24f35e1b516d23)
Start importing Assets/ModernSupermarket/Models/Furniture/HeritageBuffet_wkjvvg/Textures/Materials/HeritageBuffet_wkjvvg.mat using Guid(eaefa6c287110aa4eaf86dbd660cf742) Importer(2089858483,0ecaa5967403d082aa24f35e1b516d23) [PhysX] Initialized MultithreadedTaskDispatcher with 16 workers.
 -> (artifact id: '2ea69b9f22348c52c34cc5a9dd6f2a2a') in 0.019013 seconds
Number of updated asset objects reloaded before import = 0
Number of asset objects unloaded after import = 5
========================================================================
Received Import Request.
  Time since last request: 0.000022 seconds.
  path: Assets/ModernSupermarket/Models/Props/Utility/Scale_av1k2p/Scale_av1k2p.fbx
  artifactKey: Guid(0e97d7f2cbfc4e84ca2632b10ac8282d) Importer(2089858483,0ecaa5967403d082aa24f35e1b516d23)
Start importing Assets/ModernSupermarket/Models/Props/Utility/Scale_av1k2p/Scale_av1k2p.fbx using Guid(0e97d7f2cbfc4e84ca2632b10ac8282d) Importer(2089858483,0ecaa5967403d082aa24f35e1b516d23) [PhysX] Initialized MultithreadedTaskDispatcher with 16 workers.
 -> (artifact id: 'a4717c92cf615996512fb87d9866425c') in 0.018883 seconds
Number of updated asset objects reloaded before import = 0
Number of asset objects unloaded after import = 7
========================================================================
Received Import Request.
  Time since last request: 0.000018 seconds.
  path: Assets/ModernSupermarket/Models/Props/Produce/Lemon_ahopes/Textures/Lemon_ahopes_n.png
  artifactKey: Guid(fd2222258f10ad04fb9f377b4232ae17) Importer(2089858483,0ecaa5967403d082aa24f35e1b516d23)
Start importing Assets/ModernSupermarket/Models/Props/Produce/Lemon_ahopes/Textures/Lemon_ahopes_n.png using Guid(fd2222258f10ad04fb9f377b4232ae17) Importer(2089858483,0ecaa5967403d082aa24f35e1b516d23) [PhysX] Initialized MultithreadedTaskDispatcher with 16 workers.
 -> (artifact id: 'ff18dd6f6b212ddea36aeb7f0bfd3f4b') in 0.017137 seconds
Number of updated asset objects reloaded before import = 0
Number of asset objects unloaded after import = 1
========================================================================
Received Import Request.
  Time since last request: 0.000025 seconds.
  path: Assets/ModernSupermarket/Models/Props/Produce/Garlic_tkqeno/Textures/Garlic_tkqeno_a.png
  artifactKey: Guid(c9ac7659be40d5f44931dad911254ae8) Importer(2089858483,0ecaa5967403d082aa24f35e1b516d23)
Start importing Assets/ModernSupermarket/Models/Props/Produce/Garlic_tkqeno/Textures/Garlic_tkqeno_a.png using Guid(c9ac7659be40d5f44931dad911254ae8) Importer(2089858483,0ecaa5967403d082aa24f35e1b516d23) [PhysX] Initialized MultithreadedTaskDispatcher with 16 workers.
 -> (artifact id: 'faac4b2a5d249090578009e0cf621631') in 0.017868 seconds
Number of updated asset objects reloaded before import = 0
Number of asset objects unloaded after import = 1
========================================================================
Received Import Request.
  Time since last request: 0.000017 seconds.
  path: Assets/ModernSupermarket/Models/Furniture/Grid_kdypaf/Textures/Materials/Grid_kdypaf.mat
  artifactKey: Guid(5cede6b27d167fe4784c64596ba028fb) Importer(2089858483,0ecaa5967403d082aa24f35e1b516d23)
Start importing Assets/ModernSupermarket/Models/Furniture/Grid_kdypaf/Textures/Materials/Grid_kdypaf.mat using Guid(5cede6b27d167fe4784c64596ba028fb) Importer(2089858483,0ecaa5967403d082aa24f35e1b516d23) [PhysX] Initialized MultithreadedTaskDispatcher with 16 workers.
 -> (artifact id: 'a6e0fb98168b5fab5c72df655e688dbb') in 0.013489 seconds
Number of updated asset objects reloaded before import = 0
Number of asset objects unloaded after import = 2
========================================================================
Received Import Request.
  Time since last request: 0.000044 seconds.
  path: Assets/ModernSupermarket/Models/Props/Produce/Potato_px2ht4/Textures/Potato_px2ht4_o.png
  artifactKey: Guid(fde9ea8b6ef88c84aace37f566dbabcb) Importer(2089858483,0ecaa5967403d082aa24f35e1b516d23)
Start importing Assets/ModernSupermarket/Models/Props/Produce/Potato_px2ht4/Textures/Potato_px2ht4_o.png using Guid(fde9ea8b6ef88c84aace37f566dbabcb) Importer(2089858483,0ecaa5967403d082aa24f35e1b516d23) [PhysX] Initialized MultithreadedTaskDispatcher with 16 workers.
 -> (artifact id: '2bf95b7a1fe58c30fb38624e320b740e') in 0.018463 seconds
Number of updated asset objects reloaded before import = 0
Number of asset objects unloaded after import = 1
========================================================================
Received Import Request.
  Time since last request: 0.000027 seconds.
  path: Assets/ModernSupermarket/Models/Props/Utility/Anti-thefhtDoor_9qs8y9/Anti-theftDoor_9qs8y9.fbx
  artifactKey: Guid(56e2ddc56124e5546a0bb9b23c222ebd) Importer(2089858483,0ecaa5967403d082aa24f35e1b516d23)
Start importing Assets/ModernSupermarket/Models/Props/Utility/Anti-thefhtDoor_9qs8y9/Anti-theftDoor_9qs8y9.fbx using Guid(56e2ddc56124e5546a0bb9b23c222ebd) Importer(2089858483,0ecaa5967403d082aa24f35e1b516d23) [PhysX] Initialized MultithreadedTaskDispatcher with 16 workers.
 -> (artifact id: '4f345bd27052b1791bf31cc663887fda') in 0.023518 seconds
Number of updated asset objects reloaded before import = 0
Number of asset objects unloaded after import = 14
========================================================================
Received Import Request.
  Time since last request: 0.000033 seconds.
  path: Assets/ModernSupermarket/Models/Furniture/Sign_04h2fw/Textures/Materials/Sign_04h2fw_Wine.mat
  artifactKey: Guid(c11df8a6a689c474889e7fa19483b77a) Importer(2089858483,0ecaa5967403d082aa24f35e1b516d23)
Start importing Assets/ModernSupermarket/Models/Furniture/Sign_04h2fw/Textures/Materials/Sign_04h2fw_Wine.mat using Guid(c11df8a6a689c474889e7fa19483b77a) Importer(2089858483,0ecaa5967403d082aa24f35e1b516d23) [PhysX] Initialized MultithreadedTaskDispatcher with 16 workers.
 -> (artifact id: '42cdef21cfdeec242ffb7b39396cdf2a') in 0.019105 seconds
Number of updated asset objects reloaded before import = 0
Number of asset objects unloaded after import = 5
========================================================================
Received Import Request.
  Time since last request: 0.000022 seconds.
  path: Assets/ModernSupermarket/Models/Props/Utility/Crate_3m39yz/Crate_3m39yz.fbx
  artifactKey: Guid(c4bc5c7bc79b1c941b98be50d504bf35) Importer(2089858483,0ecaa5967403d082aa24f35e1b516d23)
Start importing Assets/ModernSupermarket/Models/Props/Utility/Crate_3m39yz/Crate_3m39yz.fbx using Guid(c4bc5c7bc79b1c941b98be50d504bf35) Importer(2089858483,0ecaa5967403d082aa24f35e1b516d23) [PhysX] Initialized MultithreadedTaskDispatcher with 16 workers.
 -> (artifact id: 'b497bd4f52bee633a476a773342ece6b') in 0.016927 seconds
Number of updated asset objects reloaded before import = 0
Number of asset objects unloaded after import = 7
========================================================================
Received Import Request.
  Time since last request: 0.000021 seconds.
  path: Assets/ModernSupermarket/Models/Props/Produce/ChilliPepper_w388hm/Textures/ChilliPeppers_w388hm_Var01_n.png
  artifactKey: Guid(a2ad05a023448884ebdf538c55541d8b) Importer(2089858483,0ecaa5967403d082aa24f35e1b516d23)
Start importing Assets/ModernSupermarket/Models/Props/Produce/ChilliPepper_w388hm/Textures/ChilliPeppers_w388hm_Var01_n.png using Guid(a2ad05a023448884ebdf538c55541d8b) Importer(2089858483,0ecaa5967403d082aa24f35e1b516d23) [PhysX] Initialized MultithreadedTaskDispatcher with 16 workers.
 -> (artifact id: 'c5ded52e9375f446905514adb838cd4f') in 0.018576 seconds
Number of updated asset objects reloaded before import = 0
Number of asset objects unloaded after import = 1
========================================================================
Received Import Request.
  Time since last request: 0.000020 seconds.
  path: Assets/ModernSupermarket/Models/Props/Produce/Grapefruit_mrfrpw/Textures/Grapefruit_mrfrpw_n.png
  artifactKey: Guid(59469056d09b601448c31bec9e3355f0) Importer(2089858483,0ecaa5967403d082aa24f35e1b516d23)
Start importing Assets/ModernSupermarket/Models/Props/Produce/Grapefruit_mrfrpw/Textures/Grapefruit_mrfrpw_n.png using Guid(59469056d09b601448c31bec9e3355f0) Importer(2089858483,0ecaa5967403d082aa24f35e1b516d23) [PhysX] Initialized MultithreadedTaskDispatcher with 16 workers.
 -> (artifact id: '177a5940770b791915fdf69a6c937c8c') in 0.016699 seconds
Number of updated asset objects reloaded before import = 0
Number of asset objects unloaded after import = 1
========================================================================
Received Import Request.
  Time since last request: 0.000021 seconds.
  path: Assets/ModernSupermarket/Models/Props/Produce/Tomato_u9ceyc/Textures/Tomato_u9ceyc_a.png
  artifactKey: Guid(19efe48c5b976354aa037f96604db1a5) Importer(2089858483,0ecaa5967403d082aa24f35e1b516d23)
Start importing Assets/ModernSupermarket/Models/Props/Produce/Tomato_u9ceyc/Textures/Tomato_u9ceyc_a.png using Guid(19efe48c5b976354aa037f96604db1a5) Importer(2089858483,0ecaa5967403d082aa24f35e1b516d23) [PhysX] Initialized MultithreadedTaskDispatcher with 16 workers.
 -> (artifact id: 'd8dd9475b7899842a64c18fffb520569') in 0.019337 seconds
Number of updated asset objects reloaded before import = 0
Number of asset objects unloaded after import = 1
========================================================================
Received Import Request.
  Time since last request: 0.000023 seconds.
  path: Assets/ModernSupermarket/Models/Props/Produce/ChilliPepper_w388hm/Textures/ChilliPeppers_w388hm_Var01_m.png
  artifactKey: Guid(d165bba9eaf434e4ab808ea3bab8d95f) Importer(2089858483,0ecaa5967403d082aa24f35e1b516d23)
Start importing Assets/ModernSupermarket/Models/Props/Produce/ChilliPepper_w388hm/Textures/ChilliPeppers_w388hm_Var01_m.png using Guid(d165bba9eaf434e4ab808ea3bab8d95f) Importer(2089858483,0ecaa5967403d082aa24f35e1b516d23) [PhysX] Initialized MultithreadedTaskDispatcher with 16 workers.
 -> (artifact id: '59eb4fc046c42a70365dae6b6514c5f9') in 0.019620 seconds
Number of updated asset objects reloaded before import = 0
Number of asset objects unloaded after import = 1
========================================================================
Received Import Request.
  Time since last request: 0.000030 seconds.
  path: Assets/ModernSupermarket/Models/Props/Produce/Avocado_pd302k/Textures/Avocado_pd302k_o.png
  artifactKey: Guid(5c84659db48c4c548af7051e06e0f002) Importer(2089858483,0ecaa5967403d082aa24f35e1b516d23)
Start importing Assets/ModernSupermarket/Models/Props/Produce/Avocado_pd302k/Textures/Avocado_pd302k_o.png using Guid(5c84659db48c4c548af7051e06e0f002) Importer(2089858483,0ecaa5967403d082aa24f35e1b516d23) [PhysX] Initialized MultithreadedTaskDispatcher with 16 workers.
 -> (artifact id: '766f65d48871693864c98f30f401ba8d') in 0.018149 seconds
Number of updated asset objects reloaded before import = 0
Number of asset objects unloaded after import = 1
========================================================================
Received Import Request.
  Time since last request: 0.000023 seconds.
  path: Assets/ModernSupermarket/Models/Props/Utility/Basket_k5jizs/Basket_k5jizs.fbx
  artifactKey: Guid(ec6e9f2def511864caef9f8e6469e262) Importer(2089858483,0ecaa5967403d082aa24f35e1b516d23)
Start importing Assets/ModernSupermarket/Models/Props/Utility/Basket_k5jizs/Basket_k5jizs.fbx using Guid(ec6e9f2def511864caef9f8e6469e262) Importer(2089858483,0ecaa5967403d082aa24f35e1b516d23) [PhysX] Initialized MultithreadedTaskDispatcher with 16 workers.
 -> (artifact id: 'ad525ddf1fb27bc9e3e0d95466aaac3b') in 0.019705 seconds
Number of updated asset objects reloaded before import = 0
Number of asset objects unloaded after import = 7
========================================================================
Received Import Request.
  Time since last request: 0.000027 seconds.
  path: Assets/ModernSupermarket/Models/Furniture/Counter_wh1nba/Textures/Materials/Counter_wh1nba.mat
  artifactKey: Guid(aca4922accd921d4fb53e356954da1fa) Importer(2089858483,0ecaa5967403d082aa24f35e1b516d23)
Start importing Assets/ModernSupermarket/Models/Furniture/Counter_wh1nba/Textures/Materials/Counter_wh1nba.mat using Guid(aca4922accd921d4fb53e356954da1fa) Importer(2089858483,0ecaa5967403d082aa24f35e1b516d23) [PhysX] Initialized MultithreadedTaskDispatcher with 16 workers.
 -> (artifact id: '61a0970178292db6d7b545ef11e7d97f') in 0.021986 seconds
Number of updated asset objects reloaded before import = 0
Number of asset objects unloaded after import = 5
========================================================================
Received Import Request.
  Time since last request: 0.000019 seconds.
  path: Assets/ModernSupermarket/Models/Props/Products/Vase_x3wysg/Vase_x3wysg.fbx
  artifactKey: Guid(b60b3a1a28a813244b0e74fde8ba9157) Importer(2089858483,0ecaa5967403d082aa24f35e1b516d23)
Start importing Assets/ModernSupermarket/Models/Props/Products/Vase_x3wysg/Vase_x3wysg.fbx using Guid(b60b3a1a28a813244b0e74fde8ba9157) Importer(2089858483,0ecaa5967403d082aa24f35e1b516d23) [PhysX] Initialized MultithreadedTaskDispatcher with 16 workers.
 -> (artifact id: '8fa35a2377b653be9627e554e478b186') in 0.020300 seconds
Number of updated asset objects reloaded before import = 0
Number of asset objects unloaded after import = 19
========================================================================
Received Import Request.
  Time since last request: 0.000030 seconds.
  path: Assets/ModernSupermarket/Models/Props/Produce/Pumpkin_hjtgsa/Textures/Pumpkin_hjtgsa_o.png
  artifactKey: Guid(a48757ac3f91c4e419522e1e84b8fae0) Importer(2089858483,0ecaa5967403d082aa24f35e1b516d23)
Start importing Assets/ModernSupermarket/Models/Props/Produce/Pumpkin_hjtgsa/Textures/Pumpkin_hjtgsa_o.png using Guid(a48757ac3f91c4e419522e1e84b8fae0) Importer(2089858483,0ecaa5967403d082aa24f35e1b516d23) [PhysX] Initialized MultithreadedTaskDispatcher with 16 workers.
 -> (artifact id: '68f125bdd4b155a26a7e80ffdb614892') in 0.018198 seconds
Number of updated asset objects reloaded before import = 0
Number of asset objects unloaded after import = 1
========================================================================
Received Import Request.
  Time since last request: 0.000028 seconds.
  path: Assets/ModernSupermarket/Models/Props/Produce/Potato_px2ht4/Textures/Potato_px2ht4_a.png
  artifactKey: Guid(a989558e92aa8c4428d3875eca466ba2) Importer(2089858483,0ecaa5967403d082aa24f35e1b516d23)
Start importing Assets/ModernSupermarket/Models/Props/Produce/Potato_px2ht4/Textures/Potato_px2ht4_a.png using Guid(a989558e92aa8c4428d3875eca466ba2) Importer(2089858483,0ecaa5967403d082aa24f35e1b516d23) [PhysX] Initialized MultithreadedTaskDispatcher with 16 workers.
 -> (artifact id: '5c6cb432891a671e0d432c124d6e4f5f') in 0.019300 seconds
Number of updated asset objects reloaded before import = 0
Number of asset objects unloaded after import = 1
========================================================================
Received Import Request.
  Time since last request: 0.000049 seconds.
  path: Assets/ModernSupermarket/Models/Props/Products/Alcohol_qi7uqvr/Textures/Alcohol_qi7uqv_n.png
  artifactKey: Guid(fcee76d4f49bc4547babace483861f8c) Importer(2089858483,0ecaa5967403d082aa24f35e1b516d23)
Start importing Assets/ModernSupermarket/Models/Props/Products/Alcohol_qi7uqvr/Textures/Alcohol_qi7uqv_n.png using Guid(fcee76d4f49bc4547babace483861f8c) Importer(2089858483,0ecaa5967403d082aa24f35e1b516d23) [PhysX] Initialized MultithreadedTaskDispatcher with 16 workers.
 -> (artifact id: 'b08e09510ba49648c66db988ee1d4bcf') in 0.014895 seconds
Number of updated asset objects reloaded before import = 0
Number of asset objects unloaded after import = 1
========================================================================
Received Import Request.
  Time since last request: 0.000023 seconds.
  path: Assets/ModernSupermarket/Models/Props/Products/Teabox_nokda4/Teabox_nokda4_Pack01.fbx
  artifactKey: Guid(a46c15bd5a6455f48854fb7c2e67ee8c) Importer(2089858483,0ecaa5967403d082aa24f35e1b516d23)
Start importing Assets/ModernSupermarket/Models/Props/Products/Teabox_nokda4/Teabox_nokda4_Pack01.fbx using Guid(a46c15bd5a6455f48854fb7c2e67ee8c) Importer(2089858483,0ecaa5967403d082aa24f35e1b516d23) [PhysX] Initialized MultithreadedTaskDispatcher with 16 workers.
 -> (artifact id: '668bd23edfdb919d638f0f394dcf9966') in 0.027883 seconds
Number of updated asset objects reloaded before import = 0
Number of asset objects unloaded after import = 7
========================================================================
Received Import Request.
  Time since last request: 0.000027 seconds.
  path: Assets/ModernSupermarket/Models/Props/Utility/Footboard_ajuyp9/Footboard_ajuyp9.fbx
  artifactKey: Guid(3e36abce00949ff4d856befd4fc6146f) Importer(2089858483,0ecaa5967403d082aa24f35e1b516d23)
Start importing Assets/ModernSupermarket/Models/Props/Utility/Footboard_ajuyp9/Footboard_ajuyp9.fbx using Guid(3e36abce00949ff4d856befd4fc6146f) Importer(2089858483,0ecaa5967403d082aa24f35e1b516d23) [PhysX] Initialized MultithreadedTaskDispatcher with 16 workers.
 -> (artifact id: 'f7a46c7bf781f192b8fe4c57e1ddf4d5') in 0.022196 seconds
Number of updated asset objects reloaded before import = 0
Number of asset objects unloaded after import = 7
========================================================================
Received Import Request.
  Time since last request: 0.000018 seconds.
  path: Assets/ModernSupermarket/Models/Props/Products/BeerPack_74mugc/Textures/BeerPack_74mugc_n.png
  artifactKey: Guid(e89a9725c0dfc004c960591568c5dc79) Importer(2089858483,0ecaa5967403d082aa24f35e1b516d23)
Start importing Assets/ModernSupermarket/Models/Props/Products/BeerPack_74mugc/Textures/BeerPack_74mugc_n.png using Guid(e89a9725c0dfc004c960591568c5dc79) Importer(2089858483,0ecaa5967403d082aa24f35e1b516d23) [PhysX] Initialized MultithreadedTaskDispatcher with 16 workers.
 -> (artifact id: '050c927e7bcc649114c5257ef871bbf1') in 0.018816 seconds
Number of updated asset objects reloaded before import = 0
Number of asset objects unloaded after import = 1
========================================================================
Received Import Request.
  Time since last request: 0.000018 seconds.
  path: Assets/ModernSupermarket/Textures/Surfaces/TileFloor_n3y6kl/Materials/TileFloor_n3y6kl.mat
  artifactKey: Guid(96586b865b767f8498e5b369e8d5add5) Importer(2089858483,0ecaa5967403d082aa24f35e1b516d23)
Start importing Assets/ModernSupermarket/Textures/Surfaces/TileFloor_n3y6kl/Materials/TileFloor_n3y6kl.mat using Guid(96586b865b767f8498e5b369e8d5add5) Importer(2089858483,0ecaa5967403d082aa24f35e1b516d23) [PhysX] Initialized MultithreadedTaskDispatcher with 16 workers.
 -> (artifact id: '5d4567c8c63e404f886ad108c840314b') in 0.048844 seconds
Number of updated asset objects reloaded before import = 0
Number of asset objects unloaded after import = 4
========================================================================
Received Import Request.
  Time since last request: 0.000023 seconds.
  path: Assets/ModernSupermarket/Models/Props/Produce/Avocado_pd302k/Textures/Avocado_pd302k_m.png
  artifactKey: Guid(1b7eb716073d8bb47afdd8b562afc854) Importer(2089858483,0ecaa5967403d082aa24f35e1b516d23)
Start importing Assets/ModernSupermarket/Models/Props/Produce/Avocado_pd302k/Textures/Avocado_pd302k_m.png using Guid(1b7eb716073d8bb47afdd8b562afc854) Importer(2089858483,0ecaa5967403d082aa24f35e1b516d23) [PhysX] Initialized MultithreadedTaskDispatcher with 16 workers.
 -> (artifact id: '8425a11145e147ad901aa84f70873750') in 0.022312 seconds
Number of updated asset objects reloaded before import = 0
Number of asset objects unloaded after import = 1
========================================================================
Received Import Request.
  Time since last request: 0.000020 seconds.
  path: Assets/SpeechSDK/Plugins/Android/libs/x86/libMicrosoft.CognitiveServices.Speech.extension.kws.ort.so
  artifactKey: Guid(9fea5e138dd04d629b2b0dcdcc9249b1) Importer(2089858483,0ecaa5967403d082aa24f35e1b516d23)
Start importing Assets/SpeechSDK/Plugins/Android/libs/x86/libMicrosoft.CognitiveServices.Speech.extension.kws.ort.so using Guid(9fea5e138dd04d629b2b0dcdcc9249b1) Importer(2089858483,0ecaa5967403d082aa24f35e1b516d23) [PhysX] Initialized MultithreadedTaskDispatcher with 16 workers.
 -> (artifact id: '996b6d0396b64e57b0eb0ad61dca986c') in 0.014623 seconds
Number of updated asset objects reloaded before import = 0
Number of asset objects unloaded after import = 1
========================================================================
Received Import Request.
  Time since last request: 0.000019 seconds.
  path: Assets/ModernSupermarket/Models/Props/Produce/Garlic_tkqeno/Textures/Garlic_tkqeno_o.png
  artifactKey: Guid(1bc5dd90e095ae5448960d5548cce3da) Importer(2089858483,0ecaa5967403d082aa24f35e1b516d23)
Start importing Assets/ModernSupermarket/Models/Props/Produce/Garlic_tkqeno/Textures/Garlic_tkqeno_o.png using Guid(1bc5dd90e095ae5448960d5548cce3da) Importer(2089858483,0ecaa5967403d082aa24f35e1b516d23) [PhysX] Initialized MultithreadedTaskDispatcher with 16 workers.
 -> (artifact id: 'd8959521d2307f05667191f5da17455f') in 0.017357 seconds
Number of updated asset objects reloaded before import = 0
Number of asset objects unloaded after import = 1
========================================================================
Received Import Request.
  Time since last request: 0.000022 seconds.
  path: Assets/ModernSupermarket/Models/Props/Produce/Mango_1xw10k/Textures/Mango_1xw10k_o.png
  artifactKey: Guid(dce825f6af613b146a8aaaa81721716e) Importer(2089858483,0ecaa5967403d082aa24f35e1b516d23)
Start importing Assets/ModernSupermarket/Models/Props/Produce/Mango_1xw10k/Textures/Mango_1xw10k_o.png using Guid(dce825f6af613b146a8aaaa81721716e) Importer(2089858483,0ecaa5967403d082aa24f35e1b516d23) [PhysX] Initialized MultithreadedTaskDispatcher with 16 workers.
 -> (artifact id: 'e39fda09ad0be179b18eb8a7832e22f8') in 0.017708 seconds
Number of updated asset objects reloaded before import = 0
Number of asset objects unloaded after import = 1
========================================================================
Received Import Request.
  Time since last request: 0.000029 seconds.
  path: Assets/ModernSupermarket/Models/Furniture/Sign_04h2fw/Textures/Materials/Sign_04h2fw_Meat.mat
  artifactKey: Guid(7f6a9b7d1dd8fcd44b2320e24641a000) Importer(2089858483,0ecaa5967403d082aa24f35e1b516d23)
Start importing Assets/ModernSupermarket/Models/Furniture/Sign_04h2fw/Textures/Materials/Sign_04h2fw_Meat.mat using Guid(7f6a9b7d1dd8fcd44b2320e24641a000) Importer(2089858483,0ecaa5967403d082aa24f35e1b516d23) [PhysX] Initialized MultithreadedTaskDispatcher with 16 workers.
 -> (artifact id: '85ac80c0e7fac5e85d55a7521802f007') in 0.014808 seconds
Number of updated asset objects reloaded before import = 0
Number of asset objects unloaded after import = 5
========================================================================
Received Import Request.
  Time since last request: 0.000036 seconds.
  path: Assets/ModernSupermarket/Models/Props/Products/Alcohol_tqkp8c/Textures/Whisky_tqkp8c_o.png
  artifactKey: Guid(f96ae7c01fa5c1b4c9613c2db42f5075) Importer(2089858483,0ecaa5967403d082aa24f35e1b516d23)
Start importing Assets/ModernSupermarket/Models/Props/Products/Alcohol_tqkp8c/Textures/Whisky_tqkp8c_o.png using Guid(f96ae7c01fa5c1b4c9613c2db42f5075) Importer(2089858483,0ecaa5967403d082aa24f35e1b516d23) [PhysX] Initialized MultithreadedTaskDispatcher with 16 workers.
 -> (artifact id: '53618379bf619a5ea2124a96890a259c') in 0.021243 seconds
Number of updated asset objects reloaded before import = 0
Number of asset objects unloaded after import = 1
========================================================================
Received Import Request.
  Time since last request: 0.000018 seconds.
  path: Assets/ModernSupermarket/Models/Props/Utility/Cart_nabnuh/Cart_nabnuh.fbx
  artifactKey: Guid(056135e0e4e0e9c409406ab11b518e1d) Importer(2089858483,0ecaa5967403d082aa24f35e1b516d23)
Start importing Assets/ModernSupermarket/Models/Props/Utility/Cart_nabnuh/Cart_nabnuh.fbx using Guid(056135e0e4e0e9c409406ab11b518e1d) Importer(2089858483,0ecaa5967403d082aa24f35e1b516d23) [PhysX] Initialized MultithreadedTaskDispatcher with 16 workers.
 -> (artifact id: 'a5b329eec8fc90c64943d7ea1e837c86') in 0.019331 seconds
Number of updated asset objects reloaded before import = 0
Number of asset objects unloaded after import = 7
========================================================================
Received Import Request.
  Time since last request: 0.000019 seconds.
  path: Assets/ModernSupermarket/Models/Furniture/Sign_9jlt52/Textures/Materials/Sign_9jlt52.mat
  artifactKey: Guid(57effe2a58a81ee4d80f28881f2a8dad) Importer(2089858483,0ecaa5967403d082aa24f35e1b516d23)
Start importing Assets/ModernSupermarket/Models/Furniture/Sign_9jlt52/Textures/Materials/Sign_9jlt52.mat using Guid(57effe2a58a81ee4d80f28881f2a8dad) Importer(2089858483,0ecaa5967403d082aa24f35e1b516d23) [PhysX] Initialized MultithreadedTaskDispatcher with 16 workers.
 -> (artifact id: '9f3af72df08bbab22eede635f4df4454') in 0.013887 seconds
Number of updated asset objects reloaded before import = 0
Number of asset objects unloaded after import = 2
========================================================================
Received Import Request.
  Time since last request: 0.000017 seconds.
  path: Assets/ModernSupermarket/Models/Furniture/Fridge_4ttiif/Textures/Materials/Fridge_4ttiif.mat
  artifactKey: Guid(2f0a5cc018c0b144c8122974fdf2b9d9) Importer(2089858483,0ecaa5967403d082aa24f35e1b516d23)
Start importing Assets/ModernSupermarket/Models/Furniture/Fridge_4ttiif/Textures/Materials/Fridge_4ttiif.mat using Guid(2f0a5cc018c0b144c8122974fdf2b9d9) Importer(2089858483,0ecaa5967403d082aa24f35e1b516d23) [PhysX] Initialized MultithreadedTaskDispatcher with 16 workers.
 -> (artifact id: 'bb153d7bc3d7013e86f14bba96904705') in 0.021134 seconds
Number of updated asset objects reloaded before import = 0
Number of asset objects unloaded after import = 6
========================================================================
Received Import Request.
  Time since last request: 0.000022 seconds.
  path: Assets/ModernSupermarket/Models/Props/Products/Alcohol_ao62w4/Textures/Alcool_ao62w4_n_Var01.png
  artifactKey: Guid(6f0a4b7416b5f6746bceb34afa1f1e97) Importer(2089858483,0ecaa5967403d082aa24f35e1b516d23)
Start importing Assets/ModernSupermarket/Models/Props/Products/Alcohol_ao62w4/Textures/Alcool_ao62w4_n_Var01.png using Guid(6f0a4b7416b5f6746bceb34afa1f1e97) Importer(2089858483,0ecaa5967403d082aa24f35e1b516d23) [PhysX] Initialized MultithreadedTaskDispatcher with 16 workers.
 -> (artifact id: 'b05e922055f5cc00cdb58e66d3edc546') in 0.018696 seconds
Number of updated asset objects reloaded before import = 0
Number of asset objects unloaded after import = 1
========================================================================
Received Import Request.
  Time since last request: 0.000020 seconds.
  path: Assets/ModernSupermarket/Models/Props/Products/SlicedBread_6zus31/SlicedBread_6zus31_Pack01.fbx
  artifactKey: Guid(7d8a2362c452f5a46bb376883deca5af) Importer(2089858483,0ecaa5967403d082aa24f35e1b516d23)
Start importing Assets/ModernSupermarket/Models/Props/Products/SlicedBread_6zus31/SlicedBread_6zus31_Pack01.fbx using Guid(7d8a2362c452f5a46bb376883deca5af) Importer(2089858483,0ecaa5967403d082aa24f35e1b516d23) [PhysX] Initialized MultithreadedTaskDispatcher with 16 workers.
 -> (artifact id: '7fb0b2c579593340582602adebffc038') in 0.022249 seconds
Number of updated asset objects reloaded before import = 0
Number of asset objects unloaded after import = 7
========================================================================
Received Import Request.
  Time since last request: 0.000020 seconds.
  path: Assets/SpeechSDK/Plugins/Android/libs/armeabi-v7a/libMicrosoft.CognitiveServices.Speech.extension.kws.so
  artifactKey: Guid(648fb27e4075a1d42883985bd0870507) Importer(2089858483,0ecaa5967403d082aa24f35e1b516d23)
Start importing Assets/SpeechSDK/Plugins/Android/libs/armeabi-v7a/libMicrosoft.CognitiveServices.Speech.extension.kws.so using Guid(648fb27e4075a1d42883985bd0870507) Importer(2089858483,0ecaa5967403d082aa24f35e1b516d23) [PhysX] Initialized MultithreadedTaskDispatcher with 16 workers.
 -> (artifact id: '9385470196010f6c318290c74bf75788') in 0.013745 seconds
Number of updated asset objects reloaded before import = 0
Number of asset objects unloaded after import = 1
========================================================================
Received Import Request.
  Time since last request: 0.000023 seconds.
  path: Assets/ModernSupermarket/Models/Props/Produce/ChilliPepper_w388hm/Textures/ChilliPeppers_w388hm_Var02_o.png
  artifactKey: Guid(c9202a84c417e754d906ac7f5c22e3f2) Importer(2089858483,0ecaa5967403d082aa24f35e1b516d23)
Start importing Assets/ModernSupermarket/Models/Props/Produce/ChilliPepper_w388hm/Textures/ChilliPeppers_w388hm_Var02_o.png using Guid(c9202a84c417e754d906ac7f5c22e3f2) Importer(2089858483,0ecaa5967403d082aa24f35e1b516d23) [PhysX] Initialized MultithreadedTaskDispatcher with 16 workers.
 -> (artifact id: 'caa5e4bb0b06f7071b7f0475f4e8ee69') in 0.017603 seconds
Number of updated asset objects reloaded before import = 0
Number of asset objects unloaded after import = 1
========================================================================
Received Import Request.
  Time since last request: 0.000016 seconds.
  path: Assets/ModernSupermarket/Models/Props/Produce/Squash_0r6m5l/Textures/Squash_0r6m5l_a.png
  artifactKey: Guid(c772c663e1d23e5469cab0bc32cec91b) Importer(2089858483,0ecaa5967403d082aa24f35e1b516d23)
Start importing Assets/ModernSupermarket/Models/Props/Produce/Squash_0r6m5l/Textures/Squash_0r6m5l_a.png using Guid(c772c663e1d23e5469cab0bc32cec91b) Importer(2089858483,0ecaa5967403d082aa24f35e1b516d23) [PhysX] Initialized MultithreadedTaskDispatcher with 16 workers.
 -> (artifact id: '10c21f7a9d845c89f77b6a1550c4f25b') in 0.020930 seconds
Number of updated asset objects reloaded before import = 0
Number of asset objects unloaded after import = 1
========================================================================
Received Import Request.
  Time since last request: 0.000022 seconds.
  path: Assets/ModernSupermarket/Models/Props/Products/Alcohol_ao62w4/Textures/Alcool_ao62w4_o.png
  artifactKey: Guid(6191c3f03dc33d041819e9d1232fd339) Importer(2089858483,0ecaa5967403d082aa24f35e1b516d23)
Start importing Assets/ModernSupermarket/Models/Props/Products/Alcohol_ao62w4/Textures/Alcool_ao62w4_o.png using Guid(6191c3f03dc33d041819e9d1232fd339) Importer(2089858483,0ecaa5967403d082aa24f35e1b516d23) [PhysX] Initialized MultithreadedTaskDispatcher with 16 workers.
 -> (artifact id: '1c80ac7aeb29615fb6399ca485cb2821') in 0.022564 seconds
Number of updated asset objects reloaded before import = 0
Number of asset objects unloaded after import = 1
========================================================================
Received Import Request.
  Time since last request: 0.000024 seconds.
  path: Assets/ModernSupermarket/Models/Props/Utility/Camera_fbj1by/Camera_fbj1by.fbx
  artifactKey: Guid(2c77d9652c8d39f48ae8280e655fe419) Importer(2089858483,0ecaa5967403d082aa24f35e1b516d23)
Start importing Assets/ModernSupermarket/Models/Props/Utility/Camera_fbj1by/Camera_fbj1by.fbx using Guid(2c77d9652c8d39f48ae8280e655fe419) Importer(2089858483,0ecaa5967403d082aa24f35e1b516d23) [PhysX] Initialized MultithreadedTaskDispatcher with 16 workers.
 -> (artifact id: '7194a8b9a726816d49028f8387e8abd1') in 0.022382 seconds
Number of updated asset objects reloaded before import = 0
Number of asset objects unloaded after import = 14
========================================================================
Received Import Request.
  Time since last request: 0.000027 seconds.
  path: Assets/ModernSupermarket/Models/Props/Produce/Tomato_u9ceyc/Textures/Tomato_u9ceyc_n.png
  artifactKey: Guid(7584ee7adb6956445ba303d50931df6e) Importer(2089858483,0ecaa5967403d082aa24f35e1b516d23)
Start importing Assets/ModernSupermarket/Models/Props/Produce/Tomato_u9ceyc/Textures/Tomato_u9ceyc_n.png using Guid(7584ee7adb6956445ba303d50931df6e) Importer(2089858483,0ecaa5967403d082aa24f35e1b516d23) [PhysX] Initialized MultithreadedTaskDispatcher with 16 workers.
 -> (artifact id: '79713ef33a89b6a78dbdcce5b89005d9') in 0.018760 seconds
Number of updated asset objects reloaded before import = 0
Number of asset objects unloaded after import = 1
========================================================================
Received Import Request.
  Time since last request: 0.000037 seconds.
  path: Assets/ModernSupermarket/Models/Props/Produce/Clementine_7okhg9/Textures/Clementine_7okhg9_o.png
  artifactKey: Guid(1b261712cddf8284d8f66b9238c96aab) Importer(2089858483,0ecaa5967403d082aa24f35e1b516d23)
Start importing Assets/ModernSupermarket/Models/Props/Produce/Clementine_7okhg9/Textures/Clementine_7okhg9_o.png using Guid(1b261712cddf8284d8f66b9238c96aab) Importer(2089858483,0ecaa5967403d082aa24f35e1b516d23) [PhysX] Initialized MultithreadedTaskDispatcher with 16 workers.
 -> (artifact id: 'c21560ece1db0947bbb810c74d06f68c') in 0.020648 seconds
Number of updated asset objects reloaded before import = 0
Number of asset objects unloaded after import = 1
========================================================================
Received Import Request.
  Time since last request: 0.000020 seconds.
  path: Assets/ModernSupermarket/Models/Props/Products/Bag_s45li3/Textures/Bag_s45li3_Var01_n.png
  artifactKey: Guid(c814dab36a5a05645923eb9e5af85ca0) Importer(2089858483,0ecaa5967403d082aa24f35e1b516d23)
Start importing Assets/ModernSupermarket/Models/Props/Products/Bag_s45li3/Textures/Bag_s45li3_Var01_n.png using Guid(c814dab36a5a05645923eb9e5af85ca0) Importer(2089858483,0ecaa5967403d082aa24f35e1b516d23) [PhysX] Initialized MultithreadedTaskDispatcher with 16 workers.
 -> (artifact id: '56cd562afcf313ccc18c8ad4114702ee') in 0.023071 seconds
Number of updated asset objects reloaded before import = 0
Number of asset objects unloaded after import = 1
========================================================================
Received Import Request.
  Time since last request: 0.000019 seconds.
  path: Assets/ModernSupermarket/Models/Props/Products/Sauce_cfrew8/Sauce_cfrew8_Pack01.fbx
  artifactKey: Guid(7aaa246b3f69dae47bb834f8870fe196) Importer(2089858483,0ecaa5967403d082aa24f35e1b516d23)
Start importing Assets/ModernSupermarket/Models/Props/Products/Sauce_cfrew8/Sauce_cfrew8_Pack01.fbx using Guid(7aaa246b3f69dae47bb834f8870fe196) Importer(2089858483,0ecaa5967403d082aa24f35e1b516d23) [PhysX] Initialized MultithreadedTaskDispatcher with 16 workers.
 -> (artifact id: '0b00ffe3a086ac81bfe2ba3e7a22df48') in 0.020992 seconds
Number of updated asset objects reloaded before import = 0
Number of asset objects unloaded after import = 7
========================================================================
Received Import Request.
  Time since last request: 0.000025 seconds.
  path: Assets/ModernSupermarket/Models/Props/Produce/Artichoke_fdde0u/Textures/Artichoke_fdde0u_m.png
  artifactKey: Guid(6d2e3a97fabafaa4ea8cdf23a63a3976) Importer(2089858483,0ecaa5967403d082aa24f35e1b516d23)
Start importing Assets/ModernSupermarket/Models/Props/Produce/Artichoke_fdde0u/Textures/Artichoke_fdde0u_m.png using Guid(6d2e3a97fabafaa4ea8cdf23a63a3976) Importer(2089858483,0ecaa5967403d082aa24f35e1b516d23) [PhysX] Initialized MultithreadedTaskDispatcher with 16 workers.
 -> (artifact id: '17ca73a78856572a504d027d1544095f') in 0.017087 seconds
Number of updated asset objects reloaded before import = 0
Number of asset objects unloaded after import = 1
========================================================================
Received Import Request.
  Time since last request: 0.000021 seconds.
  path: Assets/ModernSupermarket/Models/Props/Produce/Pumpkin_hjtgsa/Textures/Pumpkin_hjtgsa_a.png
  artifactKey: Guid(ba652f7b5cf98994fa6d10dab7810bf5) Importer(2089858483,0ecaa5967403d082aa24f35e1b516d23)
Start importing Assets/ModernSupermarket/Models/Props/Produce/Pumpkin_hjtgsa/Textures/Pumpkin_hjtgsa_a.png using Guid(ba652f7b5cf98994fa6d10dab7810bf5) Importer(2089858483,0ecaa5967403d082aa24f35e1b516d23) [PhysX] Initialized MultithreadedTaskDispatcher with 16 workers.
 -> (artifact id: '9dde65a1a74da3e7ca039bc51a412029') in 0.019864 seconds
Number of updated asset objects reloaded before import = 0
Number of asset objects unloaded after import = 1
========================================================================
Received Import Request.
  Time since last request: 0.000024 seconds.
  path: Assets/ModernSupermarket/Models/Furniture/Counter_attlsv/Textures/Materials/Counter_attlsv.mat
  artifactKey: Guid(7c1302e00a6f02d4d837ef5c6b862734) Importer(2089858483,0ecaa5967403d082aa24f35e1b516d23)
Start importing Assets/ModernSupermarket/Models/Furniture/Counter_attlsv/Textures/Materials/Counter_attlsv.mat using Guid(7c1302e00a6f02d4d837ef5c6b862734) Importer(2089858483,0ecaa5967403d082aa24f35e1b516d23) [PhysX] Initialized MultithreadedTaskDispatcher with 16 workers.
 -> (artifact id: 'd6742099fb4ce1d22299024030f9d385') in 0.019842 seconds
Number of updated asset objects reloaded before import = 0
Number of asset objects unloaded after import = 5
========================================================================
Received Import Request.
  Time since last request: 0.000017 seconds.
  path: Assets/ModernSupermarket/Models/Props/Products/BeerKeg_byk96e/Textures/BeerKeg_byk96e_m.png
  artifactKey: Guid(7d732f83b41f98c4dba61b98f7ab055c) Importer(2089858483,0ecaa5967403d082aa24f35e1b516d23)
Start importing Assets/ModernSupermarket/Models/Props/Products/BeerKeg_byk96e/Textures/BeerKeg_byk96e_m.png using Guid(7d732f83b41f98c4dba61b98f7ab055c) Importer(2089858483,0ecaa5967403d082aa24f35e1b516d23) [PhysX] Initialized MultithreadedTaskDispatcher with 16 workers.
 -> (artifact id: 'f00c0f13c62a6804747ccc45a8f9ce98') in 0.018511 seconds
Number of updated asset objects reloaded before import = 0
Number of asset objects unloaded after import = 1
========================================================================
Received Import Request.
  Time since last request: 0.000035 seconds.
  path: Assets/ModernSupermarket/Models/Props/Products/TinCan_60afsy/TinCan_60afsy_Pack01.fbx
  artifactKey: Guid(5fb0e3a0980655b498c0dc39babe30a1) Importer(2089858483,0ecaa5967403d082aa24f35e1b516d23)
Start importing Assets/ModernSupermarket/Models/Props/Products/TinCan_60afsy/TinCan_60afsy_Pack01.fbx using Guid(5fb0e3a0980655b498c0dc39babe30a1) Importer(2089858483,0ecaa5967403d082aa24f35e1b516d23) [PhysX] Initialized MultithreadedTaskDispatcher with 16 workers.
 -> (artifact id: '900b3c575899960b2a1b1e3105bf0105') in 0.018263 seconds
Number of updated asset objects reloaded before import = 0
Number of asset objects unloaded after import = 7
========================================================================
Received Import Request.
  Time since last request: 0.000022 seconds.
  path: Assets/SpeechSDK/Plugins/Android/libs/armeabi-v7a/libMicrosoft.CognitiveServices.Speech.extension.kws.ort.so
  artifactKey: Guid(c72bb6a7818b4e84b3fcb52c9fc47872) Importer(2089858483,0ecaa5967403d082aa24f35e1b516d23)
Start importing Assets/SpeechSDK/Plugins/Android/libs/armeabi-v7a/libMicrosoft.CognitiveServices.Speech.extension.kws.ort.so using Guid(c72bb6a7818b4e84b3fcb52c9fc47872) Importer(2089858483,0ecaa5967403d082aa24f35e1b516d23) [PhysX] Initialized MultithreadedTaskDispatcher with 16 workers.
 -> (artifact id: '5376b0ebd9cf972faede2fc19cdc1555') in 0.015373 seconds
Number of updated asset objects reloaded before import = 0
Number of asset objects unloaded after import = 1
========================================================================
Received Import Request.
  Time since last request: 0.000018 seconds.
  path: Assets/ModernSupermarket/Models/Props/Produce/Grapefruit_mrfrpw/Textures/Grapefruit_mrfrpw_o.png
  artifactKey: Guid(3f60444c79648fb43ac151c2e020b52e) Importer(2089858483,0ecaa5967403d082aa24f35e1b516d23)
Start importing Assets/ModernSupermarket/Models/Props/Produce/Grapefruit_mrfrpw/Textures/Grapefruit_mrfrpw_o.png using Guid(3f60444c79648fb43ac151c2e020b52e) Importer(2089858483,0ecaa5967403d082aa24f35e1b516d23) [PhysX] Initialized MultithreadedTaskDispatcher with 16 workers.
 -> (artifact id: '42237d613c63c487e25a84858127489e') in 0.017452 seconds
Number of updated asset objects reloaded before import = 0
Number of asset objects unloaded after import = 1
========================================================================
Received Import Request.
  Time since last request: 0.000019 seconds.
  path: Assets/ModernSupermarket/Models/Props/Produce/Banana_zjs4oz/Textures/Banana_zjs4oz_a.png
  artifactKey: Guid(8d4665e07e756e649a5709f5758a8d9f) Importer(2089858483,0ecaa5967403d082aa24f35e1b516d23)
Start importing Assets/ModernSupermarket/Models/Props/Produce/Banana_zjs4oz/Textures/Banana_zjs4oz_a.png using Guid(8d4665e07e756e649a5709f5758a8d9f) Importer(2089858483,0ecaa5967403d082aa24f35e1b516d23) [PhysX] Initialized MultithreadedTaskDispatcher with 16 workers.
 -> (artifact id: '3b96cb1ab6c1dc714ccddf95d6d958bc') in 0.020400 seconds
Number of updated asset objects reloaded before import = 0
Number of asset objects unloaded after import = 1
========================================================================
Received Import Request.
  Time since last request: 0.000024 seconds.
  path: Assets/ModernSupermarket/Models/Furniture/Sign_04h2fw/Textures/Materials/Sign_04h2fw_Books.mat
  artifactKey: Guid(9db5b5f5587c1244d80c64df99850fc3) Importer(2089858483,0ecaa5967403d082aa24f35e1b516d23)
Start importing Assets/ModernSupermarket/Models/Furniture/Sign_04h2fw/Textures/Materials/Sign_04h2fw_Books.mat using Guid(9db5b5f5587c1244d80c64df99850fc3) Importer(2089858483,0ecaa5967403d082aa24f35e1b516d23) [PhysX] Initialized MultithreadedTaskDispatcher with 16 workers.
 -> (artifact id: 'b29a6f4ee995c98538164f24bd7dbef1') in 0.020079 seconds
Number of updated asset objects reloaded before import = 0
Number of asset objects unloaded after import = 5
========================================================================
Received Import Request.
  Time since last request: 0.000035 seconds.
  path: Assets/ModernSupermarket/Models/Props/Products/Pizza_ehb1pe/Pizza_ehb1pe.fbx
  artifactKey: Guid(4dda0facc42d2d344b70604c1171df02) Importer(2089858483,0ecaa5967403d082aa24f35e1b516d23)
Start importing Assets/ModernSupermarket/Models/Props/Products/Pizza_ehb1pe/Pizza_ehb1pe.fbx using Guid(4dda0facc42d2d344b70604c1171df02) Importer(2089858483,0ecaa5967403d082aa24f35e1b516d23) [PhysX] Initialized MultithreadedTaskDispatcher with 16 workers.
 -> (artifact id: 'f4a38667bb8318fd4dae2c07d2dc78c0') in 0.019676 seconds
Number of updated asset objects reloaded before import = 0
Number of asset objects unloaded after import = 7
========================================================================
Received Import Request.
  Time since last request: 0.000024 seconds.
  path: Assets/ModernSupermarket/Models/Props/Products/Sugar_prsmvy/Sugar_prsmvy_Pack01.fbx
  artifactKey: Guid(a1c5420296c2d59459b5a61c3d18edb0) Importer(2089858483,0ecaa5967403d082aa24f35e1b516d23)
Start importing Assets/ModernSupermarket/Models/Props/Products/Sugar_prsmvy/Sugar_prsmvy_Pack01.fbx using Guid(a1c5420296c2d59459b5a61c3d18edb0) Importer(2089858483,0ecaa5967403d082aa24f35e1b516d23) [PhysX] Initialized MultithreadedTaskDispatcher with 16 workers.
 -> (artifact id: '4f3cc3da5bdbc91970cc96a2083d63f3') in 0.020649 seconds
Number of updated asset objects reloaded before import = 0
Number of asset objects unloaded after import = 7
========================================================================
Received Import Request.
  Time since last request: 0.000039 seconds.
  path: Assets/ModernSupermarket/Models/Props/Produce/Zucchini_z21819/Textures/Zucchini_z21819_a.png
  artifactKey: Guid(2c9bcc4dac052ee4b95d4f0868fc9e29) Importer(2089858483,0ecaa5967403d082aa24f35e1b516d23)
Start importing Assets/ModernSupermarket/Models/Props/Produce/Zucchini_z21819/Textures/Zucchini_z21819_a.png using Guid(2c9bcc4dac052ee4b95d4f0868fc9e29) Importer(2089858483,0ecaa5967403d082aa24f35e1b516d23) [PhysX] Initialized MultithreadedTaskDispatcher with 16 workers.
 -> (artifact id: '4972cb159b764ce3b1bd328078a01f21') in 0.019128 seconds
Number of updated asset objects reloaded before import = 0
Number of asset objects unloaded after import = 1
========================================================================
Received Import Request.
  Time since last request: 0.000022 seconds.
  path: Assets/ModernSupermarket/Models/Props/Produce/Pumpkin_hjtgsa/Textures/Pumpkin_hjtgsa_n.png
  artifactKey: Guid(97a677accda1c0944b9f4d5333141f73) Importer(2089858483,0ecaa5967403d082aa24f35e1b516d23)
Start importing Assets/ModernSupermarket/Models/Props/Produce/Pumpkin_hjtgsa/Textures/Pumpkin_hjtgsa_n.png using Guid(97a677accda1c0944b9f4d5333141f73) Importer(2089858483,0ecaa5967403d082aa24f35e1b516d23) [PhysX] Initialized MultithreadedTaskDispatcher with 16 workers.
 -> (artifact id: 'a61508bab76955641c287040ed194568') in 0.016791 seconds
Number of updated asset objects reloaded before import = 0
Number of asset objects unloaded after import = 1
========================================================================
Received Import Request.
  Time since last request: 0.000018 seconds.
  path: Assets/ModernSupermarket/Models/Props/Products/Alcohol_qi7uqvr/Textures/Alcohol_qi7uqv_a.png
  artifactKey: Guid(1b2032881b4367b48aa5c5fe5af76768) Importer(2089858483,0ecaa5967403d082aa24f35e1b516d23)
Start importing Assets/ModernSupermarket/Models/Props/Products/Alcohol_qi7uqvr/Textures/Alcohol_qi7uqv_a.png using Guid(1b2032881b4367b48aa5c5fe5af76768) Importer(2089858483,0ecaa5967403d082aa24f35e1b516d23) [PhysX] Initialized MultithreadedTaskDispatcher with 16 workers.
 -> (artifact id: '3dc0eecd85fb0f3d80d9b361671a979f') in 0.015231 seconds
Number of updated asset objects reloaded before import = 0
Number of asset objects unloaded after import = 1
========================================================================
Received Import Request.
  Time since last request: 0.000016 seconds.
  path: Assets/ModernSupermarket/Models/Props/Produce/Papaya_xt7unv/Textures/Papaya_xt7unv_a.png
  artifactKey: Guid(332c67a7d8649b54988af7f2a5f52c61) Importer(2089858483,0ecaa5967403d082aa24f35e1b516d23)
Start importing Assets/ModernSupermarket/Models/Props/Produce/Papaya_xt7unv/Textures/Papaya_xt7unv_a.png using Guid(332c67a7d8649b54988af7f2a5f52c61) Importer(2089858483,0ecaa5967403d082aa24f35e1b516d23) [PhysX] Initialized MultithreadedTaskDispatcher with 16 workers.
 -> (artifact id: 'f7456b3f2563f988faa029da765a4f35') in 0.026139 seconds
Number of updated asset objects reloaded before import = 0
Number of asset objects unloaded after import = 1
========================================================================
Received Import Request.
  Time since last request: 0.000024 seconds.
  path: Assets/ModernSupermarket/Models/Props/Products/SweetJar_alnwix/SweetJar_alnwix.fbx
  artifactKey: Guid(e5fb12e8c8010cc4c8f0ce490f2176ed) Importer(2089858483,0ecaa5967403d082aa24f35e1b516d23)
Start importing Assets/ModernSupermarket/Models/Props/Products/SweetJar_alnwix/SweetJar_alnwix.fbx using Guid(e5fb12e8c8010cc4c8f0ce490f2176ed) Importer(2089858483,0ecaa5967403d082aa24f35e1b516d23) [PhysX] Initialized MultithreadedTaskDispatcher with 16 workers.
 -> (artifact id: 'fbc19194051519109f62c8a9daa46370') in 0.020313 seconds
Number of updated asset objects reloaded before import = 0
Number of asset objects unloaded after import = 7
========================================================================
Received Import Request.
  Time since last request: 0.000027 seconds.
  path: Assets/ModernSupermarket/Models/Props/Products/BeerKeg_byk96e/Textures/BeerKeg_byk96e_Var01_a.png
  artifactKey: Guid(934f2a724afeba94786d140cbc4da7d8) Importer(2089858483,0ecaa5967403d082aa24f35e1b516d23)
Start importing Assets/ModernSupermarket/Models/Props/Products/BeerKeg_byk96e/Textures/BeerKeg_byk96e_Var01_a.png using Guid(934f2a724afeba94786d140cbc4da7d8) Importer(2089858483,0ecaa5967403d082aa24f35e1b516d23) [PhysX] Initialized MultithreadedTaskDispatcher with 16 workers.
 -> (artifact id: '18b5b19cc95b91a447402a21f7e9a667') in 0.019970 seconds
Number of updated asset objects reloaded before import = 0
Number of asset objects unloaded after import = 1
========================================================================
Received Import Request.
  Time since last request: 0.000032 seconds.
  path: Assets/ModernSupermarket/Models/Props/Produce/Pineapple_c1vx80/Textures/Pineapple_c1vx80_p.png
  artifactKey: Guid(0d907589cbcf9ea4ebb10d045086584a) Importer(2089858483,0ecaa5967403d082aa24f35e1b516d23)
Start importing Assets/ModernSupermarket/Models/Props/Produce/Pineapple_c1vx80/Textures/Pineapple_c1vx80_p.png using Guid(0d907589cbcf9ea4ebb10d045086584a) Importer(2089858483,0ecaa5967403d082aa24f35e1b516d23) [PhysX] Initialized MultithreadedTaskDispatcher with 16 workers.
 -> (artifact id: 'a5e4e3386127205a0a37f202eb8fa8ef') in 0.019827 seconds
Number of updated asset objects reloaded before import = 0
Number of asset objects unloaded after import = 1
========================================================================
Received Import Request.
  Time since last request: 0.000019 seconds.
  path: Assets/ModernSupermarket/Models/Props/Produce/Watermelon_z0o9y3/Textures/Watermelon_z0o9y3_n.png
  artifactKey: Guid(6fb5486d52cf060439814c54637bb982) Importer(2089858483,0ecaa5967403d082aa24f35e1b516d23)
Start importing Assets/ModernSupermarket/Models/Props/Produce/Watermelon_z0o9y3/Textures/Watermelon_z0o9y3_n.png using Guid(6fb5486d52cf060439814c54637bb982) Importer(2089858483,0ecaa5967403d082aa24f35e1b516d23) [PhysX] Initialized MultithreadedTaskDispatcher with 16 workers.
 -> (artifact id: '8d87b20a9c702bf47e6ea0ad75e51653') in 0.020079 seconds
Number of updated asset objects reloaded before import = 0
Number of asset objects unloaded after import = 1
========================================================================
Received Import Request.
  Time since last request: 0.000023 seconds.
  path: Assets/ModernSupermarket/Models/Props/Products/Alcohol_qi7uqvr/Textures/Alcohol_qi7uqv_m.png
  artifactKey: Guid(d1b42db0b7074e249ad07a56e7d22c3f) Importer(2089858483,0ecaa5967403d082aa24f35e1b516d23)
Start importing Assets/ModernSupermarket/Models/Props/Products/Alcohol_qi7uqvr/Textures/Alcohol_qi7uqv_m.png using Guid(d1b42db0b7074e249ad07a56e7d22c3f) Importer(2089858483,0ecaa5967403d082aa24f35e1b516d23) [PhysX] Initialized MultithreadedTaskDispatcher with 16 workers.
 -> (artifact id: '26fb15bf4e5c82a16204cab1b35f11a0') in 0.018295 seconds
Number of updated asset objects reloaded before import = 0
Number of asset objects unloaded after import = 1
========================================================================
Received Import Request.
  Time since last request: 0.000028 seconds.
  path: Assets/ModernSupermarket/Models/Props/Produce/Zucchini_z21819/Textures/Zucchini_z21819_o.png
  artifactKey: Guid(55bb4b8b8d7765f46a839c83fe786d50) Importer(2089858483,0ecaa5967403d082aa24f35e1b516d23)
Start importing Assets/ModernSupermarket/Models/Props/Produce/Zucchini_z21819/Textures/Zucchini_z21819_o.png using Guid(55bb4b8b8d7765f46a839c83fe786d50) Importer(2089858483,0ecaa5967403d082aa24f35e1b516d23) [PhysX] Initialized MultithreadedTaskDispatcher with 16 workers.
 -> (artifact id: '21c94c43cf90524ff607fae76e296a9a') in 0.018045 seconds
Number of updated asset objects reloaded before import = 0
Number of asset objects unloaded after import = 1
========================================================================
Received Import Request.
  Time since last request: 0.000024 seconds.
  path: Assets/ModernSupermarket/Models/Props/Products/Alcohol_tqkp8c/Textures/Whisky_tqkp8c_m.png
  artifactKey: Guid(292f3345adca3544590733fbc6bb9769) Importer(2089858483,0ecaa5967403d082aa24f35e1b516d23)
Start importing Assets/ModernSupermarket/Models/Props/Products/Alcohol_tqkp8c/Textures/Whisky_tqkp8c_m.png using Guid(292f3345adca3544590733fbc6bb9769) Importer(2089858483,0ecaa5967403d082aa24f35e1b516d23) [PhysX] Initialized MultithreadedTaskDispatcher with 16 workers.
 -> (artifact id: '06742a406e7572e244ae15291750c9ee') in 0.016757 seconds
Number of updated asset objects reloaded before import = 0
Number of asset objects unloaded after import = 1
========================================================================
Received Import Request.
  Time since last request: 0.000017 seconds.
  path: Assets/ModernSupermarket/Models/Props/Products/YoghurtPack_kjd150/Yoghurt_rk7lsf.fbx
  artifactKey: Guid(5cfc273394e84254892b2db37c90dca6) Importer(2089858483,0ecaa5967403d082aa24f35e1b516d23)
Start importing Assets/ModernSupermarket/Models/Props/Products/YoghurtPack_kjd150/Yoghurt_rk7lsf.fbx using Guid(5cfc273394e84254892b2db37c90dca6) Importer(2089858483,0ecaa5967403d082aa24f35e1b516d23) [PhysX] Initialized MultithreadedTaskDispatcher with 16 workers.
 -> (artifact id: '8ee1f158a369808666a2cbcf79752df3') in 0.016332 seconds
Number of updated asset objects reloaded before import = 0
Number of asset objects unloaded after import = 7
========================================================================
Received Import Request.
  Time since last request: 0.000027 seconds.
  path: Assets/ModernSupermarket/Models/Props/Products/Vase_enq19o/Vase_enq19o.fbx
  artifactKey: Guid(71b9d4b1193626a45baa3e3dc897fb34) Importer(2089858483,0ecaa5967403d082aa24f35e1b516d23)
Start importing Assets/ModernSupermarket/Models/Props/Products/Vase_enq19o/Vase_enq19o.fbx using Guid(71b9d4b1193626a45baa3e3dc897fb34) Importer(2089858483,0ecaa5967403d082aa24f35e1b516d23) [PhysX] Initialized MultithreadedTaskDispatcher with 16 workers.
 -> (artifact id: '0e93027e537a7582eefeb62ce602abf0') in 0.021739 seconds
Number of updated asset objects reloaded before import = 0
Number of asset objects unloaded after import = 19
========================================================================
Received Import Request.
  Time since last request: 0.000043 seconds.
  path: Assets/ModernSupermarket/Models/Props/Products/SlicedBread_tp7aom/SlicedBread_tp7aom_Pack01.fbx
  artifactKey: Guid(7fe2132b4d468f74fa6ba7cff2c4915a) Importer(2089858483,0ecaa5967403d082aa24f35e1b516d23)
Start importing Assets/ModernSupermarket/Models/Props/Products/SlicedBread_tp7aom/SlicedBread_tp7aom_Pack01.fbx using Guid(7fe2132b4d468f74fa6ba7cff2c4915a) Importer(2089858483,0ecaa5967403d082aa24f35e1b516d23) [PhysX] Initialized MultithreadedTaskDispatcher with 16 workers.
 -> (artifact id: '32dc5b28de02849f912e1a34a3503375') in 0.017225 seconds
Number of updated asset objects reloaded before import = 0
Number of asset objects unloaded after import = 7
========================================================================
Received Import Request.
  Time since last request: 0.000022 seconds.
  path: Assets/ModernSupermarket/Models/Props/Products/Chips_w4tja8/Textures/Chips_w4tja8_m.png
  artifactKey: Guid(613017fa86dc1d74db17d33b65bf709e) Importer(2089858483,0ecaa5967403d082aa24f35e1b516d23)
Start importing Assets/ModernSupermarket/Models/Props/Products/Chips_w4tja8/Textures/Chips_w4tja8_m.png using Guid(613017fa86dc1d74db17d33b65bf709e) Importer(2089858483,0ecaa5967403d082aa24f35e1b516d23) [PhysX] Initialized MultithreadedTaskDispatcher with 16 workers.
 -> (artifact id: 'abecbbf5e27787dbd17234e59055d012') in 0.021708 seconds
Number of updated asset objects reloaded before import = 0
Number of asset objects unloaded after import = 1
========================================================================
Received Import Request.
  Time since last request: 0.000017 seconds.
  path: Assets/ModernSupermarket/Models/Props/Products/Capsule_xrahaz/Textures/Capsule_xrahaz_a.png
  artifactKey: Guid(fe26592d4994ac447966134f1f86fcd5) Importer(2089858483,0ecaa5967403d082aa24f35e1b516d23)
Start importing Assets/ModernSupermarket/Models/Props/Products/Capsule_xrahaz/Textures/Capsule_xrahaz_a.png using Guid(fe26592d4994ac447966134f1f86fcd5) Importer(2089858483,0ecaa5967403d082aa24f35e1b516d23) [PhysX] Initialized MultithreadedTaskDispatcher with 16 workers.
 -> (artifact id: '3b13f677892bb3cac58dc2c820654cfa') in 0.018806 seconds
Number of updated asset objects reloaded before import = 0
Number of asset objects unloaded after import = 1
========================================================================
Received Import Request.
  Time since last request: 0.000045 seconds.
  path: Assets/ModernSupermarket/Models/Props/Products/FrozenPack_xp713y/Textures/FrozenPack_xp713y_a_Var01.png
  artifactKey: Guid(6d7d2d717a5371d4da344fea085d037e) Importer(2089858483,0ecaa5967403d082aa24f35e1b516d23)
Start importing Assets/ModernSupermarket/Models/Props/Products/FrozenPack_xp713y/Textures/FrozenPack_xp713y_a_Var01.png using Guid(6d7d2d717a5371d4da344fea085d037e) Importer(2089858483,0ecaa5967403d082aa24f35e1b516d23) [PhysX] Initialized MultithreadedTaskDispatcher with 16 workers.
 -> (artifact id: 'e4bb2c8a5fd7b5cfe021aa434afb7f0c') in 0.015941 seconds
Number of updated asset objects reloaded before import = 0
Number of asset objects unloaded after import = 1
========================================================================
Received Import Request.
  Time since last request: 0.000024 seconds.
  path: Assets/ModernSupermarket/Models/Props/Products/FrozenPack_t7wenh/Textures/FrozenPack_t7wenh_Var01_a.png
  artifactKey: Guid(2786cb9791eefa04390a4ab3a6c0e6cb) Importer(2089858483,0ecaa5967403d082aa24f35e1b516d23)
Start importing Assets/ModernSupermarket/Models/Props/Products/FrozenPack_t7wenh/Textures/FrozenPack_t7wenh_Var01_a.png using Guid(2786cb9791eefa04390a4ab3a6c0e6cb) Importer(2089858483,0ecaa5967403d082aa24f35e1b516d23) [PhysX] Initialized MultithreadedTaskDispatcher with 16 workers.
 -> (artifact id: '69276e9fdd77bd6c3f898864cef2f850') in 0.016416 seconds
Number of updated asset objects reloaded before import = 0
Number of asset objects unloaded after import = 1
========================================================================
Received Import Request.
  Time since last request: 0.000029 seconds.
  path: Assets/ModernSupermarket/Models/Props/Products/Bleach_irrpnt/Textures/Bleach_irrpnt_Var01_a.png
  artifactKey: Guid(840f0405e86fe644692458a6335f0df4) Importer(2089858483,0ecaa5967403d082aa24f35e1b516d23)
Start importing Assets/ModernSupermarket/Models/Props/Products/Bleach_irrpnt/Textures/Bleach_irrpnt_Var01_a.png using Guid(840f0405e86fe644692458a6335f0df4) Importer(2089858483,0ecaa5967403d082aa24f35e1b516d23) [PhysX] Initialized MultithreadedTaskDispatcher with 16 workers.
 -> (artifact id: 'ec33fedf5e9ad5bc78d269bee0438307') in 0.015770 seconds
Number of updated asset objects reloaded before import = 0
Number of asset objects unloaded after import = 1
========================================================================
Received Import Request.
  Time since last request: 0.000017 seconds.
  path: Assets/ModernSupermarket/Models/Props/Products/Capsule_dchvzi/Textures/Capsule_dchvzi_o.png
  artifactKey: Guid(0f226aa8e95acc44fa047e2ab296cbbd) Importer(2089858483,0ecaa5967403d082aa24f35e1b516d23)
Start importing Assets/ModernSupermarket/Models/Props/Products/Capsule_dchvzi/Textures/Capsule_dchvzi_o.png using Guid(0f226aa8e95acc44fa047e2ab296cbbd) Importer(2089858483,0ecaa5967403d082aa24f35e1b516d23) [PhysX] Initialized MultithreadedTaskDispatcher with 16 workers.
 -> (artifact id: '2af151c9a4270acc3d9d7b07608d3c09') in 0.016860 seconds
Number of updated asset objects reloaded before import = 0
Number of asset objects unloaded after import = 1
========================================================================
Received Import Request.
  Time since last request: 0.000025 seconds.
  path: Assets/ModernSupermarket/Models/Props/Products/CansPack_f98qxo/Textures/CansPack_f98qxo_a.png
  artifactKey: Guid(5cd743651e8e3de4fadf09e0d984e238) Importer(2089858483,0ecaa5967403d082aa24f35e1b516d23)
Start importing Assets/ModernSupermarket/Models/Props/Products/CansPack_f98qxo/Textures/CansPack_f98qxo_a.png using Guid(5cd743651e8e3de4fadf09e0d984e238) Importer(2089858483,0ecaa5967403d082aa24f35e1b516d23) [PhysX] Initialized MultithreadedTaskDispatcher with 16 workers.
 -> (artifact id: 'f5251349df22888fb2fe578fbdc83e5c') in 0.016615 seconds
Number of updated asset objects reloaded before import = 0
Number of asset objects unloaded after import = 1
========================================================================
Received Import Request.
  Time since last request: 0.000027 seconds.
  path: Assets/ModernSupermarket/Models/Props/Products/MeatTray_fbw8xf/Textures/MeatTray_fbw8xf_Meat_n.png
  artifactKey: Guid(b704575a46a85f24faa4343f69736857) Importer(2089858483,0ecaa5967403d082aa24f35e1b516d23)
Start importing Assets/ModernSupermarket/Models/Props/Products/MeatTray_fbw8xf/Textures/MeatTray_fbw8xf_Meat_n.png using Guid(b704575a46a85f24faa4343f69736857) Importer(2089858483,0ecaa5967403d082aa24f35e1b516d23) [PhysX] Initialized MultithreadedTaskDispatcher with 16 workers.
 -> (artifact id: '00ea59681e6d9bbbcd2f77b45c9b45fb') in 0.014748 seconds
Number of updated asset objects reloaded before import = 0
Number of asset objects unloaded after import = 1
========================================================================
Received Import Request.
  Time since last request: 0.000016 seconds.
  path: Assets/ModernSupermarket/Models/Props/Products/Capsule_dchvzi/Textures/Capsule_dchvzi_a.png
  artifactKey: Guid(66a289172026010458935bd98b55c2ca) Importer(2089858483,0ecaa5967403d082aa24f35e1b516d23)
Start importing Assets/ModernSupermarket/Models/Props/Products/Capsule_dchvzi/Textures/Capsule_dchvzi_a.png using Guid(66a289172026010458935bd98b55c2ca) Importer(2089858483,0ecaa5967403d082aa24f35e1b516d23) [PhysX] Initialized MultithreadedTaskDispatcher with 16 workers.
 -> (artifact id: '55c30f5302161b7d2fa62744140b7697') in 0.015295 seconds
Number of updated asset objects reloaded before import = 0
Number of asset objects unloaded after import = 1
========================================================================
Received Import Request.
  Time since last request: 0.000020 seconds.
  path: Assets/ModernSupermarket/Models/Props/Products/MeatTray_bbcwdq/Textures/MeatTray_qm4z4l_a.png
  artifactKey: Guid(8f5f4ae9518c18f4dbda8a2d12fb6a84) Importer(2089858483,0ecaa5967403d082aa24f35e1b516d23)
Start importing Assets/ModernSupermarket/Models/Props/Products/MeatTray_bbcwdq/Textures/MeatTray_qm4z4l_a.png using Guid(8f5f4ae9518c18f4dbda8a2d12fb6a84) Importer(2089858483,0ecaa5967403d082aa24f35e1b516d23) [PhysX] Initialized MultithreadedTaskDispatcher with 16 workers.
 -> (artifact id: '6abc0d775555e0e8b77536443593d2be') in 0.017462 seconds
Number of updated asset objects reloaded before import = 0
Number of asset objects unloaded after import = 1
========================================================================
Received Import Request.
  Time since last request: 0.000019 seconds.
  path: Assets/ModernSupermarket/Models/Props/Products/Oil_751tp2/Textures/Olive_Oil_751tp2_o.png
  artifactKey: Guid(da0aa343cbf39274383c40b3097a43fe) Importer(2089858483,0ecaa5967403d082aa24f35e1b516d23)
Start importing Assets/ModernSupermarket/Models/Props/Products/Oil_751tp2/Textures/Olive_Oil_751tp2_o.png using Guid(da0aa343cbf39274383c40b3097a43fe) Importer(2089858483,0ecaa5967403d082aa24f35e1b516d23) [PhysX] Initialized MultithreadedTaskDispatcher with 16 workers.
 -> (artifact id: 'fb16c0a9901ad8e42860872b8220d56e') in 0.014634 seconds
Number of updated asset objects reloaded before import = 0
Number of asset objects unloaded after import = 1
========================================================================
Received Import Request.
  Time since last request: 0.000015 seconds.
  path: Assets/ModernSupermarket/Models/Props/Products/ChocolateSpread_xhkyij/Textures/ChocolateSpread_xhkyij_Var01_a.png
  artifactKey: Guid(583293a934e615c4a825dd4a6673f939) Importer(2089858483,0ecaa5967403d082aa24f35e1b516d23)
Start importing Assets/ModernSupermarket/Models/Props/Products/ChocolateSpread_xhkyij/Textures/ChocolateSpread_xhkyij_Var01_a.png using Guid(583293a934e615c4a825dd4a6673f939) Importer(2089858483,0ecaa5967403d082aa24f35e1b516d23) [PhysX] Initialized MultithreadedTaskDispatcher with 16 workers.
 -> (artifact id: 'e6f6a0cefb75e0ff3c50011553fb81de') in 0.015853 seconds
Number of updated asset objects reloaded before import = 0
Number of asset objects unloaded after import = 1
========================================================================
Received Import Request.
  Time since last request: 0.000070 seconds.
  path: Assets/ModernSupermarket/Models/Props/Products/MeatTray_bbcwdq/Textures/MeatTray_bbcwdq_Meat_o.png
  artifactKey: Guid(725e0c486a332d24b900866186acaebd) Importer(2089858483,0ecaa5967403d082aa24f35e1b516d23)
Start importing Assets/ModernSupermarket/Models/Props/Products/MeatTray_bbcwdq/Textures/MeatTray_bbcwdq_Meat_o.png using Guid(725e0c486a332d24b900866186acaebd) Importer(2089858483,0ecaa5967403d082aa24f35e1b516d23) [PhysX] Initialized MultithreadedTaskDispatcher with 16 workers.
 -> (artifact id: 'f711da07faa5e05077f892e42ca8f719') in 0.016556 seconds
Number of updated asset objects reloaded before import = 0
Number of asset objects unloaded after import = 1
========================================================================
Received Import Request.
  Time since last request: 0.000020 seconds.
  path: Assets/ModernSupermarket/Models/Props/Products/Coffee_5uj6zk/Textures/Coffee_5uj6zk_Var02_a.png
  artifactKey: Guid(23d1bc429cc80584aaeae4ce030613b4) Importer(2089858483,0ecaa5967403d082aa24f35e1b516d23)
Start importing Assets/ModernSupermarket/Models/Props/Products/Coffee_5uj6zk/Textures/Coffee_5uj6zk_Var02_a.png using Guid(23d1bc429cc80584aaeae4ce030613b4) Importer(2089858483,0ecaa5967403d082aa24f35e1b516d23) [PhysX] Initialized MultithreadedTaskDispatcher with 16 workers.
 -> (artifact id: 'f4dd6cff8ea4eafbb3c4e9647212c21b') in 0.016535 seconds
Number of updated asset objects reloaded before import = 0
Number of asset objects unloaded after import = 1
========================================================================
Received Import Request.
  Time since last request: 0.000022 seconds.
  path: Assets/ModernSupermarket/Models/Props/Products/Laundry_mm7gx5/Textures/Laundry_mm7gx5_n.png
  artifactKey: Guid(1ef03a5dced63c34281b3137ad309995) Importer(2089858483,0ecaa5967403d082aa24f35e1b516d23)
Start importing Assets/ModernSupermarket/Models/Props/Products/Laundry_mm7gx5/Textures/Laundry_mm7gx5_n.png using Guid(1ef03a5dced63c34281b3137ad309995) Importer(2089858483,0ecaa5967403d082aa24f35e1b516d23) [PhysX] Initialized MultithreadedTaskDispatcher with 16 workers.
 -> (artifact id: 'a3e25e646546b495d2eefd7377c7692d') in 0.015674 seconds
Number of updated asset objects reloaded before import = 0
Number of asset objects unloaded after import = 1
========================================================================
Received Import Request.
  Time since last request: 0.000018 seconds.
  path: Assets/ModernSupermarket/Models/Props/Products/Ham_wplnxm/Textures/Ham_wplnxm_Var01_a.png
  artifactKey: Guid(f17700509fa199544ac7cd62fd6fd4de) Importer(2089858483,0ecaa5967403d082aa24f35e1b516d23)
Start importing Assets/ModernSupermarket/Models/Props/Products/Ham_wplnxm/Textures/Ham_wplnxm_Var01_a.png using Guid(f17700509fa199544ac7cd62fd6fd4de) Importer(2089858483,0ecaa5967403d082aa24f35e1b516d23) [PhysX] Initialized MultithreadedTaskDispatcher with 16 workers.
 -> (artifact id: '1ed61a5478960e1b96c5028901d388d7') in 0.015863 seconds
Number of updated asset objects reloaded before import = 0
Number of asset objects unloaded after import = 1
========================================================================
Received Import Request.
  Time since last request: 0.000017 seconds.
  path: Assets/ModernSupermarket/Models/Props/Products/MeatTray_qm4z4l/Textures/MeatTray_qm4z4l_mask.png
  artifactKey: Guid(0b4f1064dc2902a4387a7fb1339c66cc) Importer(2089858483,0ecaa5967403d082aa24f35e1b516d23)
Start importing Assets/ModernSupermarket/Models/Props/Products/MeatTray_qm4z4l/Textures/MeatTray_qm4z4l_mask.png using Guid(0b4f1064dc2902a4387a7fb1339c66cc) Importer(2089858483,0ecaa5967403d082aa24f35e1b516d23) [PhysX] Initialized MultithreadedTaskDispatcher with 16 workers.
 -> (artifact id: '5c5c82b949a850be2c8f0f49da065a77') in 0.016438 seconds
Number of updated asset objects reloaded before import = 0
Number of asset objects unloaded after import = 1
========================================================================
Received Import Request.
  Time since last request: 0.000017 seconds.
  path: Assets/ModernSupermarket/Models/Props/Products/FrozenPack_t7wenh/Textures/FrozenPack_t7wenh_Var03_a.png
  artifactKey: Guid(6df08ee316b178546b6b0a5430322fe6) Importer(2089858483,0ecaa5967403d082aa24f35e1b516d23)
Start importing Assets/ModernSupermarket/Models/Props/Products/FrozenPack_t7wenh/Textures/FrozenPack_t7wenh_Var03_a.png using Guid(6df08ee316b178546b6b0a5430322fe6) Importer(2089858483,0ecaa5967403d082aa24f35e1b516d23) [PhysX] Initialized MultithreadedTaskDispatcher with 16 workers.
 -> (artifact id: 'eabc1b975da1991d4d4a3c25fa8adc9c') in 0.015991 seconds
Number of updated asset objects reloaded before import = 0
Number of asset objects unloaded after import = 1
========================================================================
Received Import Request.
  Time since last request: 0.000024 seconds.
  path: Assets/ModernSupermarket/Models/Props/Products/OldMetalBox_edzkm9/Textures/OldMetalBox_Var02_edzkm9_n.png
  artifactKey: Guid(40300d8370479f845a8bdd3ddbc087a5) Importer(2089858483,0ecaa5967403d082aa24f35e1b516d23)
Start importing Assets/ModernSupermarket/Models/Props/Products/OldMetalBox_edzkm9/Textures/OldMetalBox_Var02_edzkm9_n.png using Guid(40300d8370479f845a8bdd3ddbc087a5) Importer(2089858483,0ecaa5967403d082aa24f35e1b516d23) [PhysX] Initialized MultithreadedTaskDispatcher with 16 workers.
 -> (artifact id: '43d1aded6431b5765eed0c326d2eeb71') in 0.016613 seconds
Number of updated asset objects reloaded before import = 0
Number of asset objects unloaded after import = 1
========================================================================
Received Import Request.
  Time since last request: 0.000019 seconds.
  path: Assets/ModernSupermarket/Models/Props/Products/Cream_jatl5h/Textures/Cream_jatl5h_m.png
  artifactKey: Guid(1e294ee451446a34f8b36a2336e1794f) Importer(2089858483,0ecaa5967403d082aa24f35e1b516d23)
Start importing Assets/ModernSupermarket/Models/Props/Products/Cream_jatl5h/Textures/Cream_jatl5h_m.png using Guid(1e294ee451446a34f8b36a2336e1794f) Importer(2089858483,0ecaa5967403d082aa24f35e1b516d23) [PhysX] Initialized MultithreadedTaskDispatcher with 16 workers.
 -> (artifact id: 'dbaa0ad8cff860c6ad149ec5698999ab') in 0.021444 seconds
Number of updated asset objects reloaded before import = 0
Number of asset objects unloaded after import = 1
========================================================================
Received Import Request.
  Time since last request: 0.000032 seconds.
  path: Assets/ModernSupermarket/Models/Props/Products/Cereal_me9j99/Textures/Cereal_me9j99_a_Var02.png
  artifactKey: Guid(3584e4a4c9f758c4d935d4579f2d244a) Importer(2089858483,0ecaa5967403d082aa24f35e1b516d23)
Start importing Assets/ModernSupermarket/Models/Props/Products/Cereal_me9j99/Textures/Cereal_me9j99_a_Var02.png using Guid(3584e4a4c9f758c4d935d4579f2d244a) Importer(2089858483,0ecaa5967403d082aa24f35e1b516d23) [PhysX] Initialized MultithreadedTaskDispatcher with 16 workers.
 -> (artifact id: '9d617442097ff440167a962c8c922968') in 0.017458 seconds
Number of updated asset objects reloaded before import = 0
Number of asset objects unloaded after import = 1
========================================================================
Received Import Request.
  Time since last request: 0.000033 seconds.
  path: Assets/ModernSupermarket/Models/Props/Products/MeatTray_dbf1nh/Textures/MeatTray_fbw8xf_m.png
  artifactKey: Guid(4388319eaecb6954a94e7a586ece0f0e) Importer(2089858483,0ecaa5967403d082aa24f35e1b516d23)
Start importing Assets/ModernSupermarket/Models/Props/Products/MeatTray_dbf1nh/Textures/MeatTray_fbw8xf_m.png using Guid(4388319eaecb6954a94e7a586ece0f0e) Importer(2089858483,0ecaa5967403d082aa24f35e1b516d23) [PhysX] Initialized MultithreadedTaskDispatcher with 16 workers.
 -> (artifact id: '3e964b028dea3acf62a441ec1afd73f4') in 0.016912 seconds
Number of updated asset objects reloaded before import = 0
Number of asset objects unloaded after import = 1
========================================================================
Received Import Request.
  Time since last request: 0.000021 seconds.
  path: Assets/ModernSupermarket/Models/Props/Products/Cereal_me9j99/Textures/Cereal_me9j99_o.png
  artifactKey: Guid(72bb97a23a6b6364aa1aa6460483d98b) Importer(2089858483,0ecaa5967403d082aa24f35e1b516d23)
Start importing Assets/ModernSupermarket/Models/Props/Products/Cereal_me9j99/Textures/Cereal_me9j99_o.png using Guid(72bb97a23a6b6364aa1aa6460483d98b) Importer(2089858483,0ecaa5967403d082aa24f35e1b516d23) [PhysX] Initialized MultithreadedTaskDispatcher with 16 workers.
 -> (artifact id: '8f6e42a9d9e0fd1ac7b4fe694c74dc3d') in 0.022541 seconds
Number of updated asset objects reloaded before import = 0
Number of asset objects unloaded after import = 1
========================================================================
Received Import Request.
  Time since last request: 0.000021 seconds.
  path: Assets/ModernSupermarket/Models/Props/Products/MeatTray_dbf1nh/Textures/MeatTray_dbf1nh_Meat_a.png
  artifactKey: Guid(0ecd1ac7347152042b843c6bfceb8100) Importer(2089858483,0ecaa5967403d082aa24f35e1b516d23)
Start importing Assets/ModernSupermarket/Models/Props/Products/MeatTray_dbf1nh/Textures/MeatTray_dbf1nh_Meat_a.png using Guid(0ecd1ac7347152042b843c6bfceb8100) Importer(2089858483,0ecaa5967403d082aa24f35e1b516d23) [PhysX] Initialized MultithreadedTaskDispatcher with 16 workers.
 -> (artifact id: '7b17f471a1c1c062c5b7d7d45f9e5cad') in 0.020792 seconds
Number of updated asset objects reloaded before import = 0
Number of asset objects unloaded after import = 1
========================================================================
Received Import Request.
  Time since last request: 0.000022 seconds.
  path: Assets/ModernSupermarket/Models/Props/Products/CrabSticks_mu7h0i/Textures/CrabSticks_mu7h0i_n.png
  artifactKey: Guid(5a531bfc9d2932d4796c5d23ffe39dea) Importer(2089858483,0ecaa5967403d082aa24f35e1b516d23)
Start importing Assets/ModernSupermarket/Models/Props/Products/CrabSticks_mu7h0i/Textures/CrabSticks_mu7h0i_n.png using Guid(5a531bfc9d2932d4796c5d23ffe39dea) Importer(2089858483,0ecaa5967403d082aa24f35e1b516d23) [PhysX] Initialized MultithreadedTaskDispatcher with 16 workers.
 -> (artifact id: '272d9ac2acec27b5547e4f64efc70b8e') in 0.017422 seconds
Number of updated asset objects reloaded before import = 0
Number of asset objects unloaded after import = 1
========================================================================
Received Import Request.
  Time since last request: 0.000030 seconds.
  path: Assets/ModernSupermarket/Models/Props/Products/Oil_ nutmjk/Textures/Oil_nutmjk_m.png
  artifactKey: Guid(333cd200486ac334b98bb8ac421fb1b9) Importer(2089858483,0ecaa5967403d082aa24f35e1b516d23)
Start importing Assets/ModernSupermarket/Models/Props/Products/Oil_ nutmjk/Textures/Oil_nutmjk_m.png using Guid(333cd200486ac334b98bb8ac421fb1b9) Importer(2089858483,0ecaa5967403d082aa24f35e1b516d23) [PhysX] Initialized MultithreadedTaskDispatcher with 16 workers.
 -> (artifact id: '845ea6682bdf3699533b615daaeae6ef') in 0.016734 seconds
Number of updated asset objects reloaded before import = 0
Number of asset objects unloaded after import = 1
========================================================================
Received Import Request.
  Time since last request: 0.000016 seconds.
  path: Assets/ModernSupermarket/Models/Props/Products/Books_bpxngl/Textures/Books_bpxngl_m.png
  artifactKey: Guid(f63a76ea1bc21ba4ab3f6fda9963673b) Importer(2089858483,0ecaa5967403d082aa24f35e1b516d23)
Start importing Assets/ModernSupermarket/Models/Props/Products/Books_bpxngl/Textures/Books_bpxngl_m.png using Guid(f63a76ea1bc21ba4ab3f6fda9963673b) Importer(2089858483,0ecaa5967403d082aa24f35e1b516d23) [PhysX] Initialized MultithreadedTaskDispatcher with 16 workers.
 -> (artifact id: '6dbbe5d3c1662b07f421810f4724d321') in 0.022640 seconds
Number of updated asset objects reloaded before import = 0
Number of asset objects unloaded after import = 1
========================================================================
Received Import Request.
  Time since last request: 0.000019 seconds.
  path: Assets/ModernSupermarket/Models/Props/Products/Cleanser_o964qg/Textures/Cleanser_o964qg_m.png
  artifactKey: Guid(cef558f382a6f2641a4a8aeee515e5aa) Importer(2089858483,0ecaa5967403d082aa24f35e1b516d23)
Start importing Assets/ModernSupermarket/Models/Props/Products/Cleanser_o964qg/Textures/Cleanser_o964qg_m.png using Guid(cef558f382a6f2641a4a8aeee515e5aa) Importer(2089858483,0ecaa5967403d082aa24f35e1b516d23) [PhysX] Initialized MultithreadedTaskDispatcher with 16 workers.
 -> (artifact id: '9e480879034512b4eb671173c20f8a11') in 0.017539 seconds
Number of updated asset objects reloaded before import = 0
Number of asset objects unloaded after import = 1
========================================================================
Received Import Request.
  Time since last request: 0.000019 seconds.
  path: Assets/ModernSupermarket/Models/Props/Products/MeatTray_fbw8xf/Textures/MeatTray_fbw8xf_n.png
  artifactKey: Guid(df0354cc56da5754e8eaaecc1e3bf71e) Importer(2089858483,0ecaa5967403d082aa24f35e1b516d23)
Start importing Assets/ModernSupermarket/Models/Props/Products/MeatTray_fbw8xf/Textures/MeatTray_fbw8xf_n.png using Guid(df0354cc56da5754e8eaaecc1e3bf71e) Importer(2089858483,0ecaa5967403d082aa24f35e1b516d23) [PhysX] Initialized MultithreadedTaskDispatcher with 16 workers.
 -> (artifact id: 'eeaaca5151c979d8ff4a46109f10f9b5') in 0.016819 seconds
Number of updated asset objects reloaded before import = 0
Number of asset objects unloaded after import = 1
========================================================================
Received Import Request.
  Time since last request: 0.000020 seconds.
  path: Assets/ModernSupermarket/Models/Props/Products/CansPack_f98qxo/Textures/CansPack_f98qxo_Var01_m.png
  artifactKey: Guid(ca2abbd2b58bc4f49914fcebb03d1f91) Importer(2089858483,0ecaa5967403d082aa24f35e1b516d23)
Start importing Assets/ModernSupermarket/Models/Props/Products/CansPack_f98qxo/Textures/CansPack_f98qxo_Var01_m.png using Guid(ca2abbd2b58bc4f49914fcebb03d1f91) Importer(2089858483,0ecaa5967403d082aa24f35e1b516d23) [PhysX] Initialized MultithreadedTaskDispatcher with 16 workers.
 -> (artifact id: '1f496eea8e7c56026ea02f7b7d7599db') in 0.018001 seconds
Number of updated asset objects reloaded before import = 0
Number of asset objects unloaded after import = 1
========================================================================
Received Import Request.
  Time since last request: 0.000021 seconds.
  path: Assets/ModernSupermarket/Models/Props/Products/EggBox4x_nbzek2/Textures/EggBox4x_nbzek2_n.png
  artifactKey: Guid(f692183860919c844ab8d49260d1db1b) Importer(2089858483,0ecaa5967403d082aa24f35e1b516d23)
Start importing Assets/ModernSupermarket/Models/Props/Products/EggBox4x_nbzek2/Textures/EggBox4x_nbzek2_n.png using Guid(f692183860919c844ab8d49260d1db1b) Importer(2089858483,0ecaa5967403d082aa24f35e1b516d23) [PhysX] Initialized MultithreadedTaskDispatcher with 16 workers.
 -> (artifact id: 'ad0dffa6c047df65f7f58d7794ec9f9c') in 0.017885 seconds
Number of updated asset objects reloaded before import = 0
Number of asset objects unloaded after import = 1
========================================================================
Received Import Request.
  Time since last request: 0.000018 seconds.
  path: Assets/ModernSupermarket/Models/Props/Products/ChocolateSpread_xhkyij/Textures/ChocolateSpread_xhkyij_Var02_a.png
  artifactKey: Guid(2c8722bb2c81fd7489e101f2d9d2eb60) Importer(2089858483,0ecaa5967403d082aa24f35e1b516d23)
Start importing Assets/ModernSupermarket/Models/Props/Products/ChocolateSpread_xhkyij/Textures/ChocolateSpread_xhkyij_Var02_a.png using Guid(2c8722bb2c81fd7489e101f2d9d2eb60) Importer(2089858483,0ecaa5967403d082aa24f35e1b516d23) [PhysX] Initialized MultithreadedTaskDispatcher with 16 workers.
 -> (artifact id: '9d4ba939ca77c8f80e89900348da7cb3') in 0.016090 seconds
Number of updated asset objects reloaded before import = 0
Number of asset objects unloaded after import = 1
========================================================================
Received Import Request.
  Time since last request: 0.000021 seconds.
  path: Assets/ModernSupermarket/Models/Props/Products/Oil_751tp2/Textures/Olive_Oil_751tp2_m.png
  artifactKey: Guid(6802266175709a143b4a98712a6f83ed) Importer(2089858483,0ecaa5967403d082aa24f35e1b516d23)
Start importing Assets/ModernSupermarket/Models/Props/Products/Oil_751tp2/Textures/Olive_Oil_751tp2_m.png using Guid(6802266175709a143b4a98712a6f83ed) Importer(2089858483,0ecaa5967403d082aa24f35e1b516d23) [PhysX] Initialized MultithreadedTaskDispatcher with 16 workers.
 -> (artifact id: '31783f5bd30d11149bb75f1586c59a41') in 0.014328 seconds
Number of updated asset objects reloaded before import = 0
Number of asset objects unloaded after import = 1
========================================================================
Received Import Request.
  Time since last request: 0.000095 seconds.
  path: Assets/ModernSupermarket/Models/Props/Products/MeatTray_qm4z4l/Textures/MeatTray_qm4z4l_Meat_n.png
  artifactKey: Guid(f35cb162f993b8a4dbe581ddd937fbb0) Importer(2089858483,0ecaa5967403d082aa24f35e1b516d23)
Start importing Assets/ModernSupermarket/Models/Props/Products/MeatTray_qm4z4l/Textures/MeatTray_qm4z4l_Meat_n.png using Guid(f35cb162f993b8a4dbe581ddd937fbb0) Importer(2089858483,0ecaa5967403d082aa24f35e1b516d23) [PhysX] Initialized MultithreadedTaskDispatcher with 16 workers.
 -> (artifact id: '0534077d870d87c3cceb2b72cfcde474') in 0.016823 seconds
Number of updated asset objects reloaded before import = 0
Number of asset objects unloaded after import = 1
========================================================================
Received Import Request.
  Time since last request: 0.000017 seconds.
  path: Assets/ModernSupermarket/Models/Props/Products/MeatTray_bbcwdq/Textures/MeatTray_qm4z4l_mask.png
  artifactKey: Guid(857c102d755a1dd4c831ddd1ebf253ec) Importer(2089858483,0ecaa5967403d082aa24f35e1b516d23)
Start importing Assets/ModernSupermarket/Models/Props/Products/MeatTray_bbcwdq/Textures/MeatTray_qm4z4l_mask.png using Guid(857c102d755a1dd4c831ddd1ebf253ec) Importer(2089858483,0ecaa5967403d082aa24f35e1b516d23) [PhysX] Initialized MultithreadedTaskDispatcher with 16 workers.
 -> (artifact id: 'c2adcf09821153ed690cf88844c2d2a5') in 0.015660 seconds
Number of updated asset objects reloaded before import = 0
Number of asset objects unloaded after import = 1
========================================================================
Received Import Request.
  Time since last request: 0.000018 seconds.
  path: Assets/ModernSupermarket/Models/Props/Products/Decoration_q1fmhj/Textures/Decoration_q1fmhj_m.png
  artifactKey: Guid(edc2d9ae86e445341a94ad41be5dddc5) Importer(2089858483,0ecaa5967403d082aa24f35e1b516d23)
Start importing Assets/ModernSupermarket/Models/Props/Products/Decoration_q1fmhj/Textures/Decoration_q1fmhj_m.png using Guid(edc2d9ae86e445341a94ad41be5dddc5) Importer(2089858483,0ecaa5967403d082aa24f35e1b516d23) [PhysX] Initialized MultithreadedTaskDispatcher with 16 workers.
 -> (artifact id: '920f038d8fbeaf24d8ff65a2139d8bb9') in 0.016062 seconds
Number of updated asset objects reloaded before import = 0
Number of asset objects unloaded after import = 1
========================================================================
Received Import Request.
  Time since last request: 0.000029 seconds.
  path: Assets/ModernSupermarket/Models/Props/Products/Bleach_irrpnt/Textures/Bleach_irrpnt_m.png
  artifactKey: Guid(ac504f8747c3f8947ad371479d0ce0a2) Importer(2089858483,0ecaa5967403d082aa24f35e1b516d23)
Start importing Assets/ModernSupermarket/Models/Props/Products/Bleach_irrpnt/Textures/Bleach_irrpnt_m.png using Guid(ac504f8747c3f8947ad371479d0ce0a2) Importer(2089858483,0ecaa5967403d082aa24f35e1b516d23) [PhysX] Initialized MultithreadedTaskDispatcher with 16 workers.
 -> (artifact id: 'f504c2346d6069213672473d87f6a450') in 0.018116 seconds
Number of updated asset objects reloaded before import = 0
Number of asset objects unloaded after import = 1
========================================================================
Received Import Request.
  Time since last request: 0.000016 seconds.
  path: Assets/ModernSupermarket/Models/Props/Products/CrabSticks_mu7h0i/Textures/CrabSticks_mu7h0i_a.png
  artifactKey: Guid(2901eb5fb57d24045a9721e65663022b) Importer(2089858483,0ecaa5967403d082aa24f35e1b516d23)
Start importing Assets/ModernSupermarket/Models/Props/Products/CrabSticks_mu7h0i/Textures/CrabSticks_mu7h0i_a.png using Guid(2901eb5fb57d24045a9721e65663022b) Importer(2089858483,0ecaa5967403d082aa24f35e1b516d23) [PhysX] Initialized MultithreadedTaskDispatcher with 16 workers.
 -> (artifact id: 'df60da3367b0a8a1b97a736ef9d0fd59') in 0.014923 seconds
Number of updated asset objects reloaded before import = 0
Number of asset objects unloaded after import = 1
========================================================================
Received Import Request.
  Time since last request: 0.000023 seconds.
  path: Assets/ModernSupermarket/Models/Props/Products/MeatTray_qm4z4l/Textures/MeatTray_qm4z4l_a.png
  artifactKey: Guid(210bd6ad3d12eac4d8b9ea5663beeefc) Importer(2089858483,0ecaa5967403d082aa24f35e1b516d23)
Start importing Assets/ModernSupermarket/Models/Props/Products/MeatTray_qm4z4l/Textures/MeatTray_qm4z4l_a.png using Guid(210bd6ad3d12eac4d8b9ea5663beeefc) Importer(2089858483,0ecaa5967403d082aa24f35e1b516d23) [PhysX] Initialized MultithreadedTaskDispatcher with 16 workers.
 -> (artifact id: '39c23063db08440082beef91576bd7f7') in 0.017742 seconds
Number of updated asset objects reloaded before import = 0
Number of asset objects unloaded after import = 1
========================================================================
Received Import Request.
  Time since last request: 0.000023 seconds.
  path: Assets/ModernSupermarket/Models/Props/Products/Cheese_ipc281/Textures/Cheese_ipc281_m.png
  artifactKey: Guid(e5a0995e656af6344a40c8cf527b9b34) Importer(2089858483,0ecaa5967403d082aa24f35e1b516d23)
Start importing Assets/ModernSupermarket/Models/Props/Products/Cheese_ipc281/Textures/Cheese_ipc281_m.png using Guid(e5a0995e656af6344a40c8cf527b9b34) Importer(2089858483,0ecaa5967403d082aa24f35e1b516d23) [PhysX] Initialized MultithreadedTaskDispatcher with 16 workers.
 -> (artifact id: '71ba0c926fdd2301e65879f4d590f83d') in 0.017216 seconds
Number of updated asset objects reloaded before import = 0
Number of asset objects unloaded after import = 1
========================================================================
Received Import Request.
  Time since last request: 0.000021 seconds.
  path: Assets/ModernSupermarket/Models/Props/Products/Beer_lryra7/Textures/BeerBottle_fdde0u_Var01_n.png
  artifactKey: Guid(cca9e59cf569e824b88e9755af24ff1c) Importer(2089858483,0ecaa5967403d082aa24f35e1b516d23)
Start importing Assets/ModernSupermarket/Models/Props/Products/Beer_lryra7/Textures/BeerBottle_fdde0u_Var01_n.png using Guid(cca9e59cf569e824b88e9755af24ff1c) Importer(2089858483,0ecaa5967403d082aa24f35e1b516d23) [PhysX] Initialized MultithreadedTaskDispatcher with 16 workers.
 -> (artifact id: '276b7e58d4304f812a0e9ce77fe0787d') in 0.015566 seconds
Number of updated asset objects reloaded before import = 0
Number of asset objects unloaded after import = 1
========================================================================
Received Import Request.
  Time since last request: 0.000029 seconds.
  path: Assets/ModernSupermarket/Models/Props/Products/EggBox8x_2zgq4h/Textures/EggBox8x_2zgq4h_a.png
  artifactKey: Guid(d551f95f983c80a44aa4dd611322db8e) Importer(2089858483,0ecaa5967403d082aa24f35e1b516d23)
Start importing Assets/ModernSupermarket/Models/Props/Products/EggBox8x_2zgq4h/Textures/EggBox8x_2zgq4h_a.png using Guid(d551f95f983c80a44aa4dd611322db8e) Importer(2089858483,0ecaa5967403d082aa24f35e1b516d23) [PhysX] Initialized MultithreadedTaskDispatcher with 16 workers.
 -> (artifact id: '47887c9ff1881c4fe082e3e8ab64d366') in 0.017868 seconds
Number of updated asset objects reloaded before import = 0
Number of asset objects unloaded after import = 1
========================================================================
Received Import Request.
  Time since last request: 0.000018 seconds.
  path: Assets/ModernSupermarket/Models/Props/Products/Milk_l6slvx/Textures/Milk_l6slvx_a.png
  artifactKey: Guid(0152c94e1f18e6f4fb74276c74c1dbdf) Importer(2089858483,0ecaa5967403d082aa24f35e1b516d23)
Start importing Assets/ModernSupermarket/Models/Props/Products/Milk_l6slvx/Textures/Milk_l6slvx_a.png using Guid(0152c94e1f18e6f4fb74276c74c1dbdf) Importer(2089858483,0ecaa5967403d082aa24f35e1b516d23) [PhysX] Initialized MultithreadedTaskDispatcher with 16 workers.
 -> (artifact id: '643902f5c949779f1f4e87dc5eabd95e') in 0.016729 seconds
Number of updated asset objects reloaded before import = 0
Number of asset objects unloaded after import = 1
========================================================================
Received Import Request.
  Time since last request: 0.000016 seconds.
  path: Assets/ModernSupermarket/Models/Props/Products/Chips_w4tja8/Textures/Chips_w4tja8_a.png
  artifactKey: Guid(b62f19942cc66134c822bb225ebeae30) Importer(2089858483,0ecaa5967403d082aa24f35e1b516d23)
Start importing Assets/ModernSupermarket/Models/Props/Products/Chips_w4tja8/Textures/Chips_w4tja8_a.png using Guid(b62f19942cc66134c822bb225ebeae30) Importer(2089858483,0ecaa5967403d082aa24f35e1b516d23) [PhysX] Initialized MultithreadedTaskDispatcher with 16 workers.
 -> (artifact id: '72f96bb01037472b919f570783d4d8f5') in 0.016499 seconds
Number of updated asset objects reloaded before import = 0
Number of asset objects unloaded after import = 1
========================================================================
Received Import Request.
  Time since last request: 0.000021 seconds.
  path: Assets/ModernSupermarket/Models/Props/Products/MeatTray_qm4z4l/Textures/MeatTray_qm4z4l_Meat_h.png
  artifactKey: Guid(2545d24560e847345abae07b4ed1f357) Importer(2089858483,0ecaa5967403d082aa24f35e1b516d23)
Start importing Assets/ModernSupermarket/Models/Props/Products/MeatTray_qm4z4l/Textures/MeatTray_qm4z4l_Meat_h.png using Guid(2545d24560e847345abae07b4ed1f357) Importer(2089858483,0ecaa5967403d082aa24f35e1b516d23) [PhysX] Initialized MultithreadedTaskDispatcher with 16 workers.
 -> (artifact id: '9a9318aa19189da30f7477c0dcd1b44c') in 0.016863 seconds
Number of updated asset objects reloaded before import = 0
Number of asset objects unloaded after import = 1
========================================================================
Received Import Request.
  Time since last request: 0.000019 seconds.
  path: Assets/ModernSupermarket/Models/Props/Products/Paintings_wmgwnw/Textures/Paintings_wmgwnw_a.png
  artifactKey: Guid(945462f6106febf4e810e9cbcee1d09c) Importer(2089858483,0ecaa5967403d082aa24f35e1b516d23)
Start importing Assets/ModernSupermarket/Models/Props/Products/Paintings_wmgwnw/Textures/Paintings_wmgwnw_a.png using Guid(945462f6106febf4e810e9cbcee1d09c) Importer(2089858483,0ecaa5967403d082aa24f35e1b516d23) [PhysX] Initialized MultithreadedTaskDispatcher with 16 workers.
 -> (artifact id: 'd253f53cccd31e12f88cb09155847da9') in 0.017664 seconds
Number of updated asset objects reloaded before import = 0
Number of asset objects unloaded after import = 1
========================================================================
Received Import Request.
  Time since last request: 0.000020 seconds.
  path: Assets/ModernSupermarket/Models/Props/Products/CansPack_f98qxo/Textures/CansPack_f98qxo_n.png
  artifactKey: Guid(9d564e2459823134aab1be408e498752) Importer(2089858483,0ecaa5967403d082aa24f35e1b516d23)
Start importing Assets/ModernSupermarket/Models/Props/Products/CansPack_f98qxo/Textures/CansPack_f98qxo_n.png using Guid(9d564e2459823134aab1be408e498752) Importer(2089858483,0ecaa5967403d082aa24f35e1b516d23) [PhysX] Initialized MultithreadedTaskDispatcher with 16 workers.
 -> (artifact id: '0ccd9908e652bb0ec35b8ba57bc9e5bc') in 0.017668 seconds
Number of updated asset objects reloaded before import = 0
Number of asset objects unloaded after import = 1
========================================================================
Received Import Request.
  Time since last request: 0.000029 seconds.
  path: Assets/ModernSupermarket/Models/Props/Products/EggBox12x_7zw3j2/Textures/EggBox12x_7zw3j2_a.png
  artifactKey: Guid(4885a62d14a48c24faaa4d24df08ef15) Importer(2089858483,0ecaa5967403d082aa24f35e1b516d23)
Start importing Assets/ModernSupermarket/Models/Props/Products/EggBox12x_7zw3j2/Textures/EggBox12x_7zw3j2_a.png using Guid(4885a62d14a48c24faaa4d24df08ef15) Importer(2089858483,0ecaa5967403d082aa24f35e1b516d23) [PhysX] Initialized MultithreadedTaskDispatcher with 16 workers.
 -> (artifact id: 'a6e7d26d6c5f092e3691ea9b6790ace3') in 0.016332 seconds
Number of updated asset objects reloaded before import = 0
Number of asset objects unloaded after import = 1
========================================================================
Received Import Request.
  Time since last request: 0.000017 seconds.
  path: Assets/ModernSupermarket/Models/Props/Products/Decoration_3k4dyn/Textures/Decoration_3k4dyn_m.png
  artifactKey: Guid(9f9f50a34e5b89844987931c32b9645b) Importer(2089858483,0ecaa5967403d082aa24f35e1b516d23)
Start importing Assets/ModernSupermarket/Models/Props/Products/Decoration_3k4dyn/Textures/Decoration_3k4dyn_m.png using Guid(9f9f50a34e5b89844987931c32b9645b) Importer(2089858483,0ecaa5967403d082aa24f35e1b516d23) [PhysX] Initialized MultithreadedTaskDispatcher with 16 workers.
 -> (artifact id: '5fdce69211b529f8f10b62ebad50c545') in 0.015703 seconds
Number of updated asset objects reloaded before import = 0
Number of asset objects unloaded after import = 1
========================================================================
Received Import Request.
  Time since last request: 0.000018 seconds.
  path: Assets/ModernSupermarket/Models/Props/Products/Chicken_ozj6pn/Textures/Chicken_ozj6pn_Meat_o.png
  artifactKey: Guid(f704b4f90bbeb7443876c4cacfaab8f2) Importer(2089858483,0ecaa5967403d082aa24f35e1b516d23)
Start importing Assets/ModernSupermarket/Models/Props/Products/Chicken_ozj6pn/Textures/Chicken_ozj6pn_Meat_o.png using Guid(f704b4f90bbeb7443876c4cacfaab8f2) Importer(2089858483,0ecaa5967403d082aa24f35e1b516d23) [PhysX] Initialized MultithreadedTaskDispatcher with 16 workers.
 -> (artifact id: 'b4e2a2db74645993fbf587e06ae4d975') in 0.016941 seconds
Number of updated asset objects reloaded before import = 0
Number of asset objects unloaded after import = 1
========================================================================
Received Import Request.
  Time since last request: 0.000022 seconds.
  path: Assets/ModernSupermarket/Models/Props/Products/Ham_wplnxm/Textures/Ham_wplnxm_m.png
  artifactKey: Guid(d4817249657fa5541849fda1aba6570f) Importer(2089858483,0ecaa5967403d082aa24f35e1b516d23)
Start importing Assets/ModernSupermarket/Models/Props/Products/Ham_wplnxm/Textures/Ham_wplnxm_m.png using Guid(d4817249657fa5541849fda1aba6570f) Importer(2089858483,0ecaa5967403d082aa24f35e1b516d23) [PhysX] Initialized MultithreadedTaskDispatcher with 16 workers.
 -> (artifact id: '4edf03628a3be824f6fe78325fa21166') in 0.016220 seconds
Number of updated asset objects reloaded before import = 0
Number of asset objects unloaded after import = 1
========================================================================
Received Import Request.
  Time since last request: 0.000039 seconds.
  path: Assets/ModernSupermarket/Models/Props/Products/MeatTray_fbw8xf/Textures/MeatTray_fbw8xf_o.png
  artifactKey: Guid(0fc0eeb7387f01a4b97f7942eee81ac8) Importer(2089858483,0ecaa5967403d082aa24f35e1b516d23)
Start importing Assets/ModernSupermarket/Models/Props/Products/MeatTray_fbw8xf/Textures/MeatTray_fbw8xf_o.png using Guid(0fc0eeb7387f01a4b97f7942eee81ac8) Importer(2089858483,0ecaa5967403d082aa24f35e1b516d23) [PhysX] Initialized MultithreadedTaskDispatcher with 16 workers.
 -> (artifact id: '593764f29aa12fe300e24cf5a449029b') in 0.016339 seconds
Number of updated asset objects reloaded before import = 0
Number of asset objects unloaded after import = 1
========================================================================
Received Import Request.
  Time since last request: 0.000021 seconds.
  path: Assets/ModernSupermarket/Models/Props/Products/Cake_p6lebj/Textures/BoxCake_p6lebj_Var01.png
  artifactKey: Guid(ad8df3f06a51f8c4db5fc988d0162c2c) Importer(2089858483,0ecaa5967403d082aa24f35e1b516d23)
Start importing Assets/ModernSupermarket/Models/Props/Products/Cake_p6lebj/Textures/BoxCake_p6lebj_Var01.png using Guid(ad8df3f06a51f8c4db5fc988d0162c2c) Importer(2089858483,0ecaa5967403d082aa24f35e1b516d23) [PhysX] Initialized MultithreadedTaskDispatcher with 16 workers.
 -> (artifact id: '80564fcabb6b7adef4185ff06d02e792') in 0.015646 seconds
Number of updated asset objects reloaded before import = 0
Number of asset objects unloaded after import = 1
========================================================================
Received Import Request.
  Time since last request: 0.000020 seconds.
  path: Assets/ModernSupermarket/Models/Props/Products/FrozenPack_xp713y/Textures/FrozenPack_xp713y_a_Var05.png
  artifactKey: Guid(84812cce13a43c545b674588c1fe76dd) Importer(2089858483,0ecaa5967403d082aa24f35e1b516d23)
Start importing Assets/ModernSupermarket/Models/Props/Products/FrozenPack_xp713y/Textures/FrozenPack_xp713y_a_Var05.png using Guid(84812cce13a43c545b674588c1fe76dd) Importer(2089858483,0ecaa5967403d082aa24f35e1b516d23) [PhysX] Initialized MultithreadedTaskDispatcher with 16 workers.
 -> (artifact id: '3f600ffff7bd861fc705f3300984b110') in 0.017186 seconds
Number of updated asset objects reloaded before import = 0
Number of asset objects unloaded after import = 1
========================================================================
Received Import Request.
  Time since last request: 0.000019 seconds.
  path: Assets/ModernSupermarket/Models/Props/Products/Cheese_ipc281/Textures/Cheese_ipc281_n.png
  artifactKey: Guid(b20a4259482f1744b96995f9fec46f6d) Importer(2089858483,0ecaa5967403d082aa24f35e1b516d23)
Start importing Assets/ModernSupermarket/Models/Props/Products/Cheese_ipc281/Textures/Cheese_ipc281_n.png using Guid(b20a4259482f1744b96995f9fec46f6d) Importer(2089858483,0ecaa5967403d082aa24f35e1b516d23) [PhysX] Initialized MultithreadedTaskDispatcher with 16 workers.
 -> (artifact id: '13d4a7aa8612c41aa716d38a53b6ced9') in 0.016176 seconds
Number of updated asset objects reloaded before import = 0
Number of asset objects unloaded after import = 1
========================================================================
Received Import Request.
  Time since last request: 0.000020 seconds.
  path: Assets/ModernSupermarket/Models/Props/Products/PaperTowel_b8o0yi/Textures/PaperTowel_b8o0yi_m.png
  artifactKey: Guid(7a9a8ac353b9f454584317883ce8b0d7) Importer(2089858483,0ecaa5967403d082aa24f35e1b516d23)
Start importing Assets/ModernSupermarket/Models/Props/Products/PaperTowel_b8o0yi/Textures/PaperTowel_b8o0yi_m.png using Guid(7a9a8ac353b9f454584317883ce8b0d7) Importer(2089858483,0ecaa5967403d082aa24f35e1b516d23) [PhysX] Initialized MultithreadedTaskDispatcher with 16 workers.
 -> (artifact id: 'f8480c4453cafd6d73ef0170ccfbab71') in 0.016693 seconds
Number of updated asset objects reloaded before import = 0
Number of asset objects unloaded after import = 1
========================================================================
Received Import Request.
  Time since last request: 0.000017 seconds.
  path: Assets/ModernSupermarket/Models/Props/Products/EggBox4x_nbzek2/Textures/EggBox4x_nbzek2_m.png
  artifactKey: Guid(3d20f037e806a8c438a72a3f9e716ac8) Importer(2089858483,0ecaa5967403d082aa24f35e1b516d23)
Start importing Assets/ModernSupermarket/Models/Props/Products/EggBox4x_nbzek2/Textures/EggBox4x_nbzek2_m.png using Guid(3d20f037e806a8c438a72a3f9e716ac8) Importer(2089858483,0ecaa5967403d082aa24f35e1b516d23) [PhysX] Initialized MultithreadedTaskDispatcher with 16 workers.
 -> (artifact id: 'b35fca43c0968b163b111837d736e370') in 0.015896 seconds
Number of updated asset objects reloaded before import = 0
Number of asset objects unloaded after import = 1
========================================================================
Received Import Request.
  Time since last request: 0.000016 seconds.
  path: Assets/ModernSupermarket/Models/Props/Products/Decoration_3k4dyn/Textures/Decoration_3k4dyn_n.png
  artifactKey: Guid(b1836ebc969585042bf5861301bbef38) Importer(2089858483,0ecaa5967403d082aa24f35e1b516d23)
Start importing Assets/ModernSupermarket/Models/Props/Products/Decoration_3k4dyn/Textures/Decoration_3k4dyn_n.png using Guid(b1836ebc969585042bf5861301bbef38) Importer(2089858483,0ecaa5967403d082aa24f35e1b516d23) [PhysX] Initialized MultithreadedTaskDispatcher with 16 workers.
 -> (artifact id: 'bbc8d6e44c711b84aa4331b5c93d2645') in 0.016071 seconds
Number of updated asset objects reloaded before import = 0
Number of asset objects unloaded after import = 1
========================================================================
Received Import Request.
  Time since last request: 0.000020 seconds.
  path: Assets/ModernSupermarket/Models/Props/Products/Cleanser_o964qg/Textures/Cleanser_o964qg_a.png
  artifactKey: Guid(222fb7e02ef62a94897723fcf623746d) Importer(2089858483,0ecaa5967403d082aa24f35e1b516d23)
Start importing Assets/ModernSupermarket/Models/Props/Products/Cleanser_o964qg/Textures/Cleanser_o964qg_a.png using Guid(222fb7e02ef62a94897723fcf623746d) Importer(2089858483,0ecaa5967403d082aa24f35e1b516d23) [PhysX] Initialized MultithreadedTaskDispatcher with 16 workers.
 -> (artifact id: 'b62708b5192a11a6434e9801105874fe') in 0.015967 seconds
Number of updated asset objects reloaded before import = 0
Number of asset objects unloaded after import = 1
========================================================================
Received Import Request.
  Time since last request: 0.000021 seconds.
  path: Assets/ModernSupermarket/Models/Props/Products/ChocolateBox_b94wj0/Textures/ChocolatBox_b94wj0_m.png
  artifactKey: Guid(29a0cf99a9ebb494eab3a279723b92db) Importer(2089858483,0ecaa5967403d082aa24f35e1b516d23)
Start importing Assets/ModernSupermarket/Models/Props/Products/ChocolateBox_b94wj0/Textures/ChocolatBox_b94wj0_m.png using Guid(29a0cf99a9ebb494eab3a279723b92db) Importer(2089858483,0ecaa5967403d082aa24f35e1b516d23) [PhysX] Initialized MultithreadedTaskDispatcher with 16 workers.
 -> (artifact id: '331689fa769781bf8f6cef87edfcb512') in 0.020216 seconds
Number of updated asset objects reloaded before import = 0
Number of asset objects unloaded after import = 1
========================================================================
Received Import Request.
  Time since last request: 0.000028 seconds.
  path: Assets/ModernSupermarket/Models/Props/Products/MilkBrick_e8foxc/Textures/MilkBrick_e8foxc_a.png
  artifactKey: Guid(3aa56457870fe814f97df38f858085ce) Importer(2089858483,0ecaa5967403d082aa24f35e1b516d23)
Start importing Assets/ModernSupermarket/Models/Props/Products/MilkBrick_e8foxc/Textures/MilkBrick_e8foxc_a.png using Guid(3aa56457870fe814f97df38f858085ce) Importer(2089858483,0ecaa5967403d082aa24f35e1b516d23) [PhysX] Initialized MultithreadedTaskDispatcher with 16 workers.
 -> (artifact id: '728c63d40a088aee002600148d2280ad') in 0.013829 seconds
Number of updated asset objects reloaded before import = 0
Number of asset objects unloaded after import = 1
========================================================================
Received Import Request.
  Time since last request: 0.000020 seconds.
  path: Assets/ModernSupermarket/Models/Props/Products/MeatTray_fbw8xf/Textures/MeatTray_fbw8xf_Meat_a.png
  artifactKey: Guid(2e315f4fb471a54479494a5a3137ad24) Importer(2089858483,0ecaa5967403d082aa24f35e1b516d23)
Start importing Assets/ModernSupermarket/Models/Props/Products/MeatTray_fbw8xf/Textures/MeatTray_fbw8xf_Meat_a.png using Guid(2e315f4fb471a54479494a5a3137ad24) Importer(2089858483,0ecaa5967403d082aa24f35e1b516d23) [PhysX] Initialized MultithreadedTaskDispatcher with 16 workers.
 -> (artifact id: '98cfdd33a8675cd243a9e6f91973c72b') in 0.015063 seconds
Number of updated asset objects reloaded before import = 0
Number of asset objects unloaded after import = 1
========================================================================
Received Import Request.
  Time since last request: 0.000018 seconds.
  path: Assets/ModernSupermarket/Models/Props/Products/MeatTray_qm4z4l/Textures/MeatTray_qm4z4l_Meat_o.png
  artifactKey: Guid(f0a9bb191ba6cbb47a20ed3c11e4a9f2) Importer(2089858483,0ecaa5967403d082aa24f35e1b516d23)
Start importing Assets/ModernSupermarket/Models/Props/Products/MeatTray_qm4z4l/Textures/MeatTray_qm4z4l_Meat_o.png using Guid(f0a9bb191ba6cbb47a20ed3c11e4a9f2) Importer(2089858483,0ecaa5967403d082aa24f35e1b516d23) [PhysX] Initialized MultithreadedTaskDispatcher with 16 workers.
 -> (artifact id: '00d91c176a113bcf68f972d9d7aacd25') in 0.015736 seconds
Number of updated asset objects reloaded before import = 0
Number of asset objects unloaded after import = 1
========================================================================
Received Import Request.
  Time since last request: 0.000031 seconds.
  path: Assets/ModernSupermarket/Models/Props/Products/Books_bpxngl/Textures/Books_bpxngl_mask.png
  artifactKey: Guid(f40982608c3c628488371c1ea3a9c425) Importer(2089858483,0ecaa5967403d082aa24f35e1b516d23)
Start importing Assets/ModernSupermarket/Models/Props/Products/Books_bpxngl/Textures/Books_bpxngl_mask.png using Guid(f40982608c3c628488371c1ea3a9c425) Importer(2089858483,0ecaa5967403d082aa24f35e1b516d23) [PhysX] Initialized MultithreadedTaskDispatcher with 16 workers.
 -> (artifact id: 'f337c9e36550f0965b31b1fb765e651c') in 0.027429 seconds
Number of updated asset objects reloaded before import = 0
Number of asset objects unloaded after import = 1
========================================================================
Received Import Request.
  Time since last request: 0.000023 seconds.
  path: Assets/ModernSupermarket/Models/Props/Products/Cheese_bn26cq/Textures/Cheese_bn26cq_n.png
  artifactKey: Guid(72f82ca88744ea949b75e5796f1e46cd) Importer(2089858483,0ecaa5967403d082aa24f35e1b516d23)
Start importing Assets/ModernSupermarket/Models/Props/Products/Cheese_bn26cq/Textures/Cheese_bn26cq_n.png using Guid(72f82ca88744ea949b75e5796f1e46cd) Importer(2089858483,0ecaa5967403d082aa24f35e1b516d23) [PhysX] Initialized MultithreadedTaskDispatcher with 16 workers.
 -> (artifact id: '5fa0d7a37d782d5936736bc064857263') in 0.018731 seconds
Number of updated asset objects reloaded before import = 0
Number of asset objects unloaded after import = 1
========================================================================
Received Import Request.
  Time since last request: 0.000019 seconds.
  path: Assets/ModernSupermarket/Models/Props/Products/WaterPack_mqmuh7/Textures/WaterPack_mqmuh7_n.png
  artifactKey: Guid(484c385f63bced14bbc3e69c7e44098c) Importer(2089858483,0ecaa5967403d082aa24f35e1b516d23)
Start importing Assets/ModernSupermarket/Models/Props/Products/WaterPack_mqmuh7/Textures/WaterPack_mqmuh7_n.png using Guid(484c385f63bced14bbc3e69c7e44098c) Importer(2089858483,0ecaa5967403d082aa24f35e1b516d23) [PhysX] Initialized MultithreadedTaskDispatcher with 16 workers.
 -> (artifact id: '7658701e78c212aef97e41319ac309c2') in 0.018699 seconds
Number of updated asset objects reloaded before import = 0
Number of asset objects unloaded after import = 1
========================================================================
Received Import Request.
  Time since last request: 0.000020 seconds.
  path: Assets/ModernSupermarket/Models/Props/Products/SlicedBread_tp7aom/Textures/SlicedBread_tp7aom_Bread_a.png
  artifactKey: Guid(114ed4abac93a6640a2a071f09b27bff) Importer(2089858483,0ecaa5967403d082aa24f35e1b516d23)
Start importing Assets/ModernSupermarket/Models/Props/Products/SlicedBread_tp7aom/Textures/SlicedBread_tp7aom_Bread_a.png using Guid(114ed4abac93a6640a2a071f09b27bff) Importer(2089858483,0ecaa5967403d082aa24f35e1b516d23) [PhysX] Initialized MultithreadedTaskDispatcher with 16 workers.
 -> (artifact id: '779140ae147159a269fd25877ea4abc7') in 0.016627 seconds
Number of updated asset objects reloaded before import = 0
Number of asset objects unloaded after import = 1
========================================================================
Received Import Request.
  Time since last request: 0.000018 seconds.
  path: Assets/ModernSupermarket/Models/Props/Products/Teabox_nokda4/Textures/Teabox_nokda4_n.png
  artifactKey: Guid(20dd8049707a2fa44a3c6e8601f40ddd) Importer(2089858483,0ecaa5967403d082aa24f35e1b516d23)
Start importing Assets/ModernSupermarket/Models/Props/Products/Teabox_nokda4/Textures/Teabox_nokda4_n.png using Guid(20dd8049707a2fa44a3c6e8601f40ddd) Importer(2089858483,0ecaa5967403d082aa24f35e1b516d23) [PhysX] Initialized MultithreadedTaskDispatcher with 16 workers.
 -> (artifact id: '9ac31ec9481292a6d784dcc9101a547f') in 0.018195 seconds
Number of updated asset objects reloaded before import = 0
Number of asset objects unloaded after import = 1
========================================================================
Received Import Request.
  Time since last request: 0.000019 seconds.
  path: Assets/ModernSupermarket/Models/Props/Products/Pasta_g87jtq/Textures/PastaPack_g87jtq_Var01_a.png
  artifactKey: Guid(d41143ecc624d174d85557f307f00dd4) Importer(2089858483,0ecaa5967403d082aa24f35e1b516d23)
Start importing Assets/ModernSupermarket/Models/Props/Products/Pasta_g87jtq/Textures/PastaPack_g87jtq_Var01_a.png using Guid(d41143ecc624d174d85557f307f00dd4) Importer(2089858483,0ecaa5967403d082aa24f35e1b516d23) [PhysX] Initialized MultithreadedTaskDispatcher with 16 workers.
 -> (artifact id: '8c15aeea51c227ff108969025a6815a2') in 0.019251 seconds
Number of updated asset objects reloaded before import = 0
Number of asset objects unloaded after import = 1
========================================================================
Received Import Request.
  Time since last request: 0.000023 seconds.
  path: Assets/ModernSupermarket/Models/Props/Products/Soda_f6b9gw/Textures/Soda_f6b9gw_m.png
  artifactKey: Guid(20a0d2c88a9662d49a0e938c77b160e9) Importer(2089858483,0ecaa5967403d082aa24f35e1b516d23)
Start importing Assets/ModernSupermarket/Models/Props/Products/Soda_f6b9gw/Textures/Soda_f6b9gw_m.png using Guid(20a0d2c88a9662d49a0e938c77b160e9) Importer(2089858483,0ecaa5967403d082aa24f35e1b516d23) [PhysX] Initialized MultithreadedTaskDispatcher with 16 workers.
 -> (artifact id: '7ca61fe4ab93c5b54edfb5416faf94c4') in 0.016345 seconds
Number of updated asset objects reloaded before import = 0
Number of asset objects unloaded after import = 1
========================================================================
Received Import Request.
  Time since last request: 0.000016 seconds.
  path: Assets/ModernSupermarket/Models/Props/Products/Rooflight_9ecem1/Textures/Rooflight_9ecem1_o.png
  artifactKey: Guid(fd591c0ead01d25419af0e4a42ec4725) Importer(2089858483,0ecaa5967403d082aa24f35e1b516d23)
Start importing Assets/ModernSupermarket/Models/Props/Products/Rooflight_9ecem1/Textures/Rooflight_9ecem1_o.png using Guid(fd591c0ead01d25419af0e4a42ec4725) Importer(2089858483,0ecaa5967403d082aa24f35e1b516d23) [PhysX] Initialized MultithreadedTaskDispatcher with 16 workers.
 -> (artifact id: '0833b4b71e2fa2bf4ca4ab216b42ec86') in 0.017985 seconds
Number of updated asset objects reloaded before import = 0
Number of asset objects unloaded after import = 1
========================================================================
Received Import Request.
  Time since last request: 0.000025 seconds.
  path: Assets/ModernSupermarket/Models/Props/Products/SweetJar_lpbii4/Textures/SweetJar_lpbii4_o.png
  artifactKey: Guid(ae53a08bede526b4bba220d1e6193a19) Importer(2089858483,0ecaa5967403d082aa24f35e1b516d23)
Start importing Assets/ModernSupermarket/Models/Props/Products/SweetJar_lpbii4/Textures/SweetJar_lpbii4_o.png using Guid(ae53a08bede526b4bba220d1e6193a19) Importer(2089858483,0ecaa5967403d082aa24f35e1b516d23) [PhysX] Initialized MultithreadedTaskDispatcher with 16 workers.
 -> (artifact id: '6290f7e0422ca5f320ee0da2f98ad631') in 0.016611 seconds
Number of updated asset objects reloaded before import = 0
Number of asset objects unloaded after import = 1
========================================================================
Received Import Request.
  Time since last request: 0.000033 seconds.
  path: Assets/ModernSupermarket/Models/Props/Products/Pasta_9duit2/Textures/PastaPack_9duit2_Penne_a.png
  artifactKey: Guid(b27fdfeff0902a84c8ad6448bc659092) Importer(2089858483,0ecaa5967403d082aa24f35e1b516d23)
Start importing Assets/ModernSupermarket/Models/Props/Products/Pasta_9duit2/Textures/PastaPack_9duit2_Penne_a.png using Guid(b27fdfeff0902a84c8ad6448bc659092) Importer(2089858483,0ecaa5967403d082aa24f35e1b516d23) [PhysX] Initialized MultithreadedTaskDispatcher with 16 workers.
 -> (artifact id: 'de76e45b824e38807a8e68e03b9d260c') in 0.016893 seconds
Number of updated asset objects reloaded before import = 0
Number of asset objects unloaded after import = 1
========================================================================
Received Import Request.
  Time since last request: 0.000025 seconds.
  path: Assets/ModernSupermarket/Models/Props/Utility/Anti-thefhtDoor_9qs8y9/Textures/Anti-theftDoor_9qs8y9_a.png
  artifactKey: Guid(ba7ee43525ff98a49831c644b63c2ce8) Importer(2089858483,0ecaa5967403d082aa24f35e1b516d23)
Start importing Assets/ModernSupermarket/Models/Props/Utility/Anti-thefhtDoor_9qs8y9/Textures/Anti-theftDoor_9qs8y9_a.png using Guid(ba7ee43525ff98a49831c644b63c2ce8) Importer(2089858483,0ecaa5967403d082aa24f35e1b516d23) [PhysX] Initialized MultithreadedTaskDispatcher with 16 workers.
 -> (artifact id: 'ba89093ead63c1b32a93fe63b5c782e0') in 0.024254 seconds
Number of updated asset objects reloaded before import = 0
Number of asset objects unloaded after import = 1
========================================================================
Received Import Request.
  Time since last request: 0.000023 seconds.
  path: Assets/ModernSupermarket/Models/Props/Products/ToyCar_t5i4lw/Textures/ToyCar_t5i4lw_a.png
  artifactKey: Guid(39ccb26d59aebae4389b78880727e553) Importer(2089858483,0ecaa5967403d082aa24f35e1b516d23)
Start importing Assets/ModernSupermarket/Models/Props/Products/ToyCar_t5i4lw/Textures/ToyCar_t5i4lw_a.png using Guid(39ccb26d59aebae4389b78880727e553) Importer(2089858483,0ecaa5967403d082aa24f35e1b516d23) [PhysX] Initialized MultithreadedTaskDispatcher with 16 workers.
 -> (artifact id: '741e267633cf161514370ab6d6eda2cc') in 0.022190 seconds
Number of updated asset objects reloaded before import = 0
Number of asset objects unloaded after import = 1
========================================================================
Received Import Request.
  Time since last request: 0.000025 seconds.
  path: Assets/ModernSupermarket/Models/Props/Products/Soda_7gwg2t/Textures/Soda_7gwg2t_a_Var03.png
  artifactKey: Guid(3c63053a3bbd5064a9370af0a5fcf68f) Importer(2089858483,0ecaa5967403d082aa24f35e1b516d23)
Start importing Assets/ModernSupermarket/Models/Props/Products/Soda_7gwg2t/Textures/Soda_7gwg2t_a_Var03.png using Guid(3c63053a3bbd5064a9370af0a5fcf68f) Importer(2089858483,0ecaa5967403d082aa24f35e1b516d23) [PhysX] Initialized MultithreadedTaskDispatcher with 16 workers.
 -> (artifact id: '1624ef3d07fb7cbc34989c96e6df48eb') in 0.020390 seconds
Number of updated asset objects reloaded before import = 0
Number of asset objects unloaded after import = 1
========================================================================
Received Import Request.
  Time since last request: 0.000020 seconds.
  path: Assets/ModernSupermarket/Models/Props/Products/Soda_7gwg2t/Textures/Soda_7gwg2t_a_Var02.png
  artifactKey: Guid(75373d14742dd6845bb0c9eae31a67c4) Importer(2089858483,0ecaa5967403d082aa24f35e1b516d23)
Start importing Assets/ModernSupermarket/Models/Props/Products/Soda_7gwg2t/Textures/Soda_7gwg2t_a_Var02.png using Guid(75373d14742dd6845bb0c9eae31a67c4) Importer(2089858483,0ecaa5967403d082aa24f35e1b516d23) [PhysX] Initialized MultithreadedTaskDispatcher with 16 workers.
 -> (artifact id: '7c1054184c48cf3ddb81e69ebd55c1d5') in 0.019592 seconds
Number of updated asset objects reloaded before import = 0
Number of asset objects unloaded after import = 1
========================================================================
Received Import Request.
  Time since last request: 0.000044 seconds.
  path: Assets/ModernSupermarket/Models/Props/Products/Vase_x3wysg/Textures/Vase_x3wysg_m.png
  artifactKey: Guid(c4b819c3a5672d6418d4cabf12cabf08) Importer(2089858483,0ecaa5967403d082aa24f35e1b516d23)
Start importing Assets/ModernSupermarket/Models/Props/Products/Vase_x3wysg/Textures/Vase_x3wysg_m.png using Guid(c4b819c3a5672d6418d4cabf12cabf08) Importer(2089858483,0ecaa5967403d082aa24f35e1b516d23) [PhysX] Initialized MultithreadedTaskDispatcher with 16 workers.
 -> (artifact id: '37b069bbb19f5f3360428f2c9f5fabe5') in 0.020084 seconds
Number of updated asset objects reloaded before import = 0
Number of asset objects unloaded after import = 1
========================================================================
Received Import Request.
  Time since last request: 0.000018 seconds.
  path: Assets/ModernSupermarket/Models/Props/Products/SlicedBread_6zus31/Textures/SliceBread_6zus31_n.png
  artifactKey: Guid(636ada14c425e9c4e96304c1ffef7c03) Importer(2089858483,0ecaa5967403d082aa24f35e1b516d23)
Start importing Assets/ModernSupermarket/Models/Props/Products/SlicedBread_6zus31/Textures/SliceBread_6zus31_n.png using Guid(636ada14c425e9c4e96304c1ffef7c03) Importer(2089858483,0ecaa5967403d082aa24f35e1b516d23) [PhysX] Initialized MultithreadedTaskDispatcher with 16 workers.
 -> (artifact id: 'b108c7f1cf95babb248d3fd2c0a312fa') in 0.017261 seconds
Number of updated asset objects reloaded before import = 0
Number of asset objects unloaded after import = 1
========================================================================
Received Import Request.
  Time since last request: 0.000021 seconds.
  path: Assets/ModernSupermarket/Models/Props/Utility/Anti-thefhtDoor_9qs8y9/Textures/Anti-theftDoor_9qs8y9_n.png
  artifactKey: Guid(4f763b911916ab04aaa1f12b493fbc2c) Importer(2089858483,0ecaa5967403d082aa24f35e1b516d23)
Start importing Assets/ModernSupermarket/Models/Props/Utility/Anti-thefhtDoor_9qs8y9/Textures/Anti-theftDoor_9qs8y9_n.png using Guid(4f763b911916ab04aaa1f12b493fbc2c) Importer(2089858483,0ecaa5967403d082aa24f35e1b516d23) [PhysX] Initialized MultithreadedTaskDispatcher with 16 workers.
 -> (artifact id: 'ae2729c11d4570356bbe6f2f1ee29ac8') in 0.020631 seconds
Number of updated asset objects reloaded before import = 0
Number of asset objects unloaded after import = 1
========================================================================
Received Import Request.
  Time since last request: 0.000018 seconds.
  path: Assets/ModernSupermarket/Models/Props/Products/Pasta_9duit2/Textures/PastaPack_9duit2_a_Var01.png
  artifactKey: Guid(60f147716e53ca44db7befcaaf95abc1) Importer(2089858483,0ecaa5967403d082aa24f35e1b516d23)
Start importing Assets/ModernSupermarket/Models/Props/Products/Pasta_9duit2/Textures/PastaPack_9duit2_a_Var01.png using Guid(60f147716e53ca44db7befcaaf95abc1) Importer(2089858483,0ecaa5967403d082aa24f35e1b516d23) [PhysX] Initialized MultithreadedTaskDispatcher with 16 workers.
 -> (artifact id: '081ab3ed6c274b9e466d93598d9bd713') in 0.015916 seconds
Number of updated asset objects reloaded before import = 0
Number of asset objects unloaded after import = 1
========================================================================
Received Import Request.
  Time since last request: 0.000018 seconds.
  path: Assets/ModernSupermarket/Models/Props/Products/Rice_rewt3q/Textures/RicePack_rewt3q_n.png
  artifactKey: Guid(f03361c1f8c3d21428f21715b94f6a25) Importer(2089858483,0ecaa5967403d082aa24f35e1b516d23)
Start importing Assets/ModernSupermarket/Models/Props/Products/Rice_rewt3q/Textures/RicePack_rewt3q_n.png using Guid(f03361c1f8c3d21428f21715b94f6a25) Importer(2089858483,0ecaa5967403d082aa24f35e1b516d23) [PhysX] Initialized MultithreadedTaskDispatcher with 16 workers.
 -> (artifact id: '324b0bc16cb64ab4ee8dd708330ef725') in 0.019366 seconds
Number of updated asset objects reloaded before import = 0
Number of asset objects unloaded after import = 1
========================================================================
Received Import Request.
  Time since last request: 0.000018 seconds.
  path: Assets/ModernSupermarket/Models/Props/Products/Teabox_5oq0ki/Textures/Teabox_5oq0ki_mask.png
  artifactKey: Guid(9c54e5fcd7163da47887e95415e07f5c) Importer(2089858483,0ecaa5967403d082aa24f35e1b516d23)
Start importing Assets/ModernSupermarket/Models/Props/Products/Teabox_5oq0ki/Textures/Teabox_5oq0ki_mask.png using Guid(9c54e5fcd7163da47887e95415e07f5c) Importer(2089858483,0ecaa5967403d082aa24f35e1b516d23) [PhysX] Initialized MultithreadedTaskDispatcher with 16 workers.
 -> (artifact id: '1313f3aad8d01d169023d8ab9ac21f06') in 0.018144 seconds
Number of updated asset objects reloaded before import = 0
Number of asset objects unloaded after import = 1
========================================================================
Received Import Request.
  Time since last request: 0.000024 seconds.
  path: Assets/ModernSupermarket/Models/Props/Products/Pasta_9duit2/Textures/PastaPack_9duit2_Farfalle_m.png
  artifactKey: Guid(a6744bf37a1904148b9e6804dd33dbff) Importer(2089858483,0ecaa5967403d082aa24f35e1b516d23)
Start importing Assets/ModernSupermarket/Models/Props/Products/Pasta_9duit2/Textures/PastaPack_9duit2_Farfalle_m.png using Guid(a6744bf37a1904148b9e6804dd33dbff) Importer(2089858483,0ecaa5967403d082aa24f35e1b516d23) [PhysX] Initialized MultithreadedTaskDispatcher with 16 workers.
 -> (artifact id: '3695ef1a37720dd50fe4534f105b72cd') in 0.017950 seconds
Number of updated asset objects reloaded before import = 0
Number of asset objects unloaded after import = 1
========================================================================
Received Import Request.
  Time since last request: 0.000028 seconds.
  path: Assets/ModernSupermarket/Models/Props/Products/Shampoo_u15m67/Textures/Shampoo_u15m67.png
  artifactKey: Guid(5200513484edad349904b6463cce411b) Importer(2089858483,0ecaa5967403d082aa24f35e1b516d23)
Start importing Assets/ModernSupermarket/Models/Props/Products/Shampoo_u15m67/Textures/Shampoo_u15m67.png using Guid(5200513484edad349904b6463cce411b) Importer(2089858483,0ecaa5967403d082aa24f35e1b516d23) [PhysX] Initialized MultithreadedTaskDispatcher with 16 workers.
 -> (artifact id: '4be71f782f5b5f0029b938d70197e971') in 0.016074 seconds
Number of updated asset objects reloaded before import = 0
Number of asset objects unloaded after import = 1
========================================================================
Received Import Request.
  Time since last request: 0.000020 seconds.
  path: Assets/ModernSupermarket/Models/Props/Products/YoghurtPack_kjd150/Textures/YoghurtPack_rk7lsf_o.png
  artifactKey: Guid(387e5e2c3d0fec5418f47e702fc623b9) Importer(2089858483,0ecaa5967403d082aa24f35e1b516d23)
Start importing Assets/ModernSupermarket/Models/Props/Products/YoghurtPack_kjd150/Textures/YoghurtPack_rk7lsf_o.png using Guid(387e5e2c3d0fec5418f47e702fc623b9) Importer(2089858483,0ecaa5967403d082aa24f35e1b516d23) [PhysX] Initialized MultithreadedTaskDispatcher with 16 workers.
 -> (artifact id: 'ba67b59c9ebbcbf61048455350dc6735') in 0.018248 seconds
Number of updated asset objects reloaded before import = 0
Number of asset objects unloaded after import = 1
========================================================================
Received Import Request.
  Time since last request: 0.000023 seconds.
  path: Assets/ModernSupermarket/Models/Props/Products/PotatoBag_gcx3y2/Textures/PotatoeBag_gcx3y2_o.png
  artifactKey: Guid(7f2b5d1bc9d1e234c9a2305133a9afe3) Importer(2089858483,0ecaa5967403d082aa24f35e1b516d23)
Start importing Assets/ModernSupermarket/Models/Props/Products/PotatoBag_gcx3y2/Textures/PotatoeBag_gcx3y2_o.png using Guid(7f2b5d1bc9d1e234c9a2305133a9afe3) Importer(2089858483,0ecaa5967403d082aa24f35e1b516d23) [PhysX] Initialized MultithreadedTaskDispatcher with 16 workers.
 -> (artifact id: 'e8ac74f5b9233c75f0020e2ec8327f3d') in 0.017457 seconds
Number of updated asset objects reloaded before import = 0
Number of asset objects unloaded after import = 1
========================================================================
Received Import Request.
  Time since last request: 0.000050 seconds.
  path: Assets/ModernSupermarket/Models/Props/Products/WaterPack_mqmuh7/Textures/WaterPack_mqmuh7_Var02_a.png
  artifactKey: Guid(2e202824d06871f4a968a69c83acdc15) Importer(2089858483,0ecaa5967403d082aa24f35e1b516d23)
Start importing Assets/ModernSupermarket/Models/Props/Products/WaterPack_mqmuh7/Textures/WaterPack_mqmuh7_Var02_a.png using Guid(2e202824d06871f4a968a69c83acdc15) Importer(2089858483,0ecaa5967403d082aa24f35e1b516d23) [PhysX] Initialized MultithreadedTaskDispatcher with 16 workers.
 -> (artifact id: '189b3072aeb0906cf1d5f6ff9344852a') in 0.015804 seconds
Number of updated asset objects reloaded before import = 0
Number of asset objects unloaded after import = 1
========================================================================
Received Import Request.
  Time since last request: 0.000016 seconds.
  path: Assets/ModernSupermarket/Models/Props/Utility/Bag_j5sec2/Textures/Bag_j5sec2_n.png
  artifactKey: Guid(836570954ef29564899a8a3845e49e51) Importer(2089858483,0ecaa5967403d082aa24f35e1b516d23)
Start importing Assets/ModernSupermarket/Models/Props/Utility/Bag_j5sec2/Textures/Bag_j5sec2_n.png using Guid(836570954ef29564899a8a3845e49e51) Importer(2089858483,0ecaa5967403d082aa24f35e1b516d23) [PhysX] Initialized MultithreadedTaskDispatcher with 16 workers.
 -> (artifact id: '33f9ebb958724c68cd0653898d48626f') in 0.017320 seconds
Number of updated asset objects reloaded before import = 0
Number of asset objects unloaded after import = 1
========================================================================
Received Import Request.
  Time since last request: 0.000018 seconds.
  path: Assets/ModernSupermarket/Models/Props/Products/PetFood_2ujlf0/Textures/PetFood_2ujlf0_m.png
  artifactKey: Guid(0b3680ac4c29dea4fafcc87572714ba0) Importer(2089858483,0ecaa5967403d082aa24f35e1b516d23)
Start importing Assets/ModernSupermarket/Models/Props/Products/PetFood_2ujlf0/Textures/PetFood_2ujlf0_m.png using Guid(0b3680ac4c29dea4fafcc87572714ba0) Importer(2089858483,0ecaa5967403d082aa24f35e1b516d23) [PhysX] Initialized MultithreadedTaskDispatcher with 16 workers.
 -> (artifact id: '3793318e75655988535f3e34680e12f6') in 0.017884 seconds
Number of updated asset objects reloaded before import = 0
Number of asset objects unloaded after import = 1
========================================================================
Received Import Request.
  Time since last request: 0.000021 seconds.
  path: Assets/ModernSupermarket/Models/Props/Products/SweetJar_alnwix/Textures/SweetJar_alnwix_m.png
  artifactKey: Guid(1acc0a6036c41574a9d00d8d3df35a38) Importer(2089858483,0ecaa5967403d082aa24f35e1b516d23)
Start importing Assets/ModernSupermarket/Models/Props/Products/SweetJar_alnwix/Textures/SweetJar_alnwix_m.png using Guid(1acc0a6036c41574a9d00d8d3df35a38) Importer(2089858483,0ecaa5967403d082aa24f35e1b516d23) [PhysX] Initialized MultithreadedTaskDispatcher with 16 workers.
 -> (artifact id: '4e95408649fb21820d0860f3cebd4994') in 0.015227 seconds
Number of updated asset objects reloaded before import = 0
Number of asset objects unloaded after import = 1
========================================================================
Received Import Request.
  Time since last request: 0.000017 seconds.
  path: Assets/ModernSupermarket/Models/Props/Utility/Bag_j5sec2/Textures/Bag_j5sec2_m.png
  artifactKey: Guid(18fe143c08f90674bacc35b8f6cb8417) Importer(2089858483,0ecaa5967403d082aa24f35e1b516d23)
Start importing Assets/ModernSupermarket/Models/Props/Utility/Bag_j5sec2/Textures/Bag_j5sec2_m.png using Guid(18fe143c08f90674bacc35b8f6cb8417) Importer(2089858483,0ecaa5967403d082aa24f35e1b516d23) [PhysX] Initialized MultithreadedTaskDispatcher with 16 workers.
 -> (artifact id: '50a042856717f0d33e9b23aae64a9541') in 0.017707 seconds
Number of updated asset objects reloaded before import = 0
Number of asset objects unloaded after import = 1
========================================================================
Received Import Request.
  Time since last request: 0.000021 seconds.
  path: Assets/ModernSupermarket/Models/Props/Products/YoghurtPack_kjd150/Textures/YoghurtPack_rk7lsf_n.png
  artifactKey: Guid(b0736ee5de4b7bd4cafe43bf9b320928) Importer(2089858483,0ecaa5967403d082aa24f35e1b516d23)
Start importing Assets/ModernSupermarket/Models/Props/Products/YoghurtPack_kjd150/Textures/YoghurtPack_rk7lsf_n.png using Guid(b0736ee5de4b7bd4cafe43bf9b320928) Importer(2089858483,0ecaa5967403d082aa24f35e1b516d23) [PhysX] Initialized MultithreadedTaskDispatcher with 16 workers.
 -> (artifact id: '2214005837c0219e4de98f25503c6cbb') in 0.018602 seconds
Number of updated asset objects reloaded before import = 0
Number of asset objects unloaded after import = 1
========================================================================
Received Import Request.
  Time since last request: 0.000019 seconds.
  path: Assets/ModernSupermarket/Models/Props/Products/SweetJar_ma0jsk/Textures/SweetJar_ma0jsk_n.png
  artifactKey: Guid(50f833b61d1ed8a49a2276a97090bc77) Importer(2089858483,0ecaa5967403d082aa24f35e1b516d23)
Start importing Assets/ModernSupermarket/Models/Props/Products/SweetJar_ma0jsk/Textures/SweetJar_ma0jsk_n.png using Guid(50f833b61d1ed8a49a2276a97090bc77) Importer(2089858483,0ecaa5967403d082aa24f35e1b516d23) [PhysX] Initialized MultithreadedTaskDispatcher with 16 workers.
 -> (artifact id: '014ad1193e7f42852d1d55c04b2e1a9e') in 0.016539 seconds
Number of updated asset objects reloaded before import = 0
Number of asset objects unloaded after import = 1
========================================================================
Received Import Request.
  Time since last request: 0.000019 seconds.
  path: Assets/ModernSupermarket/Models/Props/Products/Soda_7gwg2t/Textures/Soda_7gwg2t_o.png
  artifactKey: Guid(6090244fd8d641b47baddbf2d3342814) Importer(2089858483,0ecaa5967403d082aa24f35e1b516d23)
Start importing Assets/ModernSupermarket/Models/Props/Products/Soda_7gwg2t/Textures/Soda_7gwg2t_o.png using Guid(6090244fd8d641b47baddbf2d3342814) Importer(2089858483,0ecaa5967403d082aa24f35e1b516d23) [PhysX] Initialized MultithreadedTaskDispatcher with 16 workers.
 -> (artifact id: '7a8ae3a4c44a25b785b643156cf1c802') in 0.016345 seconds
Number of updated asset objects reloaded before import = 0
Number of asset objects unloaded after import = 1
========================================================================
Received Import Request.
  Time since last request: 0.000018 seconds.
  path: Assets/ModernSupermarket/Models/Props/Products/Soda_d7rdw9/Textures/Soda_d7rdw9_m.png
  artifactKey: Guid(e98af6eecc6825b45a7e185e52477a10) Importer(2089858483,0ecaa5967403d082aa24f35e1b516d23)
Start importing Assets/ModernSupermarket/Models/Props/Products/Soda_d7rdw9/Textures/Soda_d7rdw9_m.png using Guid(e98af6eecc6825b45a7e185e52477a10) Importer(2089858483,0ecaa5967403d082aa24f35e1b516d23) [PhysX] Initialized MultithreadedTaskDispatcher with 16 workers.
 -> (artifact id: 'dbba4912361a29c25603aa3fcb1eaa17') in 0.016375 seconds
Number of updated asset objects reloaded before import = 0
Number of asset objects unloaded after import = 1
========================================================================
Received Import Request.
  Time since last request: 0.000023 seconds.
  path: Assets/ModernSupermarket/Models/Props/Products/Sushis_jtvduo/Textures/Sushis_jtvduo_n.png
  artifactKey: Guid(d95693f36d85c8a409ee7cecf7a48067) Importer(2089858483,0ecaa5967403d082aa24f35e1b516d23)
Start importing Assets/ModernSupermarket/Models/Props/Products/Sushis_jtvduo/Textures/Sushis_jtvduo_n.png using Guid(d95693f36d85c8a409ee7cecf7a48067) Importer(2089858483,0ecaa5967403d082aa24f35e1b516d23) [PhysX] Initialized MultithreadedTaskDispatcher with 16 workers.
 -> (artifact id: '7914589160cbfec5c11416a695c61886') in 0.015658 seconds
Number of updated asset objects reloaded before import = 0
Number of asset objects unloaded after import = 1
========================================================================
Received Import Request.
  Time since last request: 0.000027 seconds.
  path: Assets/ModernSupermarket/Models/Props/Products/Toothpaste_duqkf2/Textures/Toothpaste_duqkf2_m.png
  artifactKey: Guid(9ab90769fd7dc2545a249bc47ab44a52) Importer(2089858483,0ecaa5967403d082aa24f35e1b516d23)
Start importing Assets/ModernSupermarket/Models/Props/Products/Toothpaste_duqkf2/Textures/Toothpaste_duqkf2_m.png using Guid(9ab90769fd7dc2545a249bc47ab44a52) Importer(2089858483,0ecaa5967403d082aa24f35e1b516d23) [PhysX] Initialized MultithreadedTaskDispatcher with 16 workers.
 -> (artifact id: '612c2f909b21cd029a35da0bbffc0f2b') in 0.015643 seconds
Number of updated asset objects reloaded before import = 0
Number of asset objects unloaded after import = 1
========================================================================
Received Import Request.
  Time since last request: 0.000017 seconds.
  path: Assets/ModernSupermarket/Models/Props/Products/Shampoo_lvhjkn/Textures/Shampoo_lvhjkn_m.png
  artifactKey: Guid(2a288dc2e34706e4f920840328f2635c) Importer(2089858483,0ecaa5967403d082aa24f35e1b516d23)
Start importing Assets/ModernSupermarket/Models/Props/Products/Shampoo_lvhjkn/Textures/Shampoo_lvhjkn_m.png using Guid(2a288dc2e34706e4f920840328f2635c) Importer(2089858483,0ecaa5967403d082aa24f35e1b516d23) [PhysX] Initialized MultithreadedTaskDispatcher with 16 workers.
 -> (artifact id: 'b6c66306c2b676039c73e3e41979b89f') in 0.022934 seconds
Number of updated asset objects reloaded before import = 0
Number of asset objects unloaded after import = 1
========================================================================
Received Import Request.
  Time since last request: 0.000019 seconds.
  path: Assets/ModernSupermarket/Models/Props/Products/SlicedBread_tp7aom/Textures/SlicedBread_tp7aom_m.png
  artifactKey: Guid(7b41caf8631e94b4ab5f143d9c026dd3) Importer(2089858483,0ecaa5967403d082aa24f35e1b516d23)
Start importing Assets/ModernSupermarket/Models/Props/Products/SlicedBread_tp7aom/Textures/SlicedBread_tp7aom_m.png using Guid(7b41caf8631e94b4ab5f143d9c026dd3) Importer(2089858483,0ecaa5967403d082aa24f35e1b516d23) [PhysX] Initialized MultithreadedTaskDispatcher with 16 workers.
 -> (artifact id: '9b11417c2a4f46c3b20c64b0309d3dbe') in 0.015759 seconds
Number of updated asset objects reloaded before import = 0
Number of asset objects unloaded after import = 1
========================================================================
Received Import Request.
  Time since last request: 0.000017 seconds.
  path: Assets/ModernSupermarket/Models/Props/Products/Shampoo_lvhjkn/Textures/Shampoo_lvhjkn_Label.png
  artifactKey: Guid(7f21b1422262ad74d97c4a5a21911558) Importer(2089858483,0ecaa5967403d082aa24f35e1b516d23)
Start importing Assets/ModernSupermarket/Models/Props/Products/Shampoo_lvhjkn/Textures/Shampoo_lvhjkn_Label.png using Guid(7f21b1422262ad74d97c4a5a21911558) Importer(2089858483,0ecaa5967403d082aa24f35e1b516d23) [PhysX] Initialized MultithreadedTaskDispatcher with 16 workers.
 -> (artifact id: '941e6a23565816796c9aca24b7885adb') in 0.021732 seconds
Number of updated asset objects reloaded before import = 0
Number of asset objects unloaded after import = 1
========================================================================
Received Import Request.
  Time since last request: 0.000019 seconds.
  path: Assets/ModernSupermarket/Models/Props/Products/Teabox_l5w9ll/Textures/Teabox_l5w9ll_mask.png
  artifactKey: Guid(7475b08813a72eb409adb6a70c0f23b2) Importer(2089858483,0ecaa5967403d082aa24f35e1b516d23)
Start importing Assets/ModernSupermarket/Models/Props/Products/Teabox_l5w9ll/Textures/Teabox_l5w9ll_mask.png using Guid(7475b08813a72eb409adb6a70c0f23b2) Importer(2089858483,0ecaa5967403d082aa24f35e1b516d23) [PhysX] Initialized MultithreadedTaskDispatcher with 16 workers.
 -> (artifact id: '0bf37e8850cb54d2639b645aef955aee') in 0.015339 seconds
Number of updated asset objects reloaded before import = 0
Number of asset objects unloaded after import = 1
========================================================================
Received Import Request.
  Time since last request: 0.000017 seconds.
  path: Assets/ModernSupermarket/Models/Props/Products/Sauce_cfrew8/Textures/Sauce_cfrew8_o.png
  artifactKey: Guid(9093465613707c24fb955d3120e06696) Importer(2089858483,0ecaa5967403d082aa24f35e1b516d23)
Start importing Assets/ModernSupermarket/Models/Props/Products/Sauce_cfrew8/Textures/Sauce_cfrew8_o.png using Guid(9093465613707c24fb955d3120e06696) Importer(2089858483,0ecaa5967403d082aa24f35e1b516d23) [PhysX] Initialized MultithreadedTaskDispatcher with 16 workers.
 -> (artifact id: '3fe124315fdb2fc14c23044c08310fad') in 0.018951 seconds
Number of updated asset objects reloaded before import = 0
Number of asset objects unloaded after import = 1
========================================================================
Received Import Request.
  Time since last request: 0.000024 seconds.
  path: Assets/ModernSupermarket/Models/Props/Products/Pasta_g87jtq/Textures/PastaPack_g87jtq_Var01_o.png
  artifactKey: Guid(6d34a4385f730434aada6d289860b9fa) Importer(2089858483,0ecaa5967403d082aa24f35e1b516d23)
Start importing Assets/ModernSupermarket/Models/Props/Products/Pasta_g87jtq/Textures/PastaPack_g87jtq_Var01_o.png using Guid(6d34a4385f730434aada6d289860b9fa) Importer(2089858483,0ecaa5967403d082aa24f35e1b516d23) [PhysX] Initialized MultithreadedTaskDispatcher with 16 workers.
 -> (artifact id: '40f9df16963098bdf191376fb10cb181') in 0.018883 seconds
Number of updated asset objects reloaded before import = 0
Number of asset objects unloaded after import = 1
========================================================================
Received Import Request.
  Time since last request: 0.000019 seconds.
  path: Assets/ModernSupermarket/Models/Props/Products/Sugar_prsmvy/Textures/Sugar_prsmvy_o.png
  artifactKey: Guid(8c1b018cf6974a14eaedeec4b85bc46c) Importer(2089858483,0ecaa5967403d082aa24f35e1b516d23)
Start importing Assets/ModernSupermarket/Models/Props/Products/Sugar_prsmvy/Textures/Sugar_prsmvy_o.png using Guid(8c1b018cf6974a14eaedeec4b85bc46c) Importer(2089858483,0ecaa5967403d082aa24f35e1b516d23) [PhysX] Initialized MultithreadedTaskDispatcher with 16 workers.
 -> (artifact id: '3623f8f12066597846fd72a551637cac') in 0.017143 seconds
Number of updated asset objects reloaded before import = 0
Number of asset objects unloaded after import = 1
========================================================================
Received Import Request.
  Time since last request: 0.000019 seconds.
  path: Assets/ModernSupermarket/Models/Props/Products/Teabox_l5w9ll/Textures/Teabox_l5w9ll_n.png
  artifactKey: Guid(8d194e19f4a935847befdae03d9bbdcd) Importer(2089858483,0ecaa5967403d082aa24f35e1b516d23)
Start importing Assets/ModernSupermarket/Models/Props/Products/Teabox_l5w9ll/Textures/Teabox_l5w9ll_n.png using Guid(8d194e19f4a935847befdae03d9bbdcd) Importer(2089858483,0ecaa5967403d082aa24f35e1b516d23) [PhysX] Initialized MultithreadedTaskDispatcher with 16 workers.
 -> (artifact id: 'fe9cc14b6cd1e639c7efd53e93fdfad5') in 0.017734 seconds
Number of updated asset objects reloaded before import = 0
Number of asset objects unloaded after import = 1
========================================================================
Received Import Request.
  Time since last request: 0.000020 seconds.
  path: Assets/ModernSupermarket/Models/Props/Products/Pasta_g87jtq/Textures/PastaPack_g87jtq_n.png
  artifactKey: Guid(1558eff5b26784b4881181e6b287b6f5) Importer(2089858483,0ecaa5967403d082aa24f35e1b516d23)
Start importing Assets/ModernSupermarket/Models/Props/Products/Pasta_g87jtq/Textures/PastaPack_g87jtq_n.png using Guid(1558eff5b26784b4881181e6b287b6f5) Importer(2089858483,0ecaa5967403d082aa24f35e1b516d23) [PhysX] Initialized MultithreadedTaskDispatcher with 16 workers.
 -> (artifact id: '9fee1d8c5b056c3d9468c718020bc0ee') in 0.017919 seconds
Number of updated asset objects reloaded before import = 0
Number of asset objects unloaded after import = 1
========================================================================
Received Import Request.
  Time since last request: 0.000019 seconds.
  path: Assets/ModernSupermarket/Models/Props/Products/Soap_eegrv7/Textures/Soap_eegrv7_m.png
  artifactKey: Guid(c14fd17f472203a4aa789a2ddb93b39a) Importer(2089858483,0ecaa5967403d082aa24f35e1b516d23)
Start importing Assets/ModernSupermarket/Models/Props/Products/Soap_eegrv7/Textures/Soap_eegrv7_m.png using Guid(c14fd17f472203a4aa789a2ddb93b39a) Importer(2089858483,0ecaa5967403d082aa24f35e1b516d23) [PhysX] Initialized MultithreadedTaskDispatcher with 16 workers.
 -> (artifact id: 'd99f4b402916c354bc36116c33be5735') in 0.018733 seconds
Number of updated asset objects reloaded before import = 0
Number of asset objects unloaded after import = 1
========================================================================
Received Import Request.
  Time since last request: 0.000028 seconds.
  path: Assets/ModernSupermarket/Models/Props/Products/PetFood_2ujlf0/Textures/PetFood_2ujlf0_n.png
  artifactKey: Guid(5f2bb8780d8b58d408007a78659f40e5) Importer(2089858483,0ecaa5967403d082aa24f35e1b516d23)
Start importing Assets/ModernSupermarket/Models/Props/Products/PetFood_2ujlf0/Textures/PetFood_2ujlf0_n.png using Guid(5f2bb8780d8b58d408007a78659f40e5) Importer(2089858483,0ecaa5967403d082aa24f35e1b516d23) [PhysX] Initialized MultithreadedTaskDispatcher with 16 workers.
 -> (artifact id: 'f6782990eaf813069d9de170a0df51b5') in 0.016534 seconds
Number of updated asset objects reloaded before import = 0
Number of asset objects unloaded after import = 1
========================================================================
Received Import Request.
  Time since last request: 0.000034 seconds.
  path: Assets/ModernSupermarket/Models/Props/Products/YoghurtPack_kjd150/Textures/YoghurtPack_rk7lsf_Var01_a.png
  artifactKey: Guid(d8216e5362959f64297fe95eb1c8947c) Importer(2089858483,0ecaa5967403d082aa24f35e1b516d23)
Start importing Assets/ModernSupermarket/Models/Props/Products/YoghurtPack_kjd150/Textures/YoghurtPack_rk7lsf_Var01_a.png using Guid(d8216e5362959f64297fe95eb1c8947c) Importer(2089858483,0ecaa5967403d082aa24f35e1b516d23) [PhysX] Initialized MultithreadedTaskDispatcher with 16 workers.
 -> (artifact id: 'bc082185b2f86a6d4f931cf723cf076e') in 0.017587 seconds
Number of updated asset objects reloaded before import = 0
Number of asset objects unloaded after import = 1
========================================================================
Received Import Request.
  Time since last request: 0.000019 seconds.
  path: Assets/ModernSupermarket/Models/Props/Products/Rooflight_ll6qt0/textures/RoofLight_ll6qt0_e.png
  artifactKey: Guid(12e1c7b91f6952147a9d76b72df21ef4) Importer(2089858483,0ecaa5967403d082aa24f35e1b516d23)
Start importing Assets/ModernSupermarket/Models/Props/Products/Rooflight_ll6qt0/textures/RoofLight_ll6qt0_e.png using Guid(12e1c7b91f6952147a9d76b72df21ef4) Importer(2089858483,0ecaa5967403d082aa24f35e1b516d23) [PhysX] Initialized MultithreadedTaskDispatcher with 16 workers.
 -> (artifact id: '2b27cb510693848249a6e1b6563bd0a2') in 0.015728 seconds
Number of updated asset objects reloaded before import = 0
Number of asset objects unloaded after import = 1
========================================================================
Received Import Request.
  Time since last request: 0.000017 seconds.
  path: Assets/ModernSupermarket/Models/Props/Products/SweetJar_alnwix/Textures/SweetJar_alnwix_n.png
  artifactKey: Guid(18d45dd485a98f047b96eab16087c468) Importer(2089858483,0ecaa5967403d082aa24f35e1b516d23)
Start importing Assets/ModernSupermarket/Models/Props/Products/SweetJar_alnwix/Textures/SweetJar_alnwix_n.png using Guid(18d45dd485a98f047b96eab16087c468) Importer(2089858483,0ecaa5967403d082aa24f35e1b516d23) [PhysX] Initialized MultithreadedTaskDispatcher with 16 workers.
 -> (artifact id: '9ae1c8bdee8002d252007fe529cbbdc8') in 0.016108 seconds
Number of updated asset objects reloaded before import = 0
Number of asset objects unloaded after import = 1
========================================================================
Received Import Request.
  Time since last request: 0.000020 seconds.
  path: Assets/ModernSupermarket/Models/Props/Products/SweetJar_lpbii4/Textures/SweetJar_lpbii4_n.png
  artifactKey: Guid(476c8462cbe00b5419336ef576f975ca) Importer(2089858483,0ecaa5967403d082aa24f35e1b516d23)
Start importing Assets/ModernSupermarket/Models/Props/Products/SweetJar_lpbii4/Textures/SweetJar_lpbii4_n.png using Guid(476c8462cbe00b5419336ef576f975ca) Importer(2089858483,0ecaa5967403d082aa24f35e1b516d23) [PhysX] Initialized MultithreadedTaskDispatcher with 16 workers.
 -> (artifact id: 'a725affa26910980598ccd9cb0de7626') in 0.017028 seconds
Number of updated asset objects reloaded before import = 0
Number of asset objects unloaded after import = 1
========================================================================
Received Import Request.
  Time since last request: 0.000019 seconds.
  path: Assets/ModernSupermarket/Models/Props/Utility/Basket_k5jizs/Textures/Basket_k5jizs_n.png
  artifactKey: Guid(d72930434c556d54ab85887a17bf4e8f) Importer(2089858483,0ecaa5967403d082aa24f35e1b516d23)
Start importing Assets/ModernSupermarket/Models/Props/Utility/Basket_k5jizs/Textures/Basket_k5jizs_n.png using Guid(d72930434c556d54ab85887a17bf4e8f) Importer(2089858483,0ecaa5967403d082aa24f35e1b516d23) [PhysX] Initialized MultithreadedTaskDispatcher with 16 workers.
 -> (artifact id: '5d5181dd7cfa4aa3e1093f3b68d74e92') in 0.015496 seconds
Number of updated asset objects reloaded before import = 0
Number of asset objects unloaded after import = 1
========================================================================
Received Import Request.
  Time since last request: 0.000016 seconds.
  path: Assets/ModernSupermarket/Models/Props/Utility/Computer_dfc1a9/Textures/Computer_dfc1a9_o.png
  artifactKey: Guid(130d01011c03795459bc949ac16e8935) Importer(2089858483,0ecaa5967403d082aa24f35e1b516d23)
Start importing Assets/ModernSupermarket/Models/Props/Utility/Computer_dfc1a9/Textures/Computer_dfc1a9_o.png using Guid(130d01011c03795459bc949ac16e8935) Importer(2089858483,0ecaa5967403d082aa24f35e1b516d23) [PhysX] Initialized MultithreadedTaskDispatcher with 16 workers.
 -> (artifact id: '9609873ad877e29f75668a457014a05b') in 0.015592 seconds
Number of updated asset objects reloaded before import = 0
Number of asset objects unloaded after import = 1
========================================================================
Received Import Request.
  Time since last request: 0.000020 seconds.
  path: Assets/ModernSupermarket/Models/Props/Utility/Footboard_ajuyp9/Texture/Footboard_ajuyp9_a.png
  artifactKey: Guid(a464d36169b43614c863f98628dfb1c1) Importer(2089858483,0ecaa5967403d082aa24f35e1b516d23)
Start importing Assets/ModernSupermarket/Models/Props/Utility/Footboard_ajuyp9/Texture/Footboard_ajuyp9_a.png using Guid(a464d36169b43614c863f98628dfb1c1) Importer(2089858483,0ecaa5967403d082aa24f35e1b516d23) [PhysX] Initialized MultithreadedTaskDispatcher with 16 workers.
 -> (artifact id: '3895f618fb5f605a489fa1606800399b') in 0.015770 seconds
Number of updated asset objects reloaded before import = 0
Number of asset objects unloaded after import = 1
========================================================================
Received Import Request.
  Time since last request: 0.000018 seconds.
  path: Assets/ModernSupermarket/Models/Props/Products/BeerKeg_byk96e/Textures/Materials/BeerKeg_byk96e.mat
  artifactKey: Guid(3ec4992a1248307448baf5494aa7d49a) Importer(2089858483,0ecaa5967403d082aa24f35e1b516d23)
Start importing Assets/ModernSupermarket/Models/Props/Products/BeerKeg_byk96e/Textures/Materials/BeerKeg_byk96e.mat using Guid(3ec4992a1248307448baf5494aa7d49a) Importer(2089858483,0ecaa5967403d082aa24f35e1b516d23) [PhysX] Initialized MultithreadedTaskDispatcher with 16 workers.
 -> (artifact id: '2e2ebc7096b66ed83a2b57ded8671c7e') in 0.016028 seconds
Number of updated asset objects reloaded before import = 0
Number of asset objects unloaded after import = 5
========================================================================
Received Import Request.
  Time since last request: 0.000018 seconds.
  path: Assets/ModernSupermarket/Models/Props/Utility/Crate_3m39yz/Textures/Crate_3m39yzVar01_a.png
  artifactKey: Guid(03741abefdcf026409b3661c2164f35d) Importer(2089858483,0ecaa5967403d082aa24f35e1b516d23)
Start importing Assets/ModernSupermarket/Models/Props/Utility/Crate_3m39yz/Textures/Crate_3m39yzVar01_a.png using Guid(03741abefdcf026409b3661c2164f35d) Importer(2089858483,0ecaa5967403d082aa24f35e1b516d23) [PhysX] Initialized MultithreadedTaskDispatcher with 16 workers.
 -> (artifact id: 'e5e5008ec6c78c9721707e4baf6750ad') in 0.022535 seconds
Number of updated asset objects reloaded before import = 0
Number of asset objects unloaded after import = 1
========================================================================
Received Import Request.
  Time since last request: 0.000016 seconds.
  path: Assets/ModernSupermarket/Models/Props/Utility/Stool_6jdl8x/Materials/Stool_6jdl8x_a.mat
  artifactKey: Guid(92ceb5c37f60cb44abec574eeb168a67) Importer(2089858483,0ecaa5967403d082aa24f35e1b516d23)
Start importing Assets/ModernSupermarket/Models/Props/Utility/Stool_6jdl8x/Materials/Stool_6jdl8x_a.mat using Guid(92ceb5c37f60cb44abec574eeb168a67) Importer(2089858483,0ecaa5967403d082aa24f35e1b516d23) [PhysX] Initialized MultithreadedTaskDispatcher with 16 workers.
 -> (artifact id: '08d19cc654503a517757547e61668d6c') in 0.026744 seconds
Number of updated asset objects reloaded before import = 0
Number of asset objects unloaded after import = 5
========================================================================
Received Import Request.
  Time since last request: 0.000020 seconds.
  path: Assets/ModernSupermarket/Models/Props/Utility/FireExtinguisher_ha3jqe/Textures/FireExtinguisher_ha3jqe_m.png
  artifactKey: Guid(91e6135b86a66e3449cea3fd60c452d5) Importer(2089858483,0ecaa5967403d082aa24f35e1b516d23)
Start importing Assets/ModernSupermarket/Models/Props/Utility/FireExtinguisher_ha3jqe/Textures/FireExtinguisher_ha3jqe_m.png using Guid(91e6135b86a66e3449cea3fd60c452d5) Importer(2089858483,0ecaa5967403d082aa24f35e1b516d23) [PhysX] Initialized MultithreadedTaskDispatcher with 16 workers.
 -> (artifact id: '3ee0cfb2d6af8fa3541172b4378333c1') in 0.017877 seconds
Number of updated asset objects reloaded before import = 0
Number of asset objects unloaded after import = 1
========================================================================
Received Import Request.
  Time since last request: 0.000026 seconds.
  path: Assets/ModernSupermarket/Models/Props/Products/BeerKeg_byk96e/Textures/Materials/BeerKeg_byk96e_Var02.mat
  artifactKey: Guid(e8b716f0654b1b943845d8250fdf4b5d) Importer(2089858483,0ecaa5967403d082aa24f35e1b516d23)
Start importing Assets/ModernSupermarket/Models/Props/Products/BeerKeg_byk96e/Textures/Materials/BeerKeg_byk96e_Var02.mat using Guid(e8b716f0654b1b943845d8250fdf4b5d) Importer(2089858483,0ecaa5967403d082aa24f35e1b516d23) [PhysX] Initialized MultithreadedTaskDispatcher with 16 workers.
 -> (artifact id: '7a95d9b58416c355de4bb57177fbcf8f') in 0.018618 seconds
Number of updated asset objects reloaded before import = 0
Number of asset objects unloaded after import = 5
========================================================================
Received Import Request.
  Time since last request: 0.000028 seconds.
  path: Assets/ModernSupermarket/Models/Props/Products/CansPack_f98qxo/Textures/Materials/CansPack_f98qxo.mat
  artifactKey: Guid(2fad0d33404f2804c95525834ad6a2e3) Importer(2089858483,0ecaa5967403d082aa24f35e1b516d23)
Start importing Assets/ModernSupermarket/Models/Props/Products/CansPack_f98qxo/Textures/Materials/CansPack_f98qxo.mat using Guid(2fad0d33404f2804c95525834ad6a2e3) Importer(2089858483,0ecaa5967403d082aa24f35e1b516d23) [PhysX] Initialized MultithreadedTaskDispatcher with 16 workers.
 -> (artifact id: '0b803dc3e96ef55d50abeab354cbb87f') in 0.033720 seconds
Number of updated asset objects reloaded before import = 0
Number of asset objects unloaded after import = 5
========================================================================
Received Import Request.
  Time since last request: 0.000018 seconds.
  path: Assets/ModernSupermarket/Models/Props/Produce/Artichoke_fdde0u/Textures/Materials/Artichoke_fdde0u.mat
  artifactKey: Guid(60f70eeebe389c84fb953afb34562e79) Importer(2089858483,0ecaa5967403d082aa24f35e1b516d23)
Start importing Assets/ModernSupermarket/Models/Props/Produce/Artichoke_fdde0u/Textures/Materials/Artichoke_fdde0u.mat using Guid(60f70eeebe389c84fb953afb34562e79) Importer(2089858483,0ecaa5967403d082aa24f35e1b516d23) [PhysX] Initialized MultithreadedTaskDispatcher with 16 workers.
 -> (artifact id: '223e352c9da5e997b9988804a28eca40') in 0.016987 seconds
Number of updated asset objects reloaded before import = 0
Number of asset objects unloaded after import = 5
========================================================================
Received Import Request.
  Time since last request: 0.000024 seconds.
  path: Assets/ModernSupermarket/Models/Props/Utility/Basket_o52iei/Textures/Basket_o52iei_o.png
  artifactKey: Guid(fc35703544a48a6448a4105bbcfcd390) Importer(2089858483,0ecaa5967403d082aa24f35e1b516d23)
Start importing Assets/ModernSupermarket/Models/Props/Utility/Basket_o52iei/Textures/Basket_o52iei_o.png using Guid(fc35703544a48a6448a4105bbcfcd390) Importer(2089858483,0ecaa5967403d082aa24f35e1b516d23) [PhysX] Initialized MultithreadedTaskDispatcher with 16 workers.
 -> (artifact id: 'c51af5e7c1d924807f9a38921bf3566a') in 0.017703 seconds
Number of updated asset objects reloaded before import = 0
Number of asset objects unloaded after import = 1
========================================================================
Received Import Request.
  Time since last request: 0.000018 seconds.
  path: Assets/ModernSupermarket/Models/Props/Utility/Basket_x5gi0j/Textures/Basket_x5gi0j_m.png
  artifactKey: Guid(0d5287968fdabc34aaebd94d2387a95e) Importer(2089858483,0ecaa5967403d082aa24f35e1b516d23)
Start importing Assets/ModernSupermarket/Models/Props/Utility/Basket_x5gi0j/Textures/Basket_x5gi0j_m.png using Guid(0d5287968fdabc34aaebd94d2387a95e) Importer(2089858483,0ecaa5967403d082aa24f35e1b516d23) [PhysX] Initialized MultithreadedTaskDispatcher with 16 workers.
 -> (artifact id: '73bdcb092cb29b830eb26101bf21f7b0') in 0.017100 seconds
Number of updated asset objects reloaded before import = 0
Number of asset objects unloaded after import = 1
========================================================================
Received Import Request.
  Time since last request: 0.000019 seconds.
  path: Assets/ModernSupermarket/Models/Props/Produce/Perry_fhz4xg/Textures/Materials/Perry_fhz4xg.mat
  artifactKey: Guid(7862c0f834729c542b327a87f870e58e) Importer(2089858483,0ecaa5967403d082aa24f35e1b516d23)
Start importing Assets/ModernSupermarket/Models/Props/Produce/Perry_fhz4xg/Textures/Materials/Perry_fhz4xg.mat using Guid(7862c0f834729c542b327a87f870e58e) Importer(2089858483,0ecaa5967403d082aa24f35e1b516d23) [PhysX] Initialized MultithreadedTaskDispatcher with 16 workers.
 -> (artifact id: '198cb0c7a7fc5866494001ca4cdfb902') in 0.015399 seconds
Number of updated asset objects reloaded before import = 0
Number of asset objects unloaded after import = 5
========================================================================
Received Import Request.
  Time since last request: 0.000026 seconds.
  path: Assets/ModernSupermarket/Models/Props/Utility/Footboard_ajuyp9/Texture/Footboard_ajuyp9_n.png
  artifactKey: Guid(a8b38277524070b419a873301dcccb19) Importer(2089858483,0ecaa5967403d082aa24f35e1b516d23)
Start importing Assets/ModernSupermarket/Models/Props/Utility/Footboard_ajuyp9/Texture/Footboard_ajuyp9_n.png using Guid(a8b38277524070b419a873301dcccb19) Importer(2089858483,0ecaa5967403d082aa24f35e1b516d23) [PhysX] Initialized MultithreadedTaskDispatcher with 16 workers.
 -> (artifact id: '03d7d8179a6a39af096b62baa69b266c') in 0.018799 seconds
Number of updated asset objects reloaded before import = 0
Number of asset objects unloaded after import = 1
========================================================================
Received Import Request.
  Time since last request: 0.000015 seconds.
  path: Assets/ModernSupermarket/Models/Props/Utility/Basket_o52iei/Textures/Basket_o52iei_condiments02_a.png
  artifactKey: Guid(6f5608fdd17b3d34f8913039257790e6) Importer(2089858483,0ecaa5967403d082aa24f35e1b516d23)
Start importing Assets/ModernSupermarket/Models/Props/Utility/Basket_o52iei/Textures/Basket_o52iei_condiments02_a.png using Guid(6f5608fdd17b3d34f8913039257790e6) Importer(2089858483,0ecaa5967403d082aa24f35e1b516d23) [PhysX] Initialized MultithreadedTaskDispatcher with 16 workers.
 -> (artifact id: 'a8caf15a6cd1f58b25035f794853a30c') in 0.016551 seconds
Number of updated asset objects reloaded before import = 0
Number of asset objects unloaded after import = 1
========================================================================
Received Import Request.
  Time since last request: 0.000018 seconds.
  path: Assets/ModernSupermarket/Models/Props/Utility/Camera_fbj1by/Textures/Camera_fbj1by_n.png
  artifactKey: Guid(079281268d4af81418c009d6d5d62e9f) Importer(2089858483,0ecaa5967403d082aa24f35e1b516d23)
Start importing Assets/ModernSupermarket/Models/Props/Utility/Camera_fbj1by/Textures/Camera_fbj1by_n.png using Guid(079281268d4af81418c009d6d5d62e9f) Importer(2089858483,0ecaa5967403d082aa24f35e1b516d23) [PhysX] Initialized MultithreadedTaskDispatcher with 16 workers.
 -> (artifact id: 'e1576b1c3e38a6784f17c37a27250cdb') in 0.018454 seconds
Number of updated asset objects reloaded before import = 0
Number of asset objects unloaded after import = 1
========================================================================
Received Import Request.
  Time since last request: 0.000023 seconds.
  path: Assets/ModernSupermarket/Models/Props/Products/Beer_lryra7/Textures/Materials/BeerBottle_fdde0u_Label_Var01.mat
  artifactKey: Guid(c078a27addbf354458ade6836efed0be) Importer(2089858483,0ecaa5967403d082aa24f35e1b516d23)
Start importing Assets/ModernSupermarket/Models/Props/Products/Beer_lryra7/Textures/Materials/BeerBottle_fdde0u_Label_Var01.mat using Guid(c078a27addbf354458ade6836efed0be) Importer(2089858483,0ecaa5967403d082aa24f35e1b516d23) [PhysX] Initialized MultithreadedTaskDispatcher with 16 workers.
 -> (artifact id: 'ba4b9d2312e0613e8a954413b9ef6029') in 0.018336 seconds
Number of updated asset objects reloaded before import = 0
Number of asset objects unloaded after import = 4
========================================================================
Received Import Request.
  Time since last request: 0.000029 seconds.
  path: Assets/ModernSupermarket/Models/Props/Products/Beer_lryra7/Textures/Materials/BeerBottle_Liquid.mat
  artifactKey: Guid(bab3dabf24ac46c4697d5a53fcbc24f2) Importer(2089858483,0ecaa5967403d082aa24f35e1b516d23)
Start importing Assets/ModernSupermarket/Models/Props/Products/Beer_lryra7/Textures/Materials/BeerBottle_Liquid.mat using Guid(bab3dabf24ac46c4697d5a53fcbc24f2) Importer(2089858483,0ecaa5967403d082aa24f35e1b516d23) [PhysX] Initialized MultithreadedTaskDispatcher with 16 workers.
 -> (artifact id: '40a61b412905da17d158bf4b53b51d29') in 0.016824 seconds
Number of updated asset objects reloaded before import = 0
Number of asset objects unloaded after import = 1
========================================================================
Received Import Request.
  Time since last request: 0.000020 seconds.
  path: Assets/ModernSupermarket/Models/Props/Utility/Crate_3m39yz/Textures/Crate_3m39yzVar02_o.png
  artifactKey: Guid(5c8b1cfd8b4b24a4bab4bd800930364f) Importer(2089858483,0ecaa5967403d082aa24f35e1b516d23)
Start importing Assets/ModernSupermarket/Models/Props/Utility/Crate_3m39yz/Textures/Crate_3m39yzVar02_o.png using Guid(5c8b1cfd8b4b24a4bab4bd800930364f) Importer(2089858483,0ecaa5967403d082aa24f35e1b516d23) [PhysX] Initialized MultithreadedTaskDispatcher with 16 workers.
 -> (artifact id: '707840988945449e8051c2d52518775f') in 0.016942 seconds
Number of updated asset objects reloaded before import = 0
Number of asset objects unloaded after import = 1
========================================================================
Received Import Request.
  Time since last request: 0.000023 seconds.
  path: Assets/ModernSupermarket/Models/Props/Utility/WetFloor_fxi59q/Textures/WetFloor_fxi59q_a.png
  artifactKey: Guid(3d79edf4f4372f84591569229fb78560) Importer(2089858483,0ecaa5967403d082aa24f35e1b516d23)
Start importing Assets/ModernSupermarket/Models/Props/Utility/WetFloor_fxi59q/Textures/WetFloor_fxi59q_a.png using Guid(3d79edf4f4372f84591569229fb78560) Importer(2089858483,0ecaa5967403d082aa24f35e1b516d23) [PhysX] Initialized MultithreadedTaskDispatcher with 16 workers.
 -> (artifact id: '7afdc422fb97248b6370065d339e10bb') in 0.021389 seconds
Number of updated asset objects reloaded before import = 0
Number of asset objects unloaded after import = 1
========================================================================
Received Import Request.
  Time since last request: 0.000028 seconds.
  path: Assets/ModernSupermarket/Models/Props/Products/Beer_lryra7/Textures/Materials/BeerBottle_GlassBrown.mat
  artifactKey: Guid(8b2adcd6f8e1a584b8b6a28641fed42e) Importer(2089858483,0ecaa5967403d082aa24f35e1b516d23)
Start importing Assets/ModernSupermarket/Models/Props/Products/Beer_lryra7/Textures/Materials/BeerBottle_GlassBrown.mat using Guid(8b2adcd6f8e1a584b8b6a28641fed42e) Importer(2089858483,0ecaa5967403d082aa24f35e1b516d23) [PhysX] Initialized MultithreadedTaskDispatcher with 16 workers.
 -> (artifact id: 'd5f481b7eae5872a3144211b62ae9862') in 0.014511 seconds
Number of updated asset objects reloaded before import = 0
Number of asset objects unloaded after import = 2
========================================================================
Received Import Request.
  Time since last request: 0.000020 seconds.
  path: Assets/Packages/System.Text.Json.8.0.5/analyzers/dotnet/roslyn4.4/cs/System.Text.Json.SourceGeneration.dll
  artifactKey: Guid(86f0d69f36068494e81787d76b747ba0) Importer(2089858483,0ecaa5967403d082aa24f35e1b516d23)
Start importing Assets/Packages/System.Text.Json.8.0.5/analyzers/dotnet/roslyn4.4/cs/System.Text.Json.SourceGeneration.dll using Guid(86f0d69f36068494e81787d76b747ba0) Importer(2089858483,0ecaa5967403d082aa24f35e1b516d23) [PhysX] Initialized MultithreadedTaskDispatcher with 16 workers.
 -> (artifact id: 'c60e034d6b7acad542881697bdd6021f') in 0.014032 seconds
Number of updated asset objects reloaded before import = 0
Number of asset objects unloaded after import = 1
========================================================================
Received Import Request.
  Time since last request: 0.000020 seconds.
  path: Assets/ModernSupermarket/Models/Props/Utility/Basket_o52iei/Textures/Basket_o52iei_condiments01_o.png
  artifactKey: Guid(75e09bd3404452a42abf3f3a05a611de) Importer(2089858483,0ecaa5967403d082aa24f35e1b516d23)
Start importing Assets/ModernSupermarket/Models/Props/Utility/Basket_o52iei/Textures/Basket_o52iei_condiments01_o.png using Guid(75e09bd3404452a42abf3f3a05a611de) Importer(2089858483,0ecaa5967403d082aa24f35e1b516d23) [PhysX] Initialized MultithreadedTaskDispatcher with 16 workers.
 -> (artifact id: '5ea91f7eeed7f8e1aa168cee4276d9b9') in 0.019257 seconds
Number of updated asset objects reloaded before import = 0
Number of asset objects unloaded after import = 1
========================================================================
Received Import Request.
  Time since last request: 0.000020 seconds.
  path: Assets/ModernSupermarket/Models/Props/Produce/Apple_k7nzrr/Textures/Materials/Apple_1lsubu.mat
  artifactKey: Guid(d9bd4d2fe14aedf49a63d1c2f0f33d90) Importer(2089858483,0ecaa5967403d082aa24f35e1b516d23)
Start importing Assets/ModernSupermarket/Models/Props/Produce/Apple_k7nzrr/Textures/Materials/Apple_1lsubu.mat using Guid(d9bd4d2fe14aedf49a63d1c2f0f33d90) Importer(2089858483,0ecaa5967403d082aa24f35e1b516d23) [PhysX] Initialized MultithreadedTaskDispatcher with 16 workers.
 -> (artifact id: '938613d3765309d9679fc39da2a3e671') in 0.016495 seconds
Number of updated asset objects reloaded before import = 0
Number of asset objects unloaded after import = 5
========================================================================
Received Import Request.
  Time since last request: 0.000020 seconds.
  path: Assets/ModernSupermarket/Models/Props/Utility/Crate_3m39yz/Textures/Crate_3m39yz_o.png
  artifactKey: Guid(d46f795b7d1e47c4ea2331d1a4890676) Importer(2089858483,0ecaa5967403d082aa24f35e1b516d23)
Start importing Assets/ModernSupermarket/Models/Props/Utility/Crate_3m39yz/Textures/Crate_3m39yz_o.png using Guid(d46f795b7d1e47c4ea2331d1a4890676) Importer(2089858483,0ecaa5967403d082aa24f35e1b516d23) [PhysX] Initialized MultithreadedTaskDispatcher with 16 workers.
 -> (artifact id: '80d79337ddcd2e257a2c9b9da820bb64') in 0.017521 seconds
Number of updated asset objects reloaded before import = 0
Number of asset objects unloaded after import = 1
========================================================================
Received Import Request.
  Time since last request: 0.000020 seconds.
  path: Assets/ModernSupermarket/Models/Props/Products/Alcohol_ao62w4/Textures/Materials/Alcool_ao62w4_Glass.mat
  artifactKey: Guid(4bf3f201429668645ab99f929b9949ff) Importer(2089858483,0ecaa5967403d082aa24f35e1b516d23)
Start importing Assets/ModernSupermarket/Models/Props/Products/Alcohol_ao62w4/Textures/Materials/Alcool_ao62w4_Glass.mat using Guid(4bf3f201429668645ab99f929b9949ff) Importer(2089858483,0ecaa5967403d082aa24f35e1b516d23) [PhysX] Initialized MultithreadedTaskDispatcher with 16 workers.
 -> (artifact id: 'f150fa44c20663966f67036a39448efb') in 0.018656 seconds
Number of updated asset objects reloaded before import = 0
Number of asset objects unloaded after import = 4
========================================================================
Received Import Request.
  Time since last request: 0.000021 seconds.
  path: Assets/ModernSupermarket/Models/Props/Products/CansPack_f98qxo/Textures/Materials/CansPack_f98qxo_Var01.mat
  artifactKey: Guid(007036007bd4bb64e878f8d7726a08f4) Importer(2089858483,0ecaa5967403d082aa24f35e1b516d23)
Start importing Assets/ModernSupermarket/Models/Props/Products/CansPack_f98qxo/Textures/Materials/CansPack_f98qxo_Var01.mat using Guid(007036007bd4bb64e878f8d7726a08f4) Importer(2089858483,0ecaa5967403d082aa24f35e1b516d23) [PhysX] Initialized MultithreadedTaskDispatcher with 16 workers.
 -> (artifact id: '57917152d38964dce78ce06d35f3d8df') in 0.014972 seconds
Number of updated asset objects reloaded before import = 0
Number of asset objects unloaded after import = 4
========================================================================
Received Import Request.
  Time since last request: 0.000019 seconds.
  path: Assets/ModernSupermarket/Models/Props/Utility/Basket_k5jizs/Textures/Basket_k5jizs_m.png
  artifactKey: Guid(8c6dfb7d40009444f935f659d4022185) Importer(2089858483,0ecaa5967403d082aa24f35e1b516d23)
Start importing Assets/ModernSupermarket/Models/Props/Utility/Basket_k5jizs/Textures/Basket_k5jizs_m.png using Guid(8c6dfb7d40009444f935f659d4022185) Importer(2089858483,0ecaa5967403d082aa24f35e1b516d23) [PhysX] Initialized MultithreadedTaskDispatcher with 16 workers.
 -> (artifact id: '31903ec5e3bd6541039f56f370f1e288') in 0.015464 seconds
Number of updated asset objects reloaded before import = 0
Number of asset objects unloaded after import = 1
========================================================================
Received Import Request.
  Time since last request: 0.000021 seconds.
  path: Assets/ModernSupermarket/Models/Props/Utility/Camera_9m4m3y/Textures/Camera_9m4m3y_m.png
  artifactKey: Guid(f29e9f84e45361c4f9624efd20594e22) Importer(2089858483,0ecaa5967403d082aa24f35e1b516d23)
Start importing Assets/ModernSupermarket/Models/Props/Utility/Camera_9m4m3y/Textures/Camera_9m4m3y_m.png using Guid(f29e9f84e45361c4f9624efd20594e22) Importer(2089858483,0ecaa5967403d082aa24f35e1b516d23) [PhysX] Initialized MultithreadedTaskDispatcher with 16 workers.
 -> (artifact id: '8fe8c91653c227c85dce23d64d9f1d6e') in 0.015832 seconds
Number of updated asset objects reloaded before import = 0
Number of asset objects unloaded after import = 1
========================================================================
Received Import Request.
  Time since last request: 0.000018 seconds.
  path: Assets/ModernSupermarket/Models/Props/Products/BeerKeg_byk96e/Textures/Materials/BeerKeg_byk96e_Var01.mat
  artifactKey: Guid(f0624934710f0e2438706b80fd27b8b9) Importer(2089858483,0ecaa5967403d082aa24f35e1b516d23)
Start importing Assets/ModernSupermarket/Models/Props/Products/BeerKeg_byk96e/Textures/Materials/BeerKeg_byk96e_Var01.mat using Guid(f0624934710f0e2438706b80fd27b8b9) Importer(2089858483,0ecaa5967403d082aa24f35e1b516d23) [PhysX] Initialized MultithreadedTaskDispatcher with 16 workers.
 -> (artifact id: '9990769593abaa04f3a79798914d0e44') in 0.016152 seconds
Number of updated asset objects reloaded before import = 0
Number of asset objects unloaded after import = 5
========================================================================
Received Import Request.
  Time since last request: 0.000023 seconds.
  path: Assets/ModernSupermarket/Models/Props/Products/Cake_p6lebj/Textures/Materials/BoxCake_p6lebj.mat
  artifactKey: Guid(91fbd95bdb560f44a853268af1e4851e) Importer(2089858483,0ecaa5967403d082aa24f35e1b516d23)
Start importing Assets/ModernSupermarket/Models/Props/Products/Cake_p6lebj/Textures/Materials/BoxCake_p6lebj.mat using Guid(91fbd95bdb560f44a853268af1e4851e) Importer(2089858483,0ecaa5967403d082aa24f35e1b516d23) [PhysX] Initialized MultithreadedTaskDispatcher with 16 workers.
 -> (artifact id: 'cb613e1d249f2d0a47ed45e7f595266a') in 0.012843 seconds
Number of updated asset objects reloaded before import = 0
Number of asset objects unloaded after import = 5
========================================================================
Received Import Request.
  Time since last request: 0.000017 seconds.
  path: Assets/ModernSupermarket/Models/Props/Products/Beer_lryra7/Textures/Materials/BeerBottle_GlassYellow.mat
  artifactKey: Guid(9b85506aecb533644a81b4b7c65e50d5) Importer(2089858483,0ecaa5967403d082aa24f35e1b516d23)
Start importing Assets/ModernSupermarket/Models/Props/Products/Beer_lryra7/Textures/Materials/BeerBottle_GlassYellow.mat using Guid(9b85506aecb533644a81b4b7c65e50d5) Importer(2089858483,0ecaa5967403d082aa24f35e1b516d23) [PhysX] Initialized MultithreadedTaskDispatcher with 16 workers.
 -> (artifact id: 'fba3084a9bc83ca4074f41cdb9f08c87') in 0.017863 seconds
Number of updated asset objects reloaded before import = 0
Number of asset objects unloaded after import = 2
========================================================================
Received Import Request.
  Time since last request: 0.000022 seconds.
  path: Assets/ModernSupermarket/Models/Props/Utility/Stool_6jdl8x/textures/Stool_6jdl8x_m.png
  artifactKey: Guid(68b1b1f13ea1dae468e37111f78921ab) Importer(2089858483,0ecaa5967403d082aa24f35e1b516d23)
Start importing Assets/ModernSupermarket/Models/Props/Utility/Stool_6jdl8x/textures/Stool_6jdl8x_m.png using Guid(68b1b1f13ea1dae468e37111f78921ab) Importer(2089858483,0ecaa5967403d082aa24f35e1b516d23) [PhysX] Initialized MultithreadedTaskDispatcher with 16 workers.
 -> (artifact id: 'e51f33d71373316169f66943e742e498') in 0.018185 seconds
Number of updated asset objects reloaded before import = 0
Number of asset objects unloaded after import = 1
========================================================================
Received Import Request.
  Time since last request: 0.000031 seconds.
  path: Assets/ModernSupermarket/Models/Props/Produce/Garlic_tkqeno/Textures/Materials/Garlic_tkqeno.mat
  artifactKey: Guid(5503a5b8e4499f64eb65e0980091b407) Importer(2089858483,0ecaa5967403d082aa24f35e1b516d23)
Start importing Assets/ModernSupermarket/Models/Props/Produce/Garlic_tkqeno/Textures/Materials/Garlic_tkqeno.mat using Guid(5503a5b8e4499f64eb65e0980091b407) Importer(2089858483,0ecaa5967403d082aa24f35e1b516d23) [PhysX] Initialized MultithreadedTaskDispatcher with 16 workers.
 -> (artifact id: 'f34dcaad80df8d15f557ed6ab6783942') in 0.018076 seconds
Number of updated asset objects reloaded before import = 0
Number of asset objects unloaded after import = 5
========================================================================
Received Import Request.
  Time since last request: 0.000018 seconds.
  path: Assets/ModernSupermarket/Models/Props/Utility/Computer_dfc1a9/Textures/Computer_dfc1a9_n.png
  artifactKey: Guid(007b338179723fb48a6df277f7914fa8) Importer(2089858483,0ecaa5967403d082aa24f35e1b516d23)
Start importing Assets/ModernSupermarket/Models/Props/Utility/Computer_dfc1a9/Textures/Computer_dfc1a9_n.png using Guid(007b338179723fb48a6df277f7914fa8) Importer(2089858483,0ecaa5967403d082aa24f35e1b516d23) [PhysX] Initialized MultithreadedTaskDispatcher with 16 workers.
 -> (artifact id: 'fcc207c4786a608ce8c7c7f533e8af88') in 0.015762 seconds
Number of updated asset objects reloaded before import = 0
Number of asset objects unloaded after import = 1
========================================================================
Received Import Request.
  Time since last request: 0.000019 seconds.
  path: Assets/ModernSupermarket/Models/Props/Utility/Scale_av1k2p/Textures/Scale_av1k2p_n.png
  artifactKey: Guid(7ef4d45facd046e47aef3ac704d1fdf1) Importer(2089858483,0ecaa5967403d082aa24f35e1b516d23)
Start importing Assets/ModernSupermarket/Models/Props/Utility/Scale_av1k2p/Textures/Scale_av1k2p_n.png using Guid(7ef4d45facd046e47aef3ac704d1fdf1) Importer(2089858483,0ecaa5967403d082aa24f35e1b516d23) [PhysX] Initialized MultithreadedTaskDispatcher with 16 workers.
 -> (artifact id: '9d1dfb3510fbc1daacecfc2159a79bf2') in 0.017379 seconds
Number of updated asset objects reloaded before import = 0
Number of asset objects unloaded after import = 1
========================================================================
Received Import Request.
  Time since last request: 0.000023 seconds.
  path: Assets/ModernSupermarket/Models/Props/Utility/Bag_my9wcp/Textures/Bag_my9wcp_o.png
  artifactKey: Guid(99745ab7ed1ed044cabbfa2378d2728f) Importer(2089858483,0ecaa5967403d082aa24f35e1b516d23)
Start importing Assets/ModernSupermarket/Models/Props/Utility/Bag_my9wcp/Textures/Bag_my9wcp_o.png using Guid(99745ab7ed1ed044cabbfa2378d2728f) Importer(2089858483,0ecaa5967403d082aa24f35e1b516d23) [PhysX] Initialized MultithreadedTaskDispatcher with 16 workers.
 -> (artifact id: '0f2166d0d18270a7b319219408dd99f4') in 0.018350 seconds
Number of updated asset objects reloaded before import = 0
Number of asset objects unloaded after import = 1
========================================================================
Received Import Request.
  Time since last request: 0.000018 seconds.
  path: Assets/ModernSupermarket/Models/Props/Utility/Basket_o52iei/Textures/Basket_o52iei_condiments04_n.png
  artifactKey: Guid(c23fe3eada7453f439bdd4aa42f947e9) Importer(2089858483,0ecaa5967403d082aa24f35e1b516d23)
Start importing Assets/ModernSupermarket/Models/Props/Utility/Basket_o52iei/Textures/Basket_o52iei_condiments04_n.png using Guid(c23fe3eada7453f439bdd4aa42f947e9) Importer(2089858483,0ecaa5967403d082aa24f35e1b516d23) [PhysX] Initialized MultithreadedTaskDispatcher with 16 workers.
 -> (artifact id: 'd08da5d00bb18fbd6d87ab31eb52c7da') in 0.014484 seconds
Number of updated asset objects reloaded before import = 0
Number of asset objects unloaded after import = 1
========================================================================
Received Import Request.
  Time since last request: 0.000019 seconds.
  path: Assets/ModernSupermarket/Models/Props/Utility/Basket_o52iei/Textures/Basket_o52iei_condiments03_h.png
  artifactKey: Guid(5e6c96c0fd5363d46a28b54fd9151f12) Importer(2089858483,0ecaa5967403d082aa24f35e1b516d23)
Start importing Assets/ModernSupermarket/Models/Props/Utility/Basket_o52iei/Textures/Basket_o52iei_condiments03_h.png using Guid(5e6c96c0fd5363d46a28b54fd9151f12) Importer(2089858483,0ecaa5967403d082aa24f35e1b516d23) [PhysX] Initialized MultithreadedTaskDispatcher with 16 workers.
 -> (artifact id: '0b336ea66bff3b59ae7ce4081a66f4f4') in 0.014030 seconds
Number of updated asset objects reloaded before import = 0
Number of asset objects unloaded after import = 1
========================================================================
Received Import Request.
  Time since last request: 0.000018 seconds.
  path: Assets/ModernSupermarket/Models/Props/Products/Shampoo_u15m67/Textures/Materials/Shampoo_u15m67_Var03.mat
  artifactKey: Guid(cb9a25ab1b8551649ac965c8b4af71df) Importer(2089858483,0ecaa5967403d082aa24f35e1b516d23)
Start importing Assets/ModernSupermarket/Models/Props/Products/Shampoo_u15m67/Textures/Materials/Shampoo_u15m67_Var03.mat using Guid(cb9a25ab1b8551649ac965c8b4af71df) Importer(2089858483,0ecaa5967403d082aa24f35e1b516d23) [PhysX] Initialized MultithreadedTaskDispatcher with 16 workers.
 -> (artifact id: '1f6de2971849a637f527c1dab6a27917') in 0.030583 seconds
Number of updated asset objects reloaded before import = 0
Number of asset objects unloaded after import = 2
========================================================================
Received Import Request.
  Time since last request: 0.000019 seconds.
  path: Assets/ModernSupermarket/Models/Props/Products/Shampoo_vimakk/Textures/Materials/Shampoo_vimakk_Var01.mat
  artifactKey: Guid(b35328781b9652f4c9c35723df2b2ecd) Importer(2089858483,0ecaa5967403d082aa24f35e1b516d23)
Start importing Assets/ModernSupermarket/Models/Props/Products/Shampoo_vimakk/Textures/Materials/Shampoo_vimakk_Var01.mat using Guid(b35328781b9652f4c9c35723df2b2ecd) Importer(2089858483,0ecaa5967403d082aa24f35e1b516d23) [PhysX] Initialized MultithreadedTaskDispatcher with 16 workers.
 -> (artifact id: 'fec07dddb9cc3acac0a14a4e6fe31427') in 0.021294 seconds
Number of updated asset objects reloaded before import = 0
Number of asset objects unloaded after import = 4
========================================================================
Received Import Request.
  Time since last request: 0.000021 seconds.
  path: Assets/ModernSupermarket/Models/Props/Products/PetFood_3pjwif/Textures/Materials/PetFood_3pjwif.mat
  artifactKey: Guid(5ba4ce0fc2c27a64287d806b4cc941d3) Importer(2089858483,0ecaa5967403d082aa24f35e1b516d23)
Start importing Assets/ModernSupermarket/Models/Props/Products/PetFood_3pjwif/Textures/Materials/PetFood_3pjwif.mat using Guid(5ba4ce0fc2c27a64287d806b4cc941d3) Importer(2089858483,0ecaa5967403d082aa24f35e1b516d23) [PhysX] Initialized MultithreadedTaskDispatcher with 16 workers.
 -> (artifact id: '6eb6f5713a180b452f354c01fe742ee2') in 0.016943 seconds
Number of updated asset objects reloaded before import = 0
Number of asset objects unloaded after import = 5
========================================================================
Received Import Request.
  Time since last request: 0.000016 seconds.
  path: Assets/ModernSupermarket/Models/Props/Products/Pasta_9duit2/Textures/Materials/PastaPack_9duit2_Var02.mat
  artifactKey: Guid(2a0e5262aa67c874998114b28618ddce) Importer(2089858483,0ecaa5967403d082aa24f35e1b516d23)
Start importing Assets/ModernSupermarket/Models/Props/Products/Pasta_9duit2/Textures/Materials/PastaPack_9duit2_Var02.mat using Guid(2a0e5262aa67c874998114b28618ddce) Importer(2089858483,0ecaa5967403d082aa24f35e1b516d23) [PhysX] Initialized MultithreadedTaskDispatcher with 16 workers.
 -> (artifact id: '13b7091597e59d1acecfdf9b59311f9f') in 0.016905 seconds
Number of updated asset objects reloaded before import = 0
Number of asset objects unloaded after import = 4
========================================================================
Received Import Request.
  Time since last request: 0.000023 seconds.
  path: Assets/ModernSupermarket/Models/Props/Products/Shampoo_lvhjkn/Textures/Materials/Shampoo_lvhjkn_Label.mat
  artifactKey: Guid(5b796157a0eb581448b99ddeeb0db9ed) Importer(2089858483,0ecaa5967403d082aa24f35e1b516d23)
Start importing Assets/ModernSupermarket/Models/Props/Products/Shampoo_lvhjkn/Textures/Materials/Shampoo_lvhjkn_Label.mat using Guid(5b796157a0eb581448b99ddeeb0db9ed) Importer(2089858483,0ecaa5967403d082aa24f35e1b516d23) [PhysX] Initialized MultithreadedTaskDispatcher with 16 workers.
 -> (artifact id: '96966234a853dac67e2ddc0a71f93275') in 0.018244 seconds
Number of updated asset objects reloaded before import = 0
Number of asset objects unloaded after import = 2
========================================================================
Received Import Request.
  Time since last request: 0.000024 seconds.
  path: Assets/ModernSupermarket/Models/Props/Products/Shampoo_lvhjkn/Textures/Materials/Shampoo_lvhjkn_Var02.mat
  artifactKey: Guid(c1188cabcea3124438409a4fbe0c95ca) Importer(2089858483,0ecaa5967403d082aa24f35e1b516d23)
Start importing Assets/ModernSupermarket/Models/Props/Products/Shampoo_lvhjkn/Textures/Materials/Shampoo_lvhjkn_Var02.mat using Guid(c1188cabcea3124438409a4fbe0c95ca) Importer(2089858483,0ecaa5967403d082aa24f35e1b516d23) [PhysX] Initialized MultithreadedTaskDispatcher with 16 workers.
 -> (artifact id: 'a461bd31bfd50ad2b0fcd8b3af856553') in 0.018714 seconds
Number of updated asset objects reloaded before import = 0
Number of asset objects unloaded after import = 4
========================================================================
Received Import Request.
  Time since last request: 0.000025 seconds.
  path: Assets/ModernSupermarket/Models/Props/Products/Pasta_9duit2/Textures/Materials/PastaPack_9duit2_Fill.mat
  artifactKey: Guid(ba22ae04ab5b5e040892a026bd291b5e) Importer(2089858483,0ecaa5967403d082aa24f35e1b516d23)
Start importing Assets/ModernSupermarket/Models/Props/Products/Pasta_9duit2/Textures/Materials/PastaPack_9duit2_Fill.mat using Guid(ba22ae04ab5b5e040892a026bd291b5e) Importer(2089858483,0ecaa5967403d082aa24f35e1b516d23) [PhysX] Initialized MultithreadedTaskDispatcher with 16 workers.
 -> (artifact id: '8e392d62a7a8a99947f99fd29112ae31') in 0.018405 seconds
Number of updated asset objects reloaded before import = 0
Number of asset objects unloaded after import = 5
========================================================================
Received Import Request.
  Time since last request: 0.000026 seconds.
  path: Assets/ModernSupermarket/Models/Props/Products/Shampoo_u15m67/Textures/Materials/Shampoo_u15m67_Var05.mat
  artifactKey: Guid(68f13b1dcf842e54680eec460b2b0512) Importer(2089858483,0ecaa5967403d082aa24f35e1b516d23)
Start importing Assets/ModernSupermarket/Models/Props/Products/Shampoo_u15m67/Textures/Materials/Shampoo_u15m67_Var05.mat using Guid(68f13b1dcf842e54680eec460b2b0512) Importer(2089858483,0ecaa5967403d082aa24f35e1b516d23) [PhysX] Initialized MultithreadedTaskDispatcher with 16 workers.
 -> (artifact id: '3c172d169f3ddf4d8813018e00e84002') in 0.013757 seconds
Number of updated asset objects reloaded before import = 0
Number of asset objects unloaded after import = 2
========================================================================
Received Import Request.
  Time since last request: 0.000029 seconds.
  path: Assets/ModernSupermarket/Models/Props/Products/FrozenPack_xp713y/Textures/Materials/FrozenPack_xp713y_Var01.mat
  artifactKey: Guid(00e2690208f0b004fbab7926bdda7330) Importer(2089858483,0ecaa5967403d082aa24f35e1b516d23)
Start importing Assets/ModernSupermarket/Models/Props/Products/FrozenPack_xp713y/Textures/Materials/FrozenPack_xp713y_Var01.mat using Guid(00e2690208f0b004fbab7926bdda7330) Importer(2089858483,0ecaa5967403d082aa24f35e1b516d23) [PhysX] Initialized MultithreadedTaskDispatcher with 16 workers.
 -> (artifact id: 'c612cb0da3524d9bd83ae956ae88669b') in 0.015715 seconds
Number of updated asset objects reloaded before import = 0
Number of asset objects unloaded after import = 5
========================================================================
Received Import Request.
  Time since last request: 0.000024 seconds.
  path: Assets/ModernSupermarket/Models/Props/Products/FrozenPack_t7wenh/Textures/Materials/FrozenPack_t7wenh.mat
  artifactKey: Guid(4887ffa9afe36dc44a5b5dff94dd96a8) Importer(2089858483,0ecaa5967403d082aa24f35e1b516d23)
Start importing Assets/ModernSupermarket/Models/Props/Products/FrozenPack_t7wenh/Textures/Materials/FrozenPack_t7wenh.mat using Guid(4887ffa9afe36dc44a5b5dff94dd96a8) Importer(2089858483,0ecaa5967403d082aa24f35e1b516d23) [PhysX] Initialized MultithreadedTaskDispatcher with 16 workers.
 -> (artifact id: 'b2ae876eb49c8e7218091da17e0c5aa1') in 0.016248 seconds
Number of updated asset objects reloaded before import = 0
Number of asset objects unloaded after import = 2
========================================================================
Received Import Request.
  Time since last request: 0.000020 seconds.
  path: Assets/ModernSupermarket/Models/Props/Products/Shampoo_u15m67/Textures/Materials/Shampoo_u15m67_Var02.mat
  artifactKey: Guid(99f63118f4a46ae40a9de2e22becd6e6) Importer(2089858483,0ecaa5967403d082aa24f35e1b516d23)
Start importing Assets/ModernSupermarket/Models/Props/Products/Shampoo_u15m67/Textures/Materials/Shampoo_u15m67_Var02.mat using Guid(99f63118f4a46ae40a9de2e22becd6e6) Importer(2089858483,0ecaa5967403d082aa24f35e1b516d23) [PhysX] Initialized MultithreadedTaskDispatcher with 16 workers.
 -> (artifact id: 'd1edccfbfffcc0aa9d763c45c0c0d327') in 0.013658 seconds
Number of updated asset objects reloaded before import = 0
Number of asset objects unloaded after import = 2
========================================================================
Received Import Request.
  Time since last request: 0.000019 seconds.
  path: Assets/ModernSupermarket/Models/Props/Utility/Cart_nabnuh/Textures/Cart_nabnuh_mask.png
  artifactKey: Guid(2d9f535914944d14bb42e77492f12f01) Importer(2089858483,0ecaa5967403d082aa24f35e1b516d23)
Start importing Assets/ModernSupermarket/Models/Props/Utility/Cart_nabnuh/Textures/Cart_nabnuh_mask.png using Guid(2d9f535914944d14bb42e77492f12f01) Importer(2089858483,0ecaa5967403d082aa24f35e1b516d23) [PhysX] Initialized MultithreadedTaskDispatcher with 16 workers.
 -> (artifact id: '851b320f4c68e0219b8a48c2a833fdbe') in 0.020450 seconds
Number of updated asset objects reloaded before import = 0
Number of asset objects unloaded after import = 1
========================================================================
Received Import Request.
  Time since last request: 0.000017 seconds.
  path: Assets/ModernSupermarket/Models/Props/Products/Soap_1rcsb1/Textures/Soap_1rcsb1_a.png
  artifactKey: Guid(9284b9e5ae04eeb40911dcfac6bed04d) Importer(2089858483,0ecaa5967403d082aa24f35e1b516d23)
Start importing Assets/ModernSupermarket/Models/Props/Products/Soap_1rcsb1/Textures/Soap_1rcsb1_a.png using Guid(9284b9e5ae04eeb40911dcfac6bed04d) Importer(2089858483,0ecaa5967403d082aa24f35e1b516d23) [PhysX] Initialized MultithreadedTaskDispatcher with 16 workers.
 -> (artifact id: 'ae7b8687afa89a29413ade48e0af3d57') in 0.017209 seconds
Number of updated asset objects reloaded before import = 0
Number of asset objects unloaded after import = 1
========================================================================
Received Import Request.
  Time since last request: 0.000021 seconds.
  path: Assets/ModernSupermarket/Models/Props/Products/Toothpaste_duqkf2/Textures/Toothpaste_duqkf2_o.png
  artifactKey: Guid(5f4b88788d07de241848a64e19696cdf) Importer(2089858483,0ecaa5967403d082aa24f35e1b516d23)
Start importing Assets/ModernSupermarket/Models/Props/Products/Toothpaste_duqkf2/Textures/Toothpaste_duqkf2_o.png using Guid(5f4b88788d07de241848a64e19696cdf) Importer(2089858483,0ecaa5967403d082aa24f35e1b516d23) [PhysX] Initialized MultithreadedTaskDispatcher with 16 workers.
 -> (artifact id: '734b83a772366b9d567f026ff65af6be') in 0.020422 seconds
Number of updated asset objects reloaded before import = 0
Number of asset objects unloaded after import = 1
========================================================================
Received Import Request.
  Time since last request: 0.000023 seconds.
  path: Assets/ModernSupermarket/Models/Props/Utility/Scale_av1k2p/Textures/Scale_av1k2p_m.png
  artifactKey: Guid(cb9fe854c5799cd46aaeb2506ba94e73) Importer(2089858483,0ecaa5967403d082aa24f35e1b516d23)
Start importing Assets/ModernSupermarket/Models/Props/Utility/Scale_av1k2p/Textures/Scale_av1k2p_m.png using Guid(cb9fe854c5799cd46aaeb2506ba94e73) Importer(2089858483,0ecaa5967403d082aa24f35e1b516d23) [PhysX] Initialized MultithreadedTaskDispatcher with 16 workers.
 -> (artifact id: '4edd58bd5f2e63897a242136773575ee') in 0.017264 seconds
Number of updated asset objects reloaded before import = 0
Number of asset objects unloaded after import = 1
========================================================================
Received Import Request.
  Time since last request: 0.000023 seconds.
  path: Assets/ModernSupermarket/Models/Props/Products/Rooflight_ll6qt0/textures/RoofLight_ll6qt0_a.png
  artifactKey: Guid(ab0d23963f3cc30478ef587fc18dc2e2) Importer(2089858483,0ecaa5967403d082aa24f35e1b516d23)
Start importing Assets/ModernSupermarket/Models/Props/Products/Rooflight_ll6qt0/textures/RoofLight_ll6qt0_a.png using Guid(ab0d23963f3cc30478ef587fc18dc2e2) Importer(2089858483,0ecaa5967403d082aa24f35e1b516d23) [PhysX] Initialized MultithreadedTaskDispatcher with 16 workers.
 -> (artifact id: 'd690e77ac063db09c0288b34bfee8631') in 0.019006 seconds
Number of updated asset objects reloaded before import = 0
Number of asset objects unloaded after import = 1
========================================================================
Received Import Request.
  Time since last request: 0.000020 seconds.
  path: Assets/ModernSupermarket/Models/Props/Utility/Bag_my9wcp/Textures/Bag_my9wcp_m.png
  artifactKey: Guid(6779ea547d4e3a24d86751bcbc0268db) Importer(2089858483,0ecaa5967403d082aa24f35e1b516d23)
Start importing Assets/ModernSupermarket/Models/Props/Utility/Bag_my9wcp/Textures/Bag_my9wcp_m.png using Guid(6779ea547d4e3a24d86751bcbc0268db) Importer(2089858483,0ecaa5967403d082aa24f35e1b516d23) [PhysX] Initialized MultithreadedTaskDispatcher with 16 workers.
 -> (artifact id: '16f8fed2a864dfeb7d58b25c8dfd933b') in 0.019724 seconds
Number of updated asset objects reloaded before import = 0
Number of asset objects unloaded after import = 1
========================================================================
Received Import Request.
  Time since last request: 0.000018 seconds.
  path: Assets/ModernSupermarket/Models/Props/Products/Teabox_5oq0ki/Textures/Teabox_5oq0ki_o.png
  artifactKey: Guid(cd03df494ec0e1147a4e1f2fb0bc0b28) Importer(2089858483,0ecaa5967403d082aa24f35e1b516d23)
Start importing Assets/ModernSupermarket/Models/Props/Products/Teabox_5oq0ki/Textures/Teabox_5oq0ki_o.png using Guid(cd03df494ec0e1147a4e1f2fb0bc0b28) Importer(2089858483,0ecaa5967403d082aa24f35e1b516d23) [PhysX] Initialized MultithreadedTaskDispatcher with 16 workers.
 -> (artifact id: '77edcc0135c50b06b5f711e8d5d760a2') in 0.020140 seconds
Number of updated asset objects reloaded before import = 0
Number of asset objects unloaded after import = 1
========================================================================
Received Import Request.
  Time since last request: 0.000023 seconds.
  path: Assets/ModernSupermarket/Models/Props/Products/Soap_eegrv7/Textures/Soap_eegrv7_o.png
  artifactKey: Guid(bc1c4464150ef6443816e222b0477c40) Importer(2089858483,0ecaa5967403d082aa24f35e1b516d23)
Start importing Assets/ModernSupermarket/Models/Props/Products/Soap_eegrv7/Textures/Soap_eegrv7_o.png using Guid(bc1c4464150ef6443816e222b0477c40) Importer(2089858483,0ecaa5967403d082aa24f35e1b516d23) [PhysX] Initialized MultithreadedTaskDispatcher with 16 workers.
 -> (artifact id: 'e9df15cb6fe2ba1b603231b8ea999d88') in 0.016020 seconds
Number of updated asset objects reloaded before import = 0
Number of asset objects unloaded after import = 1
========================================================================
Received Import Request.
  Time since last request: 0.000027 seconds.
  path: Assets/ModernSupermarket/Models/Props/Utility/Basket_o52iei/Textures/Basket_o52iei_m.png
  artifactKey: Guid(215faf9d20a50f948842868918442b8b) Importer(2089858483,0ecaa5967403d082aa24f35e1b516d23)
Start importing Assets/ModernSupermarket/Models/Props/Utility/Basket_o52iei/Textures/Basket_o52iei_m.png using Guid(215faf9d20a50f948842868918442b8b) Importer(2089858483,0ecaa5967403d082aa24f35e1b516d23) [PhysX] Initialized MultithreadedTaskDispatcher with 16 workers.
 -> (artifact id: '83b408d01db8af693d6e13e7b49b2910') in 0.019374 seconds
Number of updated asset objects reloaded before import = 0
Number of asset objects unloaded after import = 1
========================================================================
Received Import Request.
  Time since last request: 0.000018 seconds.
  path: Assets/ModernSupermarket/Models/Props/Products/WhippedCream_wm5t5v/Textures/WhippedCream_wm5t5v_o.png
  artifactKey: Guid(d316a03eeecfc974bb3b14dc83f78767) Importer(2089858483,0ecaa5967403d082aa24f35e1b516d23)
Start importing Assets/ModernSupermarket/Models/Props/Products/WhippedCream_wm5t5v/Textures/WhippedCream_wm5t5v_o.png using Guid(d316a03eeecfc974bb3b14dc83f78767) Importer(2089858483,0ecaa5967403d082aa24f35e1b516d23) [PhysX] Initialized MultithreadedTaskDispatcher with 16 workers.
 -> (artifact id: '4ac17f556337428570f95f8cceac02e9') in 0.017504 seconds
Number of updated asset objects reloaded before import = 0
Number of asset objects unloaded after import = 1
========================================================================
Received Import Request.
  Time since last request: 0.000024 seconds.
  path: Assets/ModernSupermarket/Models/Props/Products/Cleanser_o964qg/Textures/Materials/Cleanser_o964qg_Glass.mat
  artifactKey: Guid(eb868a34c0e19594c97b6360e7643e0a) Importer(2089858483,0ecaa5967403d082aa24f35e1b516d23)
Start importing Assets/ModernSupermarket/Models/Props/Products/Cleanser_o964qg/Textures/Materials/Cleanser_o964qg_Glass.mat using Guid(eb868a34c0e19594c97b6360e7643e0a) Importer(2089858483,0ecaa5967403d082aa24f35e1b516d23) [PhysX] Initialized MultithreadedTaskDispatcher with 16 workers.
 -> (artifact id: '05b868fec54a42f5f19a1b88d8ea221a') in 0.014415 seconds
Number of updated asset objects reloaded before import = 0
Number of asset objects unloaded after import = 2
========================================================================
Received Import Request.
  Time since last request: 0.000020 seconds.
  path: Assets/ModernSupermarket/Models/Props/Products/Pizza_ehb1pe/Textures/Pizza_ehb1pe_o.png
  artifactKey: Guid(e56150536dd4a554790ddd984d9ef6d3) Importer(2089858483,0ecaa5967403d082aa24f35e1b516d23)
Start importing Assets/ModernSupermarket/Models/Props/Products/Pizza_ehb1pe/Textures/Pizza_ehb1pe_o.png using Guid(e56150536dd4a554790ddd984d9ef6d3) Importer(2089858483,0ecaa5967403d082aa24f35e1b516d23) [PhysX] Initialized MultithreadedTaskDispatcher with 16 workers.
 -> (artifact id: 'c089256ae97cc5dfe678fd46ad86a03a') in 0.024738 seconds
Number of updated asset objects reloaded before import = 0
Number of asset objects unloaded after import = 1
========================================================================
Received Import Request.
  Time since last request: 0.000025 seconds.
  path: Assets/ModernSupermarket/Models/Props/Produce/Mango_1xw10k/Textures/Materials/Mango_1xw10k.mat
  artifactKey: Guid(007959a32c2f85c40a13f29af9b88f68) Importer(2089858483,0ecaa5967403d082aa24f35e1b516d23)
Start importing Assets/ModernSupermarket/Models/Props/Produce/Mango_1xw10k/Textures/Materials/Mango_1xw10k.mat using Guid(007959a32c2f85c40a13f29af9b88f68) Importer(2089858483,0ecaa5967403d082aa24f35e1b516d23) [PhysX] Initialized MultithreadedTaskDispatcher with 16 workers.
 -> (artifact id: 'ead4d8fafa6671b1ca6beb55817572d5') in 0.016227 seconds
Number of updated asset objects reloaded before import = 0
Number of asset objects unloaded after import = 5
========================================================================
Received Import Request.
  Time since last request: 0.000022 seconds.
  path: Assets/ModernSupermarket/Models/Props/Utility/Camera_9m4m3y/Textures/Camera_9m4m3y_o.png
  artifactKey: Guid(9216d1ead9e2c1f44aac1b329905d4da) Importer(2089858483,0ecaa5967403d082aa24f35e1b516d23)
Start importing Assets/ModernSupermarket/Models/Props/Utility/Camera_9m4m3y/Textures/Camera_9m4m3y_o.png using Guid(9216d1ead9e2c1f44aac1b329905d4da) Importer(2089858483,0ecaa5967403d082aa24f35e1b516d23) [PhysX] Initialized MultithreadedTaskDispatcher with 16 workers.
 -> (artifact id: '9363da6ef0d4831efccb11837e7320a7') in 0.019031 seconds
Number of updated asset objects reloaded before import = 0
Number of asset objects unloaded after import = 1
========================================================================
Received Import Request.
  Time since last request: 0.000023 seconds.
  path: Assets/ModernSupermarket/Models/Props/Products/Shampoo_u15m67/Textures/Materials/Shampoo_u15m67.mat
  artifactKey: Guid(360c6e0040927354db1e79021e1b9215) Importer(2089858483,0ecaa5967403d082aa24f35e1b516d23)
Start importing Assets/ModernSupermarket/Models/Props/Products/Shampoo_u15m67/Textures/Materials/Shampoo_u15m67.mat using Guid(360c6e0040927354db1e79021e1b9215) Importer(2089858483,0ecaa5967403d082aa24f35e1b516d23) [PhysX] Initialized MultithreadedTaskDispatcher with 16 workers.
 -> (artifact id: '16be44d372089e1fbc63279cd6b3878d') in 0.014909 seconds
Number of updated asset objects reloaded before import = 0
Number of asset objects unloaded after import = 2
========================================================================
Received Import Request.
  Time since last request: 0.000024 seconds.
  path: Assets/ModernSupermarket/Models/Props/Products/Sauce_cfrew8/Textures/Materials/Sauce_cfrew8_Var02.mat
  artifactKey: Guid(e652d7df2ae3acf46b5dd63d22fef9ef) Importer(2089858483,0ecaa5967403d082aa24f35e1b516d23)
Start importing Assets/ModernSupermarket/Models/Props/Products/Sauce_cfrew8/Textures/Materials/Sauce_cfrew8_Var02.mat using Guid(e652d7df2ae3acf46b5dd63d22fef9ef) Importer(2089858483,0ecaa5967403d082aa24f35e1b516d23) [PhysX] Initialized MultithreadedTaskDispatcher with 16 workers.
 -> (artifact id: '5feba1ab875a314066d8ce76bcad7c12') in 0.019846 seconds
Number of updated asset objects reloaded before import = 0
Number of asset objects unloaded after import = 5
========================================================================
Received Import Request.
  Time since last request: 0.000023 seconds.
  path: Assets/ModernSupermarket/Models/Props/Products/Cleanser_o964qg/Textures/Materials/Cleanser_o964qg_Liquid.mat
  artifactKey: Guid(a888754b0f59f8f499e552c19e40d49e) Importer(2089858483,0ecaa5967403d082aa24f35e1b516d23)
Start importing Assets/ModernSupermarket/Models/Props/Products/Cleanser_o964qg/Textures/Materials/Cleanser_o964qg_Liquid.mat using Guid(a888754b0f59f8f499e552c19e40d49e) Importer(2089858483,0ecaa5967403d082aa24f35e1b516d23) [PhysX] Initialized MultithreadedTaskDispatcher with 16 workers.
 -> (artifact id: 'fe1d6bae6616852103a3fe1a3bce9ed5') in 0.013271 seconds
Number of updated asset objects reloaded before import = 0
Number of asset objects unloaded after import = 1
========================================================================
Received Import Request.
  Time since last request: 0.000037 seconds.
  path: Assets/ModernSupermarket/Models/Props/Products/PotatoBag_gcx3y2/Textures/PotatoeBag_gcx3y2_n.png
  artifactKey: Guid(477edebe55f74874fa7c185e1bf2132f) Importer(2089858483,0ecaa5967403d082aa24f35e1b516d23)
Start importing Assets/ModernSupermarket/Models/Props/Products/PotatoBag_gcx3y2/Textures/PotatoeBag_gcx3y2_n.png using Guid(477edebe55f74874fa7c185e1bf2132f) Importer(2089858483,0ecaa5967403d082aa24f35e1b516d23) [PhysX] Initialized MultithreadedTaskDispatcher with 16 workers.
 -> (artifact id: '08debbf91e28b5ec9433c0032717f0df') in 0.019977 seconds
Number of updated asset objects reloaded before import = 0
Number of asset objects unloaded after import = 1
========================================================================
Received Import Request.
  Time since last request: 0.000022 seconds.
  path: Assets/ModernSupermarket/Models/Props/Utility/CashMachine_lazhgf/Textures/Materials/CashMachine_lazhgf_a.mat
  artifactKey: Guid(979af9293538b1244a50434b4ce475d8) Importer(2089858483,0ecaa5967403d082aa24f35e1b516d23)
Start importing Assets/ModernSupermarket/Models/Props/Utility/CashMachine_lazhgf/Textures/Materials/CashMachine_lazhgf_a.mat using Guid(979af9293538b1244a50434b4ce475d8) Importer(2089858483,0ecaa5967403d082aa24f35e1b516d23) [PhysX] Initialized MultithreadedTaskDispatcher with 16 workers.
 -> (artifact id: '236ecb1d29568924a6754f474b7878a2') in 0.017623 seconds
Number of updated asset objects reloaded before import = 0
Number of asset objects unloaded after import = 5
========================================================================
Received Import Request.
  Time since last request: 0.000019 seconds.
  path: Assets/ModernSupermarket/Models/Props/Utility/CashMachine_lazhgf/Textures/Materials/CashMachine_lazhgf.mat
  artifactKey: Guid(24a76264f6238e2439c04ca56a0c78ca) Importer(2089858483,0ecaa5967403d082aa24f35e1b516d23)
Start importing Assets/ModernSupermarket/Models/Props/Utility/CashMachine_lazhgf/Textures/Materials/CashMachine_lazhgf.mat using Guid(24a76264f6238e2439c04ca56a0c78ca) Importer(2089858483,0ecaa5967403d082aa24f35e1b516d23) [PhysX] Initialized MultithreadedTaskDispatcher with 16 workers.
 -> (artifact id: 'f7874f6157839102e45c843c00c57112') in 0.018464 seconds
Number of updated asset objects reloaded before import = 0
Number of asset objects unloaded after import = 5
========================================================================
Received Import Request.
  Time since last request: 0.000027 seconds.
  path: Assets/ModernSupermarket/Models/Props/Utility/Basket_x5gi0j/Textures/Materials/Basket_x5gi0j_a.mat
  artifactKey: Guid(0eb339b65a881e448aacd3e0436ab2ad) Importer(2089858483,0ecaa5967403d082aa24f35e1b516d23)
Start importing Assets/ModernSupermarket/Models/Props/Utility/Basket_x5gi0j/Textures/Materials/Basket_x5gi0j_a.mat using Guid(0eb339b65a881e448aacd3e0436ab2ad) Importer(2089858483,0ecaa5967403d082aa24f35e1b516d23) [PhysX] Initialized MultithreadedTaskDispatcher with 16 workers.
 -> (artifact id: '9de3227d34cafab196d26c371e5ad4c1') in 0.016663 seconds
Number of updated asset objects reloaded before import = 0
Number of asset objects unloaded after import = 5
========================================================================
Received Import Request.
  Time since last request: 0.000037 seconds.
  path: Assets/ModernSupermarket/Models/Props/Utility/Basket_k5jizs/Textures/Materials/Basket_k5jizs_a.mat
  artifactKey: Guid(bfcb00dde0c34a44b8f3a1b79293e1df) Importer(2089858483,0ecaa5967403d082aa24f35e1b516d23)
Start importing Assets/ModernSupermarket/Models/Props/Utility/Basket_k5jizs/Textures/Materials/Basket_k5jizs_a.mat using Guid(bfcb00dde0c34a44b8f3a1b79293e1df) Importer(2089858483,0ecaa5967403d082aa24f35e1b516d23) [PhysX] Initialized MultithreadedTaskDispatcher with 16 workers.
 -> (artifact id: 'f0d939b8c9b563fbcb4a37f3433a5819') in 0.016817 seconds
Number of updated asset objects reloaded before import = 0
Number of asset objects unloaded after import = 4
========================================================================
Received Import Request.
  Time since last request: 0.000020 seconds.
  path: Assets/ModernSupermarket/Models/Props/Utility/Bag_my9wcp/Textures/Materials/Bag_my9wcp.mat
  artifactKey: Guid(f37095190d7e15e4f881d5e55af664a9) Importer(2089858483,0ecaa5967403d082aa24f35e1b516d23)
Start importing Assets/ModernSupermarket/Models/Props/Utility/Bag_my9wcp/Textures/Materials/Bag_my9wcp.mat using Guid(f37095190d7e15e4f881d5e55af664a9) Importer(2089858483,0ecaa5967403d082aa24f35e1b516d23) [PhysX] Initialized MultithreadedTaskDispatcher with 16 workers.
 -> (artifact id: 'a3024b4e0b88a4fd081afbd5b49836ad') in 0.016427 seconds
Number of updated asset objects reloaded before import = 0
Number of asset objects unloaded after import = 4
========================================================================
Received Import Request.
  Time since last request: 0.000021 seconds.
  path: Assets/ModernSupermarket/Models/Props/Products/Vase_0p0iky/Textures/Materials/Vase_0p0iky_Var02.mat
  artifactKey: Guid(8f69bea9b59ac3d4fa72c67d23f069aa) Importer(2089858483,0ecaa5967403d082aa24f35e1b516d23)
Start importing Assets/ModernSupermarket/Models/Props/Products/Vase_0p0iky/Textures/Materials/Vase_0p0iky_Var02.mat using Guid(8f69bea9b59ac3d4fa72c67d23f069aa) Importer(2089858483,0ecaa5967403d082aa24f35e1b516d23) [PhysX] Initialized MultithreadedTaskDispatcher with 16 workers.
 -> (artifact id: '81b18466a1de596f97e83ec07a6ee78e') in 0.019462 seconds
Number of updated asset objects reloaded before import = 0
Number of asset objects unloaded after import = 3
========================================================================
Received Import Request.
  Time since last request: 0.000023 seconds.
  path: Assets/ModernSupermarket/Models/Props/Products/Sushis_jtvduo/Textures/Material/Sushis_jtvduo.mat
  artifactKey: Guid(f01e265f1d7023141a044dc1911b31dc) Importer(2089858483,0ecaa5967403d082aa24f35e1b516d23)
Start importing Assets/ModernSupermarket/Models/Props/Products/Sushis_jtvduo/Textures/Material/Sushis_jtvduo.mat using Guid(f01e265f1d7023141a044dc1911b31dc) Importer(2089858483,0ecaa5967403d082aa24f35e1b516d23) [PhysX] Initialized MultithreadedTaskDispatcher with 16 workers.
 -> (artifact id: 'f32becf9f2daaa40d49431c038b0c239') in 0.017778 seconds
Number of updated asset objects reloaded before import = 0
Number of asset objects unloaded after import = 4
========================================================================
Received Import Request.
  Time since last request: 0.000028 seconds.
  path: Assets/ModernSupermarket/Models/Props/Products/Soap_eegrv7/Textures/Materials/Soap_eegrv7_Label.mat
  artifactKey: Guid(ce1effbb50bc3114a9888a2793963a4a) Importer(2089858483,0ecaa5967403d082aa24f35e1b516d23)
Start importing Assets/ModernSupermarket/Models/Props/Products/Soap_eegrv7/Textures/Materials/Soap_eegrv7_Label.mat using Guid(ce1effbb50bc3114a9888a2793963a4a) Importer(2089858483,0ecaa5967403d082aa24f35e1b516d23) [PhysX] Initialized MultithreadedTaskDispatcher with 16 workers.
 -> (artifact id: '4bad828be854e0a9a03780890b66cc55') in 0.016352 seconds
Number of updated asset objects reloaded before import = 0
Number of asset objects unloaded after import = 3
========================================================================
Received Import Request.
  Time since last request: 0.000023 seconds.
  path: Assets/ModernSupermarket/Models/Props/Products/SweetJar_lpbii4/Textures/Materials/SweetJar_lpbii4_Label.mat
  artifactKey: Guid(ba014a91c45ca2f43a98693df197e31f) Importer(2089858483,0ecaa5967403d082aa24f35e1b516d23)
Start importing Assets/ModernSupermarket/Models/Props/Products/SweetJar_lpbii4/Textures/Materials/SweetJar_lpbii4_Label.mat using Guid(ba014a91c45ca2f43a98693df197e31f) Importer(2089858483,0ecaa5967403d082aa24f35e1b516d23) [PhysX] Initialized MultithreadedTaskDispatcher with 16 workers.
 -> (artifact id: 'ce29df10fb6328c666594a67f97bb9ad') in 0.019028 seconds
Number of updated asset objects reloaded before import = 0
Number of asset objects unloaded after import = 4
========================================================================
Received Import Request.
  Time since last request: 0.000027 seconds.
  path: Assets/ModernSupermarket/Models/Props/Products/Soda_7gwg2t/Textures/Materials/Soda_7gwg2t_LiquidPink.mat
  artifactKey: Guid(18552fe33c0e37b458c6a2db714fc5c9) Importer(2089858483,0ecaa5967403d082aa24f35e1b516d23)
Start importing Assets/ModernSupermarket/Models/Props/Products/Soda_7gwg2t/Textures/Materials/Soda_7gwg2t_LiquidPink.mat using Guid(18552fe33c0e37b458c6a2db714fc5c9) Importer(2089858483,0ecaa5967403d082aa24f35e1b516d23) [PhysX] Initialized MultithreadedTaskDispatcher with 16 workers.
 -> (artifact id: 'a7f4c39e9bd84f11bdcfe611bafd18d9') in 0.016387 seconds
Number of updated asset objects reloaded before import = 0
Number of asset objects unloaded after import = 1
========================================================================
Received Import Request.
  Time since last request: 0.000031 seconds.
  path: Assets/ModernSupermarket/Models/Props/Products/SweetJar_ma0jsk/Textures/Materials/SweetJar_ma0jsk_Glass.mat
  artifactKey: Guid(c2ee5a0fe92209e49b70a838dc4985fa) Importer(2089858483,0ecaa5967403d082aa24f35e1b516d23)
Start importing Assets/ModernSupermarket/Models/Props/Products/SweetJar_ma0jsk/Textures/Materials/SweetJar_ma0jsk_Glass.mat using Guid(c2ee5a0fe92209e49b70a838dc4985fa) Importer(2089858483,0ecaa5967403d082aa24f35e1b516d23) [PhysX] Initialized MultithreadedTaskDispatcher with 16 workers.
 -> (artifact id: 'ed703914e79386537478821700133474') in 0.016611 seconds
Number of updated asset objects reloaded before import = 0
Number of asset objects unloaded after import = 2
========================================================================
Received Import Request.
  Time since last request: 0.000025 seconds.
  path: Assets/ModernSupermarket/Models/Props/Products/Sugar_o0f6pn/Textures/Material/Sugar_o0f6pn_Var01.mat
  artifactKey: Guid(8dc30de154196dc448d45944d6e8121a) Importer(2089858483,0ecaa5967403d082aa24f35e1b516d23)
Start importing Assets/ModernSupermarket/Models/Props/Products/Sugar_o0f6pn/Textures/Material/Sugar_o0f6pn_Var01.mat using Guid(8dc30de154196dc448d45944d6e8121a) Importer(2089858483,0ecaa5967403d082aa24f35e1b516d23) [PhysX] Initialized MultithreadedTaskDispatcher with 16 workers.
 -> (artifact id: 'c85b247fbbe0d428bc0eb820cad883dc') in 0.019578 seconds
Number of updated asset objects reloaded before import = 0
Number of asset objects unloaded after import = 4
========================================================================
Received Import Request.
  Time since last request: 0.000023 seconds.
  path: Assets/ModernSupermarket/Models/Props/Produce/Papaya_xt7unv/Textures/Papaya_xt7unv_o.png
  artifactKey: Guid(2e7fbe4e3ebb4cc49a7f16896c9307d0) Importer(2089858483,0ecaa5967403d082aa24f35e1b516d23)
Start importing Assets/ModernSupermarket/Models/Props/Produce/Papaya_xt7unv/Textures/Papaya_xt7unv_o.png using Guid(2e7fbe4e3ebb4cc49a7f16896c9307d0) Importer(2089858483,0ecaa5967403d082aa24f35e1b516d23) [PhysX] Initialized MultithreadedTaskDispatcher with 16 workers.
 -> (artifact id: '8cadd7b1ca8ccfbd973dddc91c46b49e') in 0.019943 seconds
Number of updated asset objects reloaded before import = 0
Number of asset objects unloaded after import = 1
========================================================================
Received Import Request.
  Time since last request: 0.000026 seconds.
  path: Assets/ModernSupermarket/Models/Props/Products/PetFood_2ujlf0/Textures/Materials/PetFood_2ujlf0.mat
  artifactKey: Guid(7b31b528ca1fd6c49999232b93275880) Importer(2089858483,0ecaa5967403d082aa24f35e1b516d23)
Start importing Assets/ModernSupermarket/Models/Props/Products/PetFood_2ujlf0/Textures/Materials/PetFood_2ujlf0.mat using Guid(7b31b528ca1fd6c49999232b93275880) Importer(2089858483,0ecaa5967403d082aa24f35e1b516d23) [PhysX] Initialized MultithreadedTaskDispatcher with 16 workers.
 -> (artifact id: '878b3384ec54296783b5bdddcc402459') in 0.022520 seconds
Number of updated asset objects reloaded before import = 0
Number of asset objects unloaded after import = 5
========================================================================
Received Import Request.
  Time since last request: 0.000026 seconds.
  path: Assets/ModernSupermarket/Models/Props/Products/Teabox_l5w9ll/Textures/Materials/Teabox_l5w9ll_Var02.mat
  artifactKey: Guid(431485fce7a2ed141839c8f9c655c6d8) Importer(2089858483,0ecaa5967403d082aa24f35e1b516d23)
Start importing Assets/ModernSupermarket/Models/Props/Products/Teabox_l5w9ll/Textures/Materials/Teabox_l5w9ll_Var02.mat using Guid(431485fce7a2ed141839c8f9c655c6d8) Importer(2089858483,0ecaa5967403d082aa24f35e1b516d23) [PhysX] Initialized MultithreadedTaskDispatcher with 16 workers.
 -> (artifact id: '56484cd95f3b9e8f720ea07032fa5df0') in 0.019927 seconds
Number of updated asset objects reloaded before import = 0
Number of asset objects unloaded after import = 6
========================================================================
Received Import Request.
  Time since last request: 0.000034 seconds.
  path: Assets/ModernSupermarket/Models/Props/Products/FrozenPack_xp713y/Textures/FrozenPack_xp713y_a_Var04.png
  artifactKey: Guid(fb9877c5f3b8e4b4b881fbd5b724eed5) Importer(2089858483,0ecaa5967403d082aa24f35e1b516d23)
Start importing Assets/ModernSupermarket/Models/Props/Products/FrozenPack_xp713y/Textures/FrozenPack_xp713y_a_Var04.png using Guid(fb9877c5f3b8e4b4b881fbd5b724eed5) Importer(2089858483,0ecaa5967403d082aa24f35e1b516d23) [PhysX] Initialized MultithreadedTaskDispatcher with 16 workers.
 -> (artifact id: '0e0530096979008cfb600dd2717aa24b') in 0.020628 seconds
Number of updated asset objects reloaded before import = 0
Number of asset objects unloaded after import = 1
========================================================================
Received Import Request.
  Time since last request: 0.000026 seconds.
  path: Assets/ModernSupermarket/Models/Props/Produce/Apple_k7nzrr/Textures/Apple_k7nzrr_a.png
  artifactKey: Guid(eadde1c0659f0304b96f115718aab63e) Importer(2089858483,0ecaa5967403d082aa24f35e1b516d23)
Start importing Assets/ModernSupermarket/Models/Props/Produce/Apple_k7nzrr/Textures/Apple_k7nzrr_a.png using Guid(eadde1c0659f0304b96f115718aab63e) Importer(2089858483,0ecaa5967403d082aa24f35e1b516d23) [PhysX] Initialized MultithreadedTaskDispatcher with 16 workers.
 -> (artifact id: '73f718c5d73ed4f5633ad034935432ee') in 0.018229 seconds
Number of updated asset objects reloaded before import = 0
Number of asset objects unloaded after import = 1
========================================================================
Received Import Request.
  Time since last request: 0.000022 seconds.
  path: Assets/ModernSupermarket/Models/Props/Products/SweetJar_lpbii4/SweetJar_lpbii4.fbx
  artifactKey: Guid(3e7aaa7f0bf537a4383d119942ebdcd2) Importer(2089858483,0ecaa5967403d082aa24f35e1b516d23)
Start importing Assets/ModernSupermarket/Models/Props/Products/SweetJar_lpbii4/SweetJar_lpbii4.fbx using Guid(3e7aaa7f0bf537a4383d119942ebdcd2) Importer(2089858483,0ecaa5967403d082aa24f35e1b516d23) [PhysX] Initialized MultithreadedTaskDispatcher with 16 workers.
 -> (artifact id: '1fa99f672ba07d09b41a2f34d33d5ddc') in 0.020733 seconds
Number of updated asset objects reloaded before import = 0
Number of asset objects unloaded after import = 7
========================================================================
Received Import Request.
  Time since last request: 0.000019 seconds.
  path: Assets/ModernSupermarket/Models/Props/Products/Shampoo_lvhjkn/Textures/Materials/Shampoo_lvhjkn_Label_Var01.mat
  artifactKey: Guid(61c34054b2ecf9f41ac498aa5fa7d4dd) Importer(2089858483,0ecaa5967403d082aa24f35e1b516d23)
Start importing Assets/ModernSupermarket/Models/Props/Products/Shampoo_lvhjkn/Textures/Materials/Shampoo_lvhjkn_Label_Var01.mat using Guid(61c34054b2ecf9f41ac498aa5fa7d4dd) Importer(2089858483,0ecaa5967403d082aa24f35e1b516d23) [PhysX] Initialized MultithreadedTaskDispatcher with 16 workers.
 -> (artifact id: '15de3def6046be7e03870a1da4ab9c68') in 0.018923 seconds
Number of updated asset objects reloaded before import = 0
Number of asset objects unloaded after import = 2
========================================================================
Received Import Request.
  Time since last request: 0.000022 seconds.
  path: Assets/SpeechSDK/Plugins/Android/libs/x86_64/libMicrosoft.CognitiveServices.Speech.extension.kws.so
  artifactKey: Guid(1d6b99251ac2f5a43baab5afd361b1d8) Importer(2089858483,0ecaa5967403d082aa24f35e1b516d23)
Start importing Assets/SpeechSDK/Plugins/Android/libs/x86_64/libMicrosoft.CognitiveServices.Speech.extension.kws.so using Guid(1d6b99251ac2f5a43baab5afd361b1d8) Importer(2089858483,0ecaa5967403d082aa24f35e1b516d23) [PhysX] Initialized MultithreadedTaskDispatcher with 16 workers.
 -> (artifact id: 'b7fea1b0201863e6947d132f22bb0e2c') in 0.016728 seconds
Number of updated asset objects reloaded before import = 0
Number of asset objects unloaded after import = 1
========================================================================
Received Import Request.
  Time since last request: 0.000025 seconds.
  path: Assets/ModernSupermarket/Models/Props/Produce/Avocado_pd302k/Textures/Avocado_pd302k_a.png
  artifactKey: Guid(7d2b90a0580d4b74d85f655afbcbdbdb) Importer(2089858483,0ecaa5967403d082aa24f35e1b516d23)
Start importing Assets/ModernSupermarket/Models/Props/Produce/Avocado_pd302k/Textures/Avocado_pd302k_a.png using Guid(7d2b90a0580d4b74d85f655afbcbdbdb) Importer(2089858483,0ecaa5967403d082aa24f35e1b516d23) [PhysX] Initialized MultithreadedTaskDispatcher with 16 workers.
 -> (artifact id: '0419ef7e54162e076f1519edd80e6770') in 0.018198 seconds
Number of updated asset objects reloaded before import = 0
Number of asset objects unloaded after import = 1
========================================================================
Received Import Request.
  Time since last request: 0.000020 seconds.
  path: Assets/ModernSupermarket/Models/Props/Produce/Onion_mut7xz/Textures/Onion_mut7xz_o.png
  artifactKey: Guid(62491f3df01c8db478d24c7c9870fa82) Importer(2089858483,0ecaa5967403d082aa24f35e1b516d23)
Start importing Assets/ModernSupermarket/Models/Props/Produce/Onion_mut7xz/Textures/Onion_mut7xz_o.png using Guid(62491f3df01c8db478d24c7c9870fa82) Importer(2089858483,0ecaa5967403d082aa24f35e1b516d23) [PhysX] Initialized MultithreadedTaskDispatcher with 16 workers.
 -> (artifact id: '3adedb44e86338c920d54300757aa794') in 0.019517 seconds
Number of updated asset objects reloaded before import = 0
Number of asset objects unloaded after import = 1
========================================================================
Received Import Request.
  Time since last request: 0.000019 seconds.
  path: Assets/ModernSupermarket/Models/Props/Produce/ChilliPepper_w388hm/Textures/ChilliPeppers_w388hm_m.png
  artifactKey: Guid(67ffe77a1e501a6419cefad45d6a25d6) Importer(2089858483,0ecaa5967403d082aa24f35e1b516d23)
Start importing Assets/ModernSupermarket/Models/Props/Produce/ChilliPepper_w388hm/Textures/ChilliPeppers_w388hm_m.png using Guid(67ffe77a1e501a6419cefad45d6a25d6) Importer(2089858483,0ecaa5967403d082aa24f35e1b516d23) [PhysX] Initialized MultithreadedTaskDispatcher with 16 workers.
 -> (artifact id: 'c0983353b908ccf8b7ea60650d426792') in 0.022327 seconds
Number of updated asset objects reloaded before import = 0
Number of asset objects unloaded after import = 1
========================================================================
Received Import Request.
  Time since last request: 0.000033 seconds.
  path: Assets/ModernSupermarket/Models/Props/Products/CandyPack_qkmq5d/Textures/CandyPack_qkmq5d_o.png
  artifactKey: Guid(e368965824253fa4a9b1d9b5c8449ad6) Importer(2089858483,0ecaa5967403d082aa24f35e1b516d23)
Start importing Assets/ModernSupermarket/Models/Props/Products/CandyPack_qkmq5d/Textures/CandyPack_qkmq5d_o.png using Guid(e368965824253fa4a9b1d9b5c8449ad6) Importer(2089858483,0ecaa5967403d082aa24f35e1b516d23) [PhysX] Initialized MultithreadedTaskDispatcher with 16 workers.
 -> (artifact id: '820d16979709c81edfdd0acc68ca182d') in 0.016453 seconds
Number of updated asset objects reloaded before import = 0
Number of asset objects unloaded after import = 1
========================================================================
Received Import Request.
  Time since last request: 0.000041 seconds.
  path: Assets/ModernSupermarket/Models/Props/Products/Capsule_xrahaz/Textures/Materials/Capsule_xrahaz.mat
  artifactKey: Guid(a19a1fa5fdf62b843ac34ab234d85473) Importer(2089858483,0ecaa5967403d082aa24f35e1b516d23)
Start importing Assets/ModernSupermarket/Models/Props/Products/Capsule_xrahaz/Textures/Materials/Capsule_xrahaz.mat using Guid(a19a1fa5fdf62b843ac34ab234d85473) Importer(2089858483,0ecaa5967403d082aa24f35e1b516d23) [PhysX] Initialized MultithreadedTaskDispatcher with 16 workers.
 -> (artifact id: 'c809c599d79beb3032ebb044c8ba46e7') in 0.018544 seconds
Number of updated asset objects reloaded before import = 0
Number of asset objects unloaded after import = 5
========================================================================
Received Import Request.
  Time since last request: 0.000020 seconds.
  path: Assets/ModernSupermarket/Models/Props/Products/Milk_l6slvx/Textures/Materials/Milk_l6slvx.mat
  artifactKey: Guid(d1404dcdfd614034e92febb02345e975) Importer(2089858483,0ecaa5967403d082aa24f35e1b516d23)
Start importing Assets/ModernSupermarket/Models/Props/Products/Milk_l6slvx/Textures/Materials/Milk_l6slvx.mat using Guid(d1404dcdfd614034e92febb02345e975) Importer(2089858483,0ecaa5967403d082aa24f35e1b516d23) [PhysX] Initialized MultithreadedTaskDispatcher with 16 workers.
 -> (artifact id: 'e0b18333777ec0394d99d605c7a657d4') in 0.015495 seconds
Number of updated asset objects reloaded before import = 0
Number of asset objects unloaded after import = 5
========================================================================
Received Import Request.
  Time since last request: 0.000023 seconds.
  path: Assets/ModernSupermarket/Models/Props/Products/Sugar_ffc568/Textures/Material/Sugar_ffc568_Var01.mat
  artifactKey: Guid(1f6ba5a12cc6e41448d3c63802c8d3f6) Importer(2089858483,0ecaa5967403d082aa24f35e1b516d23)
Start importing Assets/ModernSupermarket/Models/Props/Products/Sugar_ffc568/Textures/Material/Sugar_ffc568_Var01.mat using Guid(1f6ba5a12cc6e41448d3c63802c8d3f6) Importer(2089858483,0ecaa5967403d082aa24f35e1b516d23) [PhysX] Initialized MultithreadedTaskDispatcher with 16 workers.
 -> (artifact id: 'bada80b577775186ce370ad3db07dada') in 0.016471 seconds
Number of updated asset objects reloaded before import = 0
Number of asset objects unloaded after import = 4
========================================================================
Received Import Request.
  Time since last request: 0.000032 seconds.
  path: Assets/Packages/Microsoft.Extensions.Logging.Abstractions.8.0.3/analyzers/dotnet/roslyn3.11/cs/tr/Microsoft.Extensions.Logging.Generators.resources.dll
  artifactKey: Guid(5ae75e3b9f3b66e4e8d49e20c1ec36f5) Importer(2089858483,0ecaa5967403d082aa24f35e1b516d23)
Start importing Assets/Packages/Microsoft.Extensions.Logging.Abstractions.8.0.3/analyzers/dotnet/roslyn3.11/cs/tr/Microsoft.Extensions.Logging.Generators.resources.dll using Guid(5ae75e3b9f3b66e4e8d49e20c1ec36f5) Importer(2089858483,0ecaa5967403d082aa24f35e1b516d23) [PhysX] Initialized MultithreadedTaskDispatcher with 16 workers.
 -> (artifact id: '4a18a58c188335a88eb2d58e882eced6') in 0.013364 seconds
Number of updated asset objects reloaded before import = 0
Number of asset objects unloaded after import = 1
========================================================================
Received Import Request.
  Time since last request: 0.000019 seconds.
  path: Assets/Packages/System.Text.Json.8.0.5/analyzers/dotnet/roslyn4.0/cs/de/System.Text.Json.SourceGeneration.resources.dll
  artifactKey: Guid(e516f96b7f2a60f449722a8f0e18503e) Importer(2089858483,0ecaa5967403d082aa24f35e1b516d23)
Start importing Assets/Packages/System.Text.Json.8.0.5/analyzers/dotnet/roslyn4.0/cs/de/System.Text.Json.SourceGeneration.resources.dll using Guid(e516f96b7f2a60f449722a8f0e18503e) Importer(2089858483,0ecaa5967403d082aa24f35e1b516d23) [PhysX] Initialized MultithreadedTaskDispatcher with 16 workers.
 -> (artifact id: 'a79e310e841416492699c7e413a2bf22') in 0.014633 seconds
Number of updated asset objects reloaded before import = 0
Number of asset objects unloaded after import = 1
========================================================================
Received Import Request.
  Time since last request: 0.000021 seconds.
  path: Assets/Packages/Microsoft.Extensions.Logging.Abstractions.8.0.3/analyzers/dotnet/roslyn4.0/cs/ru/Microsoft.Extensions.Logging.Generators.resources.dll
  artifactKey: Guid(4b293c6b0f9587943ba92ffd7fa314bb) Importer(2089858483,0ecaa5967403d082aa24f35e1b516d23)
Start importing Assets/Packages/Microsoft.Extensions.Logging.Abstractions.8.0.3/analyzers/dotnet/roslyn4.0/cs/ru/Microsoft.Extensions.Logging.Generators.resources.dll using Guid(4b293c6b0f9587943ba92ffd7fa314bb) Importer(2089858483,0ecaa5967403d082aa24f35e1b516d23) [PhysX] Initialized MultithreadedTaskDispatcher with 16 workers.
 -> (artifact id: 'fdb492e877dc36f4c04f970c43ea530a') in 0.013949 seconds
Number of updated asset objects reloaded before import = 0
Number of asset objects unloaded after import = 1
========================================================================
Received Import Request.
  Time since last request: 0.000025 seconds.
  path: Assets/Packages/System.Text.Json.8.0.5/analyzers/dotnet/roslyn4.4/cs/zh-Hant/System.Text.Json.SourceGeneration.resources.dll
  artifactKey: Guid(1271d50fa382a7b40b174f1af8064ef0) Importer(2089858483,0ecaa5967403d082aa24f35e1b516d23)
Start importing Assets/Packages/System.Text.Json.8.0.5/analyzers/dotnet/roslyn4.4/cs/zh-Hant/System.Text.Json.SourceGeneration.resources.dll using Guid(1271d50fa382a7b40b174f1af8064ef0) Importer(2089858483,0ecaa5967403d082aa24f35e1b516d23) [PhysX] Initialized MultithreadedTaskDispatcher with 16 workers.
 -> (artifact id: '274d7aae8ea20c00e0b4b64b097dcbef') in 0.013720 seconds
Number of updated asset objects reloaded before import = 0
Number of asset objects unloaded after import = 1
========================================================================
Received Import Request.
  Time since last request: 0.000021 seconds.
  path: Assets/Packages/Microsoft.Extensions.Logging.Abstractions.8.0.3/analyzers/dotnet/roslyn4.4/cs/ru/Microsoft.Extensions.Logging.Generators.resources.dll
  artifactKey: Guid(724fe6e1be2881b4b9eaf24576e2bceb) Importer(2089858483,0ecaa5967403d082aa24f35e1b516d23)
Start importing Assets/Packages/Microsoft.Extensions.Logging.Abstractions.8.0.3/analyzers/dotnet/roslyn4.4/cs/ru/Microsoft.Extensions.Logging.Generators.resources.dll using Guid(724fe6e1be2881b4b9eaf24576e2bceb) Importer(2089858483,0ecaa5967403d082aa24f35e1b516d23) [PhysX] Initialized MultithreadedTaskDispatcher with 16 workers.
 -> (artifact id: 'f4f8490b0171600123f21461c9e6dd1c') in 0.014972 seconds
Number of updated asset objects reloaded before import = 0
Number of asset objects unloaded after import = 1
========================================================================
Received Import Request.
  Time since last request: 0.000021 seconds.
  path: Assets/Packages/System.Text.Json.8.0.5/analyzers/dotnet/roslyn3.11/cs/ko/System.Text.Json.SourceGeneration.resources.dll
  artifactKey: Guid(81a70e5172aff374aa434b4a28f078d4) Importer(2089858483,0ecaa5967403d082aa24f35e1b516d23)
Start importing Assets/Packages/System.Text.Json.8.0.5/analyzers/dotnet/roslyn3.11/cs/ko/System.Text.Json.SourceGeneration.resources.dll using Guid(81a70e5172aff374aa434b4a28f078d4) Importer(2089858483,0ecaa5967403d082aa24f35e1b516d23) [PhysX] Initialized MultithreadedTaskDispatcher with 16 workers.
 -> (artifact id: 'bcdcf4f691cbb065cc0a70b8bc1df186') in 0.013621 seconds
Number of updated asset objects reloaded before import = 0
Number of asset objects unloaded after import = 1
========================================================================
Received Import Request.
  Time since last request: 0.000036 seconds.
  path: Assets/Packages/Microsoft.Extensions.Logging.Abstractions.8.0.3/analyzers/dotnet/roslyn3.11/cs/cs/Microsoft.Extensions.Logging.Generators.resources.dll
  artifactKey: Guid(178058631e533c549a99d4914983369a) Importer(2089858483,0ecaa5967403d082aa24f35e1b516d23)
Start importing Assets/Packages/Microsoft.Extensions.Logging.Abstractions.8.0.3/analyzers/dotnet/roslyn3.11/cs/cs/Microsoft.Extensions.Logging.Generators.resources.dll using Guid(178058631e533c549a99d4914983369a) Importer(2089858483,0ecaa5967403d082aa24f35e1b516d23) [PhysX] Initialized MultithreadedTaskDispatcher with 16 workers.
 -> (artifact id: '7a25c9aa18a9e409fe6fd58d32d46df8') in 0.013849 seconds
Number of updated asset objects reloaded before import = 0
Number of asset objects unloaded after import = 1
========================================================================
Received Import Request.
  Time since last request: 0.000022 seconds.
  path: Assets/Packages/System.Text.Json.8.0.5/analyzers/dotnet/roslyn3.11/cs/ja/System.Text.Json.SourceGeneration.resources.dll
  artifactKey: Guid(54e917fec82d28f4897cb708a706c8da) Importer(2089858483,0ecaa5967403d082aa24f35e1b516d23)
Start importing Assets/Packages/System.Text.Json.8.0.5/analyzers/dotnet/roslyn3.11/cs/ja/System.Text.Json.SourceGeneration.resources.dll using Guid(54e917fec82d28f4897cb708a706c8da) Importer(2089858483,0ecaa5967403d082aa24f35e1b516d23) [PhysX] Initialized MultithreadedTaskDispatcher with 16 workers.
 -> (artifact id: '8053857d2b28fd1b5cebdf7f18ab0dae') in 0.013668 seconds
Number of updated asset objects reloaded before import = 0
Number of asset objects unloaded after import = 1
========================================================================
Received Import Request.
  Time since last request: 0.000024 seconds.
  path: Assets/ModernSupermarket/Models/Props/Utility/WetFloor_fxi59q/Textures/Materials/WetFloor_fxi59q_a.mat
  artifactKey: Guid(bf809adb864bf9342924f939d26cf2f9) Importer(2089858483,0ecaa5967403d082aa24f35e1b516d23)
Start importing Assets/ModernSupermarket/Models/Props/Utility/WetFloor_fxi59q/Textures/Materials/WetFloor_fxi59q_a.mat using Guid(bf809adb864bf9342924f939d26cf2f9) Importer(2089858483,0ecaa5967403d082aa24f35e1b516d23) [PhysX] Initialized MultithreadedTaskDispatcher with 16 workers.
 -> (artifact id: '715ada3c5c3417196fa815d21024c40e') in 0.023416 seconds
Number of updated asset objects reloaded before import = 0
Number of asset objects unloaded after import = 5
========================================================================
Received Import Request.
  Time since last request: 0.000023 seconds.
  path: Assets/Packages/Microsoft.Extensions.Logging.Abstractions.8.0.3/analyzers/dotnet/roslyn4.4/cs/zh-Hant/Microsoft.Extensions.Logging.Generators.resources.dll
  artifactKey: Guid(58af07911eb43d843b76cb82f86944d0) Importer(2089858483,0ecaa5967403d082aa24f35e1b516d23)
Start importing Assets/Packages/Microsoft.Extensions.Logging.Abstractions.8.0.3/analyzers/dotnet/roslyn4.4/cs/zh-Hant/Microsoft.Extensions.Logging.Generators.resources.dll using Guid(58af07911eb43d843b76cb82f86944d0) Importer(2089858483,0ecaa5967403d082aa24f35e1b516d23) [PhysX] Initialized MultithreadedTaskDispatcher with 16 workers.
 -> (artifact id: 'f2c3dfc3656a9b6fa5ad324e5f583100') in 0.015901 seconds
Number of updated asset objects reloaded before import = 0
Number of asset objects unloaded after import = 1
========================================================================
Received Import Request.
  Time since last request: 0.000021 seconds.
  path: Assets/Packages/System.Text.Json.8.0.5/analyzers/dotnet/roslyn4.4/cs/zh-Hans/System.Text.Json.SourceGeneration.resources.dll
  artifactKey: Guid(c1fcff49890b6ec428a6075b2939a971) Importer(2089858483,0ecaa5967403d082aa24f35e1b516d23)
Start importing Assets/Packages/System.Text.Json.8.0.5/analyzers/dotnet/roslyn4.4/cs/zh-Hans/System.Text.Json.SourceGeneration.resources.dll using Guid(c1fcff49890b6ec428a6075b2939a971) Importer(2089858483,0ecaa5967403d082aa24f35e1b516d23) [PhysX] Initialized MultithreadedTaskDispatcher with 16 workers.
 -> (artifact id: '8efff885faca2373637f57f065f1ca66') in 0.015835 seconds
Number of updated asset objects reloaded before import = 0
Number of asset objects unloaded after import = 1
========================================================================
Received Import Request.
  Time since last request: 0.000024 seconds.
  path: Assets/ModernSupermarket/Models/Props/Products/Ham_wplnxm/Textures/Materials/Ham_wplnxm_Meat_Var01.mat
  artifactKey: Guid(3b14de0138e19e14488d6ada006852c5) Importer(2089858483,0ecaa5967403d082aa24f35e1b516d23)
Start importing Assets/ModernSupermarket/Models/Props/Products/Ham_wplnxm/Textures/Materials/Ham_wplnxm_Meat_Var01.mat using Guid(3b14de0138e19e14488d6ada006852c5) Importer(2089858483,0ecaa5967403d082aa24f35e1b516d23) [PhysX] Initialized MultithreadedTaskDispatcher with 16 workers.
 -> (artifact id: 'b891603a8f9d0c3501dc7a057bdf8cdd') in 0.018174 seconds
Number of updated asset objects reloaded before import = 0
Number of asset objects unloaded after import = 5
========================================================================
Received Import Request.
  Time since last request: 0.000020 seconds.
  path: Assets/ModernSupermarket/Models/Props/Products/FrozenBox_vhvpd4/Textures/Materials/FrozenBox_vhvpd4_Var01.mat
  artifactKey: Guid(d4d76f6cc14a5474182f0b9f3584bc2c) Importer(2089858483,0ecaa5967403d082aa24f35e1b516d23)
Start importing Assets/ModernSupermarket/Models/Props/Products/FrozenBox_vhvpd4/Textures/Materials/FrozenBox_vhvpd4_Var01.mat using Guid(d4d76f6cc14a5474182f0b9f3584bc2c) Importer(2089858483,0ecaa5967403d082aa24f35e1b516d23) [PhysX] Initialized MultithreadedTaskDispatcher with 16 workers.
 -> (artifact id: 'a0ebfd164b543d6c414712172c23e8d8') in 0.013829 seconds
Number of updated asset objects reloaded before import = 0
Number of asset objects unloaded after import = 2
========================================================================
Received Import Request.
  Time since last request: 0.000020 seconds.
  path: Assets/ModernSupermarket/Models/Props/Utility/Basket_o52iei/Textures/Materials/Basket_o52iei_condiments04.mat
  artifactKey: Guid(fbdc3f6940c602848ba740945b017b0d) Importer(2089858483,0ecaa5967403d082aa24f35e1b516d23)
Start importing Assets/ModernSupermarket/Models/Props/Utility/Basket_o52iei/Textures/Materials/Basket_o52iei_condiments04.mat using Guid(fbdc3f6940c602848ba740945b017b0d) Importer(2089858483,0ecaa5967403d082aa24f35e1b516d23) [PhysX] Initialized MultithreadedTaskDispatcher with 16 workers.
 -> (artifact id: 'b07707e5998c5a4d97c936204d48b5ac') in 0.020802 seconds
Number of updated asset objects reloaded before import = 0
Number of asset objects unloaded after import = 6
========================================================================
Received Import Request.
  Time since last request: 0.000033 seconds.
  path: Assets/ModernSupermarket/Models/Props/Products/Pizza_ehb1pe/Textures/Material/BoxPizza_ehb1pe_Var01.mat
  artifactKey: Guid(1d6c4c91b16147b4e935d8b30178335f) Importer(2089858483,0ecaa5967403d082aa24f35e1b516d23)
Start importing Assets/ModernSupermarket/Models/Props/Products/Pizza_ehb1pe/Textures/Material/BoxPizza_ehb1pe_Var01.mat using Guid(1d6c4c91b16147b4e935d8b30178335f) Importer(2089858483,0ecaa5967403d082aa24f35e1b516d23) [PhysX] Initialized MultithreadedTaskDispatcher with 16 workers.
 -> (artifact id: 'ee7fb203425b35f52f07cf3d0be7416f') in 0.016041 seconds
Number of updated asset objects reloaded before import = 0
Number of asset objects unloaded after import = 4
========================================================================
Received Import Request.
  Time since last request: 0.000018 seconds.
  path: Assets/ModernSupermarket/Models/Props/Products/TinCan_60afsy/Textures/Materials/TinCan_60afsy_Var01.mat
  artifactKey: Guid(db6fcb15c2f575b448c076f0b4c01113) Importer(2089858483,0ecaa5967403d082aa24f35e1b516d23)
Start importing Assets/ModernSupermarket/Models/Props/Products/TinCan_60afsy/Textures/Materials/TinCan_60afsy_Var01.mat using Guid(db6fcb15c2f575b448c076f0b4c01113) Importer(2089858483,0ecaa5967403d082aa24f35e1b516d23) [PhysX] Initialized MultithreadedTaskDispatcher with 16 workers.
 -> (artifact id: '41d8164807dff6c81f764a3ef7a37460') in 0.019394 seconds
Number of updated asset objects reloaded before import = 0
Number of asset objects unloaded after import = 5
========================================================================
Received Import Request.
  Time since last request: 0.000036 seconds.
  path: Assets/ModernSupermarket/Models/Props/Products/Teabox_5oq0ki/Textures/Materials/Teabox_5oq0ki_Var01.mat
  artifactKey: Guid(8254b2db098accc4588ce377a717219c) Importer(2089858483,0ecaa5967403d082aa24f35e1b516d23)
Start importing Assets/ModernSupermarket/Models/Props/Products/Teabox_5oq0ki/Textures/Materials/Teabox_5oq0ki_Var01.mat using Guid(8254b2db098accc4588ce377a717219c) Importer(2089858483,0ecaa5967403d082aa24f35e1b516d23) [PhysX] Initialized MultithreadedTaskDispatcher with 16 workers.
 -> (artifact id: '903cfcdbba508cb4850e6d92a3c39d5e') in 0.014653 seconds
Number of updated asset objects reloaded before import = 0
Number of asset objects unloaded after import = 6
========================================================================
Received Import Request.
  Time since last request: 0.000022 seconds.
  path: Assets/ModernSupermarket/Models/Props/Products/Decoration_q1fmhj/Textures/Materials/Decoration_q1fmhj.mat
  artifactKey: Guid(1b990ddf98a43a14fb5e509fcd47f97c) Importer(2089858483,0ecaa5967403d082aa24f35e1b516d23)
Start importing Assets/ModernSupermarket/Models/Props/Products/Decoration_q1fmhj/Textures/Materials/Decoration_q1fmhj.mat using Guid(1b990ddf98a43a14fb5e509fcd47f97c) Importer(2089858483,0ecaa5967403d082aa24f35e1b516d23) [PhysX] Initialized MultithreadedTaskDispatcher with 16 workers.
 -> (artifact id: '22a8e850925a30c1e1eae8e6a029b27e') in 0.013860 seconds
Number of updated asset objects reloaded before import = 0
Number of asset objects unloaded after import = 4
========================================================================
Received Import Request.
  Time since last request: 0.000020 seconds.
  path: Assets/ModernSupermarket/Models/Props/Utility/CashMachine_lazhgf/Textures/Materials/CashMachine_lazhgf_Monitor.mat
  artifactKey: Guid(1f68891a6a295af45a1d19ad3402645d) Importer(2089858483,0ecaa5967403d082aa24f35e1b516d23)
Start importing Assets/ModernSupermarket/Models/Props/Utility/CashMachine_lazhgf/Textures/Materials/CashMachine_lazhgf_Monitor.mat using Guid(1f68891a6a295af45a1d19ad3402645d) Importer(2089858483,0ecaa5967403d082aa24f35e1b516d23) [PhysX] Initialized MultithreadedTaskDispatcher with 16 workers.
 -> (artifact id: 'eecfbfc1099f53491c6cc8a064a75fac') in 0.013393 seconds
Number of updated asset objects reloaded before import = 0
Number of asset objects unloaded after import = 2
========================================================================
Received Import Request.
  Time since last request: 0.000016 seconds.
  path: Assets/ModernSupermarket/Models/Props/Products/Teabox_nokda4/Textures/Materials/Teabox_nokda4.mat
  artifactKey: Guid(7f6ea34a6156b7e488a4454405ddfa50) Importer(2089858483,0ecaa5967403d082aa24f35e1b516d23)
Start importing Assets/ModernSupermarket/Models/Props/Products/Teabox_nokda4/Textures/Materials/Teabox_nokda4.mat using Guid(7f6ea34a6156b7e488a4454405ddfa50) Importer(2089858483,0ecaa5967403d082aa24f35e1b516d23) [PhysX] Initialized MultithreadedTaskDispatcher with 16 workers.
 -> (artifact id: 'c69e281f583aaa48d35afa00c7d61ff7') in 0.015289 seconds
Number of updated asset objects reloaded before import = 0
Number of asset objects unloaded after import = 5
========================================================================
Received Import Request.
  Time since last request: 0.000018 seconds.
  path: Assets/Packages/Microsoft.Extensions.Logging.Abstractions.8.0.3/analyzers/dotnet/roslyn4.0/cs/cs/Microsoft.Extensions.Logging.Generators.resources.dll
  artifactKey: Guid(ea521d52ad4aaf84293508b9da1db072) Importer(2089858483,0ecaa5967403d082aa24f35e1b516d23)
Start importing Assets/Packages/Microsoft.Extensions.Logging.Abstractions.8.0.3/analyzers/dotnet/roslyn4.0/cs/cs/Microsoft.Extensions.Logging.Generators.resources.dll using Guid(ea521d52ad4aaf84293508b9da1db072) Importer(2089858483,0ecaa5967403d082aa24f35e1b516d23) [PhysX] Initialized MultithreadedTaskDispatcher with 16 workers.
 -> (artifact id: 'faa7d7360a09fc0c10e542a934ad700c') in 0.014183 seconds
Number of updated asset objects reloaded before import = 0
Number of asset objects unloaded after import = 1
========================================================================
Received Import Request.
  Time since last request: 0.000023 seconds.
  path: Assets/Packages/Microsoft.Extensions.Logging.Abstractions.8.0.3/analyzers/dotnet/roslyn3.11/cs/pl/Microsoft.Extensions.Logging.Generators.resources.dll
  artifactKey: Guid(ddca7f0ad6b364546b89dc7bd7e7b337) Importer(2089858483,0ecaa5967403d082aa24f35e1b516d23)
Start importing Assets/Packages/Microsoft.Extensions.Logging.Abstractions.8.0.3/analyzers/dotnet/roslyn3.11/cs/pl/Microsoft.Extensions.Logging.Generators.resources.dll using Guid(ddca7f0ad6b364546b89dc7bd7e7b337) Importer(2089858483,0ecaa5967403d082aa24f35e1b516d23) [PhysX] Initialized MultithreadedTaskDispatcher with 16 workers.
 -> (artifact id: 'b1cdfecb901eb94f42e384157ce0da7a') in 0.013720 seconds
Number of updated asset objects reloaded before import = 0
Number of asset objects unloaded after import = 1
========================================================================
Received Import Request.
  Time since last request: 0.000020 seconds.
  path: Assets/ModernSupermarket/Models/Props/Products/ChocolateSpread_xhkyij/Textures/Materials/Nutella_xhkyij_Glass.mat
  artifactKey: Guid(d499fa6908eae6647b3901af7eeb3c18) Importer(2089858483,0ecaa5967403d082aa24f35e1b516d23)
Start importing Assets/ModernSupermarket/Models/Props/Products/ChocolateSpread_xhkyij/Textures/Materials/Nutella_xhkyij_Glass.mat using Guid(d499fa6908eae6647b3901af7eeb3c18) Importer(2089858483,0ecaa5967403d082aa24f35e1b516d23) [PhysX] Initialized MultithreadedTaskDispatcher with 16 workers.
 -> (artifact id: '9086417411350d922b553c8da963c8ff') in 0.016575 seconds
Number of updated asset objects reloaded before import = 0
Number of asset objects unloaded after import = 3
========================================================================
Received Import Request.
  Time since last request: 0.000024 seconds.
  path: Assets/ModernSupermarket/Models/Props/Products/Soda_7gwg2t/Textures/Materials/Soda_7gwg2t_Liquid.mat
  artifactKey: Guid(7ad96faf6a83eea4b9873ff565e1871a) Importer(2089858483,0ecaa5967403d082aa24f35e1b516d23)
Start importing Assets/ModernSupermarket/Models/Props/Products/Soda_7gwg2t/Textures/Materials/Soda_7gwg2t_Liquid.mat using Guid(7ad96faf6a83eea4b9873ff565e1871a) Importer(2089858483,0ecaa5967403d082aa24f35e1b516d23) [PhysX] Initialized MultithreadedTaskDispatcher with 16 workers.
 -> (artifact id: '43144329f9fad9d1b14bfa814f0cbd9e') in 0.014743 seconds
Number of updated asset objects reloaded before import = 0
Number of asset objects unloaded after import = 1
========================================================================
Received Import Request.
  Time since last request: 0.000041 seconds.
  path: Assets/Packages/Microsoft.Extensions.Logging.Abstractions.8.0.3/analyzers/dotnet/roslyn3.11/cs/it/Microsoft.Extensions.Logging.Generators.resources.dll
  artifactKey: Guid(6fccb1871f878e142947a9ce34598e2f) Importer(2089858483,0ecaa5967403d082aa24f35e1b516d23)
Start importing Assets/Packages/Microsoft.Extensions.Logging.Abstractions.8.0.3/analyzers/dotnet/roslyn3.11/cs/it/Microsoft.Extensions.Logging.Generators.resources.dll using Guid(6fccb1871f878e142947a9ce34598e2f) Importer(2089858483,0ecaa5967403d082aa24f35e1b516d23) [PhysX] Initialized MultithreadedTaskDispatcher with 16 workers.
 -> (artifact id: 'd7c335f104c5b93dd4e1cb167bb34e4b') in 0.016433 seconds
Number of updated asset objects reloaded before import = 0
Number of asset objects unloaded after import = 1
========================================================================
Received Import Request.
  Time since last request: 0.000026 seconds.
  path: Assets/ModernSupermarket/Models/Props/Products/Coffee_5uj6zk/Textures/Materials/Coffee_5uj6zk_Var01.mat
  artifactKey: Guid(b5c0d0d1a29dfcd49baf4f6031f480f0) Importer(2089858483,0ecaa5967403d082aa24f35e1b516d23)
Start importing Assets/ModernSupermarket/Models/Props/Products/Coffee_5uj6zk/Textures/Materials/Coffee_5uj6zk_Var01.mat using Guid(b5c0d0d1a29dfcd49baf4f6031f480f0) Importer(2089858483,0ecaa5967403d082aa24f35e1b516d23) [PhysX] Initialized MultithreadedTaskDispatcher with 16 workers.
 -> (artifact id: 'dfeb7bd07b55660648aa7da8e1a37f6f') in 0.018779 seconds
Number of updated asset objects reloaded before import = 0
Number of asset objects unloaded after import = 5
========================================================================
Received Import Request.
  Time since last request: 0.000024 seconds.
  path: Assets/ModernSupermarket/Models/Props/Products/Cheese_bn26cq/Textures/Materials/Cheese_bn26cq.mat
  artifactKey: Guid(272f6f63f384534459a83605c0dbcb6b) Importer(2089858483,0ecaa5967403d082aa24f35e1b516d23)
Start importing Assets/ModernSupermarket/Models/Props/Products/Cheese_bn26cq/Textures/Materials/Cheese_bn26cq.mat using Guid(272f6f63f384534459a83605c0dbcb6b) Importer(2089858483,0ecaa5967403d082aa24f35e1b516d23) [PhysX] Initialized MultithreadedTaskDispatcher with 16 workers.
 -> (artifact id: '644df18138b540715ea98c42e52b7b3c') in 0.017759 seconds
Number of updated asset objects reloaded before import = 0
Number of asset objects unloaded after import = 5
========================================================================
Received Import Request.
  Time since last request: 0.000023 seconds.
  path: Assets/ModernSupermarket/Models/Props/Utility/Basket_o52iei/Textures/Materials/Basket_o52iei_condiments01.mat
  artifactKey: Guid(3243379a882c22f4aafed829663c235d) Importer(2089858483,0ecaa5967403d082aa24f35e1b516d23)
Start importing Assets/ModernSupermarket/Models/Props/Utility/Basket_o52iei/Textures/Materials/Basket_o52iei_condiments01.mat using Guid(3243379a882c22f4aafed829663c235d) Importer(2089858483,0ecaa5967403d082aa24f35e1b516d23) [PhysX] Initialized MultithreadedTaskDispatcher with 16 workers.
 -> (artifact id: '25f4de9d397f3c7c66b24ea486dd7e76') in 0.017480 seconds
Number of updated asset objects reloaded before import = 0
Number of asset objects unloaded after import = 6
========================================================================
Received Import Request.
  Time since last request: 0.000026 seconds.
  path: Assets/ModernSupermarket/Models/Props/Products/YoghurtPack_kjd150/Textures/Materials/YoghurtPack_rk7lsf_Var02.mat
  artifactKey: Guid(054f769a78801524786c3b25a0802502) Importer(2089858483,0ecaa5967403d082aa24f35e1b516d23)
Start importing Assets/ModernSupermarket/Models/Props/Products/YoghurtPack_kjd150/Textures/Materials/YoghurtPack_rk7lsf_Var02.mat using Guid(054f769a78801524786c3b25a0802502) Importer(2089858483,0ecaa5967403d082aa24f35e1b516d23) [PhysX] Initialized MultithreadedTaskDispatcher with 16 workers.
 -> (artifact id: 'b5e43e9090b605ff031e63d65d01e1ca') in 0.020357 seconds
Number of updated asset objects reloaded before import = 0
Number of asset objects unloaded after import = 5
========================================================================
Received Import Request.
  Time since last request: 0.000023 seconds.
  path: Assets/ModernSupermarket/Models/Props/Products/SweetJar_lpbii4/Textures/Materials/SweetJar_lpbii4_Liquid.mat
  artifactKey: Guid(e43b0955365774d4f82446f0242624a6) Importer(2089858483,0ecaa5967403d082aa24f35e1b516d23)
Start importing Assets/ModernSupermarket/Models/Props/Products/SweetJar_lpbii4/Textures/Materials/SweetJar_lpbii4_Liquid.mat using Guid(e43b0955365774d4f82446f0242624a6) Importer(2089858483,0ecaa5967403d082aa24f35e1b516d23) [PhysX] Initialized MultithreadedTaskDispatcher with 16 workers.
 -> (artifact id: 'ebb351d61aa705f9805d20d31911130c') in 0.014394 seconds
Number of updated asset objects reloaded before import = 0
Number of asset objects unloaded after import = 1
========================================================================
Received Import Request.
  Time since last request: 0.000025 seconds.
  path: Assets/ModernSupermarket/Models/Props/Products/Soda_7gwg2t/Textures/Materials/Soda_7gwg2t_Label_Var02.mat
  artifactKey: Guid(6481a8df0c604d740899102e80fce8e9) Importer(2089858483,0ecaa5967403d082aa24f35e1b516d23)
Start importing Assets/ModernSupermarket/Models/Props/Products/Soda_7gwg2t/Textures/Materials/Soda_7gwg2t_Label_Var02.mat using Guid(6481a8df0c604d740899102e80fce8e9) Importer(2089858483,0ecaa5967403d082aa24f35e1b516d23) [PhysX] Initialized MultithreadedTaskDispatcher with 16 workers.
 -> (artifact id: '4c2201de3b225a939ad3b63c726c731a') in 0.014674 seconds
Number of updated asset objects reloaded before import = 0
Number of asset objects unloaded after import = 3
========================================================================
Received Import Request.
  Time since last request: 0.000020 seconds.
  path: Assets/ModernSupermarket/Models/Props/Products/Vase_x3wysg/Textures/Materials/Vase_x3wysg_Var01.mat
  artifactKey: Guid(078021c856071d141af42cd47579b8ca) Importer(2089858483,0ecaa5967403d082aa24f35e1b516d23)
Start importing Assets/ModernSupermarket/Models/Props/Products/Vase_x3wysg/Textures/Materials/Vase_x3wysg_Var01.mat using Guid(078021c856071d141af42cd47579b8ca) Importer(2089858483,0ecaa5967403d082aa24f35e1b516d23) [PhysX] Initialized MultithreadedTaskDispatcher with 16 workers.
 -> (artifact id: '5fee6e5db0613d98b33e55db7e18b206') in 0.015839 seconds
Number of updated asset objects reloaded before import = 0
Number of asset objects unloaded after import = 4
========================================================================
Received Import Request.
  Time since last request: 0.000023 seconds.
  path: Assets/ModernSupermarket/Models/Props/Products/MeatTray_qm4z4l/Textures/Materials/MeatTray_qm4z4l_Plastic.mat
  artifactKey: Guid(40a2ef7cea6bc2843a63e952f9565302) Importer(2089858483,0ecaa5967403d082aa24f35e1b516d23)
Start importing Assets/ModernSupermarket/Models/Props/Products/MeatTray_qm4z4l/Textures/Materials/MeatTray_qm4z4l_Plastic.mat using Guid(40a2ef7cea6bc2843a63e952f9565302) Importer(2089858483,0ecaa5967403d082aa24f35e1b516d23) [PhysX] Initialized MultithreadedTaskDispatcher with 16 workers.
 -> (artifact id: '5c93cd506d4ebffcdae97e52baa79fdd') in 0.015508 seconds
Number of updated asset objects reloaded before import = 0
Number of asset objects unloaded after import = 5
========================================================================
Received Import Request.
  Time since last request: 0.000021 seconds.
  path: Assets/ModernSupermarket/Models/Props/Products/Vase_x3wysg/Textures/Materials/Vase_x3wysg.mat
  artifactKey: Guid(ca20b2c6a1354634dbcae5df77414c30) Importer(2089858483,0ecaa5967403d082aa24f35e1b516d23)
Start importing Assets/ModernSupermarket/Models/Props/Products/Vase_x3wysg/Textures/Materials/Vase_x3wysg.mat using Guid(ca20b2c6a1354634dbcae5df77414c30) Importer(2089858483,0ecaa5967403d082aa24f35e1b516d23) [PhysX] Initialized MultithreadedTaskDispatcher with 16 workers.
 -> (artifact id: 'c59c9b1ffa22a276f4fd25a56b7e3f5f') in 0.018357 seconds
Number of updated asset objects reloaded before import = 0
Number of asset objects unloaded after import = 4
========================================================================
Received Import Request.
  Time since last request: 0.000020 seconds.
  path: Assets/ModernSupermarket/Models/Props/Products/Ham_wplnxm/Textures/Materials/Ham_wplnxm_Var01.mat
  artifactKey: Guid(8c057407a1822444ab8d1a92b80e7515) Importer(2089858483,0ecaa5967403d082aa24f35e1b516d23)
Start importing Assets/ModernSupermarket/Models/Props/Products/Ham_wplnxm/Textures/Materials/Ham_wplnxm_Var01.mat using Guid(8c057407a1822444ab8d1a92b80e7515) Importer(2089858483,0ecaa5967403d082aa24f35e1b516d23) [PhysX] Initialized MultithreadedTaskDispatcher with 16 workers.
 -> (artifact id: '0c75545f38bad2b54affe1a71948fdd6') in 0.019110 seconds
Number of updated asset objects reloaded before import = 0
Number of asset objects unloaded after import = 5
========================================================================
Received Import Request.
  Time since last request: 0.000044 seconds.
  path: Assets/ModernSupermarket/Models/Props/Products/Chips_w4tja8/Textures/Materials/Chips_w4tja8_Var02.mat
  artifactKey: Guid(300ad9c8b601e7241847cf4f7542c56d) Importer(2089858483,0ecaa5967403d082aa24f35e1b516d23)
Start importing Assets/ModernSupermarket/Models/Props/Products/Chips_w4tja8/Textures/Materials/Chips_w4tja8_Var02.mat using Guid(300ad9c8b601e7241847cf4f7542c56d) Importer(2089858483,0ecaa5967403d082aa24f35e1b516d23) [PhysX] Initialized MultithreadedTaskDispatcher with 16 workers.
 -> (artifact id: 'dc1d7a29e184fc50f6e396d578540513') in 0.021778 seconds
Number of updated asset objects reloaded before import = 0
Number of asset objects unloaded after import = 5
========================================================================
Received Import Request.
  Time since last request: 0.000023 seconds.
  path: Assets/ModernSupermarket/Models/Props/Utility/Camera_fbj1by/Textures/Materials/Camera_fbj1by.mat
  artifactKey: Guid(eb5577b5845241f4189b2c80691bf329) Importer(2089858483,0ecaa5967403d082aa24f35e1b516d23)
Start importing Assets/ModernSupermarket/Models/Props/Utility/Camera_fbj1by/Textures/Materials/Camera_fbj1by.mat using Guid(eb5577b5845241f4189b2c80691bf329) Importer(2089858483,0ecaa5967403d082aa24f35e1b516d23) [PhysX] Initialized MultithreadedTaskDispatcher with 16 workers.
 -> (artifact id: 'a75c0ec5258128bcf0387bef72e673f6') in 0.021714 seconds
Number of updated asset objects reloaded before import = 0
Number of asset objects unloaded after import = 5
========================================================================
Received Import Request.
  Time since last request: 0.000035 seconds.
  path: Assets/ModernSupermarket/Models/Props/Products/Teabox_l5w9ll/Textures/Materials/Teabox_l5w9ll_Var01.mat
  artifactKey: Guid(1b2e05194dce1384eb5daf74869ed19d) Importer(2089858483,0ecaa5967403d082aa24f35e1b516d23)
Start importing Assets/ModernSupermarket/Models/Props/Products/Teabox_l5w9ll/Textures/Materials/Teabox_l5w9ll_Var01.mat using Guid(1b2e05194dce1384eb5daf74869ed19d) Importer(2089858483,0ecaa5967403d082aa24f35e1b516d23) [PhysX] Initialized MultithreadedTaskDispatcher with 16 workers.
 -> (artifact id: '71c4167f00f751c471e85b1194e07a6d') in 0.022885 seconds
Number of updated asset objects reloaded before import = 0
Number of asset objects unloaded after import = 6
========================================================================
Received Import Request.
  Time since last request: 0.000030 seconds.
  path: Assets/ModernSupermarket/Models/Props/Utility/Bag_my9wcp/Textures/Bag_my9wcp_n.png
  artifactKey: Guid(5dc0e052a9162d844ae7cc5c5292ab7a) Importer(2089858483,0ecaa5967403d082aa24f35e1b516d23)
Start importing Assets/ModernSupermarket/Models/Props/Utility/Bag_my9wcp/Textures/Bag_my9wcp_n.png using Guid(5dc0e052a9162d844ae7cc5c5292ab7a) Importer(2089858483,0ecaa5967403d082aa24f35e1b516d23) [PhysX] Initialized MultithreadedTaskDispatcher with 16 workers.
 -> (artifact id: 'bd532a86dd585d1aecd972e4bbddf08e') in 0.020679 seconds
Number of updated asset objects reloaded before import = 0
Number of asset objects unloaded after import = 1
========================================================================
Received Import Request.
  Time since last request: 0.000033 seconds.
  path: Assets/ModernSupermarket/Models/Props/Produce/Lemon_ahopes/Textures/Materials/Lemon_ahopes.mat
  artifactKey: Guid(32718bf3132da17458d03bd12fe71a8b) Importer(2089858483,0ecaa5967403d082aa24f35e1b516d23)
Start importing Assets/ModernSupermarket/Models/Props/Produce/Lemon_ahopes/Textures/Materials/Lemon_ahopes.mat using Guid(32718bf3132da17458d03bd12fe71a8b) Importer(2089858483,0ecaa5967403d082aa24f35e1b516d23) [PhysX] Initialized MultithreadedTaskDispatcher with 16 workers.
 -> (artifact id: '8a64ec5590607287901e15a60ba348a2') in 0.018594 seconds
Number of updated asset objects reloaded before import = 0
Number of asset objects unloaded after import = 5
========================================================================
Received Import Request.
  Time since last request: 0.000031 seconds.
  path: Assets/ModernSupermarket/Models/Props/Utility/Bag_j5sec2/Textures/Materials/Bag_j5sec2.mat
  artifactKey: Guid(3af5b094f0733b3458dc89f8e015f55a) Importer(2089858483,0ecaa5967403d082aa24f35e1b516d23)
Start importing Assets/ModernSupermarket/Models/Props/Utility/Bag_j5sec2/Textures/Materials/Bag_j5sec2.mat using Guid(3af5b094f0733b3458dc89f8e015f55a) Importer(2089858483,0ecaa5967403d082aa24f35e1b516d23) [PhysX] Initialized MultithreadedTaskDispatcher with 16 workers.
 -> (artifact id: '43b84d3d4f55b7b24a338ded1a7233a4') in 0.018475 seconds
Number of updated asset objects reloaded before import = 0
Number of asset objects unloaded after import = 5
========================================================================
Received Import Request.
  Time since last request: 0.000021 seconds.
  path: Assets/Packages/Microsoft.Extensions.Logging.Abstractions.8.0.3/analyzers/dotnet/roslyn4.0/cs/fr/Microsoft.Extensions.Logging.Generators.resources.dll
  artifactKey: Guid(8e1010cebbd6e354d8fbb823bacd300a) Importer(2089858483,0ecaa5967403d082aa24f35e1b516d23)
Start importing Assets/Packages/Microsoft.Extensions.Logging.Abstractions.8.0.3/analyzers/dotnet/roslyn4.0/cs/fr/Microsoft.Extensions.Logging.Generators.resources.dll using Guid(8e1010cebbd6e354d8fbb823bacd300a) Importer(2089858483,0ecaa5967403d082aa24f35e1b516d23) [PhysX] Initialized MultithreadedTaskDispatcher with 16 workers.
 -> (artifact id: 'ad32cc48469c983410ca27e17a7b6a99') in 0.016599 seconds
Number of updated asset objects reloaded before import = 0
Number of asset objects unloaded after import = 1
========================================================================
Received Import Request.
  Time since last request: 0.000022 seconds.
  path: Assets/ModernSupermarket/Models/Props/Products/Pasta_g87jtq/Textures/PastaPack_g87jtq_Var02_a.png
  artifactKey: Guid(1825549766b883f44b3e1c00cb91d61b) Importer(2089858483,0ecaa5967403d082aa24f35e1b516d23)
Start importing Assets/ModernSupermarket/Models/Props/Products/Pasta_g87jtq/Textures/PastaPack_g87jtq_Var02_a.png using Guid(1825549766b883f44b3e1c00cb91d61b) Importer(2089858483,0ecaa5967403d082aa24f35e1b516d23) [PhysX] Initialized MultithreadedTaskDispatcher with 16 workers.
 -> (artifact id: 'a416fe79bf843c6d2799634adb1a0211') in 0.020213 seconds
Number of updated asset objects reloaded before import = 0
Number of asset objects unloaded after import = 1
========================================================================
Received Import Request.
  Time since last request: 0.000018 seconds.
  path: Assets/ModernSupermarket/Models/Props/Products/Oil_751tp2/Textures/Materials/OliveOil_Glass.mat
  artifactKey: Guid(91b9d182ccab2784f8458523a7a2bef1) Importer(2089858483,0ecaa5967403d082aa24f35e1b516d23)
Start importing Assets/ModernSupermarket/Models/Props/Products/Oil_751tp2/Textures/Materials/OliveOil_Glass.mat using Guid(91b9d182ccab2784f8458523a7a2bef1) Importer(2089858483,0ecaa5967403d082aa24f35e1b516d23) [PhysX] Initialized MultithreadedTaskDispatcher with 16 workers.
 -> (artifact id: '3fa5829178b1c992fbb7e19f69f05cb4') in 0.015183 seconds
Number of updated asset objects reloaded before import = 0
Number of asset objects unloaded after import = 3
========================================================================
Received Import Request.
  Time since last request: 0.000025 seconds.
  path: Assets/ModernSupermarket/Models/Props/Products/Chicken_ozj6pn/Textures/Materials/Chicken_ozj6pn_Tray.mat
  artifactKey: Guid(b6fad3caeba1c31498ccc49da90ba2b5) Importer(2089858483,0ecaa5967403d082aa24f35e1b516d23)
Start importing Assets/ModernSupermarket/Models/Props/Products/Chicken_ozj6pn/Textures/Materials/Chicken_ozj6pn_Tray.mat using Guid(b6fad3caeba1c31498ccc49da90ba2b5) Importer(2089858483,0ecaa5967403d082aa24f35e1b516d23) [PhysX] Initialized MultithreadedTaskDispatcher with 16 workers.
 -> (artifact id: '18a9fa28145a62ee8ec2c4fb648746ac') in 0.016682 seconds
Number of updated asset objects reloaded before import = 0
Number of asset objects unloaded after import = 5
========================================================================
Received Import Request.
  Time since last request: 0.000021 seconds.
  path: Assets/ModernSupermarket/Models/Props/Products/Pasta_9duit2/Textures/Materials/PastaPack_9duit2_Fill_Var01.mat
  artifactKey: Guid(9b011bf25e8187045af80373bb419cc3) Importer(2089858483,0ecaa5967403d082aa24f35e1b516d23)
Start importing Assets/ModernSupermarket/Models/Props/Products/Pasta_9duit2/Textures/Materials/PastaPack_9duit2_Fill_Var01.mat using Guid(9b011bf25e8187045af80373bb419cc3) Importer(2089858483,0ecaa5967403d082aa24f35e1b516d23) [PhysX] Initialized MultithreadedTaskDispatcher with 16 workers.
 -> (artifact id: '1b00e895c5a65c8c2b7b27c7956e03eb') in 0.015758 seconds
Number of updated asset objects reloaded before import = 0
Number of asset objects unloaded after import = 5
========================================================================
Received Import Request.
  Time since last request: 0.000020 seconds.
  path: Assets/Packages/System.Text.Json.8.0.5/analyzers/dotnet/roslyn3.11/cs/zh-Hant/System.Text.Json.SourceGeneration.resources.dll
  artifactKey: Guid(1465a3455deedae4a812d1d9de8b00d8) Importer(2089858483,0ecaa5967403d082aa24f35e1b516d23)
Start importing Assets/Packages/System.Text.Json.8.0.5/analyzers/dotnet/roslyn3.11/cs/zh-Hant/System.Text.Json.SourceGeneration.resources.dll using Guid(1465a3455deedae4a812d1d9de8b00d8) Importer(2089858483,0ecaa5967403d082aa24f35e1b516d23) [PhysX] Initialized MultithreadedTaskDispatcher with 16 workers.
 -> (artifact id: '4e50d385b9ded7a3f51676e09df7ad9a') in 0.013454 seconds
Number of updated asset objects reloaded before import = 0
Number of asset objects unloaded after import = 1
========================================================================
Received Import Request.
  Time since last request: 0.000027 seconds.
  path: Assets/ModernSupermarket/Models/Props/Products/WaterPack_mqmuh7/Textures/Materials/WaterPack_mqmuh7_Plastic.mat
  artifactKey: Guid(0b4297b3dfd51d44a900efbb57f55ab2) Importer(2089858483,0ecaa5967403d082aa24f35e1b516d23)
Start importing Assets/ModernSupermarket/Models/Props/Products/WaterPack_mqmuh7/Textures/Materials/WaterPack_mqmuh7_Plastic.mat using Guid(0b4297b3dfd51d44a900efbb57f55ab2) Importer(2089858483,0ecaa5967403d082aa24f35e1b516d23) [PhysX] Initialized MultithreadedTaskDispatcher with 16 workers.
 -> (artifact id: 'fc0d631838c73ed6cd8229a86e030560') in 0.018763 seconds
Number of updated asset objects reloaded before import = 0
Number of asset objects unloaded after import = 4
========================================================================
Received Import Request.
  Time since last request: 0.000026 seconds.
  path: Assets/ModernSupermarket/Models/Props/Products/MeatTray_bbcwdq/Textures/Materials/MeatTray_bbcwdq_Meat.mat
  artifactKey: Guid(7b087e12caa5cc84aaee05f691fe9762) Importer(2089858483,0ecaa5967403d082aa24f35e1b516d23)
Start importing Assets/ModernSupermarket/Models/Props/Products/MeatTray_bbcwdq/Textures/Materials/MeatTray_bbcwdq_Meat.mat using Guid(7b087e12caa5cc84aaee05f691fe9762) Importer(2089858483,0ecaa5967403d082aa24f35e1b516d23) [PhysX] Initialized MultithreadedTaskDispatcher with 16 workers.
 -> (artifact id: '65bc757b219a4f45338140b322998e28') in 0.020976 seconds
Number of updated asset objects reloaded before import = 0
Number of asset objects unloaded after import = 5
========================================================================
Received Import Request.
  Time since last request: 0.000023 seconds.
  path: Assets/ModernSupermarket/Models/Props/Utility/Basket_o52iei/Textures/Basket_o52iei_condiments03_n.png
  artifactKey: Guid(4bb83a29aedb37f45b30528cdde00164) Importer(2089858483,0ecaa5967403d082aa24f35e1b516d23)
Start importing Assets/ModernSupermarket/Models/Props/Utility/Basket_o52iei/Textures/Basket_o52iei_condiments03_n.png using Guid(4bb83a29aedb37f45b30528cdde00164) Importer(2089858483,0ecaa5967403d082aa24f35e1b516d23) [PhysX] Initialized MultithreadedTaskDispatcher with 16 workers.
 -> (artifact id: 'a31fd0db96a0aa1515f7565f367633a1') in 0.024067 seconds
Number of updated asset objects reloaded before import = 0
Number of asset objects unloaded after import = 1
========================================================================
Received Import Request.
  Time since last request: 0.000019 seconds.
  path: Assets/Packages/System.Text.Json.8.0.5/analyzers/dotnet/roslyn4.0/cs/System.Text.Json.SourceGeneration.dll
  artifactKey: Guid(b1d71c996410e8b4aa9cb8a1071628f5) Importer(2089858483,0ecaa5967403d082aa24f35e1b516d23)
Start importing Assets/Packages/System.Text.Json.8.0.5/analyzers/dotnet/roslyn4.0/cs/System.Text.Json.SourceGeneration.dll using Guid(b1d71c996410e8b4aa9cb8a1071628f5) Importer(2089858483,0ecaa5967403d082aa24f35e1b516d23) [PhysX] Initialized MultithreadedTaskDispatcher with 16 workers.
 -> (artifact id: '519761cd0c5c064c6d62f463ffdd3793') in 0.014405 seconds
Number of updated asset objects reloaded before import = 0
Number of asset objects unloaded after import = 1
========================================================================
Received Import Request.
  Time since last request: 0.000032 seconds.
  path: Assets/ModernSupermarket/Models/Props/Utility/Basket_o52iei/Textures/Basket_o52iei_condiments02_h.png
  artifactKey: Guid(5841ccfb7ed3cb04285e579d196629f2) Importer(2089858483,0ecaa5967403d082aa24f35e1b516d23)
Start importing Assets/ModernSupermarket/Models/Props/Utility/Basket_o52iei/Textures/Basket_o52iei_condiments02_h.png using Guid(5841ccfb7ed3cb04285e579d196629f2) Importer(2089858483,0ecaa5967403d082aa24f35e1b516d23) [PhysX] Initialized MultithreadedTaskDispatcher with 16 workers.
 -> (artifact id: 'a210dadd64e99fce52206bd1066ed656') in 0.021010 seconds
Number of updated asset objects reloaded before import = 0
Number of asset objects unloaded after import = 1
========================================================================
Received Import Request.
  Time since last request: 0.000044 seconds.
  path: Assets/Packages/Microsoft.Extensions.Logging.Abstractions.8.0.3/analyzers/dotnet/roslyn4.4/cs/fr/Microsoft.Extensions.Logging.Generators.resources.dll
  artifactKey: Guid(025d2b392c7cea54c94d7c91e7eb7bd6) Importer(2089858483,0ecaa5967403d082aa24f35e1b516d23)
Start importing Assets/Packages/Microsoft.Extensions.Logging.Abstractions.8.0.3/analyzers/dotnet/roslyn4.4/cs/fr/Microsoft.Extensions.Logging.Generators.resources.dll using Guid(025d2b392c7cea54c94d7c91e7eb7bd6) Importer(2089858483,0ecaa5967403d082aa24f35e1b516d23) [PhysX] Initialized MultithreadedTaskDispatcher with 16 workers.
 -> (artifact id: 'fbd717d1565813ce1806b8b63f656c59') in 0.016492 seconds
Number of updated asset objects reloaded before import = 0
Number of asset objects unloaded after import = 1
========================================================================
Received Import Request.
  Time since last request: 0.000024 seconds.
  path: Assets/ModernSupermarket/Models/Props/Products/Shampoo_u15m67/Textures/Materials/Shampoo_u15m67_Bottle.mat
  artifactKey: Guid(547fe159b632f664789693e1a07cccb9) Importer(2089858483,0ecaa5967403d082aa24f35e1b516d23)
Start importing Assets/ModernSupermarket/Models/Props/Products/Shampoo_u15m67/Textures/Materials/Shampoo_u15m67_Bottle.mat using Guid(547fe159b632f664789693e1a07cccb9) Importer(2089858483,0ecaa5967403d082aa24f35e1b516d23) [PhysX] Initialized MultithreadedTaskDispatcher with 16 workers.
 -> (artifact id: '4af7ba2dddf59495ba8783c4476222f6') in 0.029808 seconds
Number of updated asset objects reloaded before import = 0
Number of asset objects unloaded after import = 3
========================================================================
Received Import Request.
  Time since last request: 0.000030 seconds.
  path: Assets/ModernSupermarket/Models/Props/Products/WineBottle_2b6kjh/Textures/Materials/WineBottle_fdde0u.mat
  artifactKey: Guid(9b58ce4e639205c44aebd5e8b0861eba) Importer(2089858483,0ecaa5967403d082aa24f35e1b516d23)
Start importing Assets/ModernSupermarket/Models/Props/Products/WineBottle_2b6kjh/Textures/Materials/WineBottle_fdde0u.mat using Guid(9b58ce4e639205c44aebd5e8b0861eba) Importer(2089858483,0ecaa5967403d082aa24f35e1b516d23) [PhysX] Initialized MultithreadedTaskDispatcher with 16 workers.
 -> (artifact id: 'c1bdeec6dc65d769bed12bfbb2664d9d') in 0.022736 seconds
Number of updated asset objects reloaded before import = 0
Number of asset objects unloaded after import = 3
========================================================================
Received Import Request.
  Time since last request: 0.000024 seconds.
  path: Assets/ModernSupermarket/Models/Props/Utility/Basket_k5jizs/Textures/Basket_k5jizs_mask.png
  artifactKey: Guid(3581a1a5c41b67b4596a812753d6a734) Importer(2089858483,0ecaa5967403d082aa24f35e1b516d23)
Start importing Assets/ModernSupermarket/Models/Props/Utility/Basket_k5jizs/Textures/Basket_k5jizs_mask.png using Guid(3581a1a5c41b67b4596a812753d6a734) Importer(2089858483,0ecaa5967403d082aa24f35e1b516d23) [PhysX] Initialized MultithreadedTaskDispatcher with 16 workers.
 -> (artifact id: 'dd222904bad6a08eba1b2fc14ec6f84d') in 0.024909 seconds
Number of updated asset objects reloaded before import = 0
Number of asset objects unloaded after import = 1
========================================================================
Received Import Request.
  Time since last request: 0.000028 seconds.
  path: Assets/ModernSupermarket/Models/Props/Products/Cleanser_o964qg/Textures/Materials/Cleanser_o964qg_LiquidGreen.mat
  artifactKey: Guid(b37c9cb755642b341bd0821b7d4d5d33) Importer(2089858483,0ecaa5967403d082aa24f35e1b516d23)
Start importing Assets/ModernSupermarket/Models/Props/Products/Cleanser_o964qg/Textures/Materials/Cleanser_o964qg_LiquidGreen.mat using Guid(b37c9cb755642b341bd0821b7d4d5d33) Importer(2089858483,0ecaa5967403d082aa24f35e1b516d23) [PhysX] Initialized MultithreadedTaskDispatcher with 16 workers.
 -> (artifact id: '0783349c48fcb90b8c9315842a48b1ec') in 0.019631 seconds
Number of updated asset objects reloaded before import = 0
Number of asset objects unloaded after import = 1
========================================================================
Received Import Request.
  Time since last request: 0.000030 seconds.
  path: Assets/ModernSupermarket/Models/Props/Products/YoghurtPack_kjd150/Textures/YoghurtPack_rk7lsf_m.png
  artifactKey: Guid(4d269292e28b9f4408869646d08d960d) Importer(2089858483,0ecaa5967403d082aa24f35e1b516d23)
Start importing Assets/ModernSupermarket/Models/Props/Products/YoghurtPack_kjd150/Textures/YoghurtPack_rk7lsf_m.png using Guid(4d269292e28b9f4408869646d08d960d) Importer(2089858483,0ecaa5967403d082aa24f35e1b516d23) [PhysX] Initialized MultithreadedTaskDispatcher with 16 workers.
 -> (artifact id: '826cc2effdcf7e729cf5143e9e3a1c54') in 0.031593 seconds
Number of updated asset objects reloaded before import = 0
Number of asset objects unloaded after import = 1
========================================================================
Received Import Request.
  Time since last request: 0.000037 seconds.
  path: Assets/ModernSupermarket/Models/Props/Products/MeatTray_fbw8xf/Textures/Materials/MeatTray_fbw8xf_Plastic.mat
  artifactKey: Guid(720186307f58e4e409d4a60fd4a62555) Importer(2089858483,0ecaa5967403d082aa24f35e1b516d23)
Start importing Assets/ModernSupermarket/Models/Props/Products/MeatTray_fbw8xf/Textures/Materials/MeatTray_fbw8xf_Plastic.mat using Guid(720186307f58e4e409d4a60fd4a62555) Importer(2089858483,0ecaa5967403d082aa24f35e1b516d23) [PhysX] Initialized MultithreadedTaskDispatcher with 16 workers.
 -> (artifact id: '9f4b35f9f019626a3321c4c9c660aedb') in 0.022131 seconds
Number of updated asset objects reloaded before import = 0
Number of asset objects unloaded after import = 5
========================================================================
Received Import Request.
  Time since last request: 0.000028 seconds.
  path: Assets/ModernSupermarket/Models/Props/Products/Paintings_wmgwnw/Textures/Materials/Paintings_wmgwnw.mat
  artifactKey: Guid(197b449e9a5b7e94391341c543f9b7a2) Importer(2089858483,0ecaa5967403d082aa24f35e1b516d23)
Start importing Assets/ModernSupermarket/Models/Props/Products/Paintings_wmgwnw/Textures/Materials/Paintings_wmgwnw.mat using Guid(197b449e9a5b7e94391341c543f9b7a2) Importer(2089858483,0ecaa5967403d082aa24f35e1b516d23) [PhysX] Initialized MultithreadedTaskDispatcher with 16 workers.
 -> (artifact id: '65aa888c640e113f02a49f4e3e4d376e') in 0.024558 seconds
Number of updated asset objects reloaded before import = 0
Number of asset objects unloaded after import = 5
========================================================================
Received Import Request.
  Time since last request: 0.000019 seconds.
  path: Assets/ModernSupermarket/Models/Props/Products/Cake_a3h87k/Textures/Cake_a3h87k_n.png
  artifactKey: Guid(92e628c114e194049b6cedbb7e721050) Importer(2089858483,0ecaa5967403d082aa24f35e1b516d23)
Start importing Assets/ModernSupermarket/Models/Props/Products/Cake_a3h87k/Textures/Cake_a3h87k_n.png using Guid(92e628c114e194049b6cedbb7e721050) Importer(2089858483,0ecaa5967403d082aa24f35e1b516d23) [PhysX] Initialized MultithreadedTaskDispatcher with 16 workers.
 -> (artifact id: 'bafaa82cdde7586afff853ab3c202ba0') in 0.022975 seconds
Number of updated asset objects reloaded before import = 0
Number of asset objects unloaded after import = 1
========================================================================
Received Import Request.
  Time since last request: 0.000025 seconds.
  path: Assets/ModernSupermarket/Models/Props/Products/EggBox12x_7zw3j2/Textures/EggBox12x_7zw3j2_m.png
  artifactKey: Guid(73373dd592a747949a2d7bec68bc2d94) Importer(2089858483,0ecaa5967403d082aa24f35e1b516d23)
Start importing Assets/ModernSupermarket/Models/Props/Products/EggBox12x_7zw3j2/Textures/EggBox12x_7zw3j2_m.png using Guid(73373dd592a747949a2d7bec68bc2d94) Importer(2089858483,0ecaa5967403d082aa24f35e1b516d23) [PhysX] Initialized MultithreadedTaskDispatcher with 16 workers.
 -> (artifact id: '9dd9f565aa3133ff4c851a709b4a8fd0') in 0.023131 seconds
Number of updated asset objects reloaded before import = 0
Number of asset objects unloaded after import = 1
========================================================================
Received Import Request.
  Time since last request: 0.000045 seconds.
  path: Assets/ModernSupermarket/Models/Props/Products/Decoration_3k4dyn/Textures/Decoration_3k4dyn_o.png
  artifactKey: Guid(d64c51bb37d693a4ba683d62ff15072e) Importer(2089858483,0ecaa5967403d082aa24f35e1b516d23)
Start importing Assets/ModernSupermarket/Models/Props/Products/Decoration_3k4dyn/Textures/Decoration_3k4dyn_o.png using Guid(d64c51bb37d693a4ba683d62ff15072e) Importer(2089858483,0ecaa5967403d082aa24f35e1b516d23) [PhysX] Initialized MultithreadedTaskDispatcher with 16 workers.
 -> (artifact id: '0c2d80e0252f9989a9c645be9ae09ce7') in 0.021118 seconds
Number of updated asset objects reloaded before import = 0
Number of asset objects unloaded after import = 1
========================================================================
Received Import Request.
  Time since last request: 0.000023 seconds.
  path: Assets/ModernSupermarket/Models/Props/Products/Cheese_bn26cq/Textures/Materials/Cheese_bn26cq_Var01_Label.mat
  artifactKey: Guid(dcd707384fd747445acf5a1e08d32599) Importer(2089858483,0ecaa5967403d082aa24f35e1b516d23)
Start importing Assets/ModernSupermarket/Models/Props/Products/Cheese_bn26cq/Textures/Materials/Cheese_bn26cq_Var01_Label.mat using Guid(dcd707384fd747445acf5a1e08d32599) Importer(2089858483,0ecaa5967403d082aa24f35e1b516d23) [PhysX] Initialized MultithreadedTaskDispatcher with 16 workers.
 -> (artifact id: 'a83562b6a43c6a5f3217465f1a9d3b53') in 0.022537 seconds
Number of updated asset objects reloaded before import = 0
Number of asset objects unloaded after import = 5
========================================================================
Received Import Request.
  Time since last request: 0.000031 seconds.
  path: Assets/ModernSupermarket/Models/Props/Products/Soda_f6b9gw/Textures/Materials/Soda_f6b9gw_Var01_Liquid.mat
  artifactKey: Guid(b6293306cb134bf41aeb63e3e09046bb) Importer(2089858483,0ecaa5967403d082aa24f35e1b516d23)
Start importing Assets/ModernSupermarket/Models/Props/Products/Soda_f6b9gw/Textures/Materials/Soda_f6b9gw_Var01_Liquid.mat using Guid(b6293306cb134bf41aeb63e3e09046bb) Importer(2089858483,0ecaa5967403d082aa24f35e1b516d23) [PhysX] Initialized MultithreadedTaskDispatcher with 16 workers.
 -> (artifact id: '5e916defdf83d219bba348914e0bcffd') in 0.019104 seconds
Number of updated asset objects reloaded before import = 0
Number of asset objects unloaded after import = 1
========================================================================
Received Import Request.
  Time since last request: 0.000288 seconds.
  path: Assets/ModernSupermarket/Models/Props/Products/FrozenPack_t7wenh/Textures/Materials/FrozenPack_t7wenh_Var05.mat
  artifactKey: Guid(a6b78d792ab54b044b50ca479c502b88) Importer(2089858483,0ecaa5967403d082aa24f35e1b516d23)
Start importing Assets/ModernSupermarket/Models/Props/Products/FrozenPack_t7wenh/Textures/Materials/FrozenPack_t7wenh_Var05.mat using Guid(a6b78d792ab54b044b50ca479c502b88) Importer(2089858483,0ecaa5967403d082aa24f35e1b516d23) [PhysX] Initialized MultithreadedTaskDispatcher with 16 workers.
 -> (artifact id: 'd0eb22c10fe82710dd44deb0425ce214') in 0.018289 seconds
Number of updated asset objects reloaded before import = 0
Number of asset objects unloaded after import = 2
========================================================================
Received Import Request.
  Time since last request: 0.000024 seconds.
  path: Assets/ModernSupermarket/Models/Props/Produce/Carrot_i2roww/Textures/Carrot_i2roww_o.png
  artifactKey: Guid(b95c45a2f1893104f87c4a37933acb5f) Importer(2089858483,0ecaa5967403d082aa24f35e1b516d23)
Start importing Assets/ModernSupermarket/Models/Props/Produce/Carrot_i2roww/Textures/Carrot_i2roww_o.png using Guid(b95c45a2f1893104f87c4a37933acb5f) Importer(2089858483,0ecaa5967403d082aa24f35e1b516d23) [PhysX] Initialized MultithreadedTaskDispatcher with 16 workers.
 -> (artifact id: 'ad3ca8e8017a9e0f912184b5543c6a42') in 0.022739 seconds
Number of updated asset objects reloaded before import = 0
Number of asset objects unloaded after import = 1
========================================================================
Received Import Request.
  Time since last request: 0.000023 seconds.
  path: Assets/ModernSupermarket/Textures/Surfaces/Concrete_nlqhws/Materials/Concrete_nlqhws_a.mat
  artifactKey: Guid(6bed3d6ed2473a143994d6c90a33bbeb) Importer(2089858483,0ecaa5967403d082aa24f35e1b516d23)
Start importing Assets/ModernSupermarket/Textures/Surfaces/Concrete_nlqhws/Materials/Concrete_nlqhws_a.mat using Guid(6bed3d6ed2473a143994d6c90a33bbeb) Importer(2089858483,0ecaa5967403d082aa24f35e1b516d23) [PhysX] Initialized MultithreadedTaskDispatcher with 16 workers.
 -> (artifact id: '52a72a6e6d4f3390a2a44701f44dd378') in 0.022414 seconds
Number of updated asset objects reloaded before import = 0
Number of asset objects unloaded after import = 4
========================================================================
Received Import Request.
  Time since last request: 0.000027 seconds.
  path: Assets/ModernSupermarket/Models/Props/Products/ToiletPaper_tunz3i/ToiletPaper_tunz3i.fbx
  artifactKey: Guid(ded3a99a54e13334c973624828abdc78) Importer(2089858483,0ecaa5967403d082aa24f35e1b516d23)
Start importing Assets/ModernSupermarket/Models/Props/Products/ToiletPaper_tunz3i/ToiletPaper_tunz3i.fbx using Guid(ded3a99a54e13334c973624828abdc78) Importer(2089858483,0ecaa5967403d082aa24f35e1b516d23) [PhysX] Initialized MultithreadedTaskDispatcher with 16 workers.
 -> (artifact id: '45f594e6a180aad67a4ba9db33d7ba2d') in 0.024465 seconds
Number of updated asset objects reloaded before import = 0
Number of asset objects unloaded after import = 7
========================================================================
Received Import Request.
  Time since last request: 0.000025 seconds.
  path: Assets/ModernSupermarket/Models/Props/Products/SweetJar_lpbii4/SweetJar_lpbii4_Pack01.fbx
  artifactKey: Guid(f514b8b42e42a6548b5aceaeab3c2b87) Importer(2089858483,0ecaa5967403d082aa24f35e1b516d23)
Start importing Assets/ModernSupermarket/Models/Props/Products/SweetJar_lpbii4/SweetJar_lpbii4_Pack01.fbx using Guid(f514b8b42e42a6548b5aceaeab3c2b87) Importer(2089858483,0ecaa5967403d082aa24f35e1b516d23) [PhysX] Initialized MultithreadedTaskDispatcher with 16 workers.
 -> (artifact id: 'b2d19ed9b874cf21bc7515ec6bfb8222') in 0.023651 seconds
Number of updated asset objects reloaded before import = 0
Number of asset objects unloaded after import = 7
========================================================================
Received Import Request.
  Time since last request: 0.000021 seconds.
  path: Assets/ModernSupermarket/Models/Props/Utility/Crate_3m39yz/Textures/Materials/Crate_3m39yzVar01.mat
  artifactKey: Guid(cf83c20c70aec81409d3ffb788543548) Importer(2089858483,0ecaa5967403d082aa24f35e1b516d23)
Start importing Assets/ModernSupermarket/Models/Props/Utility/Crate_3m39yz/Textures/Materials/Crate_3m39yzVar01.mat using Guid(cf83c20c70aec81409d3ffb788543548) Importer(2089858483,0ecaa5967403d082aa24f35e1b516d23) [PhysX] Initialized MultithreadedTaskDispatcher with 16 workers.
 -> (artifact id: 'bedace2d740e7cd8e9a8e228b6636ba9') in 0.019561 seconds
Number of updated asset objects reloaded before import = 0
Number of asset objects unloaded after import = 5
========================================================================
Received Import Request.
  Time since last request: 0.000025 seconds.
  path: Assets/Packages/System.Text.Json.8.0.5/analyzers/dotnet/roslyn3.11/cs/cs/System.Text.Json.SourceGeneration.resources.dll
  artifactKey: Guid(40f0bfd674bd62c45be3a0415cb1da55) Importer(2089858483,0ecaa5967403d082aa24f35e1b516d23)
Start importing Assets/Packages/System.Text.Json.8.0.5/analyzers/dotnet/roslyn3.11/cs/cs/System.Text.Json.SourceGeneration.resources.dll using Guid(40f0bfd674bd62c45be3a0415cb1da55) Importer(2089858483,0ecaa5967403d082aa24f35e1b516d23) [PhysX] Initialized MultithreadedTaskDispatcher with 16 workers.
 -> (artifact id: '4b42bbb697a19d714b17902892204f55') in 0.017048 seconds
Number of updated asset objects reloaded before import = 0
Number of asset objects unloaded after import = 1
========================================================================
Received Import Request.
  Time since last request: 0.000035 seconds.
  path: Assets/ModernSupermarket/Models/Props/Products/MilkBrick_e8foxc/Textures/Materials/MilkBrick_e8foxc.mat
  artifactKey: Guid(1d7df06d219c66f499effc29a6e72ab7) Importer(2089858483,0ecaa5967403d082aa24f35e1b516d23)
Start importing Assets/ModernSupermarket/Models/Props/Products/MilkBrick_e8foxc/Textures/Materials/MilkBrick_e8foxc.mat using Guid(1d7df06d219c66f499effc29a6e72ab7) Importer(2089858483,0ecaa5967403d082aa24f35e1b516d23) [PhysX] Initialized MultithreadedTaskDispatcher with 16 workers.
 -> (artifact id: '0d44fd0f9164aadfc62b3a2b48983d52') in 0.023674 seconds
Number of updated asset objects reloaded before import = 0
Number of asset objects unloaded after import = 5
========================================================================
Received Import Request.
  Time since last request: 0.000029 seconds.
  path: Assets/ModernSupermarket/Models/Props/Products/Rooflight_9ecem1/Textures/Materials/Rooflight_9ecem1.mat
  artifactKey: Guid(e472a6e89e7e0e14393af07a53ce2625) Importer(2089858483,0ecaa5967403d082aa24f35e1b516d23)
Start importing Assets/ModernSupermarket/Models/Props/Products/Rooflight_9ecem1/Textures/Materials/Rooflight_9ecem1.mat using Guid(e472a6e89e7e0e14393af07a53ce2625) Importer(2089858483,0ecaa5967403d082aa24f35e1b516d23) [PhysX] Initialized MultithreadedTaskDispatcher with 16 workers.
 -> (artifact id: '02d2c259846c02e2b164ddc0d0c3f39c') in 0.022976 seconds
Number of updated asset objects reloaded before import = 0
Number of asset objects unloaded after import = 6
========================================================================
Received Import Request.
  Time since last request: 0.000065 seconds.
  path: Assets/ModernSupermarket/Models/Props/Utility/Camera_9m4m3y/Camera_9m4m3y.fbx
  artifactKey: Guid(e2539c7f71f580d438bfcec540b7918b) Importer(2089858483,0ecaa5967403d082aa24f35e1b516d23)
Start importing Assets/ModernSupermarket/Models/Props/Utility/Camera_9m4m3y/Camera_9m4m3y.fbx using Guid(e2539c7f71f580d438bfcec540b7918b) Importer(2089858483,0ecaa5967403d082aa24f35e1b516d23) [PhysX] Initialized MultithreadedTaskDispatcher with 16 workers.
 -> (artifact id: '48f3d1c26dea2d7130c8d1cbd9d7ce94') in 0.021996 seconds
Number of updated asset objects reloaded before import = 0
Number of asset objects unloaded after import = 7
========================================================================
Received Import Request.
  Time since last request: 0.000029 seconds.
  path: Assets/ModernSupermarket/Models/Props/Products/Soap_eegrv7/Soap_eegrv7.fbx
  artifactKey: Guid(c300e9a1b8ef9b34e9a5711840880b68) Importer(2089858483,0ecaa5967403d082aa24f35e1b516d23)
Start importing Assets/ModernSupermarket/Models/Props/Products/Soap_eegrv7/Soap_eegrv7.fbx using Guid(c300e9a1b8ef9b34e9a5711840880b68) Importer(2089858483,0ecaa5967403d082aa24f35e1b516d23) [PhysX] Initialized MultithreadedTaskDispatcher with 16 workers.
 -> (artifact id: 'baf924eb2c56d62b631d18c74455af3b') in 0.023786 seconds
Number of updated asset objects reloaded before import = 0
Number of asset objects unloaded after import = 7
========================================================================
Received Prepare
Caller must complete domain reload
Begin MonoManager ReloadAssembly
- Loaded All Assemblies, in  0.604 seconds
Native extension for WindowsStandalone target not found
Mono: successfully reloaded assembly
- Finished resetting the current domain, in  0.977 seconds
Domain Reload Profiling: 1580ms
	BeginReloadAssembly (127ms)
		ExecutionOrderSort (0ms)
		DisableScriptedObjects (4ms)
		BackupInstance (0ms)
		ReleaseScriptingObjects (0ms)
		CreateAndSetChildDomain (36ms)
	RebuildCommonClasses (23ms)
	RebuildNativeTypeToScriptingClass (8ms)
	initialDomainReloadingComplete (37ms)
	LoadAllAssembliesAndSetupDomain (408ms)
		LoadAssemblies (460ms)
		RebuildTransferFunctionScriptingTraits (0ms)
		AnalyzeDomain (12ms)
			TypeCache.Refresh (5ms)
				TypeCache.ScanAssembly (0ms)
			ScanForSourceGeneratedMonoScriptInfo (0ms)
			ResolveRequiredComponents (5ms)
	FinalizeReload (977ms)
		ReleaseScriptCaches (0ms)
		RebuildScriptCaches (0ms)
		SetupLoadedEditorAssemblies (459ms)
			LogAssemblyErrors (0ms)
			InitializePlatformSupportModulesInManaged (5ms)
			SetLoadedEditorAssemblies (4ms)
			RefreshPlugins (0ms)
			BeforeProcessingInitializeOnLoad (58ms)
			ProcessInitializeOnLoadAttributes (371ms)
			ProcessInitializeOnLoadMethodAttributes (20ms)
			AfterProcessingInitializeOnLoad (2ms)
			EditorAssembliesLoaded (0ms)
		ExecutionOrderSort2 (0ms)
		AwakeInstancesAfterBackupRestoration (6ms)
Refreshing native plugins compatible for Editor in 71.67 ms, found 8 plugins.
Preloading 0 native plugins for Editor in 0.00 ms.
Unloading 3237 Unused Serialized files (Serialized files now loaded: 0)
Unloading 27 unused Assets / (35.5 KB). Loaded Objects now: 3804.
Memory consumption went from 130.2 MB to 130.1 MB.
Total: 10.073900 ms (FindLiveObjects: 0.503500 ms CreateObjectMapping: 0.180900 ms MarkObjects: 9.307800 ms  DeleteObjects: 0.080200 ms)

Prepare: number of updated asset objects reloaded= 0
AssetImportParameters requested are different than current active one (requested -> active):
  custom:container-demuxer-ogg: 62fdf1f143b41e24485cea50d1cbac27 -> 
  custom:scripting/monoscript/fileName/ItemInteraction.cs: c43c7923e53ececd65d6ae444b350843 -> 
  custom:video-codec-MediaFoundation-h265: 746d11721c4dcdbdad8f713fa42b33f4 -> 
  custom:scripting/monoscript/fileName/FreeCamera1.cs: cfa08fe9b0fdfec479ed24ebb8964fa3 -> 
  custom:video-decoder-ogg-theora: a1e56fd34408186e4bbccfd4996cb3dc -> 
  custom:framework-win-MediaFoundation: 216162199b28c13a410421893ffa2e32 -> 
  custom:CustomObjectIndexerAttribute: 9a22284fe3817be447336de3de66b15e -> 
  custom:container-demuxer-webm: 4f35f7cbe854078d1ac9338744f61a02 -> 
  custom:container-muxer-webm: aa71ff27fc2769a1b78a27578f13a17b -> 
  custom:video-decoder-webm-vp8: 9c59270c3fd7afecdb556c50c9e8de78 -> 
  custom:scripting/monoscript/fileName/ItemData.cs: aa443fe117f868e3be9d7f6bf5865156 -> 
  custom:SearchIndexIgnoredProperties: e643bd26f0fe6173181afceb89e7c659 -> 
  custom:AudioImporter_EditorPlatform: d09bf68614088b80899f8185d706f6e7 -> 
  custom:scripting/monoscript/fileName/ShoppingCart.cs: 9539a68b93869ca6a7ecd2a09b239278 -> 
  custom:scripting/monoscript/fileName/FreeCart.cs: cfa08fe9b0fdfec479ed24ebb8964fa3 -> 
  custom:video-encoder-webm-vp8: eb34c28f22e8b96e1ab97ce403110664 -> 
  custom:audio-decoder-ogg-vorbis: bf7c407c2cedff20999df2af8eb42d56 -> 
  custom:audio-encoder-webm-vorbis: bf7c407c2cedff20999df2af8eb42d56 -> 
  custom:scripting/precompiled-assembly-types:Assembly-CSharp: 60e752f8c83319b63a1f7074c5c925e6 -> b9946b9e6a1130ba1b93d6fbada57407
========================================================================
Received Prepare
Caller must complete domain reload
Begin MonoManager ReloadAssembly
- Loaded All Assemblies, in  0.584 seconds
Native extension for WindowsStandalone target not found
Mono: successfully reloaded assembly
- Finished resetting the current domain, in  0.814 seconds
Domain Reload Profiling: 1398ms
	BeginReloadAssembly (117ms)
		ExecutionOrderSort (0ms)
		DisableScriptedObjects (4ms)
		BackupInstance (0ms)
		ReleaseScriptingObjects (0ms)
		CreateAndSetChildDomain (28ms)
	RebuildCommonClasses (25ms)
	RebuildNativeTypeToScriptingClass (8ms)
	initialDomainReloadingComplete (99ms)
	LoadAllAssembliesAndSetupDomain (335ms)
		LoadAssemblies (385ms)
		RebuildTransferFunctionScriptingTraits (0ms)
		AnalyzeDomain (11ms)
			TypeCache.Refresh (5ms)
				TypeCache.ScanAssembly (0ms)
			ScanForSourceGeneratedMonoScriptInfo (0ms)
			ResolveRequiredComponents (4ms)
	FinalizeReload (814ms)
		ReleaseScriptCaches (0ms)
		RebuildScriptCaches (0ms)
		SetupLoadedEditorAssemblies (451ms)
			LogAssemblyErrors (0ms)
			InitializePlatformSupportModulesInManaged (4ms)
			SetLoadedEditorAssemblies (3ms)
			RefreshPlugins (0ms)
			BeforeProcessingInitializeOnLoad (45ms)
			ProcessInitializeOnLoadAttributes (378ms)
			ProcessInitializeOnLoadMethodAttributes (19ms)
			AfterProcessingInitializeOnLoad (2ms)
			EditorAssembliesLoaded (0ms)
		ExecutionOrderSort2 (0ms)
		AwakeInstancesAfterBackupRestoration (7ms)
Refreshing native plugins compatible for Editor in 61.40 ms, found 8 plugins.
Preloading 0 native plugins for Editor in 0.00 ms.
Unloading 3238 Unused Serialized files (Serialized files now loaded: 0)
Unloading 27 unused Assets / (35.5 KB). Loaded Objects now: 3807.
Memory consumption went from 130.4 MB to 130.4 MB.
Total: 5.230500 ms (FindLiveObjects: 0.532700 ms CreateObjectMapping: 0.582100 ms MarkObjects: 4.037200 ms  DeleteObjects: 0.076800 ms)

Prepare: number of updated asset objects reloaded= 0
AssetImportParameters requested are different than current active one (requested -> active):
  custom:container-demuxer-ogg: 62fdf1f143b41e24485cea50d1cbac27 -> 
  custom:scripting/monoscript/fileName/ItemInteraction.cs: c43c7923e53ececd65d6ae444b350843 -> 
  custom:video-codec-MediaFoundation-h265: 746d11721c4dcdbdad8f713fa42b33f4 -> 
  custom:scripting/monoscript/fileName/FreeCamera1.cs: cfa08fe9b0fdfec479ed24ebb8964fa3 -> 
  custom:video-decoder-ogg-theora: a1e56fd34408186e4bbccfd4996cb3dc -> 
  custom:framework-win-MediaFoundation: 216162199b28c13a410421893ffa2e32 -> 
  custom:CustomObjectIndexerAttribute: 9a22284fe3817be447336de3de66b15e -> 
  custom:container-demuxer-webm: 4f35f7cbe854078d1ac9338744f61a02 -> 
  custom:container-muxer-webm: aa71ff27fc2769a1b78a27578f13a17b -> 
  custom:video-decoder-webm-vp8: 9c59270c3fd7afecdb556c50c9e8de78 -> 
  custom:scripting/monoscript/fileName/ItemData.cs: aa443fe117f868e3be9d7f6bf5865156 -> 
  custom:SearchIndexIgnoredProperties: e643bd26f0fe6173181afceb89e7c659 -> 
  custom:AudioImporter_EditorPlatform: d09bf68614088b80899f8185d706f6e7 -> 
  custom:scripting/monoscript/fileName/ShoppingCart.cs: 9539a68b93869ca6a7ecd2a09b239278 -> 
  custom:scripting/monoscript/fileName/FreeCart.cs: cfa08fe9b0fdfec479ed24ebb8964fa3 -> 
  custom:video-encoder-webm-vp8: eb34c28f22e8b96e1ab97ce403110664 -> 
  custom:audio-decoder-ogg-vorbis: bf7c407c2cedff20999df2af8eb42d56 -> 
  custom:audio-encoder-webm-vorbis: bf7c407c2cedff20999df2af8eb42d56 -> 
  custom:scripting/precompiled-assembly-types:Assembly-CSharp: 60e752f8c83319b63a1f7074c5c925e6 -> b9946b9e6a1130ba1b93d6fbada57407
Editor requested this worker to shutdown with reason: Scaling down because of idle timeout
TcpMessagingSession - receive error: operation aborted. errorcode: 995, details: 由于线程退出或应用程序请求，已中止 I/O 操作。
AssetImportWorker is now disconnected from the server
Process exiting
Exiting without the bug reporter. Application will terminate with return code 0