Using pre-set license
Built from '2022.3/china_unity/release' branch; Version is '2022.3.52f1c1 (f5e26ee28457) revision 16114286'; Using compiler version '192829333'; Build Type 'Release'
OS: 'Windows 11  (10.0.26100) 64bit Professional' Language: 'zh' Physical Memory: 31890 MB
BatchMode: 1, IsHumanControllingUs: 0, StartBugReporterOnCrash: 0, Is64bit: 1, IsPro: 1

COMMAND LINE ARGUMENTS:
C:\Program Files\Unity\Hub\Editor\2022.3.52f1c1\Editor\Unity.exe
-adb2
-batchMode
-noUpm
-name
AssetImportWorker3
-projectPath
C:/Users/24311/MT-Final-Project
-logFile
Logs/AssetImportWorker3.log
-srvPort
6418
Successfully changed project path to: C:/Users/24311/MT-Final-Project
C:/Users/24311/MT-Final-Project
[UnityMemory] Configuration Parameters - Can be set up in boot.config
    "memorysetup-bucket-allocator-granularity=16"
    "memorysetup-bucket-allocator-bucket-count=8"
    "memorysetup-bucket-allocator-block-size=33554432"
    "memorysetup-bucket-allocator-block-count=8"
    "memorysetup-main-allocator-block-size=16777216"
    "memorysetup-thread-allocator-block-size=16777216"
    "memorysetup-gfx-main-allocator-block-size=16777216"
    "memorysetup-gfx-thread-allocator-block-size=16777216"
    "memorysetup-cache-allocator-block-size=4194304"
    "memorysetup-typetree-allocator-block-size=2097152"
    "memorysetup-profiler-bucket-allocator-granularity=16"
    "memorysetup-profiler-bucket-allocator-bucket-count=8"
    "memorysetup-profiler-bucket-allocator-block-size=33554432"
    "memorysetup-profiler-bucket-allocator-block-count=8"
    "memorysetup-profiler-allocator-block-size=16777216"
    "memorysetup-profiler-editor-allocator-block-size=1048576"
    "memorysetup-temp-allocator-size-main=16777216"
    "memorysetup-job-temp-allocator-block-size=2097152"
    "memorysetup-job-temp-allocator-block-size-background=1048576"
    "memorysetup-job-temp-allocator-reduction-small-platforms=262144"
    "memorysetup-allocator-temp-initial-block-size-main=262144"
    "memorysetup-allocator-temp-initial-block-size-worker=262144"
    "memorysetup-temp-allocator-size-background-worker=32768"
    "memorysetup-temp-allocator-size-job-worker=262144"
    "memorysetup-temp-allocator-size-preload-manager=33554432"
    "memorysetup-temp-allocator-size-nav-mesh-worker=65536"
    "memorysetup-temp-allocator-size-audio-worker=65536"
    "memorysetup-temp-allocator-size-cloud-worker=32768"
    "memorysetup-temp-allocator-size-gi-baking-worker=262144"
    "memorysetup-temp-allocator-size-gfx=262144"
Player connection [45692]  Target information:

Player connection [45692]  * "[IP] 192.168.1.61 [Port] 0 [Flags] 2 [Guid] 3558741774 [EditorId] 3558741774 [Version] 1048832 [Id] WindowsEditor(7,WellHu) [Debug] 1 [PackageName] WindowsEditor [ProjectName] Editor" 

Player connection [45692] Host joined multi-casting on [225.0.0.222:54997]...
Player connection [45692] Host joined alternative multi-casting on [225.0.0.222:34997]...
[PhysX] Initialized MultithreadedTaskDispatcher with 16 workers.
Refreshing native plugins compatible for Editor in 13.51 ms, found 3 plugins.
Preloading 0 native plugins for Editor in 0.00 ms.
Initialize engine version: 2022.3.52f1c1 (f5e26ee28457)
[Subsystems] Discovering subsystems at path C:/Program Files/Unity/Hub/Editor/2022.3.52f1c1/Editor/Data/Resources/UnitySubsystems
[Subsystems] Discovering subsystems at path C:/Users/24311/MT-Final-Project/Assets
GfxDevice: creating device client; threaded=0; jobified=0
Direct3D:
    Version:  Direct3D 11.0 [level 11.1]
    Renderer: NVIDIA GeForce RTX 4070 SUPER (ID=0x2783)
    Vendor:   NVIDIA
    VRAM:     11999 MB
    Driver:   32.0.15.6094
Initialize mono
Mono path[0] = 'C:/Program Files/Unity/Hub/Editor/2022.3.52f1c1/Editor/Data/Managed'
Mono path[1] = 'C:/Program Files/Unity/Hub/Editor/2022.3.52f1c1/Editor/Data/MonoBleedingEdge/lib/mono/unityjit-win32'
Mono config path = 'C:/Program Files/Unity/Hub/Editor/2022.3.52f1c1/Editor/Data/MonoBleedingEdge/etc'
Using monoOptions --debugger-agent=transport=dt_socket,embedding=1,server=y,suspend=n,address=127.0.0.1:56840
Begin MonoManager ReloadAssembly
Registering precompiled unity dll's ...
Register platform support module: C:/Program Files/Unity/Hub/Editor/2022.3.52f1c1/Editor/Data/PlaybackEngines/WebGLSupport/UnityEditor.WebGL.Extensions.dll
Register platform support module: C:/Program Files/Unity/Hub/Editor/2022.3.52f1c1/Editor/Data/PlaybackEngines/WindowsStandaloneSupport/UnityEditor.WindowsStandalone.Extensions.dll
Registered in 0.008846 seconds.
- Loaded All Assemblies, in  0.194 seconds
Native extension for WindowsStandalone target not found
Native extension for WebGL target not found
Mono: successfully reloaded assembly
- Finished resetting the current domain, in  0.130 seconds
Domain Reload Profiling: 322ms
	BeginReloadAssembly (59ms)
		ExecutionOrderSort (0ms)
		DisableScriptedObjects (0ms)
		BackupInstance (0ms)
		ReleaseScriptingObjects (0ms)
		CreateAndSetChildDomain (0ms)
	RebuildCommonClasses (18ms)
	RebuildNativeTypeToScriptingClass (5ms)
	initialDomainReloadingComplete (38ms)
	LoadAllAssembliesAndSetupDomain (72ms)
		LoadAssemblies (56ms)
		RebuildTransferFunctionScriptingTraits (0ms)
		AnalyzeDomain (71ms)
			TypeCache.Refresh (70ms)
				TypeCache.ScanAssembly (63ms)
			ScanForSourceGeneratedMonoScriptInfo (0ms)
			ResolveRequiredComponents (0ms)
	FinalizeReload (130ms)
		ReleaseScriptCaches (0ms)
		RebuildScriptCaches (0ms)
		SetupLoadedEditorAssemblies (107ms)
			LogAssemblyErrors (0ms)
			InitializePlatformSupportModulesInManaged (6ms)
			SetLoadedEditorAssemblies (3ms)
			RefreshPlugins (0ms)
			BeforeProcessingInitializeOnLoad (1ms)
			ProcessInitializeOnLoadAttributes (72ms)
			ProcessInitializeOnLoadMethodAttributes (25ms)
			AfterProcessingInitializeOnLoad (0ms)
			EditorAssembliesLoaded (0ms)
		ExecutionOrderSort2 (0ms)
		AwakeInstancesAfterBackupRestoration (0ms)
========================================================================
Worker process is ready to serve import requests
Caller must complete domain reload
Begin MonoManager ReloadAssembly
- Loaded All Assemblies, in  0.366 seconds
Native extension for WindowsStandalone target not found
Native extension for WebGL target not found
Mono: successfully reloaded assembly
- Finished resetting the current domain, in  0.291 seconds
Domain Reload Profiling: 654ms
	BeginReloadAssembly (111ms)
		ExecutionOrderSort (0ms)
		DisableScriptedObjects (4ms)
		BackupInstance (0ms)
		ReleaseScriptingObjects (0ms)
		CreateAndSetChildDomain (19ms)
	RebuildCommonClasses (17ms)
	RebuildNativeTypeToScriptingClass (5ms)
	initialDomainReloadingComplete (24ms)
	LoadAllAssembliesAndSetupDomain (206ms)
		LoadAssemblies (174ms)
		RebuildTransferFunctionScriptingTraits (0ms)
		AnalyzeDomain (91ms)
			TypeCache.Refresh (82ms)
				TypeCache.ScanAssembly (74ms)
			ScanForSourceGeneratedMonoScriptInfo (7ms)
			ResolveRequiredComponents (2ms)
	FinalizeReload (291ms)
		ReleaseScriptCaches (0ms)
		RebuildScriptCaches (0ms)
		SetupLoadedEditorAssemblies (223ms)
			LogAssemblyErrors (0ms)
			InitializePlatformSupportModulesInManaged (4ms)
			SetLoadedEditorAssemblies (3ms)
			RefreshPlugins (0ms)
			BeforeProcessingInitializeOnLoad (33ms)
			ProcessInitializeOnLoadAttributes (165ms)
			ProcessInitializeOnLoadMethodAttributes (12ms)
			AfterProcessingInitializeOnLoad (6ms)
			EditorAssembliesLoaded (0ms)
		ExecutionOrderSort2 (0ms)
		AwakeInstancesAfterBackupRestoration (6ms)
Launched and connected shader compiler UnityShaderCompiler.exe after 0.04 seconds
Refreshing native plugins compatible for Editor in 2.72 ms, found 3 plugins.
Preloading 0 native plugins for Editor in 0.00 ms.
Unloading 3181 Unused Serialized files (Serialized files now loaded: 0)
Unloading 19 unused Assets / (55.1 KB). Loaded Objects now: 3651.
Memory consumption went from 129.4 MB to 129.4 MB.
Total: 1.752200 ms (FindLiveObjects: 0.143300 ms CreateObjectMapping: 0.034400 ms MarkObjects: 1.499600 ms  DeleteObjects: 0.074200 ms)

AssetImportParameters requested are different than current active one (requested -> active):
  custom:container-demuxer-ogg: 62fdf1f143b41e24485cea50d1cbac27 -> 
  custom:video-codec-MediaFoundation-h265: 746d11721c4dcdbdad8f713fa42b33f4 -> 
  custom:video-decoder-ogg-theora: a1e56fd34408186e4bbccfd4996cb3dc -> 
  custom:framework-win-MediaFoundation: 216162199b28c13a410421893ffa2e32 -> 
  custom:CustomObjectIndexerAttribute: 9a22284fe3817be447336de3de66b15e -> 
  custom:container-demuxer-webm: 4f35f7cbe854078d1ac9338744f61a02 -> 
  custom:container-muxer-webm: aa71ff27fc2769a1b78a27578f13a17b -> 
  custom:video-decoder-webm-vp8: 9c59270c3fd7afecdb556c50c9e8de78 -> 
  custom:SearchIndexIgnoredProperties: e643bd26f0fe6173181afceb89e7c659 -> 
  custom:AudioImporter_EditorPlatform: d09bf68614088b80899f8185d706f6e7 -> 
  custom:video-encoder-webm-vp8: eb34c28f22e8b96e1ab97ce403110664 -> 
  custom:audio-decoder-ogg-vorbis: bf7c407c2cedff20999df2af8eb42d56 -> 
  custom:audio-encoder-webm-vorbis: bf7c407c2cedff20999df2af8eb42d56 -> 
========================================================================
Received Import Request.
  Time since last request: 243668.343924 seconds.
  path: Assets/TextMesh Pro/Examples & Extras/Scripts/TMP_DigitValidator.cs
  artifactKey: Guid(1a7eb92a01ed499a987bde9def05fbce) Importer(2089858483,0ecaa5967403d082aa24f35e1b516d23)
Start importing Assets/TextMesh Pro/Examples & Extras/Scripts/TMP_DigitValidator.cs using Guid(1a7eb92a01ed499a987bde9def05fbce) Importer(2089858483,0ecaa5967403d082aa24f35e1b516d23) [PhysX] Initialized MultithreadedTaskDispatcher with 16 workers.
 -> (artifact id: 'b598379e900059725cd3f5336462f757') in 0.063867 seconds
Number of updated asset objects reloaded before import = 0
Number of asset objects unloaded after import = 1
========================================================================
Received Import Request.
  Time since last request: 0.000023 seconds.
  path: Assets/ModernSupermarket/Models/Architecture/Textures/Vents_a.png
  artifactKey: Guid(48a9d83419bea144189dfb33d7c1199a) Importer(2089858483,0ecaa5967403d082aa24f35e1b516d23)
Start importing Assets/ModernSupermarket/Models/Architecture/Textures/Vents_a.png using Guid(48a9d83419bea144189dfb33d7c1199a) Importer(2089858483,0ecaa5967403d082aa24f35e1b516d23) [PhysX] Initialized MultithreadedTaskDispatcher with 16 workers.
 -> (artifact id: '167752ef209a04ac245e768bc9247c2d') in 0.045609 seconds
Number of updated asset objects reloaded before import = 0
Number of asset objects unloaded after import = 1
========================================================================
Received Import Request.
  Time since last request: 0.000031 seconds.
  path: Assets/TextMesh Pro/Examples & Extras/Textures/Small Crate_normal.jpg
  artifactKey: Guid(8878a782f4334ecbbcf683b3ac780966) Importer(2089858483,0ecaa5967403d082aa24f35e1b516d23)
Start importing Assets/TextMesh Pro/Examples & Extras/Textures/Small Crate_normal.jpg using Guid(8878a782f4334ecbbcf683b3ac780966) Importer(2089858483,0ecaa5967403d082aa24f35e1b516d23) [PhysX] Initialized MultithreadedTaskDispatcher with 16 workers.
 -> (artifact id: '244ae67f8dd185f84ef49c27741a20de') in 0.014177 seconds
Number of updated asset objects reloaded before import = 0
Number of asset objects unloaded after import = 1
========================================================================
Received Import Request.
  Time since last request: 0.000017 seconds.
  path: Assets/ModernSupermarket/Prefabs/Props/Produce/Banana_zjs4oz_Pack01.prefab
  artifactKey: Guid(c37679b2451cdf14da291a14a56658da) Importer(2089858483,0ecaa5967403d082aa24f35e1b516d23)
Start importing Assets/ModernSupermarket/Prefabs/Props/Produce/Banana_zjs4oz_Pack01.prefab using Guid(c37679b2451cdf14da291a14a56658da) Importer(2089858483,0ecaa5967403d082aa24f35e1b516d23) [PhysX] Initialized MultithreadedTaskDispatcher with 16 workers.
 -> (artifact id: 'bf5cb7218a6da2bdc28598886b842899') in 0.028309 seconds
Number of updated asset objects reloaded before import = 0
Number of asset objects unloaded after import = 8
========================================================================
Received Import Request.
  Time since last request: 0.000020 seconds.
  path: Assets/ModernSupermarket/Prefabs/Props/Produce/Kiwi_leh3t9_Crate.prefab
  artifactKey: Guid(07167e30196b4bc4eb96f8583071d491) Importer(2089858483,0ecaa5967403d082aa24f35e1b516d23)
Start importing Assets/ModernSupermarket/Prefabs/Props/Produce/Kiwi_leh3t9_Crate.prefab using Guid(07167e30196b4bc4eb96f8583071d491) Importer(2089858483,0ecaa5967403d082aa24f35e1b516d23) [PhysX] Initialized MultithreadedTaskDispatcher with 16 workers.
 -> (artifact id: '082962823ec31f7863a157ae07d18ec4') in 0.007749 seconds
Number of updated asset objects reloaded before import = 0
Number of asset objects unloaded after import = 16
========================================================================
Received Import Request.
  Time since last request: 0.000014 seconds.
  path: Assets/TextMesh Pro/Examples & Extras/Textures/Wipe Pattern - Diagonal.psd
  artifactKey: Guid(ed5290d8df18488780e2996b9b882f01) Importer(2089858483,0ecaa5967403d082aa24f35e1b516d23)
Start importing Assets/TextMesh Pro/Examples & Extras/Textures/Wipe Pattern - Diagonal.psd using Guid(ed5290d8df18488780e2996b9b882f01) Importer(2089858483,0ecaa5967403d082aa24f35e1b516d23) [PhysX] Initialized MultithreadedTaskDispatcher with 16 workers.
 -> (artifact id: '20dbe5c49288b9e84610b81eb4c0dcac') in 0.015468 seconds
Number of updated asset objects reloaded before import = 0
Number of asset objects unloaded after import = 1
========================================================================
Received Import Request.
  Time since last request: 0.000019 seconds.
  path: Assets/TextMesh Pro/Examples & Extras/Scripts/TMP_TextEventCheck.cs
  artifactKey: Guid(d736ce056cf444ca96e424f4d9c42b76) Importer(2089858483,0ecaa5967403d082aa24f35e1b516d23)
Start importing Assets/TextMesh Pro/Examples & Extras/Scripts/TMP_TextEventCheck.cs using Guid(d736ce056cf444ca96e424f4d9c42b76) Importer(2089858483,0ecaa5967403d082aa24f35e1b516d23) [PhysX] Initialized MultithreadedTaskDispatcher with 16 workers.
 -> (artifact id: '24b85e0667d7307e6352a4f9767496e6') in 0.007662 seconds
Number of updated asset objects reloaded before import = 0
Number of asset objects unloaded after import = 1
========================================================================
Received Import Request.
  Time since last request: 0.000018 seconds.
  path: Assets/ModernSupermarket/Prefabs/Props/Produce/Onion_mut7xz_Pack01.prefab
  artifactKey: Guid(e9d4a404474814540b7b49d4ac249b64) Importer(2089858483,0ecaa5967403d082aa24f35e1b516d23)
Start importing Assets/ModernSupermarket/Prefabs/Props/Produce/Onion_mut7xz_Pack01.prefab using Guid(e9d4a404474814540b7b49d4ac249b64) Importer(2089858483,0ecaa5967403d082aa24f35e1b516d23) [PhysX] Initialized MultithreadedTaskDispatcher with 16 workers.
 -> (artifact id: '98b3321376c92143736bf43b9f490de1') in 0.015181 seconds
Number of updated asset objects reloaded before import = 0
Number of asset objects unloaded after import = 8
========================================================================
Received Import Request.
  Time since last request: 0.000017 seconds.
  path: Assets/ModernSupermarket/Models/Furniture/Neon_dwd6wi/Neon_dwd6wi.fbx
  artifactKey: Guid(26c67bfb448d987409821599f0a949c1) Importer(2089858483,0ecaa5967403d082aa24f35e1b516d23)
Start importing Assets/ModernSupermarket/Models/Furniture/Neon_dwd6wi/Neon_dwd6wi.fbx using Guid(26c67bfb448d987409821599f0a949c1) Importer(2089858483,0ecaa5967403d082aa24f35e1b516d23) [PhysX] Initialized MultithreadedTaskDispatcher with 16 workers.
 -> (artifact id: '3fc542bf992bbd8f63e7ad7ab6fbbf8b') in 0.035650 seconds
Number of updated asset objects reloaded before import = 0
Number of asset objects unloaded after import = 9
========================================================================
Received Import Request.
  Time since last request: 0.000017 seconds.
  path: Assets/ModernSupermarket/Models/Furniture/Sign_04h2fw/Sign_04h2fw.fbx
  artifactKey: Guid(3e08285a71f6bd44e9ec20de31cf5f1f) Importer(2089858483,0ecaa5967403d082aa24f35e1b516d23)
Start importing Assets/ModernSupermarket/Models/Furniture/Sign_04h2fw/Sign_04h2fw.fbx using Guid(3e08285a71f6bd44e9ec20de31cf5f1f) Importer(2089858483,0ecaa5967403d082aa24f35e1b516d23) [PhysX] Initialized MultithreadedTaskDispatcher with 16 workers.
 -> (artifact id: 'f7e971c085a914016a3e8e40df875ebd') in 0.017175 seconds
Number of updated asset objects reloaded before import = 0
Number of asset objects unloaded after import = 7
========================================================================
Received Import Request.
  Time since last request: 0.000017 seconds.
  path: Assets/ModernSupermarket/Prefabs/Props/Produce/Artichoke_fdde0u_Crate.prefab
  artifactKey: Guid(e165e4e134457d84b8d6ffefedc348fa) Importer(2089858483,0ecaa5967403d082aa24f35e1b516d23)
Start importing Assets/ModernSupermarket/Prefabs/Props/Produce/Artichoke_fdde0u_Crate.prefab using Guid(e165e4e134457d84b8d6ffefedc348fa) Importer(2089858483,0ecaa5967403d082aa24f35e1b516d23) [PhysX] Initialized MultithreadedTaskDispatcher with 16 workers.
 -> (artifact id: '56294282f29f1c3a2d563750f23df296') in 0.008722 seconds
Number of updated asset objects reloaded before import = 0
Number of asset objects unloaded after import = 16
========================================================================
Received Import Request.
  Time since last request: 0.000019 seconds.
  path: Assets/ModernSupermarket/Models/Architecture/Textures/Pillar_mask.png
  artifactKey: Guid(74339bc4d8fe2774fa0b7d03f881072d) Importer(2089858483,0ecaa5967403d082aa24f35e1b516d23)
Start importing Assets/ModernSupermarket/Models/Architecture/Textures/Pillar_mask.png using Guid(74339bc4d8fe2774fa0b7d03f881072d) Importer(2089858483,0ecaa5967403d082aa24f35e1b516d23) [PhysX] Initialized MultithreadedTaskDispatcher with 16 workers.
 -> (artifact id: '04de169a6e7ec4d772d37f2af12e67f9') in 0.013716 seconds
Number of updated asset objects reloaded before import = 0
Number of asset objects unloaded after import = 1
========================================================================
Received Import Request.
  Time since last request: 0.000022 seconds.
  path: Assets/ModernSupermarket/Prefabs/Props/Produce/Lemon_ahopes_Crate.prefab
  artifactKey: Guid(7f645ea94b1a45948a23055656b1af51) Importer(2089858483,0ecaa5967403d082aa24f35e1b516d23)
Start importing Assets/ModernSupermarket/Prefabs/Props/Produce/Lemon_ahopes_Crate.prefab using Guid(7f645ea94b1a45948a23055656b1af51) Importer(2089858483,0ecaa5967403d082aa24f35e1b516d23) [PhysX] Initialized MultithreadedTaskDispatcher with 16 workers.
 -> (artifact id: '4a77d40dd0d4f7e0aca028d8d622dcd8') in 0.008710 seconds
Number of updated asset objects reloaded before import = 0
Number of asset objects unloaded after import = 16
========================================================================
Received Import Request.
  Time since last request: 0.000017 seconds.
  path: Assets/TextMesh Pro/Resources/Fonts & Materials/LiberationSans SDF - Outline.mat
  artifactKey: Guid(79459efec17a4d00a321bdcc27bbc385) Importer(2089858483,0ecaa5967403d082aa24f35e1b516d23)
Start importing Assets/TextMesh Pro/Resources/Fonts & Materials/LiberationSans SDF - Outline.mat using Guid(79459efec17a4d00a321bdcc27bbc385) Importer(2089858483,0ecaa5967403d082aa24f35e1b516d23) [PhysX] Initialized MultithreadedTaskDispatcher with 16 workers.
 -> (artifact id: 'ddf56c9e38e45a6a44b148227624880a') in 0.020724 seconds
Number of updated asset objects reloaded before import = 0
Number of asset objects unloaded after import = 2
========================================================================
Received Import Request.
  Time since last request: 0.000021 seconds.
  path: Assets/TextMesh Pro/Examples & Extras/Textures/Small Crate_diffuse.jpg
  artifactKey: Guid(602cb87b6a29443b8636370ea0751574) Importer(2089858483,0ecaa5967403d082aa24f35e1b516d23)
Start importing Assets/TextMesh Pro/Examples & Extras/Textures/Small Crate_diffuse.jpg using Guid(602cb87b6a29443b8636370ea0751574) Importer(2089858483,0ecaa5967403d082aa24f35e1b516d23) [PhysX] Initialized MultithreadedTaskDispatcher with 16 workers.
 -> (artifact id: '724679a038254152cc75e6bdcdeadb13') in 0.012144 seconds
Number of updated asset objects reloaded before import = 0
Number of asset objects unloaded after import = 1
========================================================================
Received Import Request.
  Time since last request: 0.000026 seconds.
  path: Assets/ModernSupermarket/Prefabs/Props/Produce/Grapefruit_mrfrpw_Pack01.prefab
  artifactKey: Guid(2264972ecfe5d39438c4947abca3d425) Importer(2089858483,0ecaa5967403d082aa24f35e1b516d23)
Start importing Assets/ModernSupermarket/Prefabs/Props/Produce/Grapefruit_mrfrpw_Pack01.prefab using Guid(2264972ecfe5d39438c4947abca3d425) Importer(2089858483,0ecaa5967403d082aa24f35e1b516d23) [PhysX] Initialized MultithreadedTaskDispatcher with 16 workers.
 -> (artifact id: '7d4228fb47df3d2ce3d110e178ad2488') in 0.015751 seconds
Number of updated asset objects reloaded before import = 0
Number of asset objects unloaded after import = 8
========================================================================
Received Import Request.
  Time since last request: 0.000026 seconds.
  path: Assets/ModernSupermarket/Prefabs/Props/Produce/Carrot_i2roww_Crate.prefab
  artifactKey: Guid(92df3a78b0e1d9744a6193a1dd652514) Importer(2089858483,0ecaa5967403d082aa24f35e1b516d23)
Start importing Assets/ModernSupermarket/Prefabs/Props/Produce/Carrot_i2roww_Crate.prefab using Guid(92df3a78b0e1d9744a6193a1dd652514) Importer(2089858483,0ecaa5967403d082aa24f35e1b516d23) [PhysX] Initialized MultithreadedTaskDispatcher with 16 workers.
 -> (artifact id: 'e32c1d48bfeae55b4d7c9aa8fb696a6b') in 0.009668 seconds
Number of updated asset objects reloaded before import = 0
Number of asset objects unloaded after import = 16
========================================================================
Received Import Request.
  Time since last request: 0.000019 seconds.
  path: Assets/ModernSupermarket/Models/Furniture/Freezer_9olxw5/Freezer_9olxw5.fbx
  artifactKey: Guid(d8f760edd3c087943bac64956d1c79b6) Importer(2089858483,0ecaa5967403d082aa24f35e1b516d23)
Start importing Assets/ModernSupermarket/Models/Furniture/Freezer_9olxw5/Freezer_9olxw5.fbx using Guid(d8f760edd3c087943bac64956d1c79b6) Importer(2089858483,0ecaa5967403d082aa24f35e1b516d23) [PhysX] Initialized MultithreadedTaskDispatcher with 16 workers.
 -> (artifact id: '2f3f5153b1d4423180c0c5abaf269ddb') in 0.014489 seconds
Number of updated asset objects reloaded before import = 0
Number of asset objects unloaded after import = 14
========================================================================
Received Import Request.
  Time since last request: 0.000019 seconds.
  path: Assets/ModernSupermarket/Prefabs/Props/Produce/Apple_yf18nm_Pack01.prefab
  artifactKey: Guid(3506e97b27d1a4c42a37660554193a62) Importer(2089858483,0ecaa5967403d082aa24f35e1b516d23)
Start importing Assets/ModernSupermarket/Prefabs/Props/Produce/Apple_yf18nm_Pack01.prefab using Guid(3506e97b27d1a4c42a37660554193a62) Importer(2089858483,0ecaa5967403d082aa24f35e1b516d23) [PhysX] Initialized MultithreadedTaskDispatcher with 16 workers.
 -> (artifact id: 'c85463bff1768059385dbb55dbb9c122') in 0.011291 seconds
Number of updated asset objects reloaded before import = 0
Number of asset objects unloaded after import = 8
========================================================================
Received Import Request.
  Time since last request: 0.000021 seconds.
  path: Assets/ModernSupermarket/Prefabs/Props/Produce/Mango_1xw10k_Pack01.prefab
  artifactKey: Guid(6bbcd8112e746b2439fdb577b7aa46e7) Importer(2089858483,0ecaa5967403d082aa24f35e1b516d23)
Start importing Assets/ModernSupermarket/Prefabs/Props/Produce/Mango_1xw10k_Pack01.prefab using Guid(6bbcd8112e746b2439fdb577b7aa46e7) Importer(2089858483,0ecaa5967403d082aa24f35e1b516d23) [PhysX] Initialized MultithreadedTaskDispatcher with 16 workers.
 -> (artifact id: '6fb7f3ff2f81d43edc2625fd057414d6') in 0.011668 seconds
Number of updated asset objects reloaded before import = 0
Number of asset objects unloaded after import = 8
========================================================================
Received Import Request.
  Time since last request: 0.000021 seconds.
  path: Assets/ModernSupermarket/Prefabs/Props/Produce/Basket_o52iei_Full05.prefab
  artifactKey: Guid(3da15251e93761545be7c973e0f9e86f) Importer(2089858483,0ecaa5967403d082aa24f35e1b516d23)
Start importing Assets/ModernSupermarket/Prefabs/Props/Produce/Basket_o52iei_Full05.prefab using Guid(3da15251e93761545be7c973e0f9e86f) Importer(2089858483,0ecaa5967403d082aa24f35e1b516d23) [PhysX] Initialized MultithreadedTaskDispatcher with 16 workers.
 -> (artifact id: 'd31e759bf04e875219ef9c16041a6380') in 0.009492 seconds
Number of updated asset objects reloaded before import = 0
Number of asset objects unloaded after import = 28
========================================================================
Received Import Request.
  Time since last request: 0.000021 seconds.
  path: Assets/TextMesh Pro/Resources/Fonts & Materials/LiberationSans SDF.asset
  artifactKey: Guid(8f586378b4e144a9851e7b34d9b748ee) Importer(2089858483,0ecaa5967403d082aa24f35e1b516d23)
Start importing Assets/TextMesh Pro/Resources/Fonts & Materials/LiberationSans SDF.asset using Guid(8f586378b4e144a9851e7b34d9b748ee) Importer(2089858483,0ecaa5967403d082aa24f35e1b516d23) [PhysX] Initialized MultithreadedTaskDispatcher with 16 workers.
 -> (artifact id: '1deb70429592364c7f1256604764b21d') in 0.048154 seconds
Number of updated asset objects reloaded before import = 0
Number of asset objects unloaded after import = 8
========================================================================
Received Import Request.
  Time since last request: 0.000018 seconds.
  path: Assets/ModernSupermarket/Models/Furniture/HeritageBuffet_wkjvvg/HeritageBuffet_wkjvvg.fbx
  artifactKey: Guid(84ea0719e027d7a4fb0c45c44d436a24) Importer(2089858483,0ecaa5967403d082aa24f35e1b516d23)
Start importing Assets/ModernSupermarket/Models/Furniture/HeritageBuffet_wkjvvg/HeritageBuffet_wkjvvg.fbx using Guid(84ea0719e027d7a4fb0c45c44d436a24) Importer(2089858483,0ecaa5967403d082aa24f35e1b516d23) [PhysX] Initialized MultithreadedTaskDispatcher with 16 workers.
 -> (artifact id: 'e67c09128766dc8556d40912878fc8fc') in 0.013927 seconds
Number of updated asset objects reloaded before import = 0
Number of asset objects unloaded after import = 7
========================================================================
Received Import Request.
  Time since last request: 0.000018 seconds.
  path: Assets/ModernSupermarket/Prefabs/Props/Produce/Kiwi_leh3t9.prefab
  artifactKey: Guid(5bfec6dc1bbccc74298d0e2c791f9306) Importer(2089858483,0ecaa5967403d082aa24f35e1b516d23)
Start importing Assets/ModernSupermarket/Prefabs/Props/Produce/Kiwi_leh3t9.prefab using Guid(5bfec6dc1bbccc74298d0e2c791f9306) Importer(2089858483,0ecaa5967403d082aa24f35e1b516d23) [PhysX] Initialized MultithreadedTaskDispatcher with 16 workers.
 -> (artifact id: '975972467967e57632474eec5e187411') in 0.020412 seconds
Number of updated asset objects reloaded before import = 0
Number of asset objects unloaded after import = 8
========================================================================
Received Import Request.
  Time since last request: 0.000021 seconds.
  path: Assets/ModernSupermarket/Prefabs/Props/Produce/Banana_zjs4oz_Crate.prefab
  artifactKey: Guid(27492f92e4da1b74bbcda5f634246a92) Importer(2089858483,0ecaa5967403d082aa24f35e1b516d23)
Start importing Assets/ModernSupermarket/Prefabs/Props/Produce/Banana_zjs4oz_Crate.prefab using Guid(27492f92e4da1b74bbcda5f634246a92) Importer(2089858483,0ecaa5967403d082aa24f35e1b516d23) [PhysX] Initialized MultithreadedTaskDispatcher with 16 workers.
 -> (artifact id: '6496b8ae573a345bd35736711cbd3f3f') in 0.008609 seconds
Number of updated asset objects reloaded before import = 0
Number of asset objects unloaded after import = 16
========================================================================
Received Import Request.
  Time since last request: 0.000017 seconds.
  path: Assets/TextMesh Pro/Examples & Extras/Textures/Sunny Days - Seamless.jpg
  artifactKey: Guid(17c350171f7a3ca479f830547c66d187) Importer(2089858483,0ecaa5967403d082aa24f35e1b516d23)
Start importing Assets/TextMesh Pro/Examples & Extras/Textures/Sunny Days - Seamless.jpg using Guid(17c350171f7a3ca479f830547c66d187) Importer(2089858483,0ecaa5967403d082aa24f35e1b516d23) [PhysX] Initialized MultithreadedTaskDispatcher with 16 workers.
 -> (artifact id: '89acbc86775e4c7eb246780a4825c27b') in 0.015397 seconds
Number of updated asset objects reloaded before import = 0
Number of asset objects unloaded after import = 1
========================================================================
Received Import Request.
  Time since last request: 0.000021 seconds.
  path: Assets/ModernSupermarket/Models/Furniture/Checkout_gueqmj/Checkout_gueqmj.fbx
  artifactKey: Guid(9d45cf4386f6d5a46a94863fd62df3df) Importer(2089858483,0ecaa5967403d082aa24f35e1b516d23)
Start importing Assets/ModernSupermarket/Models/Furniture/Checkout_gueqmj/Checkout_gueqmj.fbx using Guid(9d45cf4386f6d5a46a94863fd62df3df) Importer(2089858483,0ecaa5967403d082aa24f35e1b516d23) [PhysX] Initialized MultithreadedTaskDispatcher with 16 workers.
 -> (artifact id: '39cbec2f19ef7e379150543f3ef459e4') in 0.013151 seconds
Number of updated asset objects reloaded before import = 0
Number of asset objects unloaded after import = 7
========================================================================
Received Import Request.
  Time since last request: 0.000031 seconds.
  path: Assets/ModernSupermarket/Prefabs/Props/Produce/Basket_o52iei_Full04.prefab
  artifactKey: Guid(56c6dceb5058d1f40b02cf695bde4339) Importer(2089858483,0ecaa5967403d082aa24f35e1b516d23)
Start importing Assets/ModernSupermarket/Prefabs/Props/Produce/Basket_o52iei_Full04.prefab using Guid(56c6dceb5058d1f40b02cf695bde4339) Importer(2089858483,0ecaa5967403d082aa24f35e1b516d23) [PhysX] Initialized MultithreadedTaskDispatcher with 16 workers.
 -> (artifact id: '02abca1bdf22da0ddfa0e28e508aa768') in 0.009957 seconds
Number of updated asset objects reloaded before import = 0
Number of asset objects unloaded after import = 28
========================================================================
Received Import Request.
  Time since last request: 0.000023 seconds.
  path: Assets/ModernSupermarket/Models/Furniture/Counter_attlsv/Counter_attlsv.fbx
  artifactKey: Guid(677a67edbc205884db0395d53c41dbec) Importer(2089858483,0ecaa5967403d082aa24f35e1b516d23)
Start importing Assets/ModernSupermarket/Models/Furniture/Counter_attlsv/Counter_attlsv.fbx using Guid(677a67edbc205884db0395d53c41dbec) Importer(2089858483,0ecaa5967403d082aa24f35e1b516d23) [PhysX] Initialized MultithreadedTaskDispatcher with 16 workers.
 -> (artifact id: 'b58fa1e540ae6c52387337089dfbcb25') in 0.011517 seconds
Number of updated asset objects reloaded before import = 0
Number of asset objects unloaded after import = 7
========================================================================
Received Import Request.
  Time since last request: 0.000017 seconds.
  path: Assets/ModernSupermarket/Prefabs/Props/Produce/Mango_1xw10k_Crate.prefab
  artifactKey: Guid(2c0d3201f4f5b9a43976d3f773e95845) Importer(2089858483,0ecaa5967403d082aa24f35e1b516d23)
Start importing Assets/ModernSupermarket/Prefabs/Props/Produce/Mango_1xw10k_Crate.prefab using Guid(2c0d3201f4f5b9a43976d3f773e95845) Importer(2089858483,0ecaa5967403d082aa24f35e1b516d23) [PhysX] Initialized MultithreadedTaskDispatcher with 16 workers.
 -> (artifact id: '0c0c20f5c4b0aa66a490607bf114883f') in 0.008502 seconds
Number of updated asset objects reloaded before import = 0
Number of asset objects unloaded after import = 16
========================================================================
Received Import Request.
  Time since last request: 0.000020 seconds.
  path: Assets/ModernSupermarket/Prefabs/Props/Produce/Apple_k7nzrr.prefab
  artifactKey: Guid(bf2b421da8b721440a34a9e4848a4837) Importer(2089858483,0ecaa5967403d082aa24f35e1b516d23)
Start importing Assets/ModernSupermarket/Prefabs/Props/Produce/Apple_k7nzrr.prefab using Guid(bf2b421da8b721440a34a9e4848a4837) Importer(2089858483,0ecaa5967403d082aa24f35e1b516d23) [PhysX] Initialized MultithreadedTaskDispatcher with 16 workers.
 -> (artifact id: '4e1f62fd8392bb87a7d6304cb4470fa9') in 0.019494 seconds
Number of updated asset objects reloaded before import = 0
Number of asset objects unloaded after import = 8
========================================================================
Received Import Request.
  Time since last request: 0.000029 seconds.
  path: Assets/ModernSupermarket/Prefabs/Props/Produce/Mushroom_43xvit.prefab
  artifactKey: Guid(adeacc36b4d293d4aa804fbbe8f67449) Importer(2089858483,0ecaa5967403d082aa24f35e1b516d23)
Start importing Assets/ModernSupermarket/Prefabs/Props/Produce/Mushroom_43xvit.prefab using Guid(adeacc36b4d293d4aa804fbbe8f67449) Importer(2089858483,0ecaa5967403d082aa24f35e1b516d23) [PhysX] Initialized MultithreadedTaskDispatcher with 16 workers.
 -> (artifact id: 'e39f311f83f5e114ba1488a97869b840') in 0.020316 seconds
Number of updated asset objects reloaded before import = 0
Number of asset objects unloaded after import = 8
========================================================================
Received Import Request.
  Time since last request: 0.000019 seconds.
  path: Assets/TextMesh Pro/Examples & Extras/Scripts/TMP_UiFrameRateCounter.cs
  artifactKey: Guid(24b0dc2d1d494adbbec1f4db26b4cf83) Importer(2089858483,0ecaa5967403d082aa24f35e1b516d23)
Start importing Assets/TextMesh Pro/Examples & Extras/Scripts/TMP_UiFrameRateCounter.cs using Guid(24b0dc2d1d494adbbec1f4db26b4cf83) Importer(2089858483,0ecaa5967403d082aa24f35e1b516d23) [PhysX] Initialized MultithreadedTaskDispatcher with 16 workers.
 -> (artifact id: '2dbd79aab793fab7c50cda94db5e615b') in 0.013528 seconds
Number of updated asset objects reloaded before import = 0
Number of asset objects unloaded after import = 1
========================================================================
Received Import Request.
  Time since last request: 1.650096 seconds.
  path: Assets/ModernSupermarket/Prefabs/Props/Produce/Pumpkin_hjtgsa.prefab
  artifactKey: Guid(ab537325d57186c4395a3239ac80cd18) Importer(2089858483,0ecaa5967403d082aa24f35e1b516d23)
Start importing Assets/ModernSupermarket/Prefabs/Props/Produce/Pumpkin_hjtgsa.prefab using Guid(ab537325d57186c4395a3239ac80cd18) Importer(2089858483,0ecaa5967403d082aa24f35e1b516d23) [PhysX] Initialized MultithreadedTaskDispatcher with 16 workers.
 -> (artifact id: '4e5532d80fe82c355b4e7b287a5e7c7a') in 0.021839 seconds
Number of updated asset objects reloaded before import = 0
Number of asset objects unloaded after import = 8
========================================================================
Received Import Request.
  Time since last request: 0.000015 seconds.
  path: Assets/ModernSupermarket/Prefabs/Props/Produce/Pumpkin_hjtgsa_Pack01.prefab
  artifactKey: Guid(fc9a93d766ca7e94185a4c1ee4ceafc1) Importer(2089858483,0ecaa5967403d082aa24f35e1b516d23)
Start importing Assets/ModernSupermarket/Prefabs/Props/Produce/Pumpkin_hjtgsa_Pack01.prefab using Guid(fc9a93d766ca7e94185a4c1ee4ceafc1) Importer(2089858483,0ecaa5967403d082aa24f35e1b516d23) [PhysX] Initialized MultithreadedTaskDispatcher with 16 workers.
 -> (artifact id: 'db379449b591739f5080d1541da405a7') in 0.017658 seconds
Number of updated asset objects reloaded before import = 0
Number of asset objects unloaded after import = 8
========================================================================
Received Import Request.
  Time since last request: 0.000020 seconds.
  path: Assets/ModernSupermarket/Prefabs/Props/Products/Book_bpxngl_06.prefab
  artifactKey: Guid(72134693657988648aaaf8854538126f) Importer(2089858483,0ecaa5967403d082aa24f35e1b516d23)
Start importing Assets/ModernSupermarket/Prefabs/Props/Products/Book_bpxngl_06.prefab using Guid(72134693657988648aaaf8854538126f) Importer(2089858483,0ecaa5967403d082aa24f35e1b516d23) [PhysX] Initialized MultithreadedTaskDispatcher with 16 workers.
 -> (artifact id: 'e878cdaf0a41b65cbf2b567f31ed0ed2') in 0.011368 seconds
Number of updated asset objects reloaded before import = 0
Number of asset objects unloaded after import = 8
========================================================================
Received Import Request.
  Time since last request: 0.000017 seconds.
  path: Assets/ModernSupermarket/Prefabs/Props/Products/Capsule_dchvzi_Pack01.prefab
  artifactKey: Guid(2ee2b387e432c8040bf1f0b888688398) Importer(2089858483,0ecaa5967403d082aa24f35e1b516d23)
Start importing Assets/ModernSupermarket/Prefabs/Props/Products/Capsule_dchvzi_Pack01.prefab using Guid(2ee2b387e432c8040bf1f0b888688398) Importer(2089858483,0ecaa5967403d082aa24f35e1b516d23) [PhysX] Initialized MultithreadedTaskDispatcher with 16 workers.
 -> (artifact id: '35c046990b39be338f475b684152a43d') in 0.010851 seconds
Number of updated asset objects reloaded before import = 0
Number of asset objects unloaded after import = 8
========================================================================
Received Import Request.
  Time since last request: 0.000018 seconds.
  path: Assets/ModernSupermarket/Prefabs/Props/Products/Book_bpxngl_07.prefab
  artifactKey: Guid(7fe7a2784e7a7b8449dfc585ad7bc616) Importer(2089858483,0ecaa5967403d082aa24f35e1b516d23)
Start importing Assets/ModernSupermarket/Prefabs/Props/Products/Book_bpxngl_07.prefab using Guid(7fe7a2784e7a7b8449dfc585ad7bc616) Importer(2089858483,0ecaa5967403d082aa24f35e1b516d23) [PhysX] Initialized MultithreadedTaskDispatcher with 16 workers.
 -> (artifact id: 'fd4c624b012f0b2f9918b96c369ab5ac') in 0.011750 seconds
Number of updated asset objects reloaded before import = 0
Number of asset objects unloaded after import = 8
========================================================================
Received Import Request.
  Time since last request: 0.000015 seconds.
  path: Assets/ModernSupermarket/Prefabs/Props/Products/Cleanser_o964qg_Pack01.prefab
  artifactKey: Guid(9c039f663d5475240b04c3df7809489c) Importer(2089858483,0ecaa5967403d082aa24f35e1b516d23)
Start importing Assets/ModernSupermarket/Prefabs/Props/Products/Cleanser_o964qg_Pack01.prefab using Guid(9c039f663d5475240b04c3df7809489c) Importer(2089858483,0ecaa5967403d082aa24f35e1b516d23) [PhysX] Initialized MultithreadedTaskDispatcher with 16 workers.
 -> (artifact id: 'eb93ee5b4260c7516b667b89991f33c2') in 0.011192 seconds
Number of updated asset objects reloaded before import = 0
Number of asset objects unloaded after import = 8
========================================================================
Received Import Request.
  Time since last request: 0.000016 seconds.
  path: Assets/ModernSupermarket/Prefabs/Props/Products/Capsule_dchvzi.prefab
  artifactKey: Guid(2f000ac908c0fe84dbcd690233c13080) Importer(2089858483,0ecaa5967403d082aa24f35e1b516d23)
Start importing Assets/ModernSupermarket/Prefabs/Props/Products/Capsule_dchvzi.prefab using Guid(2f000ac908c0fe84dbcd690233c13080) Importer(2089858483,0ecaa5967403d082aa24f35e1b516d23) [PhysX] Initialized MultithreadedTaskDispatcher with 16 workers.
 -> (artifact id: 'f95cd793e0ca1b61672d42cf95afabd3') in 0.018323 seconds
Number of updated asset objects reloaded before import = 0
Number of asset objects unloaded after import = 8
========================================================================
Received Import Request.
  Time since last request: 0.000022 seconds.
  path: Assets/ModernSupermarket/Prefabs/Props/Products/Cleanser_o964qg_Pack01_Var02.prefab
  artifactKey: Guid(1ad05622693368f49b87a376882ea10d) Importer(2089858483,0ecaa5967403d082aa24f35e1b516d23)
Start importing Assets/ModernSupermarket/Prefabs/Props/Products/Cleanser_o964qg_Pack01_Var02.prefab using Guid(1ad05622693368f49b87a376882ea10d) Importer(2089858483,0ecaa5967403d082aa24f35e1b516d23) [PhysX] Initialized MultithreadedTaskDispatcher with 16 workers.
 -> (artifact id: '4bc2167246d059d772ced8b3d1d4cef9') in 0.013882 seconds
Number of updated asset objects reloaded before import = 0
Number of asset objects unloaded after import = 15
========================================================================
Received Import Request.
  Time since last request: 0.000016 seconds.
  path: Assets/ModernSupermarket/Prefabs/Props/Products/Cream_jatl5h_Var02.prefab
  artifactKey: Guid(8bd061c7821d8754d88c52cce24ba3da) Importer(2089858483,0ecaa5967403d082aa24f35e1b516d23)
Start importing Assets/ModernSupermarket/Prefabs/Props/Products/Cream_jatl5h_Var02.prefab using Guid(8bd061c7821d8754d88c52cce24ba3da) Importer(2089858483,0ecaa5967403d082aa24f35e1b516d23) [PhysX] Initialized MultithreadedTaskDispatcher with 16 workers.
 -> (artifact id: '06254e045c6281ee4ee19f66cb3ce34d') in 0.011706 seconds
Number of updated asset objects reloaded before import = 0
Number of asset objects unloaded after import = 15
========================================================================
Received Import Request.
  Time since last request: 0.000018 seconds.
  path: Assets/ModernSupermarket/Prefabs/Props/Products/Cream_jatl5h_Var01.prefab
  artifactKey: Guid(42e478381f5c92f4c8937722d77d95a8) Importer(2089858483,0ecaa5967403d082aa24f35e1b516d23)
Start importing Assets/ModernSupermarket/Prefabs/Props/Products/Cream_jatl5h_Var01.prefab using Guid(42e478381f5c92f4c8937722d77d95a8) Importer(2089858483,0ecaa5967403d082aa24f35e1b516d23) [PhysX] Initialized MultithreadedTaskDispatcher with 16 workers.
 -> (artifact id: '443bebd0d7bcbb3b626fe76ccb964233') in 0.011915 seconds
Number of updated asset objects reloaded before import = 0
Number of asset objects unloaded after import = 15
========================================================================
Received Import Request.
  Time since last request: 0.000019 seconds.
  path: Assets/ModernSupermarket/Prefabs/Props/Products/Book_bpxngl_11.prefab
  artifactKey: Guid(60ef4a737146d3844a13364586b03493) Importer(2089858483,0ecaa5967403d082aa24f35e1b516d23)
Start importing Assets/ModernSupermarket/Prefabs/Props/Products/Book_bpxngl_11.prefab using Guid(60ef4a737146d3844a13364586b03493) Importer(2089858483,0ecaa5967403d082aa24f35e1b516d23) [PhysX] Initialized MultithreadedTaskDispatcher with 16 workers.
 -> (artifact id: 'd739df0d8e148f36d57129030fd45b0e') in 0.009964 seconds
Number of updated asset objects reloaded before import = 0
Number of asset objects unloaded after import = 8
========================================================================
Received Import Request.
  Time since last request: 0.000019 seconds.
  path: Assets/ModernSupermarket/Prefabs/Props/Products/ChocolatePowder_yqiogt.prefab
  artifactKey: Guid(1e8423ddadac4e046940412bf9ece277) Importer(2089858483,0ecaa5967403d082aa24f35e1b516d23)
Start importing Assets/ModernSupermarket/Prefabs/Props/Products/ChocolatePowder_yqiogt.prefab using Guid(1e8423ddadac4e046940412bf9ece277) Importer(2089858483,0ecaa5967403d082aa24f35e1b516d23) [PhysX] Initialized MultithreadedTaskDispatcher with 16 workers.
 -> (artifact id: 'e91d65b8ac71803ac554b02a75b8d407') in 0.018943 seconds
Number of updated asset objects reloaded before import = 0
Number of asset objects unloaded after import = 8
========================================================================
Received Import Request.
  Time since last request: 0.000023 seconds.
  path: Assets/ModernSupermarket/Prefabs/Props/Products/Coffee_5uj6zk.prefab
  artifactKey: Guid(4a7f1e6533fc5ef43b347ee123c94086) Importer(2089858483,0ecaa5967403d082aa24f35e1b516d23)
Start importing Assets/ModernSupermarket/Prefabs/Props/Products/Coffee_5uj6zk.prefab using Guid(4a7f1e6533fc5ef43b347ee123c94086) Importer(2089858483,0ecaa5967403d082aa24f35e1b516d23) [PhysX] Initialized MultithreadedTaskDispatcher with 16 workers.
 -> (artifact id: 'c9a6fd52bf0f4b7563c5e6314b6d3ab4') in 0.011790 seconds
Number of updated asset objects reloaded before import = 0
Number of asset objects unloaded after import = 8
========================================================================
Received Import Request.
  Time since last request: 0.000032 seconds.
  path: Assets/ModernSupermarket/Prefabs/Props/Products/Book_bpxngl_10.prefab
  artifactKey: Guid(04214be982a86b94291c65cb478d3b44) Importer(2089858483,0ecaa5967403d082aa24f35e1b516d23)
Start importing Assets/ModernSupermarket/Prefabs/Props/Products/Book_bpxngl_10.prefab using Guid(04214be982a86b94291c65cb478d3b44) Importer(2089858483,0ecaa5967403d082aa24f35e1b516d23) [PhysX] Initialized MultithreadedTaskDispatcher with 16 workers.
 -> (artifact id: '47791d09f3c2d1e8adf3a28c3dbeaaab') in 0.009259 seconds
Number of updated asset objects reloaded before import = 0
Number of asset objects unloaded after import = 8
========================================================================
Received Import Request.
  Time since last request: 0.000015 seconds.
  path: Assets/ModernSupermarket/Prefabs/Props/Products/Capsule_xrahaz_low.prefab
  artifactKey: Guid(033a04b1b625e684489cd930eb302092) Importer(2089858483,0ecaa5967403d082aa24f35e1b516d23)
Start importing Assets/ModernSupermarket/Prefabs/Props/Products/Capsule_xrahaz_low.prefab using Guid(033a04b1b625e684489cd930eb302092) Importer(2089858483,0ecaa5967403d082aa24f35e1b516d23) [PhysX] Initialized MultithreadedTaskDispatcher with 16 workers.
 -> (artifact id: '9660f21aafd10bf9e682ec0153706460') in 0.020983 seconds
Number of updated asset objects reloaded before import = 0
Number of asset objects unloaded after import = 8
========================================================================
Received Import Request.
  Time since last request: 0.000017 seconds.
  path: Assets/ModernSupermarket/Prefabs/Props/Products/Cleanser_o964qg_Pack01_Var01.prefab
  artifactKey: Guid(53815e9eac2c9be48b7dff7affbec0be) Importer(2089858483,0ecaa5967403d082aa24f35e1b516d23)
Start importing Assets/ModernSupermarket/Prefabs/Props/Products/Cleanser_o964qg_Pack01_Var01.prefab using Guid(53815e9eac2c9be48b7dff7affbec0be) Importer(2089858483,0ecaa5967403d082aa24f35e1b516d23) [PhysX] Initialized MultithreadedTaskDispatcher with 16 workers.
 -> (artifact id: '4eacedf14c622de72d5030015c00af62') in 0.011334 seconds
Number of updated asset objects reloaded before import = 0
Number of asset objects unloaded after import = 15
========================================================================
Received Import Request.
  Time since last request: 0.000020 seconds.
  path: Assets/ModernSupermarket/Prefabs/Props/Products/Beer_lryra7.prefab
  artifactKey: Guid(eef37af9411a6cf468e53bb14e80c628) Importer(2089858483,0ecaa5967403d082aa24f35e1b516d23)
Start importing Assets/ModernSupermarket/Prefabs/Props/Products/Beer_lryra7.prefab using Guid(eef37af9411a6cf468e53bb14e80c628) Importer(2089858483,0ecaa5967403d082aa24f35e1b516d23) [PhysX] Initialized MultithreadedTaskDispatcher with 16 workers.
 -> (artifact id: 'da801121c2437be5c2337a1639df3b62') in 0.011853 seconds
Number of updated asset objects reloaded before import = 0
Number of asset objects unloaded after import = 8
========================================================================
Received Import Request.
  Time since last request: 0.000024 seconds.
  path: Assets/ModernSupermarket/Prefabs/Props/Products/Chips_w4tja8_Var05.prefab
  artifactKey: Guid(9a3b2560e7a99d04d95933def4d28b95) Importer(2089858483,0ecaa5967403d082aa24f35e1b516d23)
Start importing Assets/ModernSupermarket/Prefabs/Props/Products/Chips_w4tja8_Var05.prefab using Guid(9a3b2560e7a99d04d95933def4d28b95) Importer(2089858483,0ecaa5967403d082aa24f35e1b516d23) [PhysX] Initialized MultithreadedTaskDispatcher with 16 workers.
 -> (artifact id: 'a2831d763ec720c01d7f7b3d7cc860ca') in 0.026806 seconds
Number of updated asset objects reloaded before import = 0
Number of asset objects unloaded after import = 15
========================================================================
Received Import Request.
  Time since last request: 0.000019 seconds.
  path: Assets/ModernSupermarket/Prefabs/Props/Products/Bag_s45li3_Var01.prefab
  artifactKey: Guid(fc2b676c80fd79347be5cd3fa7fb6920) Importer(2089858483,0ecaa5967403d082aa24f35e1b516d23)
Start importing Assets/ModernSupermarket/Prefabs/Props/Products/Bag_s45li3_Var01.prefab using Guid(fc2b676c80fd79347be5cd3fa7fb6920) Importer(2089858483,0ecaa5967403d082aa24f35e1b516d23) [PhysX] Initialized MultithreadedTaskDispatcher with 16 workers.
 -> (artifact id: '683eba3b26ebc5cea0289b1ad6d2eb51') in 0.019635 seconds
Number of updated asset objects reloaded before import = 0
Number of asset objects unloaded after import = 15
========================================================================
Received Import Request.
  Time since last request: 0.000020 seconds.
  path: Assets/ModernSupermarket/Prefabs/Props/Products/Beer_lryra7_Var02.prefab
  artifactKey: Guid(52ff02104034e9f4a85bc9ec192be835) Importer(2089858483,0ecaa5967403d082aa24f35e1b516d23)
Start importing Assets/ModernSupermarket/Prefabs/Props/Products/Beer_lryra7_Var02.prefab using Guid(52ff02104034e9f4a85bc9ec192be835) Importer(2089858483,0ecaa5967403d082aa24f35e1b516d23) [PhysX] Initialized MultithreadedTaskDispatcher with 16 workers.
 -> (artifact id: 'b9f9773ab72b3e925e342fcdbbf847dd') in 0.015782 seconds
Number of updated asset objects reloaded before import = 0
Number of asset objects unloaded after import = 16
========================================================================
Received Import Request.
  Time since last request: 0.000018 seconds.
  path: Assets/ModernSupermarket/Prefabs/Props/Products/Cheese_bn26cq_Pack02.prefab
  artifactKey: Guid(0287fc4ff6efa4e4ea383eb8b47a572d) Importer(2089858483,0ecaa5967403d082aa24f35e1b516d23)
Start importing Assets/ModernSupermarket/Prefabs/Props/Products/Cheese_bn26cq_Pack02.prefab using Guid(0287fc4ff6efa4e4ea383eb8b47a572d) Importer(2089858483,0ecaa5967403d082aa24f35e1b516d23) [PhysX] Initialized MultithreadedTaskDispatcher with 16 workers.
 -> (artifact id: 'def768336b5f40ab26ee72ca81487ccf') in 0.011357 seconds
Number of updated asset objects reloaded before import = 0
Number of asset objects unloaded after import = 8
========================================================================
Received Import Request.
  Time since last request: 0.000018 seconds.
  path: Assets/ModernSupermarket/Prefabs/Props/Products/Cake_a3h87k_Var01.prefab
  artifactKey: Guid(0a73becfe6be99e4e93315be92226d42) Importer(2089858483,0ecaa5967403d082aa24f35e1b516d23)
Start importing Assets/ModernSupermarket/Prefabs/Props/Products/Cake_a3h87k_Var01.prefab using Guid(0a73becfe6be99e4e93315be92226d42) Importer(2089858483,0ecaa5967403d082aa24f35e1b516d23) [PhysX] Initialized MultithreadedTaskDispatcher with 16 workers.
 -> (artifact id: 'c5193f93a2c747f3d180c9acb787e94d') in 0.016398 seconds
Number of updated asset objects reloaded before import = 0
Number of asset objects unloaded after import = 15
========================================================================
Received Import Request.
  Time since last request: 0.000019 seconds.
  path: Assets/ModernSupermarket/Prefabs/Props/Products/CansPack_f98qxo_Pack01.prefab
  artifactKey: Guid(8f4c7f7f6f3f1fa4d9e4c1721d203ad7) Importer(2089858483,0ecaa5967403d082aa24f35e1b516d23)
Start importing Assets/ModernSupermarket/Prefabs/Props/Products/CansPack_f98qxo_Pack01.prefab using Guid(8f4c7f7f6f3f1fa4d9e4c1721d203ad7) Importer(2089858483,0ecaa5967403d082aa24f35e1b516d23) [PhysX] Initialized MultithreadedTaskDispatcher with 16 workers.
 -> (artifact id: '128a06870afa511da661eac2b365658f') in 0.013140 seconds
Number of updated asset objects reloaded before import = 0
Number of asset objects unloaded after import = 8
========================================================================
Received Import Request.
  Time since last request: 0.000020 seconds.
  path: Assets/ModernSupermarket/Prefabs/Props/Products/CrabSticks_mu7h0i_Pack01.prefab
  artifactKey: Guid(5495751fcf6f4e54ab62607953031383) Importer(2089858483,0ecaa5967403d082aa24f35e1b516d23)
Start importing Assets/ModernSupermarket/Prefabs/Props/Products/CrabSticks_mu7h0i_Pack01.prefab using Guid(5495751fcf6f4e54ab62607953031383) Importer(2089858483,0ecaa5967403d082aa24f35e1b516d23) [PhysX] Initialized MultithreadedTaskDispatcher with 16 workers.
 -> (artifact id: '1287465aa97cba860f0c2c7bc006758d') in 0.013316 seconds
Number of updated asset objects reloaded before import = 0
Number of asset objects unloaded after import = 8
========================================================================
Received Import Request.
  Time since last request: 0.000021 seconds.
  path: Assets/ModernSupermarket/Prefabs/Props/Products/CansPack_f98qxo_Var01.prefab
  artifactKey: Guid(d474b66f05e3d5e4082ef44044f1c5bc) Importer(2089858483,0ecaa5967403d082aa24f35e1b516d23)
Start importing Assets/ModernSupermarket/Prefabs/Props/Products/CansPack_f98qxo_Var01.prefab using Guid(d474b66f05e3d5e4082ef44044f1c5bc) Importer(2089858483,0ecaa5967403d082aa24f35e1b516d23) [PhysX] Initialized MultithreadedTaskDispatcher with 16 workers.
 -> (artifact id: '930ed7f5a8dd321e9cff3d97cc388529') in 0.021240 seconds
Number of updated asset objects reloaded before import = 0
Number of asset objects unloaded after import = 15
========================================================================
Received Import Request.
  Time since last request: 0.000020 seconds.
  path: Assets/ModernSupermarket/Prefabs/Props/Products/Coffee_5uj6zk_Pack01.prefab
  artifactKey: Guid(de3fd5f9011976a419f74b0d0684aeda) Importer(2089858483,0ecaa5967403d082aa24f35e1b516d23)
Start importing Assets/ModernSupermarket/Prefabs/Props/Products/Coffee_5uj6zk_Pack01.prefab using Guid(de3fd5f9011976a419f74b0d0684aeda) Importer(2089858483,0ecaa5967403d082aa24f35e1b516d23) [PhysX] Initialized MultithreadedTaskDispatcher with 16 workers.
 -> (artifact id: 'c0f86743f42d10880ebd4a7d1173885d') in 0.011931 seconds
Number of updated asset objects reloaded before import = 0
Number of asset objects unloaded after import = 8
========================================================================
Received Import Request.
  Time since last request: 0.000024 seconds.
  path: Assets/ModernSupermarket/Prefabs/Props/Products/Cream_jatl5h.prefab
  artifactKey: Guid(b75a639de963cc44796432df9decd17f) Importer(2089858483,0ecaa5967403d082aa24f35e1b516d23)
Start importing Assets/ModernSupermarket/Prefabs/Props/Products/Cream_jatl5h.prefab using Guid(b75a639de963cc44796432df9decd17f) Importer(2089858483,0ecaa5967403d082aa24f35e1b516d23) [PhysX] Initialized MultithreadedTaskDispatcher with 16 workers.
 -> (artifact id: 'd5ee1961e604dadab2a18d4fcf29413d') in 0.010287 seconds
Number of updated asset objects reloaded before import = 0
Number of asset objects unloaded after import = 8
========================================================================
Received Import Request.
  Time since last request: 0.000031 seconds.
  path: Assets/ModernSupermarket/Prefabs/Props/Produce/Zucchini_z21819_Pack01.prefab
  artifactKey: Guid(45289c89035312b43a77a9f605d611a8) Importer(2089858483,0ecaa5967403d082aa24f35e1b516d23)
Start importing Assets/ModernSupermarket/Prefabs/Props/Produce/Zucchini_z21819_Pack01.prefab using Guid(45289c89035312b43a77a9f605d611a8) Importer(2089858483,0ecaa5967403d082aa24f35e1b516d23) [PhysX] Initialized MultithreadedTaskDispatcher with 16 workers.
 -> (artifact id: '4357da1114b31331547db4fbabee4a93') in 0.014656 seconds
Number of updated asset objects reloaded before import = 0
Number of asset objects unloaded after import = 8
========================================================================
Received Import Request.
  Time since last request: 0.000019 seconds.
  path: Assets/ModernSupermarket/Prefabs/Props/Products/Cake_p6lebj_Var01.prefab
  artifactKey: Guid(26b7235215fa8bf48af32129e41d4052) Importer(2089858483,0ecaa5967403d082aa24f35e1b516d23)
Start importing Assets/ModernSupermarket/Prefabs/Props/Products/Cake_p6lebj_Var01.prefab using Guid(26b7235215fa8bf48af32129e41d4052) Importer(2089858483,0ecaa5967403d082aa24f35e1b516d23) [PhysX] Initialized MultithreadedTaskDispatcher with 16 workers.
 -> (artifact id: '4961c153c5fdf447ce4a0e6cde18e186') in 0.016942 seconds
Number of updated asset objects reloaded before import = 0
Number of asset objects unloaded after import = 15
========================================================================
Received Import Request.
  Time since last request: 0.000022 seconds.
  path: Assets/ModernSupermarket/Prefabs/Props/Products/Cleanser_o964qg.prefab
  artifactKey: Guid(034980f0bab40a54fb7f4b8942ffb90b) Importer(2089858483,0ecaa5967403d082aa24f35e1b516d23)
Start importing Assets/ModernSupermarket/Prefabs/Props/Products/Cleanser_o964qg.prefab using Guid(034980f0bab40a54fb7f4b8942ffb90b) Importer(2089858483,0ecaa5967403d082aa24f35e1b516d23) [PhysX] Initialized MultithreadedTaskDispatcher with 16 workers.
 -> (artifact id: '4a50249208abb33fd20e4a5c36e0b017') in 0.019228 seconds
Number of updated asset objects reloaded before import = 0
Number of asset objects unloaded after import = 8
========================================================================
Received Import Request.
  Time since last request: 0.000024 seconds.
  path: Assets/ModernSupermarket/Prefabs/Props/Products/Cleanser_o964qg_Var02.prefab
  artifactKey: Guid(241a0984a14a2574b93173f893f25de6) Importer(2089858483,0ecaa5967403d082aa24f35e1b516d23)
Start importing Assets/ModernSupermarket/Prefabs/Props/Products/Cleanser_o964qg_Var02.prefab using Guid(241a0984a14a2574b93173f893f25de6) Importer(2089858483,0ecaa5967403d082aa24f35e1b516d23) [PhysX] Initialized MultithreadedTaskDispatcher with 16 workers.
 -> (artifact id: 'e8a0103bf422a1699406821951681321') in 0.021305 seconds
Number of updated asset objects reloaded before import = 0
Number of asset objects unloaded after import = 21
========================================================================
Received Import Request.
  Time since last request: 0.000018 seconds.
  path: Assets/ModernSupermarket/Prefabs/Props/Products/CansPack_f98qxo_Var02.prefab
  artifactKey: Guid(61e8ecc7d5523734c9ff1b01379ead1f) Importer(2089858483,0ecaa5967403d082aa24f35e1b516d23)
Start importing Assets/ModernSupermarket/Prefabs/Props/Products/CansPack_f98qxo_Var02.prefab using Guid(61e8ecc7d5523734c9ff1b01379ead1f) Importer(2089858483,0ecaa5967403d082aa24f35e1b516d23) [PhysX] Initialized MultithreadedTaskDispatcher with 16 workers.
 -> (artifact id: '9ba1084beccbb77f3d5036a0134f4533') in 0.014853 seconds
Number of updated asset objects reloaded before import = 0
Number of asset objects unloaded after import = 15
========================================================================
Received Import Request.
  Time since last request: 0.000021 seconds.
  path: Assets/ModernSupermarket/Prefabs/Props/Products/CrabSticks_mu7h0i.prefab
  artifactKey: Guid(c6011a36d7dc94c48ba9af7d7b4fa5c4) Importer(2089858483,0ecaa5967403d082aa24f35e1b516d23)
Start importing Assets/ModernSupermarket/Prefabs/Props/Products/CrabSticks_mu7h0i.prefab using Guid(c6011a36d7dc94c48ba9af7d7b4fa5c4) Importer(2089858483,0ecaa5967403d082aa24f35e1b516d23) [PhysX] Initialized MultithreadedTaskDispatcher with 16 workers.
 -> (artifact id: 'f8801e18b3195cfc4e78467da6ce3a87') in 0.016957 seconds
Number of updated asset objects reloaded before import = 0
Number of asset objects unloaded after import = 8
========================================================================
Received Import Request.
  Time since last request: 0.000026 seconds.
  path: Assets/ModernSupermarket/Prefabs/Props/Products/ChocolateSpread_xhkyij_Var01.prefab
  artifactKey: Guid(ac53fafdc449be3439df31e03aa7d5d7) Importer(2089858483,0ecaa5967403d082aa24f35e1b516d23)
Start importing Assets/ModernSupermarket/Prefabs/Props/Products/ChocolateSpread_xhkyij_Var01.prefab using Guid(ac53fafdc449be3439df31e03aa7d5d7) Importer(2089858483,0ecaa5967403d082aa24f35e1b516d23) [PhysX] Initialized MultithreadedTaskDispatcher with 16 workers.
 -> (artifact id: '811090c8933bc970cdf23b2f22d439e2') in 0.015961 seconds
Number of updated asset objects reloaded before import = 0
Number of asset objects unloaded after import = 15
========================================================================
Received Import Request.
  Time since last request: 0.000019 seconds.
  path: Assets/ModernSupermarket/Prefabs/Props/Products/Book_bpxngl_12.prefab
  artifactKey: Guid(d641f93302aa3874b9c9a90eaa3f8934) Importer(2089858483,0ecaa5967403d082aa24f35e1b516d23)
Start importing Assets/ModernSupermarket/Prefabs/Props/Products/Book_bpxngl_12.prefab using Guid(d641f93302aa3874b9c9a90eaa3f8934) Importer(2089858483,0ecaa5967403d082aa24f35e1b516d23) [PhysX] Initialized MultithreadedTaskDispatcher with 16 workers.
 -> (artifact id: '883c39478aef3b1f0983b0e8cfa2582a') in 0.010096 seconds
Number of updated asset objects reloaded before import = 0
Number of asset objects unloaded after import = 8
========================================================================
Received Import Request.
  Time since last request: 0.000020 seconds.
  path: Assets/ModernSupermarket/Prefabs/Props/Products/Cleanser_7dsib5.prefab
  artifactKey: Guid(9311eb6a71fba1f469d0761af0447c1a) Importer(2089858483,0ecaa5967403d082aa24f35e1b516d23)
Start importing Assets/ModernSupermarket/Prefabs/Props/Products/Cleanser_7dsib5.prefab using Guid(9311eb6a71fba1f469d0761af0447c1a) Importer(2089858483,0ecaa5967403d082aa24f35e1b516d23) [PhysX] Initialized MultithreadedTaskDispatcher with 16 workers.
 -> (artifact id: '992caf808780d393eaa7f6a68d969acb') in 0.018187 seconds
Number of updated asset objects reloaded before import = 0
Number of asset objects unloaded after import = 8
========================================================================
Received Import Request.
  Time since last request: 1.543502 seconds.
  path: Assets/ModernSupermarket/Prefabs/Props/Products/Decoration_3k4dyn_06.prefab
  artifactKey: Guid(02bcf6e57b99e2843a97dad6037029ff) Importer(2089858483,0ecaa5967403d082aa24f35e1b516d23)
Start importing Assets/ModernSupermarket/Prefabs/Props/Products/Decoration_3k4dyn_06.prefab using Guid(02bcf6e57b99e2843a97dad6037029ff) Importer(2089858483,0ecaa5967403d082aa24f35e1b516d23) [PhysX] Initialized MultithreadedTaskDispatcher with 16 workers.
 -> (artifact id: '7c5b912459a99c1504e8f9f333257395') in 0.019176 seconds
Number of updated asset objects reloaded before import = 0
Number of asset objects unloaded after import = 8
========================================================================
Received Import Request.
  Time since last request: 0.000060 seconds.
  path: Assets/ModernSupermarket/Prefabs/Props/Products/PetFood_3pjwif.prefab
  artifactKey: Guid(19a527e8e5fad0145b955959ce2c5d49) Importer(2089858483,0ecaa5967403d082aa24f35e1b516d23)
Start importing Assets/ModernSupermarket/Prefabs/Props/Products/PetFood_3pjwif.prefab using Guid(19a527e8e5fad0145b955959ce2c5d49) Importer(2089858483,0ecaa5967403d082aa24f35e1b516d23) [PhysX] Initialized MultithreadedTaskDispatcher with 16 workers.
 -> (artifact id: '65c2990be76d8ddbe9b73e1ad0c1e3e0') in 0.021107 seconds
Number of updated asset objects reloaded before import = 0
Number of asset objects unloaded after import = 8
========================================================================
Received Import Request.
  Time since last request: 0.000153 seconds.
  path: Assets/ModernSupermarket/Prefabs/Props/Products/MeatTray_dbf1nh_Pack01.prefab
  artifactKey: Guid(5eeadbff47195114ca10c97066cc4691) Importer(2089858483,0ecaa5967403d082aa24f35e1b516d23)
Start importing Assets/ModernSupermarket/Prefabs/Props/Products/MeatTray_dbf1nh_Pack01.prefab using Guid(5eeadbff47195114ca10c97066cc4691) Importer(2089858483,0ecaa5967403d082aa24f35e1b516d23) [PhysX] Initialized MultithreadedTaskDispatcher with 16 workers.
 -> (artifact id: '96dcdec1904eeb1bfc109aa3a781c333') in 0.010726 seconds
Number of updated asset objects reloaded before import = 0
Number of asset objects unloaded after import = 8
========================================================================
Received Import Request.
  Time since last request: 0.000017 seconds.
  path: Assets/ModernSupermarket/Prefabs/Props/Products/Shampoo_vimakk_Var02.prefab
  artifactKey: Guid(865c18a4b018f7e4ebe13f9b5177ef08) Importer(2089858483,0ecaa5967403d082aa24f35e1b516d23)
Start importing Assets/ModernSupermarket/Prefabs/Props/Products/Shampoo_vimakk_Var02.prefab using Guid(865c18a4b018f7e4ebe13f9b5177ef08) Importer(2089858483,0ecaa5967403d082aa24f35e1b516d23) [PhysX] Initialized MultithreadedTaskDispatcher with 16 workers.
 -> (artifact id: 'cf8a50829a746e8c771f001d634ac10c') in 0.016504 seconds
Number of updated asset objects reloaded before import = 0
Number of asset objects unloaded after import = 15
========================================================================
Received Import Request.
  Time since last request: 0.000017 seconds.
  path: Assets/ModernSupermarket/Prefabs/Props/Products/Sugar_ffc568_Var03.prefab
  artifactKey: Guid(5fa12176d489ae747a3ac9b3b9d1b350) Importer(2089858483,0ecaa5967403d082aa24f35e1b516d23)
Start importing Assets/ModernSupermarket/Prefabs/Props/Products/Sugar_ffc568_Var03.prefab using Guid(5fa12176d489ae747a3ac9b3b9d1b350) Importer(2089858483,0ecaa5967403d082aa24f35e1b516d23) [PhysX] Initialized MultithreadedTaskDispatcher with 16 workers.
 -> (artifact id: '308caf9a3807fb470f77770d0c22372e') in 0.020775 seconds
Number of updated asset objects reloaded before import = 0
Number of asset objects unloaded after import = 15
========================================================================
Received Import Request.
  Time since last request: 0.000021 seconds.
  path: Assets/ModernSupermarket/Prefabs/Props/Products/TinCan_60afsy_02.prefab
  artifactKey: Guid(a987673ec9533dc48ae17b9de0636de0) Importer(2089858483,0ecaa5967403d082aa24f35e1b516d23)
Start importing Assets/ModernSupermarket/Prefabs/Props/Products/TinCan_60afsy_02.prefab using Guid(a987673ec9533dc48ae17b9de0636de0) Importer(2089858483,0ecaa5967403d082aa24f35e1b516d23) [PhysX] Initialized MultithreadedTaskDispatcher with 16 workers.
 -> (artifact id: '4ea80cf97ef7fafc8c874d0e34a210a2') in 0.020986 seconds
Number of updated asset objects reloaded before import = 0
Number of asset objects unloaded after import = 8
========================================================================
Received Import Request.
  Time since last request: 0.000019 seconds.
  path: Assets/ModernSupermarket/Prefabs/Props/Products/FrozenPack_t7wenh_Pack01_Var03.prefab
  artifactKey: Guid(5372135d6aa4c97458aabcfefa32bb74) Importer(2089858483,0ecaa5967403d082aa24f35e1b516d23)
Start importing Assets/ModernSupermarket/Prefabs/Props/Products/FrozenPack_t7wenh_Pack01_Var03.prefab using Guid(5372135d6aa4c97458aabcfefa32bb74) Importer(2089858483,0ecaa5967403d082aa24f35e1b516d23) [PhysX] Initialized MultithreadedTaskDispatcher with 16 workers.
 -> (artifact id: 'bdc9143bde7df832dbefa5784eba1d99') in 0.010645 seconds
Number of updated asset objects reloaded before import = 0
Number of asset objects unloaded after import = 15
========================================================================
Received Import Request.
  Time since last request: 0.000020 seconds.
  path: Assets/ModernSupermarket/Prefabs/Props/Products/Vase_enq19o_02.prefab
  artifactKey: Guid(a9e3dcd32c9bd454ba311e02108a51ee) Importer(2089858483,0ecaa5967403d082aa24f35e1b516d23)
Start importing Assets/ModernSupermarket/Prefabs/Props/Products/Vase_enq19o_02.prefab using Guid(a9e3dcd32c9bd454ba311e02108a51ee) Importer(2089858483,0ecaa5967403d082aa24f35e1b516d23) [PhysX] Initialized MultithreadedTaskDispatcher with 16 workers.
 -> (artifact id: 'c51bc0dfe5285fa474a3335c3e9ad566') in 0.010327 seconds
Number of updated asset objects reloaded before import = 0
Number of asset objects unloaded after import = 8
========================================================================
Received Import Request.
  Time since last request: 0.000031 seconds.
  path: Assets/ModernSupermarket/Prefabs/Props/Products/Sugar_o0f6pn_Pack01.prefab
  artifactKey: Guid(52b3e7bd5086d6540914f8933d212b28) Importer(2089858483,0ecaa5967403d082aa24f35e1b516d23)
Start importing Assets/ModernSupermarket/Prefabs/Props/Products/Sugar_o0f6pn_Pack01.prefab using Guid(52b3e7bd5086d6540914f8933d212b28) Importer(2089858483,0ecaa5967403d082aa24f35e1b516d23) [PhysX] Initialized MultithreadedTaskDispatcher with 16 workers.
 -> (artifact id: 'bb2947e03a00a113b8406786daae8d03') in 0.011762 seconds
Number of updated asset objects reloaded before import = 0
Number of asset objects unloaded after import = 8
========================================================================
Received Import Request.
  Time since last request: 0.000019 seconds.
  path: Assets/ModernSupermarket/Prefabs/Props/Products/TinCan_60afsy_01_Var01.prefab
  artifactKey: Guid(4039d50018a5897488d65f73f733f2e0) Importer(2089858483,0ecaa5967403d082aa24f35e1b516d23)
Start importing Assets/ModernSupermarket/Prefabs/Props/Products/TinCan_60afsy_01_Var01.prefab using Guid(4039d50018a5897488d65f73f733f2e0) Importer(2089858483,0ecaa5967403d082aa24f35e1b516d23) [PhysX] Initialized MultithreadedTaskDispatcher with 16 workers.
 -> (artifact id: 'cde6c52864e8e0fea20cda2d3d13fe69') in 0.018177 seconds
Number of updated asset objects reloaded before import = 0
Number of asset objects unloaded after import = 15
========================================================================
Received Import Request.
  Time since last request: 0.000019 seconds.
  path: Assets/ModernSupermarket/Prefabs/Props/Products/MeatTray_bbcwdq.prefab
  artifactKey: Guid(574e781899880564bb086fcc34223bc2) Importer(2089858483,0ecaa5967403d082aa24f35e1b516d23)
Start importing Assets/ModernSupermarket/Prefabs/Props/Products/MeatTray_bbcwdq.prefab using Guid(574e781899880564bb086fcc34223bc2) Importer(2089858483,0ecaa5967403d082aa24f35e1b516d23) [PhysX] Initialized MultithreadedTaskDispatcher with 16 workers.
 -> (artifact id: '8d45026bbe6a075f3f9fdcb5b8f2df24') in 0.016535 seconds
Number of updated asset objects reloaded before import = 0
Number of asset objects unloaded after import = 8
========================================================================
Received Import Request.
  Time since last request: 0.000020 seconds.
  path: Assets/ModernSupermarket/Prefabs/Props/Products/Sushis_jtvduo_Pack01.prefab
  artifactKey: Guid(948db9144f46f3c438b16981bd683711) Importer(2089858483,0ecaa5967403d082aa24f35e1b516d23)
Start importing Assets/ModernSupermarket/Prefabs/Props/Products/Sushis_jtvduo_Pack01.prefab using Guid(948db9144f46f3c438b16981bd683711) Importer(2089858483,0ecaa5967403d082aa24f35e1b516d23) [PhysX] Initialized MultithreadedTaskDispatcher with 16 workers.
 -> (artifact id: 'a6b4d1c1573b26d05ad379925b3a65cd') in 0.013529 seconds
Number of updated asset objects reloaded before import = 0
Number of asset objects unloaded after import = 8
========================================================================
Received Import Request.
  Time since last request: 0.000020 seconds.
  path: Assets/ModernSupermarket/Prefabs/Props/Products/Teabox_nokda4.prefab
  artifactKey: Guid(e50205013c944bb40a7de49245036385) Importer(2089858483,0ecaa5967403d082aa24f35e1b516d23)
Start importing Assets/ModernSupermarket/Prefabs/Props/Products/Teabox_nokda4.prefab using Guid(e50205013c944bb40a7de49245036385) Importer(2089858483,0ecaa5967403d082aa24f35e1b516d23) [PhysX] Initialized MultithreadedTaskDispatcher with 16 workers.
 -> (artifact id: 'eafef936fee87624207608a28efca887') in 0.021034 seconds
Number of updated asset objects reloaded before import = 0
Number of asset objects unloaded after import = 8
========================================================================
Received Import Request.
  Time since last request: 0.000017 seconds.
  path: Assets/ModernSupermarket/Prefabs/Props/Products/Soda_f6b9gw.prefab
  artifactKey: Guid(073dfce97529269418b94d6d278de14b) Importer(2089858483,0ecaa5967403d082aa24f35e1b516d23)
Start importing Assets/ModernSupermarket/Prefabs/Props/Products/Soda_f6b9gw.prefab using Guid(073dfce97529269418b94d6d278de14b) Importer(2089858483,0ecaa5967403d082aa24f35e1b516d23) [PhysX] Initialized MultithreadedTaskDispatcher with 16 workers.
 -> (artifact id: 'e4442a6de059307f280d83f18b11c080') in 0.009508 seconds
Number of updated asset objects reloaded before import = 0
Number of asset objects unloaded after import = 8
========================================================================
Received Import Request.
  Time since last request: 0.000019 seconds.
  path: Assets/ModernSupermarket/Prefabs/Props/Products/Teabox_l5w9ll_Var01.prefab
  artifactKey: Guid(f3e9b10945c91ba43b2be7374f6e14fd) Importer(2089858483,0ecaa5967403d082aa24f35e1b516d23)
Start importing Assets/ModernSupermarket/Prefabs/Props/Products/Teabox_l5w9ll_Var01.prefab using Guid(f3e9b10945c91ba43b2be7374f6e14fd) Importer(2089858483,0ecaa5967403d082aa24f35e1b516d23) [PhysX] Initialized MultithreadedTaskDispatcher with 16 workers.
 -> (artifact id: 'c8ea5570c510a3810bfebdc9c6ed58ef') in 0.023142 seconds
Number of updated asset objects reloaded before import = 0
Number of asset objects unloaded after import = 15
========================================================================
Received Import Request.
  Time since last request: 0.000022 seconds.
  path: Assets/ModernSupermarket/Prefabs/Props/Products/FrozenPack_xp713y_Pack01.prefab
  artifactKey: Guid(fd173e7871939654d947d0b68019216e) Importer(2089858483,0ecaa5967403d082aa24f35e1b516d23)
Start importing Assets/ModernSupermarket/Prefabs/Props/Products/FrozenPack_xp713y_Pack01.prefab using Guid(fd173e7871939654d947d0b68019216e) Importer(2089858483,0ecaa5967403d082aa24f35e1b516d23) [PhysX] Initialized MultithreadedTaskDispatcher with 16 workers.
 -> (artifact id: 'f96deb0bb27119f532c11ea00c2bb4f5') in 0.011142 seconds
Number of updated asset objects reloaded before import = 0
Number of asset objects unloaded after import = 8
========================================================================
Received Import Request.
  Time since last request: 0.000022 seconds.
  path: Assets/ModernSupermarket/Prefabs/Props/Products/EggBox12x_7zw3j2.prefab
  artifactKey: Guid(43e187253bac0784996ec1132de9ecf9) Importer(2089858483,0ecaa5967403d082aa24f35e1b516d23)
Start importing Assets/ModernSupermarket/Prefabs/Props/Products/EggBox12x_7zw3j2.prefab using Guid(43e187253bac0784996ec1132de9ecf9) Importer(2089858483,0ecaa5967403d082aa24f35e1b516d23) [PhysX] Initialized MultithreadedTaskDispatcher with 16 workers.
 -> (artifact id: '764436a2614e81ac567ef562d49f7d04') in 0.020605 seconds
Number of updated asset objects reloaded before import = 0
Number of asset objects unloaded after import = 8
========================================================================
Received Import Request.
  Time since last request: 0.000017 seconds.
  path: Assets/ModernSupermarket/Prefabs/Props/Products/Pasta_9duit_Pack02.prefab
  artifactKey: Guid(886cd00c29f2e644fa16fa180ae4937e) Importer(2089858483,0ecaa5967403d082aa24f35e1b516d23)
Start importing Assets/ModernSupermarket/Prefabs/Props/Products/Pasta_9duit_Pack02.prefab using Guid(886cd00c29f2e644fa16fa180ae4937e) Importer(2089858483,0ecaa5967403d082aa24f35e1b516d23) [PhysX] Initialized MultithreadedTaskDispatcher with 16 workers.
 -> (artifact id: '619489f3994d84b2f5c727e4ccafe228') in 0.011367 seconds
Number of updated asset objects reloaded before import = 0
Number of asset objects unloaded after import = 8
========================================================================
Received Import Request.
  Time since last request: 0.000018 seconds.
  path: Assets/ModernSupermarket/Prefabs/Props/Products/SlicedBread_tp7aom.prefab
  artifactKey: Guid(5306b4da8a8295043a08554f5331efdd) Importer(2089858483,0ecaa5967403d082aa24f35e1b516d23)
Start importing Assets/ModernSupermarket/Prefabs/Props/Products/SlicedBread_tp7aom.prefab using Guid(5306b4da8a8295043a08554f5331efdd) Importer(2089858483,0ecaa5967403d082aa24f35e1b516d23) [PhysX] Initialized MultithreadedTaskDispatcher with 16 workers.
 -> (artifact id: 'f527820558e4f78fb84df1fa18018235') in 0.018579 seconds
Number of updated asset objects reloaded before import = 0
Number of asset objects unloaded after import = 8
========================================================================
Received Import Request.
  Time since last request: 0.000018 seconds.
  path: Assets/ModernSupermarket/Prefabs/Props/Products/Sugar_o0f6pn_Var02.prefab
  artifactKey: Guid(21e9042a56403e741850e680123f110a) Importer(2089858483,0ecaa5967403d082aa24f35e1b516d23)
Start importing Assets/ModernSupermarket/Prefabs/Props/Products/Sugar_o0f6pn_Var02.prefab using Guid(21e9042a56403e741850e680123f110a) Importer(2089858483,0ecaa5967403d082aa24f35e1b516d23) [PhysX] Initialized MultithreadedTaskDispatcher with 16 workers.
 -> (artifact id: '91edbe6fde8c9673e5e73240f69c662b') in 0.022571 seconds
Number of updated asset objects reloaded before import = 0
Number of asset objects unloaded after import = 15
========================================================================
Received Import Request.
  Time since last request: 0.000027 seconds.
  path: Assets/ModernSupermarket/Prefabs/Props/Products/Vase_0p0iky_01.prefab
  artifactKey: Guid(d73df1aaf02057e44a1574029f550afb) Importer(2089858483,0ecaa5967403d082aa24f35e1b516d23)
Start importing Assets/ModernSupermarket/Prefabs/Props/Products/Vase_0p0iky_01.prefab using Guid(d73df1aaf02057e44a1574029f550afb) Importer(2089858483,0ecaa5967403d082aa24f35e1b516d23) [PhysX] Initialized MultithreadedTaskDispatcher with 16 workers.
 -> (artifact id: '968a77cac2c76cc2a1d53a52bc454c9f') in 0.011792 seconds
Number of updated asset objects reloaded before import = 0
Number of asset objects unloaded after import = 8
========================================================================
Received Import Request.
  Time since last request: 0.000028 seconds.
  path: Assets/ModernSupermarket/Prefabs/Props/Products/Pepper_ybmiq9.prefab
  artifactKey: Guid(63bc1723fb7bbff4eb0b744204e2157b) Importer(2089858483,0ecaa5967403d082aa24f35e1b516d23)
Start importing Assets/ModernSupermarket/Prefabs/Props/Products/Pepper_ybmiq9.prefab using Guid(63bc1723fb7bbff4eb0b744204e2157b) Importer(2089858483,0ecaa5967403d082aa24f35e1b516d23) [PhysX] Initialized MultithreadedTaskDispatcher with 16 workers.
 -> (artifact id: '4d27a2f695bb50aa0be766cf3f96b07e') in 0.019474 seconds
Number of updated asset objects reloaded before import = 0
Number of asset objects unloaded after import = 8
========================================================================
Received Import Request.
  Time since last request: 0.000021 seconds.
  path: Assets/ModernSupermarket/Prefabs/Props/Products/FrozenPack_t7wenh_Pack01_Var05.prefab
  artifactKey: Guid(aa44a06d3a461fd4884218e909430bca) Importer(2089858483,0ecaa5967403d082aa24f35e1b516d23)
Start importing Assets/ModernSupermarket/Prefabs/Props/Products/FrozenPack_t7wenh_Pack01_Var05.prefab using Guid(aa44a06d3a461fd4884218e909430bca) Importer(2089858483,0ecaa5967403d082aa24f35e1b516d23) [PhysX] Initialized MultithreadedTaskDispatcher with 16 workers.
 -> (artifact id: 'dbd1c85eb280bc75a02bdb27afe00bd0') in 0.013044 seconds
Number of updated asset objects reloaded before import = 0
Number of asset objects unloaded after import = 15
========================================================================
Received Import Request.
  Time since last request: 0.000022 seconds.
  path: Assets/ModernSupermarket/Prefabs/Props/Products/ToiletPaper_tunz3i.prefab
  artifactKey: Guid(fb2f7a88eab07574196dc58c141c9be8) Importer(2089858483,0ecaa5967403d082aa24f35e1b516d23)
Start importing Assets/ModernSupermarket/Prefabs/Props/Products/ToiletPaper_tunz3i.prefab using Guid(fb2f7a88eab07574196dc58c141c9be8) Importer(2089858483,0ecaa5967403d082aa24f35e1b516d23) [PhysX] Initialized MultithreadedTaskDispatcher with 16 workers.
 -> (artifact id: 'eafb767347d1e92dd03df25a4f67fc4e') in 0.012283 seconds
Number of updated asset objects reloaded before import = 0
Number of asset objects unloaded after import = 8
========================================================================
Received Import Request.
  Time since last request: 0.000017 seconds.
  path: Assets/ModernSupermarket/Prefabs/Props/Products/SweetJar_ma0jsk.prefab
  artifactKey: Guid(ee2deb1f44ab16042b0deafbd92f5648) Importer(2089858483,0ecaa5967403d082aa24f35e1b516d23)
Start importing Assets/ModernSupermarket/Prefabs/Props/Products/SweetJar_ma0jsk.prefab using Guid(ee2deb1f44ab16042b0deafbd92f5648) Importer(2089858483,0ecaa5967403d082aa24f35e1b516d23) [PhysX] Initialized MultithreadedTaskDispatcher with 16 workers.
 -> (artifact id: 'fd33a45f6c6f4a00196f93fe2dbffb9e') in 0.020895 seconds
Number of updated asset objects reloaded before import = 0
Number of asset objects unloaded after import = 8
========================================================================
Received Import Request.
  Time since last request: 0.000022 seconds.
  path: Assets/ModernSupermarket/Prefabs/Props/Products/FrozenBox_vhvpd4_Pack03.prefab
  artifactKey: Guid(2b64c1aab74bf0d47ac3532a95d3ceb7) Importer(2089858483,0ecaa5967403d082aa24f35e1b516d23)
Start importing Assets/ModernSupermarket/Prefabs/Props/Products/FrozenBox_vhvpd4_Pack03.prefab using Guid(2b64c1aab74bf0d47ac3532a95d3ceb7) Importer(2089858483,0ecaa5967403d082aa24f35e1b516d23) [PhysX] Initialized MultithreadedTaskDispatcher with 16 workers.
 -> (artifact id: '0350dd38c353f81b21403648d8f9832b') in 0.010930 seconds
Number of updated asset objects reloaded before import = 0
Number of asset objects unloaded after import = 8
========================================================================
Received Import Request.
  Time since last request: 0.000020 seconds.
  path: Assets/ModernSupermarket/Prefabs/Props/Products/SweetJar_lpbii4.prefab
  artifactKey: Guid(c1673e0caf48ec748b0c20908f444c12) Importer(2089858483,0ecaa5967403d082aa24f35e1b516d23)
Start importing Assets/ModernSupermarket/Prefabs/Props/Products/SweetJar_lpbii4.prefab using Guid(c1673e0caf48ec748b0c20908f444c12) Importer(2089858483,0ecaa5967403d082aa24f35e1b516d23) [PhysX] Initialized MultithreadedTaskDispatcher with 16 workers.
 -> (artifact id: '136bb0961953bec73f1af5254d6ab99f') in 0.011656 seconds
Number of updated asset objects reloaded before import = 0
Number of asset objects unloaded after import = 8
========================================================================
Received Import Request.
  Time since last request: 0.000019 seconds.
  path: Assets/ModernSupermarket/Prefabs/Props/Products/FrozenPack_xp713y_Var04.prefab
  artifactKey: Guid(a8441b5b7b9f4ed488cfbda89bc9cf33) Importer(2089858483,0ecaa5967403d082aa24f35e1b516d23)
Start importing Assets/ModernSupermarket/Prefabs/Props/Products/FrozenPack_xp713y_Var04.prefab using Guid(a8441b5b7b9f4ed488cfbda89bc9cf33) Importer(2089858483,0ecaa5967403d082aa24f35e1b516d23) [PhysX] Initialized MultithreadedTaskDispatcher with 16 workers.
 -> (artifact id: '4044f16a6bfe2b630ec0e23f73f613c6') in 0.014957 seconds
Number of updated asset objects reloaded before import = 0
Number of asset objects unloaded after import = 15
========================================================================
Received Import Request.
  Time since last request: 0.000020 seconds.
  path: Assets/ModernSupermarket/Prefabs/Props/Products/RicePack_rewt3q_Var02.prefab
  artifactKey: Guid(798d08235f10a1c4b923af1c8fec8716) Importer(2089858483,0ecaa5967403d082aa24f35e1b516d23)
Start importing Assets/ModernSupermarket/Prefabs/Props/Products/RicePack_rewt3q_Var02.prefab using Guid(798d08235f10a1c4b923af1c8fec8716) Importer(2089858483,0ecaa5967403d082aa24f35e1b516d23) [PhysX] Initialized MultithreadedTaskDispatcher with 16 workers.
 -> (artifact id: 'e424a3db5eb50347174f47c7b73ec277') in 0.011391 seconds
Number of updated asset objects reloaded before import = 0
Number of asset objects unloaded after import = 15
========================================================================
Received Import Request.
  Time since last request: 0.000027 seconds.
  path: Assets/ModernSupermarket/Prefabs/Props/Products/Sauce_cfrew8.prefab
  artifactKey: Guid(d51bbebfae62c964f846ff4b1ded2a1f) Importer(2089858483,0ecaa5967403d082aa24f35e1b516d23)
Start importing Assets/ModernSupermarket/Prefabs/Props/Products/Sauce_cfrew8.prefab using Guid(d51bbebfae62c964f846ff4b1ded2a1f) Importer(2089858483,0ecaa5967403d082aa24f35e1b516d23) [PhysX] Initialized MultithreadedTaskDispatcher with 16 workers.
 -> (artifact id: '5ceb132ff0d5f31f0a614d7accf623e6') in 0.010932 seconds
Number of updated asset objects reloaded before import = 0
Number of asset objects unloaded after import = 8
========================================================================
Received Import Request.
  Time since last request: 0.000019 seconds.
  path: Assets/ModernSupermarket/Prefabs/Props/Products/Vase_0p0iky_01_Var01.prefab
  artifactKey: Guid(60588303b310cd547b759b21ee2f6ee1) Importer(2089858483,0ecaa5967403d082aa24f35e1b516d23)
Start importing Assets/ModernSupermarket/Prefabs/Props/Products/Vase_0p0iky_01_Var01.prefab using Guid(60588303b310cd547b759b21ee2f6ee1) Importer(2089858483,0ecaa5967403d082aa24f35e1b516d23) [PhysX] Initialized MultithreadedTaskDispatcher with 16 workers.
 -> (artifact id: '29ded68ba0c6e2e67688bb44e983b075') in 0.016943 seconds
Number of updated asset objects reloaded before import = 0
Number of asset objects unloaded after import = 16
========================================================================
Received Import Request.
  Time since last request: 0.000022 seconds.
  path: Assets/ModernSupermarket/Prefabs/Props/Products/Teabox_l5w9ll_Pack01.prefab
  artifactKey: Guid(186a452a133451448a47cdd03f2f8d21) Importer(2089858483,0ecaa5967403d082aa24f35e1b516d23)
Start importing Assets/ModernSupermarket/Prefabs/Props/Products/Teabox_l5w9ll_Pack01.prefab using Guid(186a452a133451448a47cdd03f2f8d21) Importer(2089858483,0ecaa5967403d082aa24f35e1b516d23) [PhysX] Initialized MultithreadedTaskDispatcher with 16 workers.
 -> (artifact id: 'c4a3ff7633ecd7b3040c5c90272d1786') in 0.012322 seconds
Number of updated asset objects reloaded before import = 0
Number of asset objects unloaded after import = 8
========================================================================
Received Import Request.
  Time since last request: 0.000021 seconds.
  path: Assets/ModernSupermarket/Prefabs/Props/Products/Sushis_jtvduo.prefab
  artifactKey: Guid(030c7a3ef8bdc9741b1b95ce21a3a528) Importer(2089858483,0ecaa5967403d082aa24f35e1b516d23)
Start importing Assets/ModernSupermarket/Prefabs/Props/Products/Sushis_jtvduo.prefab using Guid(030c7a3ef8bdc9741b1b95ce21a3a528) Importer(2089858483,0ecaa5967403d082aa24f35e1b516d23) [PhysX] Initialized MultithreadedTaskDispatcher with 16 workers.
 -> (artifact id: '9dadd3d7bf3a9a0ef7d066f6044d071b') in 0.021261 seconds
Number of updated asset objects reloaded before import = 0
Number of asset objects unloaded after import = 8
========================================================================
Received Import Request.
  Time since last request: 0.000067 seconds.
  path: Assets/ModernSupermarket/Prefabs/Props/Products/Laundry_mm7gx5_Pack01_Var02.prefab
  artifactKey: Guid(c30a2a8e0ac67774fb3b3f88b4072e12) Importer(2089858483,0ecaa5967403d082aa24f35e1b516d23)
Start importing Assets/ModernSupermarket/Prefabs/Props/Products/Laundry_mm7gx5_Pack01_Var02.prefab using Guid(c30a2a8e0ac67774fb3b3f88b4072e12) Importer(2089858483,0ecaa5967403d082aa24f35e1b516d23) [PhysX] Initialized MultithreadedTaskDispatcher with 16 workers.
 -> (artifact id: '24372c6c6c065ed98fc68d763f362324') in 0.012230 seconds
Number of updated asset objects reloaded before import = 0
Number of asset objects unloaded after import = 15
========================================================================
Received Import Request.
  Time since last request: 0.000018 seconds.
  path: Assets/ModernSupermarket/Prefabs/Props/Products/Ham_wplnxm_Pack01.prefab
  artifactKey: Guid(c575196db0c276c489dbd25b02243794) Importer(2089858483,0ecaa5967403d082aa24f35e1b516d23)
Start importing Assets/ModernSupermarket/Prefabs/Props/Products/Ham_wplnxm_Pack01.prefab using Guid(c575196db0c276c489dbd25b02243794) Importer(2089858483,0ecaa5967403d082aa24f35e1b516d23) [PhysX] Initialized MultithreadedTaskDispatcher with 16 workers.
 -> (artifact id: '3c5c0b8630c124e50f1a22971cf226a4') in 0.010802 seconds
Number of updated asset objects reloaded before import = 0
Number of asset objects unloaded after import = 8
========================================================================
Received Import Request.
  Time since last request: 0.000021 seconds.
  path: Assets/ModernSupermarket/Prefabs/Props/Products/Sushis_r6r1w6_Pack01.prefab
  artifactKey: Guid(03120fe0067e41646aeef3bb7a078e97) Importer(2089858483,0ecaa5967403d082aa24f35e1b516d23)
Start importing Assets/ModernSupermarket/Prefabs/Props/Products/Sushis_r6r1w6_Pack01.prefab using Guid(03120fe0067e41646aeef3bb7a078e97) Importer(2089858483,0ecaa5967403d082aa24f35e1b516d23) [PhysX] Initialized MultithreadedTaskDispatcher with 16 workers.
 -> (artifact id: 'f37b661e31ebc9e3c0d3b95937feb588') in 0.020914 seconds
Number of updated asset objects reloaded before import = 0
Number of asset objects unloaded after import = 8
========================================================================
Received Import Request.
  Time since last request: 0.000033 seconds.
  path: Assets/ModernSupermarket/Prefabs/Props/Products/PaperTowel_b8o0yi.prefab
  artifactKey: Guid(af3fddf35f711cd4d829d9bf46663596) Importer(2089858483,0ecaa5967403d082aa24f35e1b516d23)
Start importing Assets/ModernSupermarket/Prefabs/Props/Products/PaperTowel_b8o0yi.prefab using Guid(af3fddf35f711cd4d829d9bf46663596) Importer(2089858483,0ecaa5967403d082aa24f35e1b516d23) [PhysX] Initialized MultithreadedTaskDispatcher with 16 workers.
 -> (artifact id: 'afa07c09692b71788746045b01684364') in 0.010983 seconds
Number of updated asset objects reloaded before import = 0
Number of asset objects unloaded after import = 8
========================================================================
Received Import Request.
  Time since last request: 0.000018 seconds.
  path: Assets/ModernSupermarket/Prefabs/Props/Products/Shampoo_u15m67_Pack01.prefab
  artifactKey: Guid(bf998985975bb9442b90d53ed9fd8d30) Importer(2089858483,0ecaa5967403d082aa24f35e1b516d23)
Start importing Assets/ModernSupermarket/Prefabs/Props/Products/Shampoo_u15m67_Pack01.prefab using Guid(bf998985975bb9442b90d53ed9fd8d30) Importer(2089858483,0ecaa5967403d082aa24f35e1b516d23) [PhysX] Initialized MultithreadedTaskDispatcher with 16 workers.
 -> (artifact id: '2e9debc1941847304027a37b9d5344e5') in 0.010705 seconds
Number of updated asset objects reloaded before import = 0
Number of asset objects unloaded after import = 8
========================================================================
Received Import Request.
  Time since last request: 0.000022 seconds.
  path: Assets/ModernSupermarket/Prefabs/Props/Products/Pizza_ehb1pe.prefab
  artifactKey: Guid(7f1c69769622e78438ce989bc6d3343f) Importer(2089858483,0ecaa5967403d082aa24f35e1b516d23)
Start importing Assets/ModernSupermarket/Prefabs/Props/Products/Pizza_ehb1pe.prefab using Guid(7f1c69769622e78438ce989bc6d3343f) Importer(2089858483,0ecaa5967403d082aa24f35e1b516d23) [PhysX] Initialized MultithreadedTaskDispatcher with 16 workers.
 -> (artifact id: 'b8630a0e2f3deadc8f10dadf0b8c7c4c') in 0.010431 seconds
Number of updated asset objects reloaded before import = 0
Number of asset objects unloaded after import = 8
========================================================================
Received Import Request.
  Time since last request: 0.000021 seconds.
  path: Assets/ModernSupermarket/Prefabs/Props/Products/Vase_x3wysg_01.prefab
  artifactKey: Guid(19b578d096e35c44bb58b28b8c4613f7) Importer(2089858483,0ecaa5967403d082aa24f35e1b516d23)
Start importing Assets/ModernSupermarket/Prefabs/Props/Products/Vase_x3wysg_01.prefab using Guid(19b578d096e35c44bb58b28b8c4613f7) Importer(2089858483,0ecaa5967403d082aa24f35e1b516d23) [PhysX] Initialized MultithreadedTaskDispatcher with 16 workers.
 -> (artifact id: '9d375c955a44a35ab8d4425e5a7b4dee') in 0.013524 seconds
Number of updated asset objects reloaded before import = 0
Number of asset objects unloaded after import = 8
========================================================================
Received Import Request.
  Time since last request: 0.000019 seconds.
  path: Assets/ModernSupermarket/Prefabs/Props/Products/Laundry_mm7gx5_Pack01.prefab
  artifactKey: Guid(c6ad079f21bdd214ea3afd2f56b5e1ab) Importer(2089858483,0ecaa5967403d082aa24f35e1b516d23)
Start importing Assets/ModernSupermarket/Prefabs/Props/Products/Laundry_mm7gx5_Pack01.prefab using Guid(c6ad079f21bdd214ea3afd2f56b5e1ab) Importer(2089858483,0ecaa5967403d082aa24f35e1b516d23) [PhysX] Initialized MultithreadedTaskDispatcher with 16 workers.
 -> (artifact id: 'd4b1f00b0b8b367dd6bb999d27cf6bc9') in 0.010401 seconds
Number of updated asset objects reloaded before import = 0
Number of asset objects unloaded after import = 8
========================================================================
Received Import Request.
  Time since last request: 0.000021 seconds.
  path: Assets/ModernSupermarket/Prefabs/Props/Products/PotatoeBag_gcx3y2.prefab
  artifactKey: Guid(bd0eef10dd0e7fd438a4e56045b9d461) Importer(2089858483,0ecaa5967403d082aa24f35e1b516d23)
Start importing Assets/ModernSupermarket/Prefabs/Props/Products/PotatoeBag_gcx3y2.prefab using Guid(bd0eef10dd0e7fd438a4e56045b9d461) Importer(2089858483,0ecaa5967403d082aa24f35e1b516d23) [PhysX] Initialized MultithreadedTaskDispatcher with 16 workers.
 -> (artifact id: 'bdffa6e0bb6c43ae3553806ae132d825') in 0.026212 seconds
Number of updated asset objects reloaded before import = 0
Number of asset objects unloaded after import = 8
========================================================================
Received Import Request.
  Time since last request: 0.000020 seconds.
  path: Assets/ModernSupermarket/Prefabs/Props/Products/Pasta_g87jtq_Pack01.prefab
  artifactKey: Guid(96f1062f02875c843b3100cb31acc392) Importer(2089858483,0ecaa5967403d082aa24f35e1b516d23)
Start importing Assets/ModernSupermarket/Prefabs/Props/Products/Pasta_g87jtq_Pack01.prefab using Guid(96f1062f02875c843b3100cb31acc392) Importer(2089858483,0ecaa5967403d082aa24f35e1b516d23) [PhysX] Initialized MultithreadedTaskDispatcher with 16 workers.
 -> (artifact id: '15748a01efb75368411757795e688510') in 0.010254 seconds
Number of updated asset objects reloaded before import = 0
Number of asset objects unloaded after import = 8
========================================================================
Received Import Request.
  Time since last request: 0.000020 seconds.
  path: Assets/ModernSupermarket/Prefabs/Props/Products/FrozenPack_t7wenh_Pack01_Var02.prefab
  artifactKey: Guid(5656735f0c1489a48b958f93420be2fc) Importer(2089858483,0ecaa5967403d082aa24f35e1b516d23)
Start importing Assets/ModernSupermarket/Prefabs/Props/Products/FrozenPack_t7wenh_Pack01_Var02.prefab using Guid(5656735f0c1489a48b958f93420be2fc) Importer(2089858483,0ecaa5967403d082aa24f35e1b516d23) [PhysX] Initialized MultithreadedTaskDispatcher with 16 workers.
 -> (artifact id: 'adaaff16c1327c62113707ea2ce156f5') in 0.012789 seconds
Number of updated asset objects reloaded before import = 0
Number of asset objects unloaded after import = 15
========================================================================
Received Import Request.
  Time since last request: 0.000023 seconds.
  path: Assets/ModernSupermarket/Prefabs/Props/Products/Sushis_r6r1w6.prefab
  artifactKey: Guid(2a8e5997c508e3046b003d3f3acd42fd) Importer(2089858483,0ecaa5967403d082aa24f35e1b516d23)
Start importing Assets/ModernSupermarket/Prefabs/Props/Products/Sushis_r6r1w6.prefab using Guid(2a8e5997c508e3046b003d3f3acd42fd) Importer(2089858483,0ecaa5967403d082aa24f35e1b516d23) [PhysX] Initialized MultithreadedTaskDispatcher with 16 workers.
 -> (artifact id: 'db85218c3c009c91e493219c335d890b') in 0.018450 seconds
Number of updated asset objects reloaded before import = 0
Number of asset objects unloaded after import = 8
========================================================================
Received Import Request.
  Time since last request: 0.000022 seconds.
  path: Assets/ModernSupermarket/Prefabs/Props/Products/MashPotatoe_3n44xc.prefab
  artifactKey: Guid(e5da85f5478d52348a78c2d95774c12f) Importer(2089858483,0ecaa5967403d082aa24f35e1b516d23)
Start importing Assets/ModernSupermarket/Prefabs/Props/Products/MashPotatoe_3n44xc.prefab using Guid(e5da85f5478d52348a78c2d95774c12f) Importer(2089858483,0ecaa5967403d082aa24f35e1b516d23) [PhysX] Initialized MultithreadedTaskDispatcher with 16 workers.
 -> (artifact id: 'c30e6df79c61eff18cc41db7a2936b5a') in 0.018426 seconds
Number of updated asset objects reloaded before import = 0
Number of asset objects unloaded after import = 8
========================================================================
Received Import Request.
  Time since last request: 0.000021 seconds.
  path: Assets/ModernSupermarket/Prefabs/Props/Products/MeatTray_dbf1nh.prefab
  artifactKey: Guid(59ae1c1d4d1694946afcf4b03278689c) Importer(2089858483,0ecaa5967403d082aa24f35e1b516d23)
Start importing Assets/ModernSupermarket/Prefabs/Props/Products/MeatTray_dbf1nh.prefab using Guid(59ae1c1d4d1694946afcf4b03278689c) Importer(2089858483,0ecaa5967403d082aa24f35e1b516d23) [PhysX] Initialized MultithreadedTaskDispatcher with 16 workers.
 -> (artifact id: 'db39c943cc146f6ff6d6f109b07e0c11') in 0.017969 seconds
Number of updated asset objects reloaded before import = 0
Number of asset objects unloaded after import = 8
========================================================================
Received Import Request.
  Time since last request: 0.000023 seconds.
  path: Assets/ModernSupermarket/Prefabs/Props/Products/Paintings_wmgwnw_01.prefab
  artifactKey: Guid(abc77cb25ce43c743a88899deffd8607) Importer(2089858483,0ecaa5967403d082aa24f35e1b516d23)
Start importing Assets/ModernSupermarket/Prefabs/Props/Products/Paintings_wmgwnw_01.prefab using Guid(abc77cb25ce43c743a88899deffd8607) Importer(2089858483,0ecaa5967403d082aa24f35e1b516d23) [PhysX] Initialized MultithreadedTaskDispatcher with 16 workers.
 -> (artifact id: '878b8fa9b5643735f6cc67abe2d2c529') in 0.012279 seconds
Number of updated asset objects reloaded before import = 0
Number of asset objects unloaded after import = 8
========================================================================
Received Import Request.
  Time since last request: 0.000020 seconds.
  path: Assets/ModernSupermarket/Prefabs/Props/Products/Pasta_g87jtq_Var01.prefab
  artifactKey: Guid(2c6f5c3c4e5a84f47852a9d0103bfe3e) Importer(2089858483,0ecaa5967403d082aa24f35e1b516d23)
Start importing Assets/ModernSupermarket/Prefabs/Props/Products/Pasta_g87jtq_Var01.prefab using Guid(2c6f5c3c4e5a84f47852a9d0103bfe3e) Importer(2089858483,0ecaa5967403d082aa24f35e1b516d23) [PhysX] Initialized MultithreadedTaskDispatcher with 16 workers.
 -> (artifact id: 'fe6de888408f45bbe9d1954de24cf31c') in 0.014660 seconds
Number of updated asset objects reloaded before import = 0
Number of asset objects unloaded after import = 15
========================================================================
Received Import Request.
  Time since last request: 0.000018 seconds.
  path: Assets/ModernSupermarket/Prefabs/Props/Products/MeatTray_qm4z4l_Pack01.prefab
  artifactKey: Guid(481601076a9c7514d9f06a81157642ab) Importer(2089858483,0ecaa5967403d082aa24f35e1b516d23)
Start importing Assets/ModernSupermarket/Prefabs/Props/Products/MeatTray_qm4z4l_Pack01.prefab using Guid(481601076a9c7514d9f06a81157642ab) Importer(2089858483,0ecaa5967403d082aa24f35e1b516d23) [PhysX] Initialized MultithreadedTaskDispatcher with 16 workers.
 -> (artifact id: '65a8188dd097b48e8d519d838f268d7a') in 0.010825 seconds
Number of updated asset objects reloaded before import = 0
Number of asset objects unloaded after import = 8
========================================================================
Received Import Request.
  Time since last request: 0.000020 seconds.
  path: Assets/ModernSupermarket/Prefabs/Props/Products/Eggbox8x_2zgq4h_Pack01.prefab
  artifactKey: Guid(5099a2482826db7469be67c7d709a406) Importer(2089858483,0ecaa5967403d082aa24f35e1b516d23)
Start importing Assets/ModernSupermarket/Prefabs/Props/Products/Eggbox8x_2zgq4h_Pack01.prefab using Guid(5099a2482826db7469be67c7d709a406) Importer(2089858483,0ecaa5967403d082aa24f35e1b516d23) [PhysX] Initialized MultithreadedTaskDispatcher with 16 workers.
 -> (artifact id: '42727c69b3870a20ad7e307d3afe35c1') in 0.011709 seconds
Number of updated asset objects reloaded before import = 0
Number of asset objects unloaded after import = 8
========================================================================
Received Import Request.
  Time since last request: 0.000032 seconds.
  path: Assets/ModernSupermarket/Prefabs/Props/Products/FrozenBox_vhvpd4_Var01.prefab
  artifactKey: Guid(4d3fd664fa2aa3b46ba879ac1b576484) Importer(2089858483,0ecaa5967403d082aa24f35e1b516d23)
Start importing Assets/ModernSupermarket/Prefabs/Props/Products/FrozenBox_vhvpd4_Var01.prefab using Guid(4d3fd664fa2aa3b46ba879ac1b576484) Importer(2089858483,0ecaa5967403d082aa24f35e1b516d23) [PhysX] Initialized MultithreadedTaskDispatcher with 16 workers.
 -> (artifact id: 'ccdec47eebdc7c354a4d9b04cfeec4d2') in 0.016450 seconds
Number of updated asset objects reloaded before import = 0
Number of asset objects unloaded after import = 15
========================================================================
Received Import Request.
  Time since last request: 0.000017 seconds.
  path: Assets/ModernSupermarket/Prefabs/Props/Products/Soda_d7rdw9_Pack01.prefab
  artifactKey: Guid(139f26fcf87e91946b50160cf9b10fe2) Importer(2089858483,0ecaa5967403d082aa24f35e1b516d23)
Start importing Assets/ModernSupermarket/Prefabs/Props/Products/Soda_d7rdw9_Pack01.prefab using Guid(139f26fcf87e91946b50160cf9b10fe2) Importer(2089858483,0ecaa5967403d082aa24f35e1b516d23) [PhysX] Initialized MultithreadedTaskDispatcher with 16 workers.
 -> (artifact id: 'edaa96cd977e33416b673324d971c2ce') in 0.011379 seconds
Number of updated asset objects reloaded before import = 0
Number of asset objects unloaded after import = 8
========================================================================
Received Import Request.
  Time since last request: 0.000019 seconds.
  path: Assets/ModernSupermarket/Prefabs/Props/Products/FrozenPack_t7wenh_Var01.prefab
  artifactKey: Guid(521272ae4057ae74bb422cd3a2591389) Importer(2089858483,0ecaa5967403d082aa24f35e1b516d23)
Start importing Assets/ModernSupermarket/Prefabs/Props/Products/FrozenPack_t7wenh_Var01.prefab using Guid(521272ae4057ae74bb422cd3a2591389) Importer(2089858483,0ecaa5967403d082aa24f35e1b516d23) [PhysX] Initialized MultithreadedTaskDispatcher with 16 workers.
 -> (artifact id: 'fd16c17c93042df0cf7326cbd15f3bd5') in 0.015584 seconds
Number of updated asset objects reloaded before import = 0
Number of asset objects unloaded after import = 15
========================================================================
Received Import Request.
  Time since last request: 1.109945 seconds.
  path: Assets/ModernSupermarket/Prefabs/Props/Products/Vase_x3wysg_03.prefab
  artifactKey: Guid(129d1f23835cf444f88da9fdb5225c79) Importer(2089858483,0ecaa5967403d082aa24f35e1b516d23)
Start importing Assets/ModernSupermarket/Prefabs/Props/Products/Vase_x3wysg_03.prefab using Guid(129d1f23835cf444f88da9fdb5225c79) Importer(2089858483,0ecaa5967403d082aa24f35e1b516d23) [PhysX] Initialized MultithreadedTaskDispatcher with 16 workers.
 -> (artifact id: '33e60972cae38a4ac2506eb5e810d48a') in 0.017296 seconds
Number of updated asset objects reloaded before import = 0
Number of asset objects unloaded after import = 8
========================================================================
Received Import Request.
  Time since last request: 0.000016 seconds.
  path: Assets/ModernSupermarket/Models/Furniture/HeritageBuffet_wkjvvg/Textures/HeritageBuffet_wkjvvg_a.png
  artifactKey: Guid(042e0aa583f153049aaecebab6349df6) Importer(2089858483,0ecaa5967403d082aa24f35e1b516d23)
Start importing Assets/ModernSupermarket/Models/Furniture/HeritageBuffet_wkjvvg/Textures/HeritageBuffet_wkjvvg_a.png using Guid(042e0aa583f153049aaecebab6349df6) Importer(2089858483,0ecaa5967403d082aa24f35e1b516d23) [PhysX] Initialized MultithreadedTaskDispatcher with 16 workers.
 -> (artifact id: '06ffa1e8ccd3b3da77a6e615e31666ca') in 0.014363 seconds
Number of updated asset objects reloaded before import = 0
Number of asset objects unloaded after import = 1
========================================================================
Received Import Request.
  Time since last request: 0.000022 seconds.
  path: Assets/TextMesh Pro/Examples & Extras/Resources/Color Gradient Presets/Blue to Purple - Vertical.asset
  artifactKey: Guid(479a66fa4b094512a62b0a8e553ad95a) Importer(2089858483,0ecaa5967403d082aa24f35e1b516d23)
Start importing Assets/TextMesh Pro/Examples & Extras/Resources/Color Gradient Presets/Blue to Purple - Vertical.asset using Guid(479a66fa4b094512a62b0a8e553ad95a) Importer(2089858483,0ecaa5967403d082aa24f35e1b516d23) [PhysX] Initialized MultithreadedTaskDispatcher with 16 workers.
 -> (artifact id: 'ecb645ef0da0aff05011c1ecebdf9b69') in 0.016277 seconds
Number of updated asset objects reloaded before import = 0
Number of asset objects unloaded after import = 1
========================================================================
Received Import Request.
  Time since last request: 0.000021 seconds.
  path: Assets/ModernSupermarket/Models/Furniture/Door_o8w2gy/Textures/Door_o8w2gy_m.png
  artifactKey: Guid(32290f983b3c2fa4799b80181bc2900b) Importer(2089858483,0ecaa5967403d082aa24f35e1b516d23)
Start importing Assets/ModernSupermarket/Models/Furniture/Door_o8w2gy/Textures/Door_o8w2gy_m.png using Guid(32290f983b3c2fa4799b80181bc2900b) Importer(2089858483,0ecaa5967403d082aa24f35e1b516d23) [PhysX] Initialized MultithreadedTaskDispatcher with 16 workers.
 -> (artifact id: '91b306485722cab78f411c347730c03a') in 0.015623 seconds
Number of updated asset objects reloaded before import = 0
Number of asset objects unloaded after import = 1
========================================================================
Received Import Request.
  Time since last request: 0.000022 seconds.
  path: Assets/TextMesh Pro/Examples & Extras/Resources/Fonts & Materials/Bangers SDF - Outline.mat
  artifactKey: Guid(f629c6e43dba4bf38cb74d8860150664) Importer(2089858483,0ecaa5967403d082aa24f35e1b516d23)
Start importing Assets/TextMesh Pro/Examples & Extras/Resources/Fonts & Materials/Bangers SDF - Outline.mat using Guid(f629c6e43dba4bf38cb74d8860150664) Importer(2089858483,0ecaa5967403d082aa24f35e1b516d23) [PhysX] Initialized MultithreadedTaskDispatcher with 16 workers.
 -> (artifact id: '53fcb14aae72cb6c154ea342ceace7e8') in 0.010675 seconds
Number of updated asset objects reloaded before import = 0
Number of asset objects unloaded after import = 2
========================================================================
Received Import Request.
  Time since last request: 0.000035 seconds.
  path: Assets/ModernSupermarket/Scenes/Scene_Supermarket/Supermarket/Lightmap-0_comp_light.exr
  artifactKey: Guid(f24e580186479a6429203d52b641ffed) Importer(2089858483,0ecaa5967403d082aa24f35e1b516d23)
Start importing Assets/ModernSupermarket/Scenes/Scene_Supermarket/Supermarket/Lightmap-0_comp_light.exr using Guid(f24e580186479a6429203d52b641ffed) Importer(2089858483,0ecaa5967403d082aa24f35e1b516d23) [PhysX] Initialized MultithreadedTaskDispatcher with 16 workers.
 -> (artifact id: '284e06d351c81ddfc06caf293f2b16db') in 0.037181 seconds
Number of updated asset objects reloaded before import = 0
Number of asset objects unloaded after import = 1
========================================================================
Received Import Request.
  Time since last request: 0.000018 seconds.
  path: Assets/ModernSupermarket/Models/Furniture/HeritageStall_0hvi4w/Textures/HeritageStall_0hvi4w_o.png
  artifactKey: Guid(5ad8d2fa38400f2459ce32c5d2610c94) Importer(2089858483,0ecaa5967403d082aa24f35e1b516d23)
Start importing Assets/ModernSupermarket/Models/Furniture/HeritageStall_0hvi4w/Textures/HeritageStall_0hvi4w_o.png using Guid(5ad8d2fa38400f2459ce32c5d2610c94) Importer(2089858483,0ecaa5967403d082aa24f35e1b516d23) [PhysX] Initialized MultithreadedTaskDispatcher with 16 workers.
 -> (artifact id: '20dc745202e7144e3b17bc06ec436ac6') in 0.016638 seconds
Number of updated asset objects reloaded before import = 0
Number of asset objects unloaded after import = 1
========================================================================
Received Import Request.
  Time since last request: 0.000076 seconds.
  path: Assets/ModernSupermarket/Prefabs/Props/Utility/Crate_omgea6.prefab
  artifactKey: Guid(1c2787f8a807dc746b439191e3f3a90e) Importer(2089858483,0ecaa5967403d082aa24f35e1b516d23)
Start importing Assets/ModernSupermarket/Prefabs/Props/Utility/Crate_omgea6.prefab using Guid(1c2787f8a807dc746b439191e3f3a90e) Importer(2089858483,0ecaa5967403d082aa24f35e1b516d23) [PhysX] Initialized MultithreadedTaskDispatcher with 16 workers.
 -> (artifact id: '83b8f2ad2c2fca84d7c4c78312991066') in 0.016315 seconds
Number of updated asset objects reloaded before import = 0
Number of asset objects unloaded after import = 8
========================================================================
Received Import Request.
  Time since last request: 0.000016 seconds.
  path: Assets/TextMesh Pro/Examples & Extras/Resources/Fonts & Materials/LiberationSans SDF - Metalic Green.mat
  artifactKey: Guid(8b29aaa3eec7468097ff07adfcf29ac9) Importer(2089858483,0ecaa5967403d082aa24f35e1b516d23)
Start importing Assets/TextMesh Pro/Examples & Extras/Resources/Fonts & Materials/LiberationSans SDF - Metalic Green.mat using Guid(8b29aaa3eec7468097ff07adfcf29ac9) Importer(2089858483,0ecaa5967403d082aa24f35e1b516d23) [PhysX] Initialized MultithreadedTaskDispatcher with 16 workers.
 -> (artifact id: '82f962356daa20a9d1793cadcc96f560') in 0.021906 seconds
Number of updated asset objects reloaded before import = 0
Number of asset objects unloaded after import = 4
========================================================================
Received Import Request.
  Time since last request: 0.000019 seconds.
  path: Assets/ModernSupermarket/Models/Furniture/Freezer_9olxw5/Textures/Freezer_9olxw5_m.png
  artifactKey: Guid(6ad0df6f3282b61449615564160868ba) Importer(2089858483,0ecaa5967403d082aa24f35e1b516d23)
Start importing Assets/ModernSupermarket/Models/Furniture/Freezer_9olxw5/Textures/Freezer_9olxw5_m.png using Guid(6ad0df6f3282b61449615564160868ba) Importer(2089858483,0ecaa5967403d082aa24f35e1b516d23) [PhysX] Initialized MultithreadedTaskDispatcher with 16 workers.
 -> (artifact id: '1036f48172a00c41126fd98e8a06dcf9') in 0.013720 seconds
Number of updated asset objects reloaded before import = 0
Number of asset objects unloaded after import = 1
========================================================================
Received Import Request.
  Time since last request: 0.000020 seconds.
  path: Assets/ModernSupermarket/Models/Furniture/Shelf_6h7vop/Textures/Shelf_6h7vop_m.png
  artifactKey: Guid(98bc05b47249b7840b3923eb67a5de06) Importer(2089858483,0ecaa5967403d082aa24f35e1b516d23)
Start importing Assets/ModernSupermarket/Models/Furniture/Shelf_6h7vop/Textures/Shelf_6h7vop_m.png using Guid(98bc05b47249b7840b3923eb67a5de06) Importer(2089858483,0ecaa5967403d082aa24f35e1b516d23) [PhysX] Initialized MultithreadedTaskDispatcher with 16 workers.
 -> (artifact id: '14115556d4b1a70bef664768fda04f32') in 0.017393 seconds
Number of updated asset objects reloaded before import = 0
Number of asset objects unloaded after import = 1
========================================================================
Received Import Request.
  Time since last request: 0.000026 seconds.
  path: Assets/ModernSupermarket/Models/Furniture/Sign_04h2fw/Textures/Sign_04h2fw_Water_a.png
  artifactKey: Guid(aac29d9de48066443a0ccce4930e092d) Importer(2089858483,0ecaa5967403d082aa24f35e1b516d23)
Start importing Assets/ModernSupermarket/Models/Furniture/Sign_04h2fw/Textures/Sign_04h2fw_Water_a.png using Guid(aac29d9de48066443a0ccce4930e092d) Importer(2089858483,0ecaa5967403d082aa24f35e1b516d23) [PhysX] Initialized MultithreadedTaskDispatcher with 16 workers.
 -> (artifact id: '9d3d36cdb9547625183926d0d1f23fbb') in 0.017022 seconds
Number of updated asset objects reloaded before import = 0
Number of asset objects unloaded after import = 1
========================================================================
Received Import Request.
  Time since last request: 0.000024 seconds.
  path: Assets/ModernSupermarket/Prefabs/Props/Products/WaterBottle_cbaimv.prefab
  artifactKey: Guid(c4caa4f13e2e7814789dda031b4f499e) Importer(2089858483,0ecaa5967403d082aa24f35e1b516d23)
Start importing Assets/ModernSupermarket/Prefabs/Props/Products/WaterBottle_cbaimv.prefab using Guid(c4caa4f13e2e7814789dda031b4f499e) Importer(2089858483,0ecaa5967403d082aa24f35e1b516d23) [PhysX] Initialized MultithreadedTaskDispatcher with 16 workers.
 -> (artifact id: 'bb5576af61572a807db9be7321825179') in 0.016079 seconds
Number of updated asset objects reloaded before import = 0
Number of asset objects unloaded after import = 8
========================================================================
Received Import Request.
  Time since last request: 0.000018 seconds.
  path: Assets/ModernSupermarket/Models/Furniture/Sign_04h2fw/Textures/Sign_04h2fw_Decoration_a.png
  artifactKey: Guid(c048aff0be3583a4db97944040e42346) Importer(2089858483,0ecaa5967403d082aa24f35e1b516d23)
Start importing Assets/ModernSupermarket/Models/Furniture/Sign_04h2fw/Textures/Sign_04h2fw_Decoration_a.png using Guid(c048aff0be3583a4db97944040e42346) Importer(2089858483,0ecaa5967403d082aa24f35e1b516d23) [PhysX] Initialized MultithreadedTaskDispatcher with 16 workers.
 -> (artifact id: 'dff6d561709981bd64dc2adc2f1c4fc0') in 0.017819 seconds
Number of updated asset objects reloaded before import = 0
Number of asset objects unloaded after import = 1
========================================================================
Received Import Request.
  Time since last request: 0.000021 seconds.
  path: Assets/ModernSupermarket/Prefabs/Props/Utility/CashMachine_lazhgf.prefab
  artifactKey: Guid(82af2b73bcb53e341aec2538113c742c) Importer(2089858483,0ecaa5967403d082aa24f35e1b516d23)
Start importing Assets/ModernSupermarket/Prefabs/Props/Utility/CashMachine_lazhgf.prefab using Guid(82af2b73bcb53e341aec2538113c742c) Importer(2089858483,0ecaa5967403d082aa24f35e1b516d23) [PhysX] Initialized MultithreadedTaskDispatcher with 16 workers.
 -> (artifact id: 'd3ed27ced8ed6a3ab760eeda76b70067') in 0.017424 seconds
Number of updated asset objects reloaded before import = 0
Number of asset objects unloaded after import = 15
========================================================================
Received Import Request.
  Time since last request: 0.000018 seconds.
  path: Assets/ModernSupermarket/Textures/Surfaces/Ceiling_ei180i/Ceiling_ei180i_a.png
  artifactKey: Guid(6378cd80c5e00eb4e95f38c7304f0ba3) Importer(2089858483,0ecaa5967403d082aa24f35e1b516d23)
Start importing Assets/ModernSupermarket/Textures/Surfaces/Ceiling_ei180i/Ceiling_ei180i_a.png using Guid(6378cd80c5e00eb4e95f38c7304f0ba3) Importer(2089858483,0ecaa5967403d082aa24f35e1b516d23) [PhysX] Initialized MultithreadedTaskDispatcher with 16 workers.
 -> (artifact id: 'e42e8f4f1ea574b5be7e7506e9a52c12') in 0.019955 seconds
Number of updated asset objects reloaded before import = 0
Number of asset objects unloaded after import = 1
========================================================================
Received Import Request.
  Time since last request: 0.000020 seconds.
  path: Assets/ModernSupermarket/Textures/Surfaces/Concrete_nlqhws/Concrete_nlqhws_o.png
  artifactKey: Guid(68dca38d8000bf142872c8cb324e77fd) Importer(2089858483,0ecaa5967403d082aa24f35e1b516d23)
Start importing Assets/ModernSupermarket/Textures/Surfaces/Concrete_nlqhws/Concrete_nlqhws_o.png using Guid(68dca38d8000bf142872c8cb324e77fd) Importer(2089858483,0ecaa5967403d082aa24f35e1b516d23) [PhysX] Initialized MultithreadedTaskDispatcher with 16 workers.
 -> (artifact id: '36287302fc4bb0a56cd6f7e3c1a853dc') in 0.012941 seconds
Number of updated asset objects reloaded before import = 0
Number of asset objects unloaded after import = 1
========================================================================
Received Import Request.
  Time since last request: 0.000031 seconds.
  path: Assets/ModernSupermarket/Prefabs/Props/Utility/Basket_x5gi0j.prefab
  artifactKey: Guid(97b4a40764c96a54bb687c5fe05bd561) Importer(2089858483,0ecaa5967403d082aa24f35e1b516d23)
Start importing Assets/ModernSupermarket/Prefabs/Props/Utility/Basket_x5gi0j.prefab using Guid(97b4a40764c96a54bb687c5fe05bd561) Importer(2089858483,0ecaa5967403d082aa24f35e1b516d23) [PhysX] Initialized MultithreadedTaskDispatcher with 16 workers.
 -> (artifact id: 'ea6e3443fbfaa78a60514c5e27807bcf') in 0.009090 seconds
Number of updated asset objects reloaded before import = 0
Number of asset objects unloaded after import = 19
========================================================================
Received Import Request.
  Time since last request: 0.000019 seconds.
  path: Assets/ModernSupermarket/Models/Furniture/Fridge_f13xen/Textures/Fridge_f13xen_m.png
  artifactKey: Guid(c0214afc0a5f75349bc6c846000fc1a4) Importer(2089858483,0ecaa5967403d082aa24f35e1b516d23)
Start importing Assets/ModernSupermarket/Models/Furniture/Fridge_f13xen/Textures/Fridge_f13xen_m.png using Guid(c0214afc0a5f75349bc6c846000fc1a4) Importer(2089858483,0ecaa5967403d082aa24f35e1b516d23) [PhysX] Initialized MultithreadedTaskDispatcher with 16 workers.
 -> (artifact id: 'cac591f42a11f9132cd242b788c3ba50') in 0.013082 seconds
Number of updated asset objects reloaded before import = 0
Number of asset objects unloaded after import = 1
========================================================================
Received Import Request.
  Time since last request: 0.000024 seconds.
  path: Assets/ModernSupermarket/Scenes/Scene_Supermarket/Supermarket/ReflectionProbe-0.exr
  artifactKey: Guid(2ad8db2063bdedc4ca990ecddb82e98a) Importer(2089858483,0ecaa5967403d082aa24f35e1b516d23)
Start importing Assets/ModernSupermarket/Scenes/Scene_Supermarket/Supermarket/ReflectionProbe-0.exr using Guid(2ad8db2063bdedc4ca990ecddb82e98a) Importer(2089858483,0ecaa5967403d082aa24f35e1b516d23) [PhysX] Initialized MultithreadedTaskDispatcher with 16 workers.
 -> (artifact id: '88cd3aee0487475efa6c929817a5b6ce') in 0.016037 seconds
Number of updated asset objects reloaded before import = 0
Number of asset objects unloaded after import = 1
========================================================================
Received Import Request.
  Time since last request: 0.000019 seconds.
  path: Assets/ModernSupermarket/Prefabs/Props/Products/YoghurtPack_rk7lsf_Pack01.prefab
  artifactKey: Guid(514d452b275924b47905b21db17de341) Importer(2089858483,0ecaa5967403d082aa24f35e1b516d23)
Start importing Assets/ModernSupermarket/Prefabs/Props/Products/YoghurtPack_rk7lsf_Pack01.prefab using Guid(514d452b275924b47905b21db17de341) Importer(2089858483,0ecaa5967403d082aa24f35e1b516d23) [PhysX] Initialized MultithreadedTaskDispatcher with 16 workers.
 -> (artifact id: 'f19efedb1e74d0fa628baee871c24106') in 0.012060 seconds
Number of updated asset objects reloaded before import = 0
Number of asset objects unloaded after import = 8
========================================================================
Received Import Request.
  Time since last request: 0.000019 seconds.
  path: Assets/ModernSupermarket/Models/Furniture/Checkout_gueqmj/Textures/Checkout_gueqmj_m.png
  artifactKey: Guid(4fceb0aa9ea8adc458b5bafdde57be20) Importer(2089858483,0ecaa5967403d082aa24f35e1b516d23)
Start importing Assets/ModernSupermarket/Models/Furniture/Checkout_gueqmj/Textures/Checkout_gueqmj_m.png using Guid(4fceb0aa9ea8adc458b5bafdde57be20) Importer(2089858483,0ecaa5967403d082aa24f35e1b516d23) [PhysX] Initialized MultithreadedTaskDispatcher with 16 workers.
 -> (artifact id: '1798e5d0a376af8f05c09d03348ae579') in 0.014113 seconds
Number of updated asset objects reloaded before import = 0
Number of asset objects unloaded after import = 1
========================================================================
Received Import Request.
  Time since last request: 0.000019 seconds.
  path: Assets/ModernSupermarket/Textures/Surfaces/Plaster_dwf9f5/Plaster_dwf9f5_m.png
  artifactKey: Guid(ee4a23eb436486f4da4de47005ed54b5) Importer(2089858483,0ecaa5967403d082aa24f35e1b516d23)
Start importing Assets/ModernSupermarket/Textures/Surfaces/Plaster_dwf9f5/Plaster_dwf9f5_m.png using Guid(ee4a23eb436486f4da4de47005ed54b5) Importer(2089858483,0ecaa5967403d082aa24f35e1b516d23) [PhysX] Initialized MultithreadedTaskDispatcher with 16 workers.
 -> (artifact id: 'f374c5e83f405b02caef69e0fea5d4da') in 0.012907 seconds
Number of updated asset objects reloaded before import = 0
Number of asset objects unloaded after import = 1
========================================================================
Received Import Request.
  Time since last request: 0.000048 seconds.
  path: Assets/TextMesh Pro/Examples & Extras/Resources/Fonts & Materials/Anton SDF.asset
  artifactKey: Guid(8a89fa14b10d46a99122fd4f73fca9a2) Importer(2089858483,0ecaa5967403d082aa24f35e1b516d23)
Start importing Assets/TextMesh Pro/Examples & Extras/Resources/Fonts & Materials/Anton SDF.asset using Guid(8a89fa14b10d46a99122fd4f73fca9a2) Importer(2089858483,0ecaa5967403d082aa24f35e1b516d23) [PhysX] Initialized MultithreadedTaskDispatcher with 16 workers.
 -> (artifact id: '249652f9c0bd33a6396f7ad27d7dce9d') in 0.016576 seconds
Number of updated asset objects reloaded before import = 0
Number of asset objects unloaded after import = 5
========================================================================
Received Import Request.
  Time since last request: 0.000022 seconds.
  path: Assets/ModernSupermarket/Models/Furniture/Counter_attlsv/Textures/Counter_attlsv_sss.png
  artifactKey: Guid(e6642efcd78105c49a4ddd3aab0b795a) Importer(2089858483,0ecaa5967403d082aa24f35e1b516d23)
Start importing Assets/ModernSupermarket/Models/Furniture/Counter_attlsv/Textures/Counter_attlsv_sss.png using Guid(e6642efcd78105c49a4ddd3aab0b795a) Importer(2089858483,0ecaa5967403d082aa24f35e1b516d23) [PhysX] Initialized MultithreadedTaskDispatcher with 16 workers.
 -> (artifact id: '50e7257ebae3f9e1a0f50ef8bf423e01') in 0.020776 seconds
Number of updated asset objects reloaded before import = 0
Number of asset objects unloaded after import = 1
========================================================================
Received Import Request.
  Time since last request: 0.000018 seconds.
  path: Assets/ModernSupermarket/Models/Furniture/Shelf_kicg9f/Textures/Shelf_kicg9_m.png
  artifactKey: Guid(6ed462ff3e2590e418bcc929ddf1da26) Importer(2089858483,0ecaa5967403d082aa24f35e1b516d23)
Start importing Assets/ModernSupermarket/Models/Furniture/Shelf_kicg9f/Textures/Shelf_kicg9_m.png using Guid(6ed462ff3e2590e418bcc929ddf1da26) Importer(2089858483,0ecaa5967403d082aa24f35e1b516d23) [PhysX] Initialized MultithreadedTaskDispatcher with 16 workers.
 -> (artifact id: 'ec61401447554d52ec9a27cc693d3db9') in 0.014165 seconds
Number of updated asset objects reloaded before import = 0
Number of asset objects unloaded after import = 1
========================================================================
Received Import Request.
  Time since last request: 0.000022 seconds.
  path: Assets/ModernSupermarket/Prefabs/Props/Products/YoghurtPack_rk7lsf_Var02.prefab
  artifactKey: Guid(5612e4c03d2f9564dae806ea08b9ce28) Importer(2089858483,0ecaa5967403d082aa24f35e1b516d23)
Start importing Assets/ModernSupermarket/Prefabs/Props/Products/YoghurtPack_rk7lsf_Var02.prefab using Guid(5612e4c03d2f9564dae806ea08b9ce28) Importer(2089858483,0ecaa5967403d082aa24f35e1b516d23) [PhysX] Initialized MultithreadedTaskDispatcher with 16 workers.
 -> (artifact id: '3381e07a47b122247cd4633b2085feeb') in 0.016562 seconds
Number of updated asset objects reloaded before import = 0
Number of asset objects unloaded after import = 21
========================================================================
Received Import Request.
  Time since last request: 0.000027 seconds.
  path: Assets/TextMesh Pro/Examples & Extras/Resources/Fonts & Materials/Roboto-Bold SDF.asset
  artifactKey: Guid(5302535af1044152a457ed104f1f4b91) Importer(2089858483,0ecaa5967403d082aa24f35e1b516d23)
Start importing Assets/TextMesh Pro/Examples & Extras/Resources/Fonts & Materials/Roboto-Bold SDF.asset using Guid(5302535af1044152a457ed104f1f4b91) Importer(2089858483,0ecaa5967403d082aa24f35e1b516d23) [PhysX] Initialized MultithreadedTaskDispatcher with 16 workers.
 -> (artifact id: '1a26eedc904e16e8e4f09b50b16bf38b') in 0.014330 seconds
Number of updated asset objects reloaded before import = 0
Number of asset objects unloaded after import = 5
========================================================================
Received Import Request.
  Time since last request: 0.000022 seconds.
  path: Assets/TextMesh Pro/Examples & Extras/Resources/Fonts & Materials/Oswald Bold SDF.asset
  artifactKey: Guid(0161d805a3764c089bef00bfe00793f5) Importer(2089858483,0ecaa5967403d082aa24f35e1b516d23)
Start importing Assets/TextMesh Pro/Examples & Extras/Resources/Fonts & Materials/Oswald Bold SDF.asset using Guid(0161d805a3764c089bef00bfe00793f5) Importer(2089858483,0ecaa5967403d082aa24f35e1b516d23) [PhysX] Initialized MultithreadedTaskDispatcher with 16 workers.
 -> (artifact id: 'fcc4f760a7f056c9cbf0535e4ce0fba2') in 0.016390 seconds
Number of updated asset objects reloaded before import = 0
Number of asset objects unloaded after import = 5
========================================================================
Received Import Request.
  Time since last request: 0.000025 seconds.
  path: Assets/ModernSupermarket/Scenes/Scene_Supermarket/Supermarket/ReflectionProbe-4.exr
  artifactKey: Guid(7b5a8c3e92b8f1a4bbe8fbc2f9c21d5f) Importer(2089858483,0ecaa5967403d082aa24f35e1b516d23)
Start importing Assets/ModernSupermarket/Scenes/Scene_Supermarket/Supermarket/ReflectionProbe-4.exr using Guid(7b5a8c3e92b8f1a4bbe8fbc2f9c21d5f) Importer(2089858483,0ecaa5967403d082aa24f35e1b516d23) [PhysX] Initialized MultithreadedTaskDispatcher with 16 workers.
 -> (artifact id: 'a45920bb8ae994dcd50f37300f27f526') in 0.018849 seconds
Number of updated asset objects reloaded before import = 0
Number of asset objects unloaded after import = 1
========================================================================
Received Import Request.
  Time since last request: 0.000025 seconds.
  path: Assets/ModernSupermarket/Models/Furniture/Counter_wh1nba/Textures/Counter_wh1nba_m.png
  artifactKey: Guid(f7a778ef8d4107e459fdcc3c352c5dcc) Importer(2089858483,0ecaa5967403d082aa24f35e1b516d23)
Start importing Assets/ModernSupermarket/Models/Furniture/Counter_wh1nba/Textures/Counter_wh1nba_m.png using Guid(f7a778ef8d4107e459fdcc3c352c5dcc) Importer(2089858483,0ecaa5967403d082aa24f35e1b516d23) [PhysX] Initialized MultithreadedTaskDispatcher with 16 workers.
 -> (artifact id: '027757fe5721e415ab5fd3c6e1d9c407') in 0.014617 seconds
Number of updated asset objects reloaded before import = 0
Number of asset objects unloaded after import = 1
========================================================================
Received Import Request.
  Time since last request: 0.000029 seconds.
  path: Assets/ModernSupermarket/Prefabs/Props/Products/WaterPack_mqmuh7_Var02.prefab
  artifactKey: Guid(8053923efb11efb48813463402a1f7cb) Importer(2089858483,0ecaa5967403d082aa24f35e1b516d23)
Start importing Assets/ModernSupermarket/Prefabs/Props/Products/WaterPack_mqmuh7_Var02.prefab using Guid(8053923efb11efb48813463402a1f7cb) Importer(2089858483,0ecaa5967403d082aa24f35e1b516d23) [PhysX] Initialized MultithreadedTaskDispatcher with 16 workers.
 -> (artifact id: '4a7d01095f100fdca83b76651a22cee2') in 0.013312 seconds
Number of updated asset objects reloaded before import = 0
Number of asset objects unloaded after import = 15
========================================================================
Received Import Request.
  Time since last request: 0.000020 seconds.
  path: Assets/ModernSupermarket/Models/Furniture/Counter_attlsv/Textures/Counter_attlsv_a.png
  artifactKey: Guid(551211ad5f25b6e4da9c5194b8137d26) Importer(2089858483,0ecaa5967403d082aa24f35e1b516d23)
Start importing Assets/ModernSupermarket/Models/Furniture/Counter_attlsv/Textures/Counter_attlsv_a.png using Guid(551211ad5f25b6e4da9c5194b8137d26) Importer(2089858483,0ecaa5967403d082aa24f35e1b516d23) [PhysX] Initialized MultithreadedTaskDispatcher with 16 workers.
 -> (artifact id: '8a7b211d4906f07348f07e1155892247') in 0.013564 seconds
Number of updated asset objects reloaded before import = 0
Number of asset objects unloaded after import = 1
========================================================================
Received Import Request.
  Time since last request: 0.000023 seconds.
  path: Assets/ModernSupermarket/Textures/_Dev/Materials/GridGrey.mat
  artifactKey: Guid(1f3a28efccf980346be6ddf0b247a9bc) Importer(2089858483,0ecaa5967403d082aa24f35e1b516d23)
Start importing Assets/ModernSupermarket/Textures/_Dev/Materials/GridGrey.mat using Guid(1f3a28efccf980346be6ddf0b247a9bc) Importer(2089858483,0ecaa5967403d082aa24f35e1b516d23) [PhysX] Initialized MultithreadedTaskDispatcher with 16 workers.
 -> (artifact id: '848005bbb6fe6a3e50faf5ecbfa66de1') in 0.014968 seconds
Number of updated asset objects reloaded before import = 0
Number of asset objects unloaded after import = 2
========================================================================
Received Import Request.
  Time since last request: 0.000018 seconds.
  path: Assets/ModernSupermarket/Scenes/Scene_Supermarket/Supermarket/ReflectionProbe-1.exr
  artifactKey: Guid(73163459f25da4446a5a0fbe73da6a5a) Importer(2089858483,0ecaa5967403d082aa24f35e1b516d23)
Start importing Assets/ModernSupermarket/Scenes/Scene_Supermarket/Supermarket/ReflectionProbe-1.exr using Guid(73163459f25da4446a5a0fbe73da6a5a) Importer(2089858483,0ecaa5967403d082aa24f35e1b516d23) [PhysX] Initialized MultithreadedTaskDispatcher with 16 workers.
 -> (artifact id: 'ed8733f5a28512d97c47cfa3e78764fe') in 0.012771 seconds
Number of updated asset objects reloaded before import = 0
Number of asset objects unloaded after import = 1
========================================================================
Received Import Request.
  Time since last request: 0.000018 seconds.
  path: Assets/ModernSupermarket/Prefabs/Props/Utility/Bag_my9wcp.prefab
  artifactKey: Guid(222ec86c11cd7844499fc99c8b50f7c5) Importer(2089858483,0ecaa5967403d082aa24f35e1b516d23)
Start importing Assets/ModernSupermarket/Prefabs/Props/Utility/Bag_my9wcp.prefab using Guid(222ec86c11cd7844499fc99c8b50f7c5) Importer(2089858483,0ecaa5967403d082aa24f35e1b516d23) [PhysX] Initialized MultithreadedTaskDispatcher with 16 workers.
 -> (artifact id: 'a3ca6ce528abf1624d10544c1ff578cb') in 0.013800 seconds
Number of updated asset objects reloaded before import = 0
Number of asset objects unloaded after import = 8
========================================================================
Received Import Request.
  Time since last request: 0.000019 seconds.
  path: Assets/ModernSupermarket/Models/Furniture/Checkout_gueqmj/Textures/Checkout_gueqmj_e.png
  artifactKey: Guid(d86e3183ccfcc7642bd7b36a68783fd9) Importer(2089858483,0ecaa5967403d082aa24f35e1b516d23)
Start importing Assets/ModernSupermarket/Models/Furniture/Checkout_gueqmj/Textures/Checkout_gueqmj_e.png using Guid(d86e3183ccfcc7642bd7b36a68783fd9) Importer(2089858483,0ecaa5967403d082aa24f35e1b516d23) [PhysX] Initialized MultithreadedTaskDispatcher with 16 workers.
 -> (artifact id: 'b780a9f557b0383d6dac34e702757121') in 0.014134 seconds
Number of updated asset objects reloaded before import = 0
Number of asset objects unloaded after import = 1
========================================================================
Received Import Request.
  Time since last request: 0.000020 seconds.
  path: Assets/ModernSupermarket/Models/Furniture/HeritageStall_0hvi4w/Textures/HeritageStall_0hvi4wVar01_a.png
  artifactKey: Guid(1382772d7b38b6345bc7baf9d5c3e1f5) Importer(2089858483,0ecaa5967403d082aa24f35e1b516d23)
Start importing Assets/ModernSupermarket/Models/Furniture/HeritageStall_0hvi4w/Textures/HeritageStall_0hvi4wVar01_a.png using Guid(1382772d7b38b6345bc7baf9d5c3e1f5) Importer(2089858483,0ecaa5967403d082aa24f35e1b516d23) [PhysX] Initialized MultithreadedTaskDispatcher with 16 workers.
 -> (artifact id: '11c7a496a25be9ec6c53e65e98193193') in 0.013254 seconds
Number of updated asset objects reloaded before import = 0
Number of asset objects unloaded after import = 1
========================================================================
Received Import Request.
  Time since last request: 0.000017 seconds.
  path: Assets/TextMesh Pro/Examples & Extras/Resources/Color Gradient Presets/Dark to Light Green - Vertical.asset
  artifactKey: Guid(4c86a3366cd840348ebe8dc438570ee4) Importer(2089858483,0ecaa5967403d082aa24f35e1b516d23)
Start importing Assets/TextMesh Pro/Examples & Extras/Resources/Color Gradient Presets/Dark to Light Green - Vertical.asset using Guid(4c86a3366cd840348ebe8dc438570ee4) Importer(2089858483,0ecaa5967403d082aa24f35e1b516d23) [PhysX] Initialized MultithreadedTaskDispatcher with 16 workers.
 -> (artifact id: 'e7133bc474b907e8ab161f21fcacaa3c') in 0.009067 seconds
Number of updated asset objects reloaded before import = 0
Number of asset objects unloaded after import = 1
========================================================================
Received Import Request.
  Time since last request: 0.000025 seconds.
  path: Assets/ModernSupermarket/Prefabs/Props/Utility/Crate_3m39yzVar01.prefab
  artifactKey: Guid(b2425087ff39d214d9933764da1b05ee) Importer(2089858483,0ecaa5967403d082aa24f35e1b516d23)
Start importing Assets/ModernSupermarket/Prefabs/Props/Utility/Crate_3m39yzVar01.prefab using Guid(b2425087ff39d214d9933764da1b05ee) Importer(2089858483,0ecaa5967403d082aa24f35e1b516d23) [PhysX] Initialized MultithreadedTaskDispatcher with 16 workers.
 -> (artifact id: 'adbf14fb491a194434e366f29c6ecfc9') in 0.012286 seconds
Number of updated asset objects reloaded before import = 0
Number of asset objects unloaded after import = 15
========================================================================
Received Import Request.
  Time since last request: 0.000022 seconds.
  path: Assets/ModernSupermarket/Models/Furniture/Sign_04h2fw/Textures/Sign_04h2fw_o.png
  artifactKey: Guid(7703812fe1bd39b4b9c78643e8cd5a80) Importer(2089858483,0ecaa5967403d082aa24f35e1b516d23)
Start importing Assets/ModernSupermarket/Models/Furniture/Sign_04h2fw/Textures/Sign_04h2fw_o.png using Guid(7703812fe1bd39b4b9c78643e8cd5a80) Importer(2089858483,0ecaa5967403d082aa24f35e1b516d23) [PhysX] Initialized MultithreadedTaskDispatcher with 16 workers.
 -> (artifact id: 'bac0c31bf13c9206a6ea366f56236da1') in 0.011638 seconds
Number of updated asset objects reloaded before import = 0
Number of asset objects unloaded after import = 1
========================================================================
Received Import Request.
  Time since last request: 0.000018 seconds.
  path: Assets/ModernSupermarket/Textures/Surfaces/TileFloor_n3y6kl/TileFloor_n3y6kl_n.png
  artifactKey: Guid(0f3aaabb65693be48a38d5b05d975021) Importer(2089858483,0ecaa5967403d082aa24f35e1b516d23)
Start importing Assets/ModernSupermarket/Textures/Surfaces/TileFloor_n3y6kl/TileFloor_n3y6kl_n.png using Guid(0f3aaabb65693be48a38d5b05d975021) Importer(2089858483,0ecaa5967403d082aa24f35e1b516d23) [PhysX] Initialized MultithreadedTaskDispatcher with 16 workers.
 -> (artifact id: 'a8bb6150459abb22cbaa2e3f9044982a') in 0.027526 seconds
Number of updated asset objects reloaded before import = 0
Number of asset objects unloaded after import = 1
========================================================================
Received Import Request.
  Time since last request: 0.000022 seconds.
  path: Assets/ModernSupermarket/Models/Furniture/Door_1jcm5g/Textures/Door_1jcm5g_a.png
  artifactKey: Guid(53b7dd5bbcdd9a945a07853c83242df2) Importer(2089858483,0ecaa5967403d082aa24f35e1b516d23)
Start importing Assets/ModernSupermarket/Models/Furniture/Door_1jcm5g/Textures/Door_1jcm5g_a.png using Guid(53b7dd5bbcdd9a945a07853c83242df2) Importer(2089858483,0ecaa5967403d082aa24f35e1b516d23) [PhysX] Initialized MultithreadedTaskDispatcher with 16 workers.
 -> (artifact id: '1f3f246681045efec452a8a938994033') in 0.014544 seconds
Number of updated asset objects reloaded before import = 0
Number of asset objects unloaded after import = 1
========================================================================
Received Import Request.
  Time since last request: 0.000039 seconds.
  path: Assets/ModernSupermarket/Scenes/Scene_Supermarket/Supermarket/Lightmap-1_comp_light.exr
  artifactKey: Guid(25cb73c85f0e39241aca854c5f17b243) Importer(2089858483,0ecaa5967403d082aa24f35e1b516d23)
Start importing Assets/ModernSupermarket/Scenes/Scene_Supermarket/Supermarket/Lightmap-1_comp_light.exr using Guid(25cb73c85f0e39241aca854c5f17b243) Importer(2089858483,0ecaa5967403d082aa24f35e1b516d23) [PhysX] Initialized MultithreadedTaskDispatcher with 16 workers.
 -> (artifact id: '568c451438fa2073bdba7ca195bde3f7') in 0.033428 seconds
Number of updated asset objects reloaded before import = 0
Number of asset objects unloaded after import = 1
========================================================================
Received Import Request.
  Time since last request: 0.000023 seconds.
  path: Assets/ModernSupermarket/Models/Furniture/Sign_04h2fw/Textures/Sign_04h2fw_Wine_a.png
  artifactKey: Guid(fa699dce80f93a743b790863d0001506) Importer(2089858483,0ecaa5967403d082aa24f35e1b516d23)
Start importing Assets/ModernSupermarket/Models/Furniture/Sign_04h2fw/Textures/Sign_04h2fw_Wine_a.png using Guid(fa699dce80f93a743b790863d0001506) Importer(2089858483,0ecaa5967403d082aa24f35e1b516d23) [PhysX] Initialized MultithreadedTaskDispatcher with 16 workers.
 -> (artifact id: '050737a759df5142f1717d9958b8b5aa') in 0.011902 seconds
Number of updated asset objects reloaded before import = 0
Number of asset objects unloaded after import = 1
========================================================================
Received Import Request.
  Time since last request: 0.000027 seconds.
  path: Assets/ModernSupermarket/Scenes/Scene_Supermarket/Supermarket/Lightmap-1_comp_dir.png
  artifactKey: Guid(fe5f764627ee11345a66358497e4d28a) Importer(2089858483,0ecaa5967403d082aa24f35e1b516d23)
Start importing Assets/ModernSupermarket/Scenes/Scene_Supermarket/Supermarket/Lightmap-1_comp_dir.png using Guid(fe5f764627ee11345a66358497e4d28a) Importer(2089858483,0ecaa5967403d082aa24f35e1b516d23) [PhysX] Initialized MultithreadedTaskDispatcher with 16 workers.
 -> (artifact id: '729d0a38a0540817e1741644230fc33e') in 0.025246 seconds
Number of updated asset objects reloaded before import = 0
Number of asset objects unloaded after import = 1
========================================================================
Received Import Request.
  Time since last request: 0.000020 seconds.
  path: Assets/ModernSupermarket/Models/Furniture/Grid_ff0dgb/Textures/Grid_ff0dgb_o.png
  artifactKey: Guid(6195e66023b62e941b2523b528f59ad1) Importer(2089858483,0ecaa5967403d082aa24f35e1b516d23)
Start importing Assets/ModernSupermarket/Models/Furniture/Grid_ff0dgb/Textures/Grid_ff0dgb_o.png using Guid(6195e66023b62e941b2523b528f59ad1) Importer(2089858483,0ecaa5967403d082aa24f35e1b516d23) [PhysX] Initialized MultithreadedTaskDispatcher with 16 workers.
 -> (artifact id: '72df87486cc23511db9fb05c1ca016de') in 0.012549 seconds
Number of updated asset objects reloaded before import = 0
Number of asset objects unloaded after import = 1
========================================================================
Received Import Request.
  Time since last request: 0.000019 seconds.
  path: Assets/ModernSupermarket/Models/Furniture/Sign_04h2fw/Textures/Sign_04h2fw_Cleaning_a.png
  artifactKey: Guid(a03653315be8ede46a7815d5f7c4eb47) Importer(2089858483,0ecaa5967403d082aa24f35e1b516d23)
Start importing Assets/ModernSupermarket/Models/Furniture/Sign_04h2fw/Textures/Sign_04h2fw_Cleaning_a.png using Guid(a03653315be8ede46a7815d5f7c4eb47) Importer(2089858483,0ecaa5967403d082aa24f35e1b516d23) [PhysX] Initialized MultithreadedTaskDispatcher with 16 workers.
 -> (artifact id: '94e86d434583cea04d6f8d9d082994d4') in 0.012142 seconds
Number of updated asset objects reloaded before import = 0
Number of asset objects unloaded after import = 1
========================================================================
Received Import Request.
  Time since last request: 0.000020 seconds.
  path: Assets/ModernSupermarket/Models/Furniture/Counter_attlsv/Textures/Counter_attlsvVar01_o.png
  artifactKey: Guid(07b71f97907d8b740a31b870b7d227a7) Importer(2089858483,0ecaa5967403d082aa24f35e1b516d23)
Start importing Assets/ModernSupermarket/Models/Furniture/Counter_attlsv/Textures/Counter_attlsvVar01_o.png using Guid(07b71f97907d8b740a31b870b7d227a7) Importer(2089858483,0ecaa5967403d082aa24f35e1b516d23) [PhysX] Initialized MultithreadedTaskDispatcher with 16 workers.
 -> (artifact id: '307618bcb9e8109ad0648a7bf20531c0') in 0.012710 seconds
Number of updated asset objects reloaded before import = 0
Number of asset objects unloaded after import = 1
========================================================================
Received Import Request.
  Time since last request: 0.000019 seconds.
  path: Assets/ModernSupermarket/Models/Furniture/HeritageBuffet_wkjvvg/Textures/HeritageBuffet_wkjvvgVar01_n.png
  artifactKey: Guid(b0fbad900d810074daad7fe9f1e80546) Importer(2089858483,0ecaa5967403d082aa24f35e1b516d23)
Start importing Assets/ModernSupermarket/Models/Furniture/HeritageBuffet_wkjvvg/Textures/HeritageBuffet_wkjvvgVar01_n.png using Guid(b0fbad900d810074daad7fe9f1e80546) Importer(2089858483,0ecaa5967403d082aa24f35e1b516d23) [PhysX] Initialized MultithreadedTaskDispatcher with 16 workers.
 -> (artifact id: '791c191f778eccb490c8d7e4e15ff57f') in 0.014892 seconds
Number of updated asset objects reloaded before import = 0
Number of asset objects unloaded after import = 1
========================================================================
Received Import Request.
  Time since last request: 0.000019 seconds.
  path: Assets/ModernSupermarket/Models/Furniture/Slate_t3iq3t/Textures/Slate_t3iq3t_n.png
  artifactKey: Guid(dfbbb77b2619b82489c8c1fff1872dc9) Importer(2089858483,0ecaa5967403d082aa24f35e1b516d23)
Start importing Assets/ModernSupermarket/Models/Furniture/Slate_t3iq3t/Textures/Slate_t3iq3t_n.png using Guid(dfbbb77b2619b82489c8c1fff1872dc9) Importer(2089858483,0ecaa5967403d082aa24f35e1b516d23) [PhysX] Initialized MultithreadedTaskDispatcher with 16 workers.
 -> (artifact id: '86de2ba71177c7e23bd4f4d1b99ceae9') in 0.013366 seconds
Number of updated asset objects reloaded before import = 0
Number of asset objects unloaded after import = 1
========================================================================
Received Import Request.
  Time since last request: 0.000021 seconds.
  path: Assets/ModernSupermarket/Models/Furniture/Sign_04h2fw/Textures/Sign_04h2fw_Toilet_a.png
  artifactKey: Guid(ad4f2672e2797d84eac1fae99b553376) Importer(2089858483,0ecaa5967403d082aa24f35e1b516d23)
Start importing Assets/ModernSupermarket/Models/Furniture/Sign_04h2fw/Textures/Sign_04h2fw_Toilet_a.png using Guid(ad4f2672e2797d84eac1fae99b553376) Importer(2089858483,0ecaa5967403d082aa24f35e1b516d23) [PhysX] Initialized MultithreadedTaskDispatcher with 16 workers.
 -> (artifact id: '8244e201d4c9ddbcfc1825cecef1813d') in 0.014256 seconds
Number of updated asset objects reloaded before import = 0
Number of asset objects unloaded after import = 1
========================================================================
Received Import Request.
  Time since last request: 0.000017 seconds.
  path: Assets/ModernSupermarket/Prefabs/Props/Utility/WetFloor_fxi59q.prefab
  artifactKey: Guid(38f66f4ee22bedd4a856a09b6292b9ba) Importer(2089858483,0ecaa5967403d082aa24f35e1b516d23)
Start importing Assets/ModernSupermarket/Prefabs/Props/Utility/WetFloor_fxi59q.prefab using Guid(38f66f4ee22bedd4a856a09b6292b9ba) Importer(2089858483,0ecaa5967403d082aa24f35e1b516d23) [PhysX] Initialized MultithreadedTaskDispatcher with 16 workers.
 -> (artifact id: 'f39e6ae2e17c194555f824d597069623') in 0.012292 seconds
Number of updated asset objects reloaded before import = 0
Number of asset objects unloaded after import = 8
========================================================================
Received Import Request.
  Time since last request: 0.000024 seconds.
  path: Assets/ModernSupermarket/Textures/Surfaces/Plaster_dwf9f5/Plaster_dwf9f5_n.png
  artifactKey: Guid(78f556f6abcb57a409724c5564fce1e9) Importer(2089858483,0ecaa5967403d082aa24f35e1b516d23)
Start importing Assets/ModernSupermarket/Textures/Surfaces/Plaster_dwf9f5/Plaster_dwf9f5_n.png using Guid(78f556f6abcb57a409724c5564fce1e9) Importer(2089858483,0ecaa5967403d082aa24f35e1b516d23) [PhysX] Initialized MultithreadedTaskDispatcher with 16 workers.
 -> (artifact id: '9dd5a3332e830650eae33df223ea5a36') in 0.016316 seconds
Number of updated asset objects reloaded before import = 0
Number of asset objects unloaded after import = 1
========================================================================
Received Import Request.
  Time since last request: 0.000021 seconds.
  path: Assets/ModernSupermarket/Prefabs/Props/Utility/Rooflight_9ecem1.prefab
  artifactKey: Guid(f2da9aec35a7c4b439f1dbdbe1dcac4f) Importer(2089858483,0ecaa5967403d082aa24f35e1b516d23)
Start importing Assets/ModernSupermarket/Prefabs/Props/Utility/Rooflight_9ecem1.prefab using Guid(f2da9aec35a7c4b439f1dbdbe1dcac4f) Importer(2089858483,0ecaa5967403d082aa24f35e1b516d23) [PhysX] Initialized MultithreadedTaskDispatcher with 16 workers.
 -> (artifact id: 'db0cdeafc543a32c82fa5561b447eb72') in 0.010731 seconds
Number of updated asset objects reloaded before import = 0
Number of asset objects unloaded after import = 26
========================================================================
Received Import Request.
  Time since last request: 0.000023 seconds.
  path: Assets/TextMesh Pro/Examples & Extras/Resources/Color Gradient Presets/Yellow to Orange - Vertical.asset
  artifactKey: Guid(69a525efa7e6472eab268f6ea605f06e) Importer(2089858483,0ecaa5967403d082aa24f35e1b516d23)
Start importing Assets/TextMesh Pro/Examples & Extras/Resources/Color Gradient Presets/Yellow to Orange - Vertical.asset using Guid(69a525efa7e6472eab268f6ea605f06e) Importer(2089858483,0ecaa5967403d082aa24f35e1b516d23) [PhysX] Initialized MultithreadedTaskDispatcher with 16 workers.
 -> (artifact id: '58e6103b8f61f248959ef9e5013980c4') in 0.008005 seconds
Number of updated asset objects reloaded before import = 0
Number of asset objects unloaded after import = 1
========================================================================
Received Import Request.
  Time since last request: 0.827428 seconds.
  path: Assets/ModernSupermarket/Models/Furniture/Stall_94wthk/Textures/Stall_94wthk_a.png
  artifactKey: Guid(216f2529a8139384ebe619e1872faa49) Importer(2089858483,0ecaa5967403d082aa24f35e1b516d23)
Start importing Assets/ModernSupermarket/Models/Furniture/Stall_94wthk/Textures/Stall_94wthk_a.png using Guid(216f2529a8139384ebe619e1872faa49) Importer(2089858483,0ecaa5967403d082aa24f35e1b516d23) [PhysX] Initialized MultithreadedTaskDispatcher with 16 workers.
 -> (artifact id: 'a75155c41f9caaa613360dde3c9fc6a9') in 0.013889 seconds
Number of updated asset objects reloaded before import = 0
Number of asset objects unloaded after import = 1
========================================================================
Received Import Request.
  Time since last request: 0.000017 seconds.
  path: Assets/ModernSupermarket/Models/Props/Products/Shampoo_vimakk/Shampoo_vimakk.fbx
  artifactKey: Guid(039d95400f43e8a42b0cbe8c61644353) Importer(2089858483,0ecaa5967403d082aa24f35e1b516d23)
Start importing Assets/ModernSupermarket/Models/Props/Products/Shampoo_vimakk/Shampoo_vimakk.fbx using Guid(039d95400f43e8a42b0cbe8c61644353) Importer(2089858483,0ecaa5967403d082aa24f35e1b516d23) [PhysX] Initialized MultithreadedTaskDispatcher with 16 workers.
 -> (artifact id: '671dde242cce956359505cb8333fd7dc') in 0.013043 seconds
Number of updated asset objects reloaded before import = 0
Number of asset objects unloaded after import = 7
========================================================================
Received Import Request.
  Time since last request: 0.000018 seconds.
  path: Assets/ModernSupermarket/Models/Props/Products/WineBottle_2b6kjh/WineBottle_2b6kjh.fbx
  artifactKey: Guid(9aa3ddff11120c6448f6439569348410) Importer(2089858483,0ecaa5967403d082aa24f35e1b516d23)
Start importing Assets/ModernSupermarket/Models/Props/Products/WineBottle_2b6kjh/WineBottle_2b6kjh.fbx using Guid(9aa3ddff11120c6448f6439569348410) Importer(2089858483,0ecaa5967403d082aa24f35e1b516d23) [PhysX] Initialized MultithreadedTaskDispatcher with 16 workers.
 -> (artifact id: 'ff783a0154675c4d1177483937c35b04') in 0.013134 seconds
Number of updated asset objects reloaded before import = 0
Number of asset objects unloaded after import = 7
========================================================================
Received Import Request.
  Time since last request: 0.000019 seconds.
  path: Assets/ModernSupermarket/Models/Furniture/HeritageBuffet_wkjvvg/Textures/Materials/HeritageBuffet_wkjvvg.mat
  artifactKey: Guid(eaefa6c287110aa4eaf86dbd660cf742) Importer(2089858483,0ecaa5967403d082aa24f35e1b516d23)
Start importing Assets/ModernSupermarket/Models/Furniture/HeritageBuffet_wkjvvg/Textures/Materials/HeritageBuffet_wkjvvg.mat using Guid(eaefa6c287110aa4eaf86dbd660cf742) Importer(2089858483,0ecaa5967403d082aa24f35e1b516d23) [PhysX] Initialized MultithreadedTaskDispatcher with 16 workers.
 -> (artifact id: 'bc8946b21ddabfbc151b0f32bb662ff2') in 0.017294 seconds
Number of updated asset objects reloaded before import = 0
Number of asset objects unloaded after import = 5
========================================================================
Received Import Request.
  Time since last request: 0.000039 seconds.
  path: Assets/ModernSupermarket/Models/Furniture/Vent_9y3yo/Textures/Vent_9y3yod_a.png
  artifactKey: Guid(daa53e9712cc15142b3e268ddf8d470d) Importer(2089858483,0ecaa5967403d082aa24f35e1b516d23)
Start importing Assets/ModernSupermarket/Models/Furniture/Vent_9y3yo/Textures/Vent_9y3yod_a.png using Guid(daa53e9712cc15142b3e268ddf8d470d) Importer(2089858483,0ecaa5967403d082aa24f35e1b516d23) [PhysX] Initialized MultithreadedTaskDispatcher with 16 workers.
 -> (artifact id: '15a3a8cfa71a2773730bdf682df3e95f') in 0.014193 seconds
Number of updated asset objects reloaded before import = 0
Number of asset objects unloaded after import = 1
========================================================================
Received Import Request.
  Time since last request: 0.000017 seconds.
  path: Assets/ModernSupermarket/Models/Props/Produce/Potato_px2ht4/Potato_px2ht4.fbx
  artifactKey: Guid(ae5d72965c71e59429f91af18fafa3b1) Importer(2089858483,0ecaa5967403d082aa24f35e1b516d23)
Start importing Assets/ModernSupermarket/Models/Props/Produce/Potato_px2ht4/Potato_px2ht4.fbx using Guid(ae5d72965c71e59429f91af18fafa3b1) Importer(2089858483,0ecaa5967403d082aa24f35e1b516d23) [PhysX] Initialized MultithreadedTaskDispatcher with 16 workers.
 -> (artifact id: '750113431c0d95c56cb094d22903c5e4') in 0.012717 seconds
Number of updated asset objects reloaded before import = 0
Number of asset objects unloaded after import = 7
========================================================================
Received Import Request.
  Time since last request: 0.000020 seconds.
  path: Assets/ModernSupermarket/Models/Props/Products/Shampoo_u15m67/Shampoo_u15m67_Pack01.fbx
  artifactKey: Guid(69fe6f636583e564d934d9c9ec954415) Importer(2089858483,0ecaa5967403d082aa24f35e1b516d23)
Start importing Assets/ModernSupermarket/Models/Props/Products/Shampoo_u15m67/Shampoo_u15m67_Pack01.fbx using Guid(69fe6f636583e564d934d9c9ec954415) Importer(2089858483,0ecaa5967403d082aa24f35e1b516d23) [PhysX] Initialized MultithreadedTaskDispatcher with 16 workers.
 -> (artifact id: 'ccb5f11fe722f8577dfdafbaa49c1fcb') in 0.014994 seconds
Number of updated asset objects reloaded before import = 0
Number of asset objects unloaded after import = 7
========================================================================
Received Import Request.
  Time since last request: 0.000017 seconds.
  path: Assets/ModernSupermarket/Models/Props/Produce/Apple_yf18nm/Apple_yf18nm_Pack01.fbx
  artifactKey: Guid(80f41a940855c0a4887e17fe1330cf00) Importer(2089858483,0ecaa5967403d082aa24f35e1b516d23)
Start importing Assets/ModernSupermarket/Models/Props/Produce/Apple_yf18nm/Apple_yf18nm_Pack01.fbx using Guid(80f41a940855c0a4887e17fe1330cf00) Importer(2089858483,0ecaa5967403d082aa24f35e1b516d23) [PhysX] Initialized MultithreadedTaskDispatcher with 16 workers.
 -> (artifact id: 'ae2ead6ae3e532fd2fec10b8270c0d5b') in 0.013910 seconds
Number of updated asset objects reloaded before import = 0
Number of asset objects unloaded after import = 7
========================================================================
Received Import Request.
  Time since last request: 0.000016 seconds.
  path: Assets/ModernSupermarket/Models/Props/Products/FrozenBox_vhvpd4/FrozenBox_vhvpd4.fbx
  artifactKey: Guid(3794626168de55645aa0fc7244f5c1d8) Importer(2089858483,0ecaa5967403d082aa24f35e1b516d23)
Start importing Assets/ModernSupermarket/Models/Props/Products/FrozenBox_vhvpd4/FrozenBox_vhvpd4.fbx using Guid(3794626168de55645aa0fc7244f5c1d8) Importer(2089858483,0ecaa5967403d082aa24f35e1b516d23) [PhysX] Initialized MultithreadedTaskDispatcher with 16 workers.
 -> (artifact id: 'f676307ed7a6d2f2892120c055851e70') in 0.013788 seconds
Number of updated asset objects reloaded before import = 0
Number of asset objects unloaded after import = 7
========================================================================
Received Import Request.
  Time since last request: 0.000021 seconds.
  path: Assets/ModernSupermarket/Models/Props/Utility/Crate_3m39yz/Crate_3m39yz.fbx
  artifactKey: Guid(c4bc5c7bc79b1c941b98be50d504bf35) Importer(2089858483,0ecaa5967403d082aa24f35e1b516d23)
Start importing Assets/ModernSupermarket/Models/Props/Utility/Crate_3m39yz/Crate_3m39yz.fbx using Guid(c4bc5c7bc79b1c941b98be50d504bf35) Importer(2089858483,0ecaa5967403d082aa24f35e1b516d23) [PhysX] Initialized MultithreadedTaskDispatcher with 16 workers.
 -> (artifact id: 'fe8c90d2e12bf6b887700c4465c9879e') in 0.013988 seconds
Number of updated asset objects reloaded before import = 0
Number of asset objects unloaded after import = 7
========================================================================
Received Import Request.
  Time since last request: 0.000021 seconds.
  path: Assets/ModernSupermarket/Models/Furniture/Table_x90owh/Textures/Table_x90owh_m.png
  artifactKey: Guid(bd098784a16ac1344b3442fdfca2c238) Importer(2089858483,0ecaa5967403d082aa24f35e1b516d23)
Start importing Assets/ModernSupermarket/Models/Furniture/Table_x90owh/Textures/Table_x90owh_m.png using Guid(bd098784a16ac1344b3442fdfca2c238) Importer(2089858483,0ecaa5967403d082aa24f35e1b516d23) [PhysX] Initialized MultithreadedTaskDispatcher with 16 workers.
 -> (artifact id: 'dd7d33335bad533fcc3f56452c2311e3') in 0.013792 seconds
Number of updated asset objects reloaded before import = 0
Number of asset objects unloaded after import = 1
========================================================================
Received Import Request.
  Time since last request: 0.000017 seconds.
  path: Assets/ModernSupermarket/Models/Props/Products/Cleanser_o964qg/Cleanser_o964qg.fbx
  artifactKey: Guid(739ece6cb3c03714da2c4a1faa816a15) Importer(2089858483,0ecaa5967403d082aa24f35e1b516d23)
Start importing Assets/ModernSupermarket/Models/Props/Products/Cleanser_o964qg/Cleanser_o964qg.fbx using Guid(739ece6cb3c03714da2c4a1faa816a15) Importer(2089858483,0ecaa5967403d082aa24f35e1b516d23) [PhysX] Initialized MultithreadedTaskDispatcher with 16 workers.
 -> (artifact id: '11342e511c7fd9462cb7b8ceb0492898') in 0.014751 seconds
Number of updated asset objects reloaded before import = 0
Number of asset objects unloaded after import = 7
========================================================================
Received Import Request.
  Time since last request: 0.000018 seconds.
  path: Assets/ModernSupermarket/Models/Props/Products/Soda_d7rdw9/Soda_d7rdw9_Pack01.fbx
  artifactKey: Guid(36a91f6cea9d11a4d9daa10809c210ae) Importer(2089858483,0ecaa5967403d082aa24f35e1b516d23)
Start importing Assets/ModernSupermarket/Models/Props/Products/Soda_d7rdw9/Soda_d7rdw9_Pack01.fbx using Guid(36a91f6cea9d11a4d9daa10809c210ae) Importer(2089858483,0ecaa5967403d082aa24f35e1b516d23) [PhysX] Initialized MultithreadedTaskDispatcher with 16 workers.
 -> (artifact id: '29a5b118c6f947a0f229730ec5a8748f') in 0.014439 seconds
Number of updated asset objects reloaded before import = 0
Number of asset objects unloaded after import = 7
========================================================================
Received Import Request.
  Time since last request: 0.000019 seconds.
  path: Assets/ModernSupermarket/Models/Props/Products/BeerKeg_byk96e/BeerKeg_byk96e_Pack02.fbx
  artifactKey: Guid(760ae41cd9a4729419c2d2bac39acdc1) Importer(2089858483,0ecaa5967403d082aa24f35e1b516d23)
Start importing Assets/ModernSupermarket/Models/Props/Products/BeerKeg_byk96e/BeerKeg_byk96e_Pack02.fbx using Guid(760ae41cd9a4729419c2d2bac39acdc1) Importer(2089858483,0ecaa5967403d082aa24f35e1b516d23) [PhysX] Initialized MultithreadedTaskDispatcher with 16 workers.
 -> (artifact id: 'b7ac7bc4dcdbc1ecc1e1bf049f4b2c21') in 0.014666 seconds
Number of updated asset objects reloaded before import = 0
Number of asset objects unloaded after import = 7
========================================================================
Received Import Request.
  Time since last request: 0.000019 seconds.
  path: Assets/ModernSupermarket/Models/Props/Products/Cheese_dx1ygk/Cheese_dx1ygk.fbx
  artifactKey: Guid(363288acee4704048bf79bac2188b360) Importer(2089858483,0ecaa5967403d082aa24f35e1b516d23)
Start importing Assets/ModernSupermarket/Models/Props/Products/Cheese_dx1ygk/Cheese_dx1ygk.fbx using Guid(363288acee4704048bf79bac2188b360) Importer(2089858483,0ecaa5967403d082aa24f35e1b516d23) [PhysX] Initialized MultithreadedTaskDispatcher with 16 workers.
 -> (artifact id: 'e3dbb7a63cade21b672303e214096c78') in 0.013608 seconds
Number of updated asset objects reloaded before import = 0
Number of asset objects unloaded after import = 7
========================================================================
Received Import Request.
  Time since last request: 0.000017 seconds.
  path: Assets/ModernSupermarket/Models/Props/Products/SlicedBread_tp7aom/SlicedBread_tp7aom.fbx
  artifactKey: Guid(49ac507c3d5aeae42b3ed61f814278f7) Importer(2089858483,0ecaa5967403d082aa24f35e1b516d23)
Start importing Assets/ModernSupermarket/Models/Props/Products/SlicedBread_tp7aom/SlicedBread_tp7aom.fbx using Guid(49ac507c3d5aeae42b3ed61f814278f7) Importer(2089858483,0ecaa5967403d082aa24f35e1b516d23) [PhysX] Initialized MultithreadedTaskDispatcher with 16 workers.
 -> (artifact id: 'b209a069e8e90d538801dd238e75dd00') in 0.014452 seconds
Number of updated asset objects reloaded before import = 0
Number of asset objects unloaded after import = 7
========================================================================
Received Import Request.
  Time since last request: 0.000024 seconds.
  path: Assets/ModernSupermarket/Models/Props/Utility/Bag_j5sec2/Bag_j5sec2.fbx
  artifactKey: Guid(1ec9ad7fcd46c0e4bbf160e572f3c97e) Importer(2089858483,0ecaa5967403d082aa24f35e1b516d23)
Start importing Assets/ModernSupermarket/Models/Props/Utility/Bag_j5sec2/Bag_j5sec2.fbx using Guid(1ec9ad7fcd46c0e4bbf160e572f3c97e) Importer(2089858483,0ecaa5967403d082aa24f35e1b516d23) [PhysX] Initialized MultithreadedTaskDispatcher with 16 workers.
 -> (artifact id: 'd1c1c00f86023df02f7ca3d3e29e957d') in 0.017243 seconds
Number of updated asset objects reloaded before import = 0
Number of asset objects unloaded after import = 14
========================================================================
Received Import Request.
  Time since last request: 0.000018 seconds.
  path: Assets/ModernSupermarket/Models/Props/Products/Vase_x3wysg/Vase_x3wysg.fbx
  artifactKey: Guid(b60b3a1a28a813244b0e74fde8ba9157) Importer(2089858483,0ecaa5967403d082aa24f35e1b516d23)
Start importing Assets/ModernSupermarket/Models/Props/Products/Vase_x3wysg/Vase_x3wysg.fbx using Guid(b60b3a1a28a813244b0e74fde8ba9157) Importer(2089858483,0ecaa5967403d082aa24f35e1b516d23) [PhysX] Initialized MultithreadedTaskDispatcher with 16 workers.
 -> (artifact id: '9b97178b391af285826f3726a960eeca') in 0.013458 seconds
Number of updated asset objects reloaded before import = 0
Number of asset objects unloaded after import = 19
========================================================================
Received Import Request.
  Time since last request: 0.000019 seconds.
  path: Assets/ModernSupermarket/Models/Props/Produce/ChilliPepper_w388hm/ChilliPeppers_w388hm.fbx
  artifactKey: Guid(2efc77c79694cdf49942ce32e294f886) Importer(2089858483,0ecaa5967403d082aa24f35e1b516d23)
Start importing Assets/ModernSupermarket/Models/Props/Produce/ChilliPepper_w388hm/ChilliPeppers_w388hm.fbx using Guid(2efc77c79694cdf49942ce32e294f886) Importer(2089858483,0ecaa5967403d082aa24f35e1b516d23) [PhysX] Initialized MultithreadedTaskDispatcher with 16 workers.
 -> (artifact id: '503540e287ee4a8caee0130933085f0e') in 0.014379 seconds
Number of updated asset objects reloaded before import = 0
Number of asset objects unloaded after import = 7
========================================================================
Received Import Request.
  Time since last request: 0.000029 seconds.
  path: Assets/ModernSupermarket/Models/Props/Products/Cleanser_7dsib5/Cleanser_7dsib5_Pack01.fbx
  artifactKey: Guid(921545547568cd34eb27f5657340fb42) Importer(2089858483,0ecaa5967403d082aa24f35e1b516d23)
Start importing Assets/ModernSupermarket/Models/Props/Products/Cleanser_7dsib5/Cleanser_7dsib5_Pack01.fbx using Guid(921545547568cd34eb27f5657340fb42) Importer(2089858483,0ecaa5967403d082aa24f35e1b516d23) [PhysX] Initialized MultithreadedTaskDispatcher with 16 workers.
 -> (artifact id: '4408288c7ada62084519864eb7dbc781') in 0.014349 seconds
Number of updated asset objects reloaded before import = 0
Number of asset objects unloaded after import = 7
========================================================================
Received Import Request.
  Time since last request: 0.000013 seconds.
  path: Assets/ModernSupermarket/Models/Props/Products/Sugar_o0f6pn/Sugar_o0f6pn_Pack01.fbx
  artifactKey: Guid(078493651e9c9f94c898b216252c6a5a) Importer(2089858483,0ecaa5967403d082aa24f35e1b516d23)
Start importing Assets/ModernSupermarket/Models/Props/Products/Sugar_o0f6pn/Sugar_o0f6pn_Pack01.fbx using Guid(078493651e9c9f94c898b216252c6a5a) Importer(2089858483,0ecaa5967403d082aa24f35e1b516d23) [PhysX] Initialized MultithreadedTaskDispatcher with 16 workers.
 -> (artifact id: '257fa6361d2eee1af6e2408a8d30a808') in 0.012462 seconds
Number of updated asset objects reloaded before import = 0
Number of asset objects unloaded after import = 7
========================================================================
Received Import Request.
  Time since last request: 0.000019 seconds.
  path: Assets/ModernSupermarket/Models/Props/Products/Teabox_nokda4/Teabox_nokda4_Pack01.fbx
  artifactKey: Guid(a46c15bd5a6455f48854fb7c2e67ee8c) Importer(2089858483,0ecaa5967403d082aa24f35e1b516d23)
Start importing Assets/ModernSupermarket/Models/Props/Products/Teabox_nokda4/Teabox_nokda4_Pack01.fbx using Guid(a46c15bd5a6455f48854fb7c2e67ee8c) Importer(2089858483,0ecaa5967403d082aa24f35e1b516d23) [PhysX] Initialized MultithreadedTaskDispatcher with 16 workers.
 -> (artifact id: 'fbff13e726641a4ccea588f052907b8f') in 0.013640 seconds
Number of updated asset objects reloaded before import = 0
Number of asset objects unloaded after import = 7
========================================================================
Received Import Request.
  Time since last request: 0.000016 seconds.
  path: Assets/ModernSupermarket/Models/Props/Utility/Footboard_ajuyp9/Footboard_ajuyp9.fbx
  artifactKey: Guid(3e36abce00949ff4d856befd4fc6146f) Importer(2089858483,0ecaa5967403d082aa24f35e1b516d23)
Start importing Assets/ModernSupermarket/Models/Props/Utility/Footboard_ajuyp9/Footboard_ajuyp9.fbx using Guid(3e36abce00949ff4d856befd4fc6146f) Importer(2089858483,0ecaa5967403d082aa24f35e1b516d23) [PhysX] Initialized MultithreadedTaskDispatcher with 16 workers.
 -> (artifact id: 'a0b39e0f127a6c18eb9627d8221402c1') in 0.013126 seconds
Number of updated asset objects reloaded before import = 0
Number of asset objects unloaded after import = 7
========================================================================
Received Import Request.
  Time since last request: 0.000020 seconds.
  path: Assets/ModernSupermarket/Models/Props/Products/Teabox_nokda4/Teabox_nokda4.fbx
  artifactKey: Guid(0de9b03cb39f4804fa052dbf6e7147e8) Importer(2089858483,0ecaa5967403d082aa24f35e1b516d23)
Start importing Assets/ModernSupermarket/Models/Props/Products/Teabox_nokda4/Teabox_nokda4.fbx using Guid(0de9b03cb39f4804fa052dbf6e7147e8) Importer(2089858483,0ecaa5967403d082aa24f35e1b516d23) [PhysX] Initialized MultithreadedTaskDispatcher with 16 workers.
 -> (artifact id: 'e14d680a675dce0d77b90c41fe4419d9') in 0.014323 seconds
Number of updated asset objects reloaded before import = 0
Number of asset objects unloaded after import = 7
========================================================================
Received Import Request.
  Time since last request: 0.000017 seconds.
  path: Assets/ModernSupermarket/Models/Furniture/Table_x90owh/Textures/Table_x90owh_n.png
  artifactKey: Guid(a4cac99899bb9b8479ff279c25b9b040) Importer(2089858483,0ecaa5967403d082aa24f35e1b516d23)
Start importing Assets/ModernSupermarket/Models/Furniture/Table_x90owh/Textures/Table_x90owh_n.png using Guid(a4cac99899bb9b8479ff279c25b9b040) Importer(2089858483,0ecaa5967403d082aa24f35e1b516d23) [PhysX] Initialized MultithreadedTaskDispatcher with 16 workers.
 -> (artifact id: 'fd4bb16cff401124bf57e360c601d5c1') in 0.013576 seconds
Number of updated asset objects reloaded before import = 0
Number of asset objects unloaded after import = 1
========================================================================
Received Import Request.
  Time since last request: 0.000021 seconds.
  path: Assets/ModernSupermarket/Models/Furniture/Table_8sjjys/Textures/Table_8sjjys_m.png
  artifactKey: Guid(55138f02bd7e3e34ebcf239245dc80b3) Importer(2089858483,0ecaa5967403d082aa24f35e1b516d23)
Start importing Assets/ModernSupermarket/Models/Furniture/Table_8sjjys/Textures/Table_8sjjys_m.png using Guid(55138f02bd7e3e34ebcf239245dc80b3) Importer(2089858483,0ecaa5967403d082aa24f35e1b516d23) [PhysX] Initialized MultithreadedTaskDispatcher with 16 workers.
 -> (artifact id: 'b33c5ce73a90d08d1951693389f204ce') in 0.013151 seconds
Number of updated asset objects reloaded before import = 0
Number of asset objects unloaded after import = 1
========================================================================
Received Import Request.
  Time since last request: 0.000020 seconds.
  path: Assets/ModernSupermarket/Models/Furniture/Grid_dyxmv5/Textures/Materials/Grid_dyxmv5.mat
  artifactKey: Guid(d3c5c41cb6b6be14396308e71d852df6) Importer(2089858483,0ecaa5967403d082aa24f35e1b516d23)
Start importing Assets/ModernSupermarket/Models/Furniture/Grid_dyxmv5/Textures/Materials/Grid_dyxmv5.mat using Guid(d3c5c41cb6b6be14396308e71d852df6) Importer(2089858483,0ecaa5967403d082aa24f35e1b516d23) [PhysX] Initialized MultithreadedTaskDispatcher with 16 workers.
 -> (artifact id: 'e73409f7731bf65c6553cf99de255f3f') in 0.012013 seconds
Number of updated asset objects reloaded before import = 0
Number of asset objects unloaded after import = 2
========================================================================
Received Import Request.
  Time since last request: 0.000022 seconds.
  path: Assets/ModernSupermarket/Models/Props/Products/Bleach_irrpnt/Bleach_irrpnt_Pack01.fbx
  artifactKey: Guid(51a3875053665ce458e4233872a6a69c) Importer(2089858483,0ecaa5967403d082aa24f35e1b516d23)
Start importing Assets/ModernSupermarket/Models/Props/Products/Bleach_irrpnt/Bleach_irrpnt_Pack01.fbx using Guid(51a3875053665ce458e4233872a6a69c) Importer(2089858483,0ecaa5967403d082aa24f35e1b516d23) [PhysX] Initialized MultithreadedTaskDispatcher with 16 workers.
 -> (artifact id: '485bbc95cc6392faeb19dfd0ba4f44d2') in 0.014408 seconds
Number of updated asset objects reloaded before import = 0
Number of asset objects unloaded after import = 7
========================================================================
Received Import Request.
  Time since last request: 0.000017 seconds.
  path: Assets/ModernSupermarket/Models/Props/Produce/Mushroom_43xvit/Mushroom_43xvit.fbx
  artifactKey: Guid(6abeea0ef5b03f6469d635b47ccf3b50) Importer(2089858483,0ecaa5967403d082aa24f35e1b516d23)
Start importing Assets/ModernSupermarket/Models/Props/Produce/Mushroom_43xvit/Mushroom_43xvit.fbx using Guid(6abeea0ef5b03f6469d635b47ccf3b50) Importer(2089858483,0ecaa5967403d082aa24f35e1b516d23) [PhysX] Initialized MultithreadedTaskDispatcher with 16 workers.
 -> (artifact id: '2a23a4100be534660195df32e31a59bb') in 0.013598 seconds
Number of updated asset objects reloaded before import = 0
Number of asset objects unloaded after import = 7
========================================================================
Received Import Request.
  Time since last request: 0.000018 seconds.
  path: Assets/ModernSupermarket/Models/Furniture/HeritageStall_0hvi4w/Textures/Materials/HeritageStall_0hvi4wVar01.mat
  artifactKey: Guid(cc30d85647f0b8146a8442cde56a5ea8) Importer(2089858483,0ecaa5967403d082aa24f35e1b516d23)
Start importing Assets/ModernSupermarket/Models/Furniture/HeritageStall_0hvi4w/Textures/Materials/HeritageStall_0hvi4wVar01.mat using Guid(cc30d85647f0b8146a8442cde56a5ea8) Importer(2089858483,0ecaa5967403d082aa24f35e1b516d23) [PhysX] Initialized MultithreadedTaskDispatcher with 16 workers.
 -> (artifact id: '436549ee24d72e59dc5b63deeec98868') in 0.020826 seconds
Number of updated asset objects reloaded before import = 0
Number of asset objects unloaded after import = 6
========================================================================
Received Import Request.
  Time since last request: 0.000022 seconds.
  path: Assets/ModernSupermarket/Models/Props/Products/MashPotatoe_3n44xc/MashPotatoe_3n44xc.fbx
  artifactKey: Guid(d54e9d76fadf4d6438dd7b4e3986d499) Importer(2089858483,0ecaa5967403d082aa24f35e1b516d23)
Start importing Assets/ModernSupermarket/Models/Props/Products/MashPotatoe_3n44xc/MashPotatoe_3n44xc.fbx using Guid(d54e9d76fadf4d6438dd7b4e3986d499) Importer(2089858483,0ecaa5967403d082aa24f35e1b516d23) [PhysX] Initialized MultithreadedTaskDispatcher with 16 workers.
 -> (artifact id: 'f4528c0956e9101c9616fcc08247cdbe') in 0.014583 seconds
Number of updated asset objects reloaded before import = 0
Number of asset objects unloaded after import = 7
========================================================================
Received Import Request.
  Time since last request: 0.000021 seconds.
  path: Assets/ModernSupermarket/Models/Props/Products/Cereal_me9j99/Cereals_me9j99_Pack01.fbx
  artifactKey: Guid(3fbcbebdf765bfd4da6eeebb21a2a86d) Importer(2089858483,0ecaa5967403d082aa24f35e1b516d23)
Start importing Assets/ModernSupermarket/Models/Props/Products/Cereal_me9j99/Cereals_me9j99_Pack01.fbx using Guid(3fbcbebdf765bfd4da6eeebb21a2a86d) Importer(2089858483,0ecaa5967403d082aa24f35e1b516d23) [PhysX] Initialized MultithreadedTaskDispatcher with 16 workers.
 -> (artifact id: '17b5902ac991d6d1513a180993fdc28a') in 0.014654 seconds
Number of updated asset objects reloaded before import = 0
Number of asset objects unloaded after import = 7
========================================================================
Received Import Request.
  Time since last request: 0.000017 seconds.
  path: Assets/ModernSupermarket/Models/Props/Produce/Banana_zjs4oz/Banana_zjs4oz_Pack01.fbx
  artifactKey: Guid(f8401068e838d89459b477c07d663e08) Importer(2089858483,0ecaa5967403d082aa24f35e1b516d23)
Start importing Assets/ModernSupermarket/Models/Props/Produce/Banana_zjs4oz/Banana_zjs4oz_Pack01.fbx using Guid(f8401068e838d89459b477c07d663e08) Importer(2089858483,0ecaa5967403d082aa24f35e1b516d23) [PhysX] Initialized MultithreadedTaskDispatcher with 16 workers.
 -> (artifact id: 'e2b2cc0a4d48a5f11998fe25f688ed6f') in 0.012500 seconds
Number of updated asset objects reloaded before import = 0
Number of asset objects unloaded after import = 7
========================================================================
Received Import Request.
  Time since last request: 0.000017 seconds.
  path: Assets/ModernSupermarket/Models/Props/Produce/Melon_h6xrq4/Melon_h6xrq4.fbx
  artifactKey: Guid(4a2b0fcdcab60e2449171bc03bade85f) Importer(2089858483,0ecaa5967403d082aa24f35e1b516d23)
Start importing Assets/ModernSupermarket/Models/Props/Produce/Melon_h6xrq4/Melon_h6xrq4.fbx using Guid(4a2b0fcdcab60e2449171bc03bade85f) Importer(2089858483,0ecaa5967403d082aa24f35e1b516d23) [PhysX] Initialized MultithreadedTaskDispatcher with 16 workers.
 -> (artifact id: '4e93f3d62e0a9a438e39533a4dba92a1') in 0.012170 seconds
Number of updated asset objects reloaded before import = 0
Number of asset objects unloaded after import = 7
========================================================================
Received Import Request.
  Time since last request: 0.000019 seconds.
  path: Assets/ModernSupermarket/Models/Props/Products/FrozenPack_t7wenh/FrozenPack_t7wenh_Pack01.fbx
  artifactKey: Guid(c19ccf966817a674ebdfc36516da16cd) Importer(2089858483,0ecaa5967403d082aa24f35e1b516d23)
Start importing Assets/ModernSupermarket/Models/Props/Products/FrozenPack_t7wenh/FrozenPack_t7wenh_Pack01.fbx using Guid(c19ccf966817a674ebdfc36516da16cd) Importer(2089858483,0ecaa5967403d082aa24f35e1b516d23) [PhysX] Initialized MultithreadedTaskDispatcher with 16 workers.
 -> (artifact id: '3b8ce9ed0f729f7562128ca296c8b695') in 0.014484 seconds
Number of updated asset objects reloaded before import = 0
Number of asset objects unloaded after import = 7
========================================================================
Received Import Request.
  Time since last request: 0.000029 seconds.
  path: Assets/ModernSupermarket/Models/Props/Utility/Cart_nabnuh/Cart_nabnuh.fbx
  artifactKey: Guid(056135e0e4e0e9c409406ab11b518e1d) Importer(2089858483,0ecaa5967403d082aa24f35e1b516d23)
Start importing Assets/ModernSupermarket/Models/Props/Utility/Cart_nabnuh/Cart_nabnuh.fbx using Guid(056135e0e4e0e9c409406ab11b518e1d) Importer(2089858483,0ecaa5967403d082aa24f35e1b516d23) [PhysX] Initialized MultithreadedTaskDispatcher with 16 workers.
 -> (artifact id: 'c5dfea08ba69301f9538216971830a8f') in 0.014199 seconds
Number of updated asset objects reloaded before import = 0
Number of asset objects unloaded after import = 7
========================================================================
Received Import Request.
  Time since last request: 0.000017 seconds.
  path: Assets/ModernSupermarket/Models/Props/Products/Toothpaste_duqkf2/Toothpaste_duqkf2.fbx
  artifactKey: Guid(d17326dcd36b3b543862564e057f586d) Importer(2089858483,0ecaa5967403d082aa24f35e1b516d23)
Start importing Assets/ModernSupermarket/Models/Props/Products/Toothpaste_duqkf2/Toothpaste_duqkf2.fbx using Guid(d17326dcd36b3b543862564e057f586d) Importer(2089858483,0ecaa5967403d082aa24f35e1b516d23) [PhysX] Initialized MultithreadedTaskDispatcher with 16 workers.
 -> (artifact id: '8e5d263811c83e04110843bd97f124d5') in 0.015524 seconds
Number of updated asset objects reloaded before import = 0
Number of asset objects unloaded after import = 8
========================================================================
Received Import Request.
  Time since last request: 0.000019 seconds.
  path: Assets/ModernSupermarket/Models/Props/Products/Beer_lryra7/Beer_lryra7.fbx
  artifactKey: Guid(a4c4de044a3b8be4cbcda3f7df9896ca) Importer(2089858483,0ecaa5967403d082aa24f35e1b516d23)
Start importing Assets/ModernSupermarket/Models/Props/Products/Beer_lryra7/Beer_lryra7.fbx using Guid(a4c4de044a3b8be4cbcda3f7df9896ca) Importer(2089858483,0ecaa5967403d082aa24f35e1b516d23) [PhysX] Initialized MultithreadedTaskDispatcher with 16 workers.
 -> (artifact id: '1323c8dc3137267a477a5f31774164bf') in 0.013105 seconds
Number of updated asset objects reloaded before import = 0
Number of asset objects unloaded after import = 7
========================================================================
Received Import Request.
  Time since last request: 0.000016 seconds.
  path: Assets/ModernSupermarket/Models/Props/Products/SlicedBread_6zus31/SlicedBread_6zus31_Pack01.fbx
  artifactKey: Guid(7d8a2362c452f5a46bb376883deca5af) Importer(2089858483,0ecaa5967403d082aa24f35e1b516d23)
Start importing Assets/ModernSupermarket/Models/Props/Products/SlicedBread_6zus31/SlicedBread_6zus31_Pack01.fbx using Guid(7d8a2362c452f5a46bb376883deca5af) Importer(2089858483,0ecaa5967403d082aa24f35e1b516d23) [PhysX] Initialized MultithreadedTaskDispatcher with 16 workers.
 -> (artifact id: 'e407ede9bfa4cdebb9f6797c705ba677') in 0.015449 seconds
Number of updated asset objects reloaded before import = 0
Number of asset objects unloaded after import = 7
========================================================================
Received Import Request.
  Time since last request: 0.000017 seconds.
  path: Assets/ModernSupermarket/Models/Props/Products/Cheese_bn26cq/Cheese_bn26cq.fbx
  artifactKey: Guid(334862f9002898e40ab9cf18e86ae289) Importer(2089858483,0ecaa5967403d082aa24f35e1b516d23)
Start importing Assets/ModernSupermarket/Models/Props/Products/Cheese_bn26cq/Cheese_bn26cq.fbx using Guid(334862f9002898e40ab9cf18e86ae289) Importer(2089858483,0ecaa5967403d082aa24f35e1b516d23) [PhysX] Initialized MultithreadedTaskDispatcher with 16 workers.
 -> (artifact id: 'c14f7b457e872ecbd4316ba8249576ac') in 0.012706 seconds
Number of updated asset objects reloaded before import = 0
Number of asset objects unloaded after import = 7
========================================================================
Received Import Request.
  Time since last request: 0.000021 seconds.
  path: Assets/ModernSupermarket/Models/Props/Products/Rice_rewt3q/Rice_rewt3q_Pack02.fbx
  artifactKey: Guid(28a414bb28d196945955c88ef72d83fe) Importer(2089858483,0ecaa5967403d082aa24f35e1b516d23)
Start importing Assets/ModernSupermarket/Models/Props/Products/Rice_rewt3q/Rice_rewt3q_Pack02.fbx using Guid(28a414bb28d196945955c88ef72d83fe) Importer(2089858483,0ecaa5967403d082aa24f35e1b516d23) [PhysX] Initialized MultithreadedTaskDispatcher with 16 workers.
 -> (artifact id: '337bb1c90da2536f17dc7775ab3ffa39') in 0.012256 seconds
Number of updated asset objects reloaded before import = 0
Number of asset objects unloaded after import = 7
========================================================================
Received Import Request.
  Time since last request: 0.000017 seconds.
  path: Assets/ModernSupermarket/Models/Props/Products/OldMetalBox_edzkm9/OldMetalBox_edzkm9.fbx
  artifactKey: Guid(d24748d5032917442861c2b263a6fd10) Importer(2089858483,0ecaa5967403d082aa24f35e1b516d23)
Start importing Assets/ModernSupermarket/Models/Props/Products/OldMetalBox_edzkm9/OldMetalBox_edzkm9.fbx using Guid(d24748d5032917442861c2b263a6fd10) Importer(2089858483,0ecaa5967403d082aa24f35e1b516d23) [PhysX] Initialized MultithreadedTaskDispatcher with 16 workers.
 -> (artifact id: 'd2cc32ed165d67af7e03f210bc45ab2a') in 0.012970 seconds
Number of updated asset objects reloaded before import = 0
Number of asset objects unloaded after import = 7
========================================================================
Received Import Request.
  Time since last request: 0.000019 seconds.
  path: Assets/ModernSupermarket/Models/Props/Products/Cake_a3h87k/Cake_a3h87k.fbx
  artifactKey: Guid(ced897fdf00429c42b3697de74a7ce66) Importer(2089858483,0ecaa5967403d082aa24f35e1b516d23)
Start importing Assets/ModernSupermarket/Models/Props/Products/Cake_a3h87k/Cake_a3h87k.fbx using Guid(ced897fdf00429c42b3697de74a7ce66) Importer(2089858483,0ecaa5967403d082aa24f35e1b516d23) [PhysX] Initialized MultithreadedTaskDispatcher with 16 workers.
 -> (artifact id: '7239e67b76ca6df2b2605245482f3235') in 0.014797 seconds
Number of updated asset objects reloaded before import = 0
Number of asset objects unloaded after import = 7
========================================================================
Received Import Request.
  Time since last request: 0.000023 seconds.
  path: Assets/ModernSupermarket/Models/Props/Products/Alcohol_tqkp8c/Alcohol_tqkp8c.fbx
  artifactKey: Guid(c45fe0fa5531e884eaf45640b8740e73) Importer(2089858483,0ecaa5967403d082aa24f35e1b516d23)
Start importing Assets/ModernSupermarket/Models/Props/Products/Alcohol_tqkp8c/Alcohol_tqkp8c.fbx using Guid(c45fe0fa5531e884eaf45640b8740e73) Importer(2089858483,0ecaa5967403d082aa24f35e1b516d23) [PhysX] Initialized MultithreadedTaskDispatcher with 16 workers.
 -> (artifact id: '8b6d927b72fc279d18fb7d32fca815b4') in 0.012958 seconds
Number of updated asset objects reloaded before import = 0
Number of asset objects unloaded after import = 7
========================================================================
Received Import Request.
  Time since last request: 0.000019 seconds.
  path: Assets/ModernSupermarket/Models/Props/Products/EggBox8x_2zgq4h/EggBox8x_2zgq4h.fbx
  artifactKey: Guid(b108f1db29153a549b899324c3374fae) Importer(2089858483,0ecaa5967403d082aa24f35e1b516d23)
Start importing Assets/ModernSupermarket/Models/Props/Products/EggBox8x_2zgq4h/EggBox8x_2zgq4h.fbx using Guid(b108f1db29153a549b899324c3374fae) Importer(2089858483,0ecaa5967403d082aa24f35e1b516d23) [PhysX] Initialized MultithreadedTaskDispatcher with 16 workers.
 -> (artifact id: '87ab0b804d918abd04cd2a6bcc64cc70') in 0.012847 seconds
Number of updated asset objects reloaded before import = 0
Number of asset objects unloaded after import = 7
========================================================================
Received Import Request.
  Time since last request: 0.000019 seconds.
  path: Assets/ModernSupermarket/Models/Props/Products/Pasta_9duit2/Pasta_9duit_Pack02.fbx
  artifactKey: Guid(31f98a4b34f2aff4081516e159e3b274) Importer(2089858483,0ecaa5967403d082aa24f35e1b516d23)
Start importing Assets/ModernSupermarket/Models/Props/Products/Pasta_9duit2/Pasta_9duit_Pack02.fbx using Guid(31f98a4b34f2aff4081516e159e3b274) Importer(2089858483,0ecaa5967403d082aa24f35e1b516d23) [PhysX] Initialized MultithreadedTaskDispatcher with 16 workers.
 -> (artifact id: '886f3ee42ea4bb4d8035c0d8f2e5a78f') in 0.012179 seconds
Number of updated asset objects reloaded before import = 0
Number of asset objects unloaded after import = 7
========================================================================
Received Import Request.
  Time since last request: 0.000017 seconds.
  path: Assets/ModernSupermarket/Models/Props/Products/BeerKeg_byk96e/BeerKeg_byk96e.fbx
  artifactKey: Guid(3f60e8dfe9073b54095a61d1acd35561) Importer(2089858483,0ecaa5967403d082aa24f35e1b516d23)
Start importing Assets/ModernSupermarket/Models/Props/Products/BeerKeg_byk96e/BeerKeg_byk96e.fbx using Guid(3f60e8dfe9073b54095a61d1acd35561) Importer(2089858483,0ecaa5967403d082aa24f35e1b516d23) [PhysX] Initialized MultithreadedTaskDispatcher with 16 workers.
 -> (artifact id: 'b6e40bd16614a9901a1f09641b211260') in 0.015852 seconds
Number of updated asset objects reloaded before import = 0
Number of asset objects unloaded after import = 9
========================================================================
Received Import Request.
  Time since last request: 0.000018 seconds.
  path: Assets/ModernSupermarket/Models/Props/Products/ChocolateSpread_xhkyij/ChocolateSpread_xhkyij_Pack01.fbx
  artifactKey: Guid(c3901c2505cd5ca4d93a3e7f8fc11f1c) Importer(2089858483,0ecaa5967403d082aa24f35e1b516d23)
Start importing Assets/ModernSupermarket/Models/Props/Products/ChocolateSpread_xhkyij/ChocolateSpread_xhkyij_Pack01.fbx using Guid(c3901c2505cd5ca4d93a3e7f8fc11f1c) Importer(2089858483,0ecaa5967403d082aa24f35e1b516d23) [PhysX] Initialized MultithreadedTaskDispatcher with 16 workers.
 -> (artifact id: '079a74ad40a7362eb2b15d760535096c') in 0.014351 seconds
Number of updated asset objects reloaded before import = 0
Number of asset objects unloaded after import = 7
========================================================================
Received Import Request.
  Time since last request: 0.000018 seconds.
  path: Assets/ModernSupermarket/Models/Props/Products/ToyCar_t5i4lw/ToyCar_t5i4lw.fbx
  artifactKey: Guid(a2aa1684633961d4cb2ffde85544090e) Importer(2089858483,0ecaa5967403d082aa24f35e1b516d23)
Start importing Assets/ModernSupermarket/Models/Props/Products/ToyCar_t5i4lw/ToyCar_t5i4lw.fbx using Guid(a2aa1684633961d4cb2ffde85544090e) Importer(2089858483,0ecaa5967403d082aa24f35e1b516d23) [PhysX] Initialized MultithreadedTaskDispatcher with 16 workers.
 -> (artifact id: '5bd22edf82973f6ff2dd1ec140aaf50c') in 0.016446 seconds
Number of updated asset objects reloaded before import = 0
Number of asset objects unloaded after import = 7
========================================================================
Received Import Request.
  Time since last request: 0.000016 seconds.
  path: Assets/ModernSupermarket/Models/Props/Products/Rice_rewt3q/Rice_rewt3q_Pack01.fbx
  artifactKey: Guid(4217bf89994300248b5f5432b8a3a16c) Importer(2089858483,0ecaa5967403d082aa24f35e1b516d23)
Start importing Assets/ModernSupermarket/Models/Props/Products/Rice_rewt3q/Rice_rewt3q_Pack01.fbx using Guid(4217bf89994300248b5f5432b8a3a16c) Importer(2089858483,0ecaa5967403d082aa24f35e1b516d23) [PhysX] Initialized MultithreadedTaskDispatcher with 16 workers.
 -> (artifact id: '37722f50a02976040735da8d95dabd96') in 0.013527 seconds
Number of updated asset objects reloaded before import = 0
Number of asset objects unloaded after import = 7
========================================================================
Received Import Request.
  Time since last request: 0.000023 seconds.
  path: Assets/ModernSupermarket/Models/Props/Products/Pasta_9duit2/Pasta_9duit2_Var01.fbx
  artifactKey: Guid(af0f63b65ce34b54dab7a09225159b7f) Importer(2089858483,0ecaa5967403d082aa24f35e1b516d23)
Start importing Assets/ModernSupermarket/Models/Props/Products/Pasta_9duit2/Pasta_9duit2_Var01.fbx using Guid(af0f63b65ce34b54dab7a09225159b7f) Importer(2089858483,0ecaa5967403d082aa24f35e1b516d23) [PhysX] Initialized MultithreadedTaskDispatcher with 16 workers.
 -> (artifact id: '8d8475eeaed772996488ab96a75fb911') in 0.013905 seconds
Number of updated asset objects reloaded before import = 0
Number of asset objects unloaded after import = 7
========================================================================
Received Import Request.
  Time since last request: 0.000035 seconds.
  path: Assets/ModernSupermarket/Models/Props/Products/Coffee_5uj6zk/Coffee_5uj6zk.fbx
  artifactKey: Guid(b6000627c8a0fb340a160529ea47a5fc) Importer(2089858483,0ecaa5967403d082aa24f35e1b516d23)
Start importing Assets/ModernSupermarket/Models/Props/Products/Coffee_5uj6zk/Coffee_5uj6zk.fbx using Guid(b6000627c8a0fb340a160529ea47a5fc) Importer(2089858483,0ecaa5967403d082aa24f35e1b516d23) [PhysX] Initialized MultithreadedTaskDispatcher with 16 workers.
 -> (artifact id: 'dcedfc4ccff2ec1cce992f00a82b9b4f') in 0.014616 seconds
Number of updated asset objects reloaded before import = 0
Number of asset objects unloaded after import = 7
========================================================================
Received Import Request.
  Time since last request: 0.000019 seconds.
  path: Assets/ModernSupermarket/Models/Props/Products/Alcohol_tqkp8c/Alcohol_tqkp8c_Pack01.fbx
  artifactKey: Guid(dc61b3341e6b7a54cba431c3ae3da928) Importer(2089858483,0ecaa5967403d082aa24f35e1b516d23)
Start importing Assets/ModernSupermarket/Models/Props/Products/Alcohol_tqkp8c/Alcohol_tqkp8c_Pack01.fbx using Guid(dc61b3341e6b7a54cba431c3ae3da928) Importer(2089858483,0ecaa5967403d082aa24f35e1b516d23) [PhysX] Initialized MultithreadedTaskDispatcher with 16 workers.
 -> (artifact id: 'fd55457b8ad69b224b88950dc06eede1') in 0.014251 seconds
Number of updated asset objects reloaded before import = 0
Number of asset objects unloaded after import = 7
========================================================================
Received Import Request.
  Time since last request: 0.000023 seconds.
  path: Assets/ModernSupermarket/Models/Props/Produce/Watermelon_z0o9y3/Watermelon_z0o9y3_Pack01.fbx
  artifactKey: Guid(ff989f84f683d414ea1591f5277f5df2) Importer(2089858483,0ecaa5967403d082aa24f35e1b516d23)
Start importing Assets/ModernSupermarket/Models/Props/Produce/Watermelon_z0o9y3/Watermelon_z0o9y3_Pack01.fbx using Guid(ff989f84f683d414ea1591f5277f5df2) Importer(2089858483,0ecaa5967403d082aa24f35e1b516d23) [PhysX] Initialized MultithreadedTaskDispatcher with 16 workers.
 -> (artifact id: '8184a2f0bac98450187fd41240257bc5') in 0.015544 seconds
Number of updated asset objects reloaded before import = 0
Number of asset objects unloaded after import = 7
========================================================================
Received Import Request.
  Time since last request: 0.000021 seconds.
  path: Assets/ModernSupermarket/Models/Props/Products/Alcohol_ao62w4/Alcohol_ao62w.fbx
  artifactKey: Guid(33f56a18ced051944b9cecd74531aae9) Importer(2089858483,0ecaa5967403d082aa24f35e1b516d23)
Start importing Assets/ModernSupermarket/Models/Props/Products/Alcohol_ao62w4/Alcohol_ao62w.fbx using Guid(33f56a18ced051944b9cecd74531aae9) Importer(2089858483,0ecaa5967403d082aa24f35e1b516d23) [PhysX] Initialized MultithreadedTaskDispatcher with 16 workers.
 -> (artifact id: '09e0136e81fa324444016e6b92bf6d9c') in 0.013540 seconds
Number of updated asset objects reloaded before import = 0
Number of asset objects unloaded after import = 7
========================================================================
Received Import Request.
  Time since last request: 0.000018 seconds.
  path: Assets/ModernSupermarket/Models/Props/Products/BeerKeg_byk96e/BeerKeg_byk96e_Pack01.fbx
  artifactKey: Guid(85b0674f64202e34e9d2065d5f37ed04) Importer(2089858483,0ecaa5967403d082aa24f35e1b516d23)
Start importing Assets/ModernSupermarket/Models/Props/Products/BeerKeg_byk96e/BeerKeg_byk96e_Pack01.fbx using Guid(85b0674f64202e34e9d2065d5f37ed04) Importer(2089858483,0ecaa5967403d082aa24f35e1b516d23) [PhysX] Initialized MultithreadedTaskDispatcher with 16 workers.
 -> (artifact id: 'a84b4c2a3c48c4118f12015820ff3e05') in 0.014109 seconds
Number of updated asset objects reloaded before import = 0
Number of asset objects unloaded after import = 7
========================================================================
Received Import Request.
  Time since last request: 0.000036 seconds.
  path: Assets/ModernSupermarket/Models/Props/Products/ToiletPaper_tunz3i/ToiletPaper_tunz3i_Pack01.fbx
  artifactKey: Guid(29f71a85e3aefb847b2935a5e324c52c) Importer(2089858483,0ecaa5967403d082aa24f35e1b516d23)
Start importing Assets/ModernSupermarket/Models/Props/Products/ToiletPaper_tunz3i/ToiletPaper_tunz3i_Pack01.fbx using Guid(29f71a85e3aefb847b2935a5e324c52c) Importer(2089858483,0ecaa5967403d082aa24f35e1b516d23) [PhysX] Initialized MultithreadedTaskDispatcher with 16 workers.
 -> (artifact id: '2175deec8cf53fb09dc47e3d7a27cac7') in 0.014115 seconds
Number of updated asset objects reloaded before import = 0
Number of asset objects unloaded after import = 7
========================================================================
Received Import Request.
  Time since last request: 0.000018 seconds.
  path: Assets/ModernSupermarket/Models/Props/Produce/Carrot_i2roww/Carrot_i2roww_Pack01.fbx
  artifactKey: Guid(9bc490057d46009469fb05c133bf6f9f) Importer(2089858483,0ecaa5967403d082aa24f35e1b516d23)
Start importing Assets/ModernSupermarket/Models/Props/Produce/Carrot_i2roww/Carrot_i2roww_Pack01.fbx using Guid(9bc490057d46009469fb05c133bf6f9f) Importer(2089858483,0ecaa5967403d082aa24f35e1b516d23) [PhysX] Initialized MultithreadedTaskDispatcher with 16 workers.
 -> (artifact id: '37469aa34ce955ec534f602e04c2fe65') in 0.015930 seconds
Number of updated asset objects reloaded before import = 0
Number of asset objects unloaded after import = 7
========================================================================
Received Import Request.
  Time since last request: 0.000018 seconds.
  path: Assets/ModernSupermarket/Models/Props/Products/Teabox_l5w9ll/Teabox_l5w9ll.fbx
  artifactKey: Guid(3b2acf3aca448da44a149a0398129213) Importer(2089858483,0ecaa5967403d082aa24f35e1b516d23)
Start importing Assets/ModernSupermarket/Models/Props/Products/Teabox_l5w9ll/Teabox_l5w9ll.fbx using Guid(3b2acf3aca448da44a149a0398129213) Importer(2089858483,0ecaa5967403d082aa24f35e1b516d23) [PhysX] Initialized MultithreadedTaskDispatcher with 16 workers.
 -> (artifact id: '5ec5f25d4bad63cd31ae3f3061a9689b') in 0.014520 seconds
Number of updated asset objects reloaded before import = 0
Number of asset objects unloaded after import = 7
========================================================================
Received Import Request.
  Time since last request: 0.000021 seconds.
  path: Assets/ModernSupermarket/Models/Furniture/Table_8sjjys/Textures/Table_8sjjys_a.png
  artifactKey: Guid(3573eb3bd5d00b144aba042f56287410) Importer(2089858483,0ecaa5967403d082aa24f35e1b516d23)
Start importing Assets/ModernSupermarket/Models/Furniture/Table_8sjjys/Textures/Table_8sjjys_a.png using Guid(3573eb3bd5d00b144aba042f56287410) Importer(2089858483,0ecaa5967403d082aa24f35e1b516d23) [PhysX] Initialized MultithreadedTaskDispatcher with 16 workers.
 -> (artifact id: '598207a731f999eabd66d08762b24f0a') in 0.017444 seconds
Number of updated asset objects reloaded before import = 0
Number of asset objects unloaded after import = 1
========================================================================
Received Import Request.
  Time since last request: 0.000019 seconds.
  path: Assets/ModernSupermarket/Models/Furniture/Stall_94wthk/Textures/Stall_94wthk_n.png
  artifactKey: Guid(b56f627f29eb5d74e9c7790cc1fb8bbd) Importer(2089858483,0ecaa5967403d082aa24f35e1b516d23)
Start importing Assets/ModernSupermarket/Models/Furniture/Stall_94wthk/Textures/Stall_94wthk_n.png using Guid(b56f627f29eb5d74e9c7790cc1fb8bbd) Importer(2089858483,0ecaa5967403d082aa24f35e1b516d23) [PhysX] Initialized MultithreadedTaskDispatcher with 16 workers.
 -> (artifact id: 'e53cc4f5248a254f4922b9655e2c63cd') in 0.014436 seconds
Number of updated asset objects reloaded before import = 0
Number of asset objects unloaded after import = 1
========================================================================
Received Import Request.
  Time since last request: 0.000017 seconds.
  path: Assets/ModernSupermarket/Models/Props/Products/ChocolatePowder_yqoigt/ChocolatePowder_yqoigt.fbx
  artifactKey: Guid(36b7fc34f1101af48b28c7580993b63e) Importer(2089858483,0ecaa5967403d082aa24f35e1b516d23)
Start importing Assets/ModernSupermarket/Models/Props/Products/ChocolatePowder_yqoigt/ChocolatePowder_yqoigt.fbx using Guid(36b7fc34f1101af48b28c7580993b63e) Importer(2089858483,0ecaa5967403d082aa24f35e1b516d23) [PhysX] Initialized MultithreadedTaskDispatcher with 16 workers.
 -> (artifact id: '4ba3fb666474aaf9b3d3e6f4dbe2c1d0') in 0.016779 seconds
Number of updated asset objects reloaded before import = 0
Number of asset objects unloaded after import = 8
========================================================================
Received Import Request.
  Time since last request: 0.000019 seconds.
  path: Assets/ModernSupermarket/Models/Props/Products/JuiceBrick_6ljfy3/JuiceBrick_6ljfy3_Pack01.fbx
  artifactKey: Guid(128bef73fc89abf428d64881496b4350) Importer(2089858483,0ecaa5967403d082aa24f35e1b516d23)
Start importing Assets/ModernSupermarket/Models/Props/Products/JuiceBrick_6ljfy3/JuiceBrick_6ljfy3_Pack01.fbx using Guid(128bef73fc89abf428d64881496b4350) Importer(2089858483,0ecaa5967403d082aa24f35e1b516d23) [PhysX] Initialized MultithreadedTaskDispatcher with 16 workers.
 -> (artifact id: '989a8cb08f172850a2826af7d92dab0c') in 0.013712 seconds
Number of updated asset objects reloaded before import = 0
Number of asset objects unloaded after import = 7
========================================================================
Received Import Request.
  Time since last request: 0.000020 seconds.
  path: Assets/ModernSupermarket/Models/Props/Produce/Potato_px2ht4/Potato_px2ht4_Pack01.fbx
  artifactKey: Guid(fb845a2734cb6d1409fa27761af2d805) Importer(2089858483,0ecaa5967403d082aa24f35e1b516d23)
Start importing Assets/ModernSupermarket/Models/Props/Produce/Potato_px2ht4/Potato_px2ht4_Pack01.fbx using Guid(fb845a2734cb6d1409fa27761af2d805) Importer(2089858483,0ecaa5967403d082aa24f35e1b516d23) [PhysX] Initialized MultithreadedTaskDispatcher with 16 workers.
 -> (artifact id: 'd1657fa658b59a07632e448cba265275') in 0.015578 seconds
Number of updated asset objects reloaded before import = 0
Number of asset objects unloaded after import = 7
========================================================================
Received Import Request.
  Time since last request: 0.000018 seconds.
  path: Assets/ModernSupermarket/Models/Props/Produce/Kiwi_leh3t9/Kiwi_leh3t9.fbx
  artifactKey: Guid(018bff1857db5334cb46ed3604242807) Importer(2089858483,0ecaa5967403d082aa24f35e1b516d23)
Start importing Assets/ModernSupermarket/Models/Props/Produce/Kiwi_leh3t9/Kiwi_leh3t9.fbx using Guid(018bff1857db5334cb46ed3604242807) Importer(2089858483,0ecaa5967403d082aa24f35e1b516d23) [PhysX] Initialized MultithreadedTaskDispatcher with 16 workers.
 -> (artifact id: '14cc39c61da37589df71187847af023f') in 0.014638 seconds
Number of updated asset objects reloaded before import = 0
Number of asset objects unloaded after import = 7
========================================================================
Received Import Request.
  Time since last request: 0.000021 seconds.
  path: Assets/ModernSupermarket/Models/Props/Products/FrozenBox_vhvpd4/FrozenBox_vhvpd4_Pack04.fbx
  artifactKey: Guid(00f3aedc54cf5234fb98c613e0d919f2) Importer(2089858483,0ecaa5967403d082aa24f35e1b516d23)
Start importing Assets/ModernSupermarket/Models/Props/Products/FrozenBox_vhvpd4/FrozenBox_vhvpd4_Pack04.fbx using Guid(00f3aedc54cf5234fb98c613e0d919f2) Importer(2089858483,0ecaa5967403d082aa24f35e1b516d23) [PhysX] Initialized MultithreadedTaskDispatcher with 16 workers.
 -> (artifact id: '9ea4c026ea9ffe90da3d9a95effb2c6e') in 0.013926 seconds
Number of updated asset objects reloaded before import = 0
Number of asset objects unloaded after import = 7
========================================================================
Received Import Request.
  Time since last request: 0.000028 seconds.
  path: Assets/ModernSupermarket/Models/Furniture/Table_5ma72f/Textures/Table_5ma72f_o.png
  artifactKey: Guid(bb18ea9c52031be49b228b788668e902) Importer(2089858483,0ecaa5967403d082aa24f35e1b516d23)
Start importing Assets/ModernSupermarket/Models/Furniture/Table_5ma72f/Textures/Table_5ma72f_o.png using Guid(bb18ea9c52031be49b228b788668e902) Importer(2089858483,0ecaa5967403d082aa24f35e1b516d23) [PhysX] Initialized MultithreadedTaskDispatcher with 16 workers.
 -> (artifact id: 'd9b59b96fa3710e340bb8961d373c11b') in 0.013628 seconds
Number of updated asset objects reloaded before import = 0
Number of asset objects unloaded after import = 1
========================================================================
Received Import Request.
  Time since last request: 0.000017 seconds.
  path: Assets/ModernSupermarket/Models/Props/Products/Sugar_ffc568/Sugar_ffc568_Pack01.fbx
  artifactKey: Guid(290ce89632f2f7146983ee86c067dc0e) Importer(2089858483,0ecaa5967403d082aa24f35e1b516d23)
Start importing Assets/ModernSupermarket/Models/Props/Products/Sugar_ffc568/Sugar_ffc568_Pack01.fbx using Guid(290ce89632f2f7146983ee86c067dc0e) Importer(2089858483,0ecaa5967403d082aa24f35e1b516d23) [PhysX] Initialized MultithreadedTaskDispatcher with 16 workers.
 -> (artifact id: 'fc6439a62b6763db131c3eacdd29cbda') in 0.014127 seconds
Number of updated asset objects reloaded before import = 0
Number of asset objects unloaded after import = 7
========================================================================
Received Import Request.
  Time since last request: 0.000017 seconds.
  path: Assets/ModernSupermarket/Models/Props/Utility/CashMachine_lazhgf/CashMachine_lazhgf.fbx
  artifactKey: Guid(8152faa5318be7b4ba386c08c82e0ba4) Importer(2089858483,0ecaa5967403d082aa24f35e1b516d23)
Start importing Assets/ModernSupermarket/Models/Props/Utility/CashMachine_lazhgf/CashMachine_lazhgf.fbx using Guid(8152faa5318be7b4ba386c08c82e0ba4) Importer(2089858483,0ecaa5967403d082aa24f35e1b516d23) [PhysX] Initialized MultithreadedTaskDispatcher with 16 workers.
 -> (artifact id: '0bf76ae214d796b3a0fd4b9728fba86a') in 0.018798 seconds
Number of updated asset objects reloaded before import = 0
Number of asset objects unloaded after import = 14
========================================================================
Received Import Request.
  Time since last request: 0.000021 seconds.
  path: Assets/ModernSupermarket/Models/Props/Products/Capsule_rk7lsf/Capsule_rk7lsf.fbx
  artifactKey: Guid(f9bfbdad05ce8a24c886089fd7feec0f) Importer(2089858483,0ecaa5967403d082aa24f35e1b516d23)
Start importing Assets/ModernSupermarket/Models/Props/Products/Capsule_rk7lsf/Capsule_rk7lsf.fbx using Guid(f9bfbdad05ce8a24c886089fd7feec0f) Importer(2089858483,0ecaa5967403d082aa24f35e1b516d23) [PhysX] Initialized MultithreadedTaskDispatcher with 16 workers.
 -> (artifact id: 'a2ab791880535a5b4c8ea6120e489da3') in 0.016607 seconds
Number of updated asset objects reloaded before import = 0
Number of asset objects unloaded after import = 7
========================================================================
Received Import Request.
  Time since last request: 0.000021 seconds.
  path: Assets/ModernSupermarket/Models/Props/Products/ChocolateBox_b94wj0/ChocolateBox_b94wj0_Pack01.fbx
  artifactKey: Guid(525f411b77d310c49b226004eddb0dbe) Importer(2089858483,0ecaa5967403d082aa24f35e1b516d23)
Start importing Assets/ModernSupermarket/Models/Props/Products/ChocolateBox_b94wj0/ChocolateBox_b94wj0_Pack01.fbx using Guid(525f411b77d310c49b226004eddb0dbe) Importer(2089858483,0ecaa5967403d082aa24f35e1b516d23) [PhysX] Initialized MultithreadedTaskDispatcher with 16 workers.
 -> (artifact id: '10b1317973ed63cd8a62aa1155f5ce27') in 0.014901 seconds
Number of updated asset objects reloaded before import = 0
Number of asset objects unloaded after import = 7
========================================================================
Received Import Request.
  Time since last request: 0.000017 seconds.
  path: Assets/ModernSupermarket/Models/Props/Products/CrabSticks_mu7h0i/CrabSticks_mu7h0i_Pack01.fbx
  artifactKey: Guid(ab394fc782f794c45bdd812bd4b19ee6) Importer(2089858483,0ecaa5967403d082aa24f35e1b516d23)
Start importing Assets/ModernSupermarket/Models/Props/Products/CrabSticks_mu7h0i/CrabSticks_mu7h0i_Pack01.fbx using Guid(ab394fc782f794c45bdd812bd4b19ee6) Importer(2089858483,0ecaa5967403d082aa24f35e1b516d23) [PhysX] Initialized MultithreadedTaskDispatcher with 16 workers.
 -> (artifact id: '6a07065a06240374e4f7e39b66719d73') in 0.015591 seconds
Number of updated asset objects reloaded before import = 0
Number of asset objects unloaded after import = 7
========================================================================
Received Import Request.
  Time since last request: 0.000018 seconds.
  path: Assets/ModernSupermarket/Models/Props/Products/Soap_eegrv7/Soap_eegrv7_Pack01.fbx
  artifactKey: Guid(c0add57ba95e90b4f951a0225212bd37) Importer(2089858483,0ecaa5967403d082aa24f35e1b516d23)
Start importing Assets/ModernSupermarket/Models/Props/Products/Soap_eegrv7/Soap_eegrv7_Pack01.fbx using Guid(c0add57ba95e90b4f951a0225212bd37) Importer(2089858483,0ecaa5967403d082aa24f35e1b516d23) [PhysX] Initialized MultithreadedTaskDispatcher with 16 workers.
 -> (artifact id: '42c88e39ab877bf4f21e68c3b442004d') in 0.012435 seconds
Number of updated asset objects reloaded before import = 0
Number of asset objects unloaded after import = 7
========================================================================
Received Import Request.
  Time since last request: 0.000022 seconds.
  path: Assets/ModernSupermarket/Models/Props/Products/SlicedBread_tp7aom/SlicedBread_tp7aom_Pack01.fbx
  artifactKey: Guid(7fe2132b4d468f74fa6ba7cff2c4915a) Importer(2089858483,0ecaa5967403d082aa24f35e1b516d23)
Start importing Assets/ModernSupermarket/Models/Props/Products/SlicedBread_tp7aom/SlicedBread_tp7aom_Pack01.fbx using Guid(7fe2132b4d468f74fa6ba7cff2c4915a) Importer(2089858483,0ecaa5967403d082aa24f35e1b516d23) [PhysX] Initialized MultithreadedTaskDispatcher with 16 workers.
 -> (artifact id: '61ce612cd7d0bf14b645c17a928ab098') in 0.014060 seconds
Number of updated asset objects reloaded before import = 0
Number of asset objects unloaded after import = 7
========================================================================
Received Import Request.
  Time since last request: 0.000018 seconds.
  path: Assets/ModernSupermarket/Models/Props/Utility/Stool_6jdl8x/Stool_6jdl8x.fbx
  artifactKey: Guid(12d145cd3e1fe5d4689755ac71a76819) Importer(2089858483,0ecaa5967403d082aa24f35e1b516d23)
Start importing Assets/ModernSupermarket/Models/Props/Utility/Stool_6jdl8x/Stool_6jdl8x.fbx using Guid(12d145cd3e1fe5d4689755ac71a76819) Importer(2089858483,0ecaa5967403d082aa24f35e1b516d23) [PhysX] Initialized MultithreadedTaskDispatcher with 16 workers.
 -> (artifact id: '1fa7578aaa0a0ada88e3972ab58213c9') in 0.015076 seconds
Number of updated asset objects reloaded before import = 0
Number of asset objects unloaded after import = 8
========================================================================
Received Import Request.
  Time since last request: 0.000017 seconds.
  path: Assets/ModernSupermarket/Models/Props/Products/Chips_w4tja8/Chips_w4tja8.fbx
  artifactKey: Guid(a1b49bab4a1d6f24d9a75889d6b8cafb) Importer(2089858483,0ecaa5967403d082aa24f35e1b516d23)
Start importing Assets/ModernSupermarket/Models/Props/Products/Chips_w4tja8/Chips_w4tja8.fbx using Guid(a1b49bab4a1d6f24d9a75889d6b8cafb) Importer(2089858483,0ecaa5967403d082aa24f35e1b516d23) [PhysX] Initialized MultithreadedTaskDispatcher with 16 workers.
 -> (artifact id: '84fdd81bd0a45f9cec3c1fdfd8726bf1') in 0.013636 seconds
Number of updated asset objects reloaded before import = 0
Number of asset objects unloaded after import = 7
========================================================================
Received Import Request.
  Time since last request: 0.000019 seconds.
  path: Assets/ModernSupermarket/Models/Furniture/Table_5ma72f/Textures/Table_5ma72f_m.png
  artifactKey: Guid(d92760e12ba78d34883e6bc26e38769e) Importer(2089858483,0ecaa5967403d082aa24f35e1b516d23)
Start importing Assets/ModernSupermarket/Models/Furniture/Table_5ma72f/Textures/Table_5ma72f_m.png using Guid(d92760e12ba78d34883e6bc26e38769e) Importer(2089858483,0ecaa5967403d082aa24f35e1b516d23) [PhysX] Initialized MultithreadedTaskDispatcher with 16 workers.
 -> (artifact id: 'f394d75ccc3c2266ba2dfd1459ea6d72') in 0.014848 seconds
Number of updated asset objects reloaded before import = 0
Number of asset objects unloaded after import = 1
========================================================================
Received Import Request.
  Time since last request: 0.000023 seconds.
  path: Assets/ModernSupermarket/Models/Props/Products/Oil_751tp2/Oil_751tp2.fbx
  artifactKey: Guid(9773b25c684ccce49a981bfab5482dff) Importer(2089858483,0ecaa5967403d082aa24f35e1b516d23)
Start importing Assets/ModernSupermarket/Models/Props/Products/Oil_751tp2/Oil_751tp2.fbx using Guid(9773b25c684ccce49a981bfab5482dff) Importer(2089858483,0ecaa5967403d082aa24f35e1b516d23) [PhysX] Initialized MultithreadedTaskDispatcher with 16 workers.
 -> (artifact id: 'b39ff6cf626e5247a38586e4ae743793') in 0.016936 seconds
Number of updated asset objects reloaded before import = 0
Number of asset objects unloaded after import = 7
========================================================================
Received Import Request.
  Time since last request: 0.000028 seconds.
  path: Assets/ModernSupermarket/Models/Props/Products/Alcohol_eoojba/Alcohol_eoojba_Pack01.fbx
  artifactKey: Guid(638e7179bd00e6b45b037ef982a775ef) Importer(2089858483,0ecaa5967403d082aa24f35e1b516d23)
Start importing Assets/ModernSupermarket/Models/Props/Products/Alcohol_eoojba/Alcohol_eoojba_Pack01.fbx using Guid(638e7179bd00e6b45b037ef982a775ef) Importer(2089858483,0ecaa5967403d082aa24f35e1b516d23) [PhysX] Initialized MultithreadedTaskDispatcher with 16 workers.
 -> (artifact id: 'b71fd5833d9242852aa0e24cdfebb604') in 0.016327 seconds
Number of updated asset objects reloaded before import = 0
Number of asset objects unloaded after import = 7
========================================================================
Received Import Request.
  Time since last request: 0.000023 seconds.
  path: Assets/ModernSupermarket/Textures/Surfaces/Concrete_nlqhws/Materials/Concrete_nlqhws_a.mat
  artifactKey: Guid(6bed3d6ed2473a143994d6c90a33bbeb) Importer(2089858483,0ecaa5967403d082aa24f35e1b516d23)
Start importing Assets/ModernSupermarket/Textures/Surfaces/Concrete_nlqhws/Materials/Concrete_nlqhws_a.mat using Guid(6bed3d6ed2473a143994d6c90a33bbeb) Importer(2089858483,0ecaa5967403d082aa24f35e1b516d23) [PhysX] Initialized MultithreadedTaskDispatcher with 16 workers.
 -> (artifact id: '6f56475e747ad3fd5d5f2eab76c2fd19') in 0.016193 seconds
Number of updated asset objects reloaded before import = 0
Number of asset objects unloaded after import = 4
========================================================================
Received Import Request.
  Time since last request: 0.000031 seconds.
  path: Assets/ModernSupermarket/Models/Props/Products/ToiletPaper_tunz3i/ToiletPaper_tunz3i.fbx
  artifactKey: Guid(ded3a99a54e13334c973624828abdc78) Importer(2089858483,0ecaa5967403d082aa24f35e1b516d23)
Start importing Assets/ModernSupermarket/Models/Props/Products/ToiletPaper_tunz3i/ToiletPaper_tunz3i.fbx using Guid(ded3a99a54e13334c973624828abdc78) Importer(2089858483,0ecaa5967403d082aa24f35e1b516d23) [PhysX] Initialized MultithreadedTaskDispatcher with 16 workers.
 -> (artifact id: 'a4a116a23b4b52557c76a1d9b9fa9d25') in 0.013785 seconds
Number of updated asset objects reloaded before import = 0
Number of asset objects unloaded after import = 7
========================================================================
Received Import Request.
  Time since last request: 0.000025 seconds.
  path: Assets/ModernSupermarket/Models/Props/Products/MashPotatoe_3n44xc/MashPotatoe_3n44xc_Pack01.fbx
  artifactKey: Guid(2f00913adb0ebff40b35f3d38436d98f) Importer(2089858483,0ecaa5967403d082aa24f35e1b516d23)
Start importing Assets/ModernSupermarket/Models/Props/Products/MashPotatoe_3n44xc/MashPotatoe_3n44xc_Pack01.fbx using Guid(2f00913adb0ebff40b35f3d38436d98f) Importer(2089858483,0ecaa5967403d082aa24f35e1b516d23) [PhysX] Initialized MultithreadedTaskDispatcher with 16 workers.
 -> (artifact id: '6c63208fd5306704595a7cb827f71f13') in 0.015455 seconds
Number of updated asset objects reloaded before import = 0
Number of asset objects unloaded after import = 7
========================================================================
Received Import Request.
  Time since last request: 0.000023 seconds.
  path: Assets/ModernSupermarket/Models/Props/Produce/Perry_fhz4xg/Perry_fhz4xg_Pack01.fbx
  artifactKey: Guid(9f1813cf7c0e0ed4f846ae46f903f22e) Importer(2089858483,0ecaa5967403d082aa24f35e1b516d23)
Start importing Assets/ModernSupermarket/Models/Props/Produce/Perry_fhz4xg/Perry_fhz4xg_Pack01.fbx using Guid(9f1813cf7c0e0ed4f846ae46f903f22e) Importer(2089858483,0ecaa5967403d082aa24f35e1b516d23) [PhysX] Initialized MultithreadedTaskDispatcher with 16 workers.
 -> (artifact id: '3a117de797f21d717dc1b8363c207821') in 0.015112 seconds
Number of updated asset objects reloaded before import = 0
Number of asset objects unloaded after import = 7
========================================================================
Received Import Request.
  Time since last request: 0.000023 seconds.
  path: Assets/ModernSupermarket/Models/Props/Utility/Camera_9m4m3y/Camera_9m4m3y.fbx
  artifactKey: Guid(e2539c7f71f580d438bfcec540b7918b) Importer(2089858483,0ecaa5967403d082aa24f35e1b516d23)
Start importing Assets/ModernSupermarket/Models/Props/Utility/Camera_9m4m3y/Camera_9m4m3y.fbx using Guid(e2539c7f71f580d438bfcec540b7918b) Importer(2089858483,0ecaa5967403d082aa24f35e1b516d23) [PhysX] Initialized MultithreadedTaskDispatcher with 16 workers.
 -> (artifact id: '4e477c4c5101c9a87c8aa9dfc78e630b') in 0.012464 seconds
Number of updated asset objects reloaded before import = 0
Number of asset objects unloaded after import = 7
========================================================================
Received Import Request.
  Time since last request: 0.000019 seconds.
  path: Assets/ModernSupermarket/Models/Props/Products/MeatTray_qm4z4l/MeatTray_qm4z4l_Pack01.fbx
  artifactKey: Guid(9ab9ad22363734f45aa343f12c897bcb) Importer(2089858483,0ecaa5967403d082aa24f35e1b516d23)
Start importing Assets/ModernSupermarket/Models/Props/Products/MeatTray_qm4z4l/MeatTray_qm4z4l_Pack01.fbx using Guid(9ab9ad22363734f45aa343f12c897bcb) Importer(2089858483,0ecaa5967403d082aa24f35e1b516d23) [PhysX] Initialized MultithreadedTaskDispatcher with 16 workers.
 -> (artifact id: '609075a9642a213a886ca402b8ac9392') in 0.013849 seconds
Number of updated asset objects reloaded before import = 0
Number of asset objects unloaded after import = 7
========================================================================
Received Import Request.
  Time since last request: 0.242980 seconds.
  path: Assets/ModernSupermarket/Models/Furniture/Shelf_hler4q/Textures/Materials/Shelf_hler4q.mat
  artifactKey: Guid(fd771df7e54307b4689dc31abe069726) Importer(2089858483,0ecaa5967403d082aa24f35e1b516d23)
Start importing Assets/ModernSupermarket/Models/Furniture/Shelf_hler4q/Textures/Materials/Shelf_hler4q.mat using Guid(fd771df7e54307b4689dc31abe069726) Importer(2089858483,0ecaa5967403d082aa24f35e1b516d23) [PhysX] Initialized MultithreadedTaskDispatcher with 16 workers.
 -> (artifact id: '8cfccb101fcb88d27936119b37482fa3') in 0.014351 seconds
Number of updated asset objects reloaded before import = 0
Number of asset objects unloaded after import = 5
========================================================================
Received Import Request.
  Time since last request: 0.000051 seconds.
  path: Assets/ModernSupermarket/Models/Props/Products/Books_bpxngl/Textures/Books_bpxngl_o.png
  artifactKey: Guid(dd90f91e0bb4a3744be89f64a282cfb4) Importer(2089858483,0ecaa5967403d082aa24f35e1b516d23)
Start importing Assets/ModernSupermarket/Models/Props/Products/Books_bpxngl/Textures/Books_bpxngl_o.png using Guid(dd90f91e0bb4a3744be89f64a282cfb4) Importer(2089858483,0ecaa5967403d082aa24f35e1b516d23) [PhysX] Initialized MultithreadedTaskDispatcher with 16 workers.
 -> (artifact id: '4d0b07f5f550b059b48e2d8a25ff4ab8') in 0.013977 seconds
Number of updated asset objects reloaded before import = 0
Number of asset objects unloaded after import = 1
========================================================================
Received Import Request.
  Time since last request: 0.000020 seconds.
  path: Assets/ModernSupermarket/Models/Props/Produce/Apple_k7nzrr/Textures/Apple_k7nzrr_n.png
  artifactKey: Guid(8ecda06f8f3e5b143b7045ca2408765c) Importer(2089858483,0ecaa5967403d082aa24f35e1b516d23)
Start importing Assets/ModernSupermarket/Models/Props/Produce/Apple_k7nzrr/Textures/Apple_k7nzrr_n.png using Guid(8ecda06f8f3e5b143b7045ca2408765c) Importer(2089858483,0ecaa5967403d082aa24f35e1b516d23) [PhysX] Initialized MultithreadedTaskDispatcher with 16 workers.
 -> (artifact id: 'cbcf0a4634dd5609b1b8b18aa4437915') in 0.013368 seconds
Number of updated asset objects reloaded before import = 0
Number of asset objects unloaded after import = 1
========================================================================
Received Import Request.
  Time since last request: 0.000021 seconds.
  path: Assets/ModernSupermarket/Models/Props/Products/Bag_s45li3/Textures/Bag_s45li3_Var01_a.png
  artifactKey: Guid(e0ca16117ac59624e9d7e152e0edafd6) Importer(2089858483,0ecaa5967403d082aa24f35e1b516d23)
Start importing Assets/ModernSupermarket/Models/Props/Products/Bag_s45li3/Textures/Bag_s45li3_Var01_a.png using Guid(e0ca16117ac59624e9d7e152e0edafd6) Importer(2089858483,0ecaa5967403d082aa24f35e1b516d23) [PhysX] Initialized MultithreadedTaskDispatcher with 16 workers.
 -> (artifact id: 'cd0828e763a3e57bcb64352ef741f2a8') in 0.013643 seconds
Number of updated asset objects reloaded before import = 0
Number of asset objects unloaded after import = 1
========================================================================
Received Import Request.
  Time since last request: 0.000022 seconds.
  path: Assets/ModernSupermarket/Models/Props/Produce/Zucchini_z21819/Textures/Zucchini_z21819_m.png
  artifactKey: Guid(665f671f25024f348b96ac7b1bc1bb0c) Importer(2089858483,0ecaa5967403d082aa24f35e1b516d23)
Start importing Assets/ModernSupermarket/Models/Props/Produce/Zucchini_z21819/Textures/Zucchini_z21819_m.png using Guid(665f671f25024f348b96ac7b1bc1bb0c) Importer(2089858483,0ecaa5967403d082aa24f35e1b516d23) [PhysX] Initialized MultithreadedTaskDispatcher with 16 workers.
 -> (artifact id: '1519bad6e7f89d337f5c0d76ef30b114') in 0.014125 seconds
Number of updated asset objects reloaded before import = 0
Number of asset objects unloaded after import = 1
========================================================================
Received Import Request.
  Time since last request: 0.000017 seconds.
  path: Assets/ModernSupermarket/Models/Props/Produce/Lemon_ahopes/Textures/Lemon_ahopes_n.png
  artifactKey: Guid(fd2222258f10ad04fb9f377b4232ae17) Importer(2089858483,0ecaa5967403d082aa24f35e1b516d23)
Start importing Assets/ModernSupermarket/Models/Props/Produce/Lemon_ahopes/Textures/Lemon_ahopes_n.png using Guid(fd2222258f10ad04fb9f377b4232ae17) Importer(2089858483,0ecaa5967403d082aa24f35e1b516d23) [PhysX] Initialized MultithreadedTaskDispatcher with 16 workers.
 -> (artifact id: '7ac413eb2aff93de16bbcb83890021d6') in 0.012731 seconds
Number of updated asset objects reloaded before import = 0
Number of asset objects unloaded after import = 1
========================================================================
Received Import Request.
  Time since last request: 0.000017 seconds.
  path: Assets/ModernSupermarket/Models/Props/Produce/Potato_px2ht4/Textures/Potato_px2ht4_o.png
  artifactKey: Guid(fde9ea8b6ef88c84aace37f566dbabcb) Importer(2089858483,0ecaa5967403d082aa24f35e1b516d23)
Start importing Assets/ModernSupermarket/Models/Props/Produce/Potato_px2ht4/Textures/Potato_px2ht4_o.png using Guid(fde9ea8b6ef88c84aace37f566dbabcb) Importer(2089858483,0ecaa5967403d082aa24f35e1b516d23) [PhysX] Initialized MultithreadedTaskDispatcher with 16 workers.
 -> (artifact id: '8248c605e085ea347747494966120000') in 0.012365 seconds
Number of updated asset objects reloaded before import = 0
Number of asset objects unloaded after import = 1
========================================================================
Received Import Request.
  Time since last request: 0.000023 seconds.
  path: Assets/ModernSupermarket/Models/Props/Produce/Apple_k7nzrr/Textures/Apple_k7nzrr_m.png
  artifactKey: Guid(b681c8eb9f6e2574ca76c6b3ad04e527) Importer(2089858483,0ecaa5967403d082aa24f35e1b516d23)
Start importing Assets/ModernSupermarket/Models/Props/Produce/Apple_k7nzrr/Textures/Apple_k7nzrr_m.png using Guid(b681c8eb9f6e2574ca76c6b3ad04e527) Importer(2089858483,0ecaa5967403d082aa24f35e1b516d23) [PhysX] Initialized MultithreadedTaskDispatcher with 16 workers.
 -> (artifact id: '1a9a827f7a7c46ef8f61ebff0c09158d') in 0.013514 seconds
Number of updated asset objects reloaded before import = 0
Number of asset objects unloaded after import = 1
========================================================================
Received Import Request.
  Time since last request: 0.000028 seconds.
  path: Assets/ModernSupermarket/Models/Furniture/Sign_04h2fw/Textures/Materials/Sign_04h2fw_Frozen.mat
  artifactKey: Guid(26ce3efba0bd46849bd8113a567fdb0d) Importer(2089858483,0ecaa5967403d082aa24f35e1b516d23)
Start importing Assets/ModernSupermarket/Models/Furniture/Sign_04h2fw/Textures/Materials/Sign_04h2fw_Frozen.mat using Guid(26ce3efba0bd46849bd8113a567fdb0d) Importer(2089858483,0ecaa5967403d082aa24f35e1b516d23) [PhysX] Initialized MultithreadedTaskDispatcher with 16 workers.
 -> (artifact id: '976fb686ac1da1592877b05236eb615d') in 0.012421 seconds
Number of updated asset objects reloaded before import = 0
Number of asset objects unloaded after import = 5
========================================================================
Received Import Request.
  Time since last request: 0.000023 seconds.
  path: Assets/ModernSupermarket/Models/Props/Produce/Banana_zjs4oz/Textures/Banana_zjs4oz_m.png
  artifactKey: Guid(ecb97b9428a38a348aef472ef10549a4) Importer(2089858483,0ecaa5967403d082aa24f35e1b516d23)
Start importing Assets/ModernSupermarket/Models/Props/Produce/Banana_zjs4oz/Textures/Banana_zjs4oz_m.png using Guid(ecb97b9428a38a348aef472ef10549a4) Importer(2089858483,0ecaa5967403d082aa24f35e1b516d23) [PhysX] Initialized MultithreadedTaskDispatcher with 16 workers.
 -> (artifact id: 'c378ae7d0071e2da08de99288a7d8119') in 0.014690 seconds
Number of updated asset objects reloaded before import = 0
Number of asset objects unloaded after import = 1
========================================================================
Received Import Request.
  Time since last request: 0.000020 seconds.
  path: Assets/ModernSupermarket/Models/Props/Produce/Clementine_7okhg9/Textures/Clementine_7okhg9_a.png
  artifactKey: Guid(8437cd136756cc2469373dcce847240d) Importer(2089858483,0ecaa5967403d082aa24f35e1b516d23)
Start importing Assets/ModernSupermarket/Models/Props/Produce/Clementine_7okhg9/Textures/Clementine_7okhg9_a.png using Guid(8437cd136756cc2469373dcce847240d) Importer(2089858483,0ecaa5967403d082aa24f35e1b516d23) [PhysX] Initialized MultithreadedTaskDispatcher with 16 workers.
 -> (artifact id: '9a7c1ae0e0a6ea88b451ba79d71f2230') in 0.020406 seconds
Number of updated asset objects reloaded before import = 0
Number of asset objects unloaded after import = 1
========================================================================
Received Import Request.
  Time since last request: 0.000015 seconds.
  path: Assets/ModernSupermarket/Models/Props/Produce/ChilliPepper_w388hm/Textures/ChilliPeppers_w388hm_Var01_n.png
  artifactKey: Guid(a2ad05a023448884ebdf538c55541d8b) Importer(2089858483,0ecaa5967403d082aa24f35e1b516d23)
Start importing Assets/ModernSupermarket/Models/Props/Produce/ChilliPepper_w388hm/Textures/ChilliPeppers_w388hm_Var01_n.png using Guid(a2ad05a023448884ebdf538c55541d8b) Importer(2089858483,0ecaa5967403d082aa24f35e1b516d23) [PhysX] Initialized MultithreadedTaskDispatcher with 16 workers.
 -> (artifact id: '27453c9bc3e78b761385fa815942d667') in 0.017629 seconds
Number of updated asset objects reloaded before import = 0
Number of asset objects unloaded after import = 1
========================================================================
Received Import Request.
  Time since last request: 0.000012 seconds.
  path: Assets/ModernSupermarket/Models/Props/Produce/Carrot_i2roww/Textures/Carrot_i2roww_n.png
  artifactKey: Guid(4ad2c5a99bdde8047b09537cccd4197a) Importer(2089858483,0ecaa5967403d082aa24f35e1b516d23)
Start importing Assets/ModernSupermarket/Models/Props/Produce/Carrot_i2roww/Textures/Carrot_i2roww_n.png using Guid(4ad2c5a99bdde8047b09537cccd4197a) Importer(2089858483,0ecaa5967403d082aa24f35e1b516d23) [PhysX] Initialized MultithreadedTaskDispatcher with 16 workers.
 -> (artifact id: 'cdf4df36295cb95c391cfd5c93731d05') in 0.013278 seconds
Number of updated asset objects reloaded before import = 0
Number of asset objects unloaded after import = 1
========================================================================
Received Import Request.
  Time since last request: 0.000018 seconds.
  path: Assets/ModernSupermarket/Models/Props/Products/Alcohol_ao62w4/Textures/Alcool_ao62w4_a.png
  artifactKey: Guid(f30b2a4c806593244a2922ed15a491e2) Importer(2089858483,0ecaa5967403d082aa24f35e1b516d23)
Start importing Assets/ModernSupermarket/Models/Props/Products/Alcohol_ao62w4/Textures/Alcool_ao62w4_a.png using Guid(f30b2a4c806593244a2922ed15a491e2) Importer(2089858483,0ecaa5967403d082aa24f35e1b516d23) [PhysX] Initialized MultithreadedTaskDispatcher with 16 workers.
 -> (artifact id: 'e65e08848fc1564c5aaa384e38213a06') in 0.012489 seconds
Number of updated asset objects reloaded before import = 0
Number of asset objects unloaded after import = 1
========================================================================
Received Import Request.
  Time since last request: 0.000018 seconds.
  path: Assets/ModernSupermarket/Models/Props/Produce/ChilliPepper_w388hm/Textures/ChilliPeppers_w388hm_Var01_m.png
  artifactKey: Guid(d165bba9eaf434e4ab808ea3bab8d95f) Importer(2089858483,0ecaa5967403d082aa24f35e1b516d23)
Start importing Assets/ModernSupermarket/Models/Props/Produce/ChilliPepper_w388hm/Textures/ChilliPeppers_w388hm_Var01_m.png using Guid(d165bba9eaf434e4ab808ea3bab8d95f) Importer(2089858483,0ecaa5967403d082aa24f35e1b516d23) [PhysX] Initialized MultithreadedTaskDispatcher with 16 workers.
 -> (artifact id: '82bc80a13ebcec54907dceded8c4a101') in 0.018364 seconds
Number of updated asset objects reloaded before import = 0
Number of asset objects unloaded after import = 1
========================================================================
Received Import Request.
  Time since last request: 0.000018 seconds.
  path: Assets/ModernSupermarket/Models/Props/Products/Cheese_ipc281/Textures/Cheese_ipc281_a.png
  artifactKey: Guid(21febf25581b5d94d82c2cc250c2e3ce) Importer(2089858483,0ecaa5967403d082aa24f35e1b516d23)
Start importing Assets/ModernSupermarket/Models/Props/Products/Cheese_ipc281/Textures/Cheese_ipc281_a.png using Guid(21febf25581b5d94d82c2cc250c2e3ce) Importer(2089858483,0ecaa5967403d082aa24f35e1b516d23) [PhysX] Initialized MultithreadedTaskDispatcher with 16 workers.
 -> (artifact id: 'abf227a64035ca6c912710ace4019244') in 0.012133 seconds
Number of updated asset objects reloaded before import = 0
Number of asset objects unloaded after import = 1
========================================================================
Received Import Request.
  Time since last request: 0.000016 seconds.
  path: Assets/ModernSupermarket/Models/Props/Products/Books_bpxngl/Textures/Books_bpxngl_a.png
  artifactKey: Guid(80efbdad2f2d1ec4e8b10bbf3e346552) Importer(2089858483,0ecaa5967403d082aa24f35e1b516d23)
Start importing Assets/ModernSupermarket/Models/Props/Products/Books_bpxngl/Textures/Books_bpxngl_a.png using Guid(80efbdad2f2d1ec4e8b10bbf3e346552) Importer(2089858483,0ecaa5967403d082aa24f35e1b516d23) [PhysX] Initialized MultithreadedTaskDispatcher with 16 workers.
 -> (artifact id: '8db509acef5f9964d7b0a9123eb2ee48') in 0.029892 seconds
Number of updated asset objects reloaded before import = 0
Number of asset objects unloaded after import = 1
========================================================================
Received Import Request.
  Time since last request: 0.000168 seconds.
  path: Assets/ModernSupermarket/Models/Props/Produce/Perry_fhz4xg/Textures/Perry_fhz4xg_o.png
  artifactKey: Guid(1755f12e87622624ea169b4bb04dbe83) Importer(2089858483,0ecaa5967403d082aa24f35e1b516d23)
Start importing Assets/ModernSupermarket/Models/Props/Produce/Perry_fhz4xg/Textures/Perry_fhz4xg_o.png using Guid(1755f12e87622624ea169b4bb04dbe83) Importer(2089858483,0ecaa5967403d082aa24f35e1b516d23) [PhysX] Initialized MultithreadedTaskDispatcher with 16 workers.
 -> (artifact id: '215ef64d9f3e758b7f40bdcfbec9e78a') in 0.013917 seconds
Number of updated asset objects reloaded before import = 0
Number of asset objects unloaded after import = 1
========================================================================
Received Import Request.
  Time since last request: 0.000017 seconds.
  path: Assets/ModernSupermarket/Models/Props/Products/Cereal_me9j99/Textures/Cereal_me9j99_o.png
  artifactKey: Guid(72bb97a23a6b6364aa1aa6460483d98b) Importer(2089858483,0ecaa5967403d082aa24f35e1b516d23)
Start importing Assets/ModernSupermarket/Models/Props/Products/Cereal_me9j99/Textures/Cereal_me9j99_o.png using Guid(72bb97a23a6b6364aa1aa6460483d98b) Importer(2089858483,0ecaa5967403d082aa24f35e1b516d23) [PhysX] Initialized MultithreadedTaskDispatcher with 16 workers.
 -> (artifact id: 'f9ae9412b023eec97eac5412a32fe69e') in 0.013475 seconds
Number of updated asset objects reloaded before import = 0
Number of asset objects unloaded after import = 1
========================================================================
Received Import Request.
  Time since last request: 0.000020 seconds.
  path: Assets/ModernSupermarket/Models/Props/Products/Cheese_bn26cq/Textures/Cheese_bn26cq_Var01_a.png
  artifactKey: Guid(5041006f02b18294da76a0edaee2730e) Importer(2089858483,0ecaa5967403d082aa24f35e1b516d23)
Start importing Assets/ModernSupermarket/Models/Props/Products/Cheese_bn26cq/Textures/Cheese_bn26cq_Var01_a.png using Guid(5041006f02b18294da76a0edaee2730e) Importer(2089858483,0ecaa5967403d082aa24f35e1b516d23) [PhysX] Initialized MultithreadedTaskDispatcher with 16 workers.
 -> (artifact id: 'fcaa182e8e2ec210ff2879d0f8746579') in 0.014602 seconds
Number of updated asset objects reloaded before import = 0
Number of asset objects unloaded after import = 1
========================================================================
Received Import Request.
  Time since last request: 0.000020 seconds.
  path: Assets/ModernSupermarket/Models/Props/Products/Cleanser_7dsib5/Textures/Cleanser_7dsib5_n.png
  artifactKey: Guid(abda72db9edfe6d41825ae2f7142f1f8) Importer(2089858483,0ecaa5967403d082aa24f35e1b516d23)
Start importing Assets/ModernSupermarket/Models/Props/Products/Cleanser_7dsib5/Textures/Cleanser_7dsib5_n.png using Guid(abda72db9edfe6d41825ae2f7142f1f8) Importer(2089858483,0ecaa5967403d082aa24f35e1b516d23) [PhysX] Initialized MultithreadedTaskDispatcher with 16 workers.
 -> (artifact id: '0dc22bd37f774839737358d052f58ce5') in 0.012969 seconds
Number of updated asset objects reloaded before import = 0
Number of asset objects unloaded after import = 1
========================================================================
Received Import Request.
  Time since last request: 0.000030 seconds.
  path: Assets/ModernSupermarket/Models/Props/Products/Beer_lryra7/Textures/BeerBottle_fdde0u_a.png
  artifactKey: Guid(023522d62726a754c860259b136e9a46) Importer(2089858483,0ecaa5967403d082aa24f35e1b516d23)
Start importing Assets/ModernSupermarket/Models/Props/Products/Beer_lryra7/Textures/BeerBottle_fdde0u_a.png using Guid(023522d62726a754c860259b136e9a46) Importer(2089858483,0ecaa5967403d082aa24f35e1b516d23) [PhysX] Initialized MultithreadedTaskDispatcher with 16 workers.
 -> (artifact id: '994408351731c5abae1ec5501d4a5c97') in 0.013254 seconds
Number of updated asset objects reloaded before import = 0
Number of asset objects unloaded after import = 1
========================================================================
Received Import Request.
  Time since last request: 0.000020 seconds.
  path: Assets/ModernSupermarket/Models/Props/Products/Cream_jatl5h/Textures/Cream_jatl5h_a_Var01.png
  artifactKey: Guid(2955c0541fb9b8e469e32a02692b8a22) Importer(2089858483,0ecaa5967403d082aa24f35e1b516d23)
Start importing Assets/ModernSupermarket/Models/Props/Products/Cream_jatl5h/Textures/Cream_jatl5h_a_Var01.png using Guid(2955c0541fb9b8e469e32a02692b8a22) Importer(2089858483,0ecaa5967403d082aa24f35e1b516d23) [PhysX] Initialized MultithreadedTaskDispatcher with 16 workers.
 -> (artifact id: 'b5df2862d78b70c99f3448da5482eaad') in 0.012795 seconds
Number of updated asset objects reloaded before import = 0
Number of asset objects unloaded after import = 1
========================================================================
Received Import Request.
  Time since last request: 0.000021 seconds.
  path: Assets/ModernSupermarket/Models/Props/Products/Books_bpxngl/Textures/Books_bpxngl_m.png
  artifactKey: Guid(f63a76ea1bc21ba4ab3f6fda9963673b) Importer(2089858483,0ecaa5967403d082aa24f35e1b516d23)
Start importing Assets/ModernSupermarket/Models/Props/Products/Books_bpxngl/Textures/Books_bpxngl_m.png using Guid(f63a76ea1bc21ba4ab3f6fda9963673b) Importer(2089858483,0ecaa5967403d082aa24f35e1b516d23) [PhysX] Initialized MultithreadedTaskDispatcher with 16 workers.
 -> (artifact id: '8ff5f45f707106bb781d623bfbc36d4f') in 0.014495 seconds
Number of updated asset objects reloaded before import = 0
Number of asset objects unloaded after import = 1
========================================================================
Received Import Request.
  Time since last request: 0.000016 seconds.
  path: Assets/ModernSupermarket/Models/Props/Produce/Lemon_ahopes/Textures/Lemon_ahopes_o.png
  artifactKey: Guid(2b2d836b7e9563044a1791bc676c9a41) Importer(2089858483,0ecaa5967403d082aa24f35e1b516d23)
Start importing Assets/ModernSupermarket/Models/Props/Produce/Lemon_ahopes/Textures/Lemon_ahopes_o.png using Guid(2b2d836b7e9563044a1791bc676c9a41) Importer(2089858483,0ecaa5967403d082aa24f35e1b516d23) [PhysX] Initialized MultithreadedTaskDispatcher with 16 workers.
 -> (artifact id: 'c2438876047762067e3b2a1c0a8a6e38') in 0.012319 seconds
Number of updated asset objects reloaded before import = 0
Number of asset objects unloaded after import = 1
========================================================================
Received Import Request.
  Time since last request: 0.000020 seconds.
  path: Assets/ModernSupermarket/Models/Furniture/Sign_04h2fw/Textures/Materials/Sign_04h2fw_Dairy.mat
  artifactKey: Guid(67610a4fbe9788a4d9cd7d8d466f5362) Importer(2089858483,0ecaa5967403d082aa24f35e1b516d23)
Start importing Assets/ModernSupermarket/Models/Furniture/Sign_04h2fw/Textures/Materials/Sign_04h2fw_Dairy.mat using Guid(67610a4fbe9788a4d9cd7d8d466f5362) Importer(2089858483,0ecaa5967403d082aa24f35e1b516d23) [PhysX] Initialized MultithreadedTaskDispatcher with 16 workers.
 -> (artifact id: 'a4b48297739c647f8793675933cda197') in 0.012499 seconds
Number of updated asset objects reloaded before import = 0
Number of asset objects unloaded after import = 5
========================================================================
Received Import Request.
  Time since last request: 0.000022 seconds.
  path: Assets/ModernSupermarket/Models/Props/Products/CansPack_f98qxo/Textures/CansPack_f98qxo_Var01_m.png
  artifactKey: Guid(ca2abbd2b58bc4f49914fcebb03d1f91) Importer(2089858483,0ecaa5967403d082aa24f35e1b516d23)
Start importing Assets/ModernSupermarket/Models/Props/Products/CansPack_f98qxo/Textures/CansPack_f98qxo_Var01_m.png using Guid(ca2abbd2b58bc4f49914fcebb03d1f91) Importer(2089858483,0ecaa5967403d082aa24f35e1b516d23) [PhysX] Initialized MultithreadedTaskDispatcher with 16 workers.
 -> (artifact id: '1be96f50e02bc7de86a71c6f8dcaf93d') in 0.014769 seconds
Number of updated asset objects reloaded before import = 0
Number of asset objects unloaded after import = 1
========================================================================
Received Import Request.
  Time since last request: 0.000021 seconds.
  path: Assets/ModernSupermarket/Models/Props/Products/EggBox4x_nbzek2/Textures/EggBox4x_nbzek2_n.png
  artifactKey: Guid(f692183860919c844ab8d49260d1db1b) Importer(2089858483,0ecaa5967403d082aa24f35e1b516d23)
Start importing Assets/ModernSupermarket/Models/Props/Products/EggBox4x_nbzek2/Textures/EggBox4x_nbzek2_n.png using Guid(f692183860919c844ab8d49260d1db1b) Importer(2089858483,0ecaa5967403d082aa24f35e1b516d23) [PhysX] Initialized MultithreadedTaskDispatcher with 16 workers.
 -> (artifact id: 'e8c460b12fe3e9ed29816af094eda05e') in 0.011973 seconds
Number of updated asset objects reloaded before import = 0
Number of asset objects unloaded after import = 1
========================================================================
Received Import Request.
  Time since last request: 0.000021 seconds.
  path: Assets/ModernSupermarket/Models/Props/Products/Cleanser_7dsib5/Textures/Cleanser_7dsib5_o.png
  artifactKey: Guid(aef80e24ef8903c419024b5c3b562644) Importer(2089858483,0ecaa5967403d082aa24f35e1b516d23)
Start importing Assets/ModernSupermarket/Models/Props/Products/Cleanser_7dsib5/Textures/Cleanser_7dsib5_o.png using Guid(aef80e24ef8903c419024b5c3b562644) Importer(2089858483,0ecaa5967403d082aa24f35e1b516d23) [PhysX] Initialized MultithreadedTaskDispatcher with 16 workers.
 -> (artifact id: '113c542ab2619e60884c76f76db31627') in 0.011166 seconds
Number of updated asset objects reloaded before import = 0
Number of asset objects unloaded after import = 1
========================================================================
Received Import Request.
  Time since last request: 0.000017 seconds.
  path: Assets/ModernSupermarket/Models/Props/Produce/Mango_1xw10k/Textures/Mango_1xw10k_o.png
  artifactKey: Guid(dce825f6af613b146a8aaaa81721716e) Importer(2089858483,0ecaa5967403d082aa24f35e1b516d23)
Start importing Assets/ModernSupermarket/Models/Props/Produce/Mango_1xw10k/Textures/Mango_1xw10k_o.png using Guid(dce825f6af613b146a8aaaa81721716e) Importer(2089858483,0ecaa5967403d082aa24f35e1b516d23) [PhysX] Initialized MultithreadedTaskDispatcher with 16 workers.
 -> (artifact id: '9ca079840c8eeb19b77488923dd9d8eb') in 0.012084 seconds
Number of updated asset objects reloaded before import = 0
Number of asset objects unloaded after import = 1
========================================================================
Received Import Request.
  Time since last request: 0.000019 seconds.
  path: Assets/ModernSupermarket/Models/Props/Products/BeerKeg_byk96e/Textures/BeerKeg_byk96e_a.png
  artifactKey: Guid(427921d34363e614e98b8188d4f2ef16) Importer(2089858483,0ecaa5967403d082aa24f35e1b516d23)
Start importing Assets/ModernSupermarket/Models/Props/Products/BeerKeg_byk96e/Textures/BeerKeg_byk96e_a.png using Guid(427921d34363e614e98b8188d4f2ef16) Importer(2089858483,0ecaa5967403d082aa24f35e1b516d23) [PhysX] Initialized MultithreadedTaskDispatcher with 16 workers.
 -> (artifact id: 'b03797edeb912f926ba8c11a4b4c6f43') in 0.013316 seconds
Number of updated asset objects reloaded before import = 0
Number of asset objects unloaded after import = 1
========================================================================
Received Import Request.
  Time since last request: 0.000018 seconds.
  path: Assets/ModernSupermarket/Models/Props/Products/EggBox4x_nbzek2/Textures/EggBox4x_nbzek2_a.png
  artifactKey: Guid(0ccd15f872e63a44aa86c0f039c5c773) Importer(2089858483,0ecaa5967403d082aa24f35e1b516d23)
Start importing Assets/ModernSupermarket/Models/Props/Products/EggBox4x_nbzek2/Textures/EggBox4x_nbzek2_a.png using Guid(0ccd15f872e63a44aa86c0f039c5c773) Importer(2089858483,0ecaa5967403d082aa24f35e1b516d23) [PhysX] Initialized MultithreadedTaskDispatcher with 16 workers.
 -> (artifact id: 'd7fd420501f698e9fa2148594797c597') in 0.011694 seconds
Number of updated asset objects reloaded before import = 0
Number of asset objects unloaded after import = 1
========================================================================
Received Import Request.
  Time since last request: 0.000016 seconds.
  path: Assets/ModernSupermarket/Models/Furniture/Vent_9y3yo/Textures/Materials/Vent_9y3yod.mat
  artifactKey: Guid(1cf2ef265d9110f4d9784f2433d8e692) Importer(2089858483,0ecaa5967403d082aa24f35e1b516d23)
Start importing Assets/ModernSupermarket/Models/Furniture/Vent_9y3yo/Textures/Materials/Vent_9y3yod.mat using Guid(1cf2ef265d9110f4d9784f2433d8e692) Importer(2089858483,0ecaa5967403d082aa24f35e1b516d23) [PhysX] Initialized MultithreadedTaskDispatcher with 16 workers.
 -> (artifact id: '6e89d13c6e4035b43b4e737ad1c1ba7e') in 0.014515 seconds
Number of updated asset objects reloaded before import = 0
Number of asset objects unloaded after import = 5
========================================================================
Received Import Request.
  Time since last request: 0.000018 seconds.
  path: Assets/ModernSupermarket/Models/Furniture/Sign_9jlt52/Textures/Materials/Sign_9jlt52.mat
  artifactKey: Guid(57effe2a58a81ee4d80f28881f2a8dad) Importer(2089858483,0ecaa5967403d082aa24f35e1b516d23)
Start importing Assets/ModernSupermarket/Models/Furniture/Sign_9jlt52/Textures/Materials/Sign_9jlt52.mat using Guid(57effe2a58a81ee4d80f28881f2a8dad) Importer(2089858483,0ecaa5967403d082aa24f35e1b516d23) [PhysX] Initialized MultithreadedTaskDispatcher with 16 workers.
 -> (artifact id: '2099f7e42fb2607aee7af2e7a48cb83e') in 0.008823 seconds
Number of updated asset objects reloaded before import = 0
Number of asset objects unloaded after import = 2
========================================================================
Received Import Request.
  Time since last request: 0.000022 seconds.
  path: Assets/ModernSupermarket/Models/Props/Produce/ChilliPepper_w388hm/Textures/ChilliPeppers_w388hm_Var01_o.png
  artifactKey: Guid(8f1ca8189eb594b458ca5d266e821d5d) Importer(2089858483,0ecaa5967403d082aa24f35e1b516d23)
Start importing Assets/ModernSupermarket/Models/Props/Produce/ChilliPepper_w388hm/Textures/ChilliPeppers_w388hm_Var01_o.png using Guid(8f1ca8189eb594b458ca5d266e821d5d) Importer(2089858483,0ecaa5967403d082aa24f35e1b516d23) [PhysX] Initialized MultithreadedTaskDispatcher with 16 workers.
 -> (artifact id: '101241d087947e3598442a4933377d24') in 0.023557 seconds
Number of updated asset objects reloaded before import = 0
Number of asset objects unloaded after import = 1
========================================================================
Received Import Request.
  Time since last request: 0.000021 seconds.
  path: Assets/ModernSupermarket/Models/Props/Products/Butter_5ttny6/Textures/Butters_5ttny6_low_n.png
  artifactKey: Guid(cc4efb5ec4b5bf74188b8b9e8c6a955b) Importer(2089858483,0ecaa5967403d082aa24f35e1b516d23)
Start importing Assets/ModernSupermarket/Models/Props/Products/Butter_5ttny6/Textures/Butters_5ttny6_low_n.png using Guid(cc4efb5ec4b5bf74188b8b9e8c6a955b) Importer(2089858483,0ecaa5967403d082aa24f35e1b516d23) [PhysX] Initialized MultithreadedTaskDispatcher with 16 workers.
 -> (artifact id: '9581c85fdbf557e8c8e286abe53a0e47') in 0.015387 seconds
Number of updated asset objects reloaded before import = 0
Number of asset objects unloaded after import = 1
========================================================================
Received Import Request.
  Time since last request: 0.000020 seconds.
  path: Assets/ModernSupermarket/Models/Props/Products/CandyPack_qkmq5d/Textures/CandyPack_qkmq5d_Var01_m.png
  artifactKey: Guid(f3bb1963464db154a8d4bb634b848414) Importer(2089858483,0ecaa5967403d082aa24f35e1b516d23)
Start importing Assets/ModernSupermarket/Models/Props/Products/CandyPack_qkmq5d/Textures/CandyPack_qkmq5d_Var01_m.png using Guid(f3bb1963464db154a8d4bb634b848414) Importer(2089858483,0ecaa5967403d082aa24f35e1b516d23) [PhysX] Initialized MultithreadedTaskDispatcher with 16 workers.
 -> (artifact id: '58ecbfee00ae232614fcf84270449b3f') in 0.012493 seconds
Number of updated asset objects reloaded before import = 0
Number of asset objects unloaded after import = 1
========================================================================
Received Import Request.
  Time since last request: 0.000027 seconds.
  path: Assets/ModernSupermarket/Models/Props/Products/Chicken_ozj6pn/Textures/Chicken_ozj6pn_o.png
  artifactKey: Guid(5eea8559ea0250a409a5bd9525c92af7) Importer(2089858483,0ecaa5967403d082aa24f35e1b516d23)
Start importing Assets/ModernSupermarket/Models/Props/Products/Chicken_ozj6pn/Textures/Chicken_ozj6pn_o.png using Guid(5eea8559ea0250a409a5bd9525c92af7) Importer(2089858483,0ecaa5967403d082aa24f35e1b516d23) [PhysX] Initialized MultithreadedTaskDispatcher with 16 workers.
 -> (artifact id: '5a09c80949a511705b4b01244499433f') in 0.013307 seconds
Number of updated asset objects reloaded before import = 0
Number of asset objects unloaded after import = 1
========================================================================
Received Import Request.
  Time since last request: 0.000018 seconds.
  path: Assets/ModernSupermarket/Models/Props/Produce/ChilliPepper_w388hm/Textures/ChilliPeppers_w388hm_Var02_o.png
  artifactKey: Guid(c9202a84c417e754d906ac7f5c22e3f2) Importer(2089858483,0ecaa5967403d082aa24f35e1b516d23)
Start importing Assets/ModernSupermarket/Models/Props/Produce/ChilliPepper_w388hm/Textures/ChilliPeppers_w388hm_Var02_o.png using Guid(c9202a84c417e754d906ac7f5c22e3f2) Importer(2089858483,0ecaa5967403d082aa24f35e1b516d23) [PhysX] Initialized MultithreadedTaskDispatcher with 16 workers.
 -> (artifact id: 'e2a81e8efea82829fc182d44b77cb994') in 0.019385 seconds
Number of updated asset objects reloaded before import = 0
Number of asset objects unloaded after import = 1
========================================================================
Received Import Request.
  Time since last request: 0.000019 seconds.
  path: Assets/ModernSupermarket/Models/Props/Products/Cheese_dx1ygk/Textures/Cheese_dx1ygk_a.png
  artifactKey: Guid(510985ac7262e2a498c4166c8526e124) Importer(2089858483,0ecaa5967403d082aa24f35e1b516d23)
Start importing Assets/ModernSupermarket/Models/Props/Products/Cheese_dx1ygk/Textures/Cheese_dx1ygk_a.png using Guid(510985ac7262e2a498c4166c8526e124) Importer(2089858483,0ecaa5967403d082aa24f35e1b516d23) [PhysX] Initialized MultithreadedTaskDispatcher with 16 workers.
 -> (artifact id: 'e3842c8b559745c6e2475a378c0e82f2') in 0.013244 seconds
Number of updated asset objects reloaded before import = 0
Number of asset objects unloaded after import = 1
========================================================================
Received Import Request.
  Time since last request: 0.000018 seconds.
  path: Assets/ModernSupermarket/Models/Props/Products/Alcohol_ao62w4/Textures/Alcool_ao62w4_o.png
  artifactKey: Guid(6191c3f03dc33d041819e9d1232fd339) Importer(2089858483,0ecaa5967403d082aa24f35e1b516d23)
Start importing Assets/ModernSupermarket/Models/Props/Products/Alcohol_ao62w4/Textures/Alcool_ao62w4_o.png using Guid(6191c3f03dc33d041819e9d1232fd339) Importer(2089858483,0ecaa5967403d082aa24f35e1b516d23) [PhysX] Initialized MultithreadedTaskDispatcher with 16 workers.
 -> (artifact id: '1eb774b0800c08b85d96c75aa4181433') in 0.016968 seconds
Number of updated asset objects reloaded before import = 0
Number of asset objects unloaded after import = 1
========================================================================
Received Import Request.
  Time since last request: 0.000021 seconds.
  path: Assets/ModernSupermarket/Models/Props/Products/Bleach_c6nm2t/Textures/Can_Bleach_c6nm2t_m.png
  artifactKey: Guid(503766d050d06a048b3c35bf6b694812) Importer(2089858483,0ecaa5967403d082aa24f35e1b516d23)
Start importing Assets/ModernSupermarket/Models/Props/Products/Bleach_c6nm2t/Textures/Can_Bleach_c6nm2t_m.png using Guid(503766d050d06a048b3c35bf6b694812) Importer(2089858483,0ecaa5967403d082aa24f35e1b516d23) [PhysX] Initialized MultithreadedTaskDispatcher with 16 workers.
 -> (artifact id: 'b746cb6860dd346190940ffafbf8d457') in 0.013312 seconds
Number of updated asset objects reloaded before import = 0
Number of asset objects unloaded after import = 1
========================================================================
Received Import Request.
  Time since last request: 0.000019 seconds.
  path: Assets/ModernSupermarket/Models/Props/Products/Chicken_ozj6pn/Textures/Chicken_ozj6pn_a.png
  artifactKey: Guid(e77c994ad409c4545ae1786924acf471) Importer(2089858483,0ecaa5967403d082aa24f35e1b516d23)
Start importing Assets/ModernSupermarket/Models/Props/Products/Chicken_ozj6pn/Textures/Chicken_ozj6pn_a.png using Guid(e77c994ad409c4545ae1786924acf471) Importer(2089858483,0ecaa5967403d082aa24f35e1b516d23) [PhysX] Initialized MultithreadedTaskDispatcher with 16 workers.
 -> (artifact id: '4f72ffda7bc153897c5aab063f37d6fa') in 0.012852 seconds
Number of updated asset objects reloaded before import = 0
Number of asset objects unloaded after import = 1
========================================================================
Received Import Request.
  Time since last request: 0.000022 seconds.
  path: Assets/ModernSupermarket/Models/Props/Produce/Mango_1xw10k/Textures/Mango_1xw10k_m.png
  artifactKey: Guid(45031e9ca605d8a49b40d72247a2fccd) Importer(2089858483,0ecaa5967403d082aa24f35e1b516d23)
Start importing Assets/ModernSupermarket/Models/Props/Produce/Mango_1xw10k/Textures/Mango_1xw10k_m.png using Guid(45031e9ca605d8a49b40d72247a2fccd) Importer(2089858483,0ecaa5967403d082aa24f35e1b516d23) [PhysX] Initialized MultithreadedTaskDispatcher with 16 workers.
 -> (artifact id: '1e760d6891c918a9a2607fe180d8d64a') in 0.011631 seconds
Number of updated asset objects reloaded before import = 0
Number of asset objects unloaded after import = 1
========================================================================
Received Import Request.
  Time since last request: 0.000020 seconds.
  path: Assets/ModernSupermarket/Models/Props/Produce/Avocado_pd302k/Textures/Avocado_pd302k_n.png
  artifactKey: Guid(14e5fc93a85efb846a83bf17c8c0a947) Importer(2089858483,0ecaa5967403d082aa24f35e1b516d23)
Start importing Assets/ModernSupermarket/Models/Props/Produce/Avocado_pd302k/Textures/Avocado_pd302k_n.png using Guid(14e5fc93a85efb846a83bf17c8c0a947) Importer(2089858483,0ecaa5967403d082aa24f35e1b516d23) [PhysX] Initialized MultithreadedTaskDispatcher with 16 workers.
 -> (artifact id: '16fed1aff33884afd1b796b95dfe33ac') in 0.012216 seconds
Number of updated asset objects reloaded before import = 0
Number of asset objects unloaded after import = 1
========================================================================
Received Import Request.
  Time since last request: 0.000017 seconds.
  path: Assets/ModernSupermarket/Models/Props/Products/CansPack_f98qxo/Textures/CansPack_f98qxo_n.png
  artifactKey: Guid(9d564e2459823134aab1be408e498752) Importer(2089858483,0ecaa5967403d082aa24f35e1b516d23)
Start importing Assets/ModernSupermarket/Models/Props/Products/CansPack_f98qxo/Textures/CansPack_f98qxo_n.png using Guid(9d564e2459823134aab1be408e498752) Importer(2089858483,0ecaa5967403d082aa24f35e1b516d23) [PhysX] Initialized MultithreadedTaskDispatcher with 16 workers.
 -> (artifact id: '980011086aea51050740f7978c021914') in 0.012831 seconds
Number of updated asset objects reloaded before import = 0
Number of asset objects unloaded after import = 1
========================================================================
Received Import Request.
  Time since last request: 0.000018 seconds.
  path: Assets/ModernSupermarket/Models/Props/Produce/Lemon_ahopes/Textures/Lemon_ahopes_m.png
  artifactKey: Guid(8de8858e5503e34479cc4927f4a2205d) Importer(2089858483,0ecaa5967403d082aa24f35e1b516d23)
Start importing Assets/ModernSupermarket/Models/Props/Produce/Lemon_ahopes/Textures/Lemon_ahopes_m.png using Guid(8de8858e5503e34479cc4927f4a2205d) Importer(2089858483,0ecaa5967403d082aa24f35e1b516d23) [PhysX] Initialized MultithreadedTaskDispatcher with 16 workers.
 -> (artifact id: 'c61ef4b262115512d03af0e25c12797b') in 0.013105 seconds
Number of updated asset objects reloaded before import = 0
Number of asset objects unloaded after import = 1
========================================================================
Received Import Request.
  Time since last request: 0.000016 seconds.
  path: Assets/ModernSupermarket/Models/Props/Products/EggBox12x_7zw3j2/Textures/EggBox12x_7zw3j2_a.png
  artifactKey: Guid(4885a62d14a48c24faaa4d24df08ef15) Importer(2089858483,0ecaa5967403d082aa24f35e1b516d23)
Start importing Assets/ModernSupermarket/Models/Props/Products/EggBox12x_7zw3j2/Textures/EggBox12x_7zw3j2_a.png using Guid(4885a62d14a48c24faaa4d24df08ef15) Importer(2089858483,0ecaa5967403d082aa24f35e1b516d23) [PhysX] Initialized MultithreadedTaskDispatcher with 16 workers.
 -> (artifact id: '28664664d805719071df871ea2317222') in 0.012369 seconds
Number of updated asset objects reloaded before import = 0
Number of asset objects unloaded after import = 1
========================================================================
Received Import Request.
  Time since last request: 0.000020 seconds.
  path: Assets/ModernSupermarket/Models/Props/Products/Butter_5ttny6/Textures/Butters_5ttny6_low_m.png
  artifactKey: Guid(b64fa54c518b8d443b949eaa7ad15c26) Importer(2089858483,0ecaa5967403d082aa24f35e1b516d23)
Start importing Assets/ModernSupermarket/Models/Props/Products/Butter_5ttny6/Textures/Butters_5ttny6_low_m.png using Guid(b64fa54c518b8d443b949eaa7ad15c26) Importer(2089858483,0ecaa5967403d082aa24f35e1b516d23) [PhysX] Initialized MultithreadedTaskDispatcher with 16 workers.
 -> (artifact id: 'd1d63079636cb50dc48a951fc28b0c53') in 0.011921 seconds
Number of updated asset objects reloaded before import = 0
Number of asset objects unloaded after import = 1
========================================================================
Received Import Request.
  Time since last request: 0.000020 seconds.
  path: Assets/ModernSupermarket/Models/Props/Products/BeerKeg_byk96e/Textures/BeerKeg_byk96e_m.png
  artifactKey: Guid(7d732f83b41f98c4dba61b98f7ab055c) Importer(2089858483,0ecaa5967403d082aa24f35e1b516d23)
Start importing Assets/ModernSupermarket/Models/Props/Products/BeerKeg_byk96e/Textures/BeerKeg_byk96e_m.png using Guid(7d732f83b41f98c4dba61b98f7ab055c) Importer(2089858483,0ecaa5967403d082aa24f35e1b516d23) [PhysX] Initialized MultithreadedTaskDispatcher with 16 workers.
 -> (artifact id: '386d192eb85bc6e464efbb8d80c9b22a') in 0.014484 seconds
Number of updated asset objects reloaded before import = 0
Number of asset objects unloaded after import = 1
========================================================================
Received Import Request.
  Time since last request: 0.000016 seconds.
  path: Assets/ModernSupermarket/Models/Props/Products/Butter_5ttny6/Textures/Butters_5ttny6_low_a.png
  artifactKey: Guid(3e0e613f2ea34a24183506da90db493c) Importer(2089858483,0ecaa5967403d082aa24f35e1b516d23)
Start importing Assets/ModernSupermarket/Models/Props/Products/Butter_5ttny6/Textures/Butters_5ttny6_low_a.png using Guid(3e0e613f2ea34a24183506da90db493c) Importer(2089858483,0ecaa5967403d082aa24f35e1b516d23) [PhysX] Initialized MultithreadedTaskDispatcher with 16 workers.
 -> (artifact id: 'fc6b59698c12f7873f96537d356494f5') in 0.012390 seconds
Number of updated asset objects reloaded before import = 0
Number of asset objects unloaded after import = 1
========================================================================
Received Import Request.
  Time since last request: 0.000019 seconds.
  path: Assets/ModernSupermarket/Models/Props/Products/ChocolateSpread_xhkyij/Textures/ChocolateSpread_xhkyij_o.png
  artifactKey: Guid(8b5e31e33ac24ab4a9476be025f3e88f) Importer(2089858483,0ecaa5967403d082aa24f35e1b516d23)
Start importing Assets/ModernSupermarket/Models/Props/Products/ChocolateSpread_xhkyij/Textures/ChocolateSpread_xhkyij_o.png using Guid(8b5e31e33ac24ab4a9476be025f3e88f) Importer(2089858483,0ecaa5967403d082aa24f35e1b516d23) [PhysX] Initialized MultithreadedTaskDispatcher with 16 workers.
 -> (artifact id: '382bb68cb443d95680996d7e3d36e8d3') in 0.013273 seconds
Number of updated asset objects reloaded before import = 0
Number of asset objects unloaded after import = 1
========================================================================
Received Import Request.
  Time since last request: 0.000021 seconds.
  path: Assets/ModernSupermarket/Models/Props/Products/BeerPack_74mugc/Textures/BeerPack_74mugc_Var01_a.png
  artifactKey: Guid(1b6b87ef1c1ff264db27b10d02b81275) Importer(2089858483,0ecaa5967403d082aa24f35e1b516d23)
Start importing Assets/ModernSupermarket/Models/Props/Products/BeerPack_74mugc/Textures/BeerPack_74mugc_Var01_a.png using Guid(1b6b87ef1c1ff264db27b10d02b81275) Importer(2089858483,0ecaa5967403d082aa24f35e1b516d23) [PhysX] Initialized MultithreadedTaskDispatcher with 16 workers.
 -> (artifact id: '74b3d45d3f28f3eda6b62b37285c443a') in 0.012825 seconds
Number of updated asset objects reloaded before import = 0
Number of asset objects unloaded after import = 1
========================================================================
Received Import Request.
  Time since last request: 0.000026 seconds.
  path: Assets/ModernSupermarket/Models/Props/Products/Cleanser_o964qg/Textures/Cleanser_o964qg_o.png
  artifactKey: Guid(8d48f45ca151e90408cef8d54bdef1c5) Importer(2089858483,0ecaa5967403d082aa24f35e1b516d23)
Start importing Assets/ModernSupermarket/Models/Props/Products/Cleanser_o964qg/Textures/Cleanser_o964qg_o.png using Guid(8d48f45ca151e90408cef8d54bdef1c5) Importer(2089858483,0ecaa5967403d082aa24f35e1b516d23) [PhysX] Initialized MultithreadedTaskDispatcher with 16 workers.
 -> (artifact id: '775e14501ae848405c20c4ca769bb767') in 0.017992 seconds
Number of updated asset objects reloaded before import = 0
Number of asset objects unloaded after import = 1
========================================================================
Received Import Request.
  Time since last request: 0.000018 seconds.
  path: Assets/ModernSupermarket/Models/Furniture/Sign_04h2fw/Textures/Materials/Sign_04h2fw_Books.mat
  artifactKey: Guid(9db5b5f5587c1244d80c64df99850fc3) Importer(2089858483,0ecaa5967403d082aa24f35e1b516d23)
Start importing Assets/ModernSupermarket/Models/Furniture/Sign_04h2fw/Textures/Materials/Sign_04h2fw_Books.mat using Guid(9db5b5f5587c1244d80c64df99850fc3) Importer(2089858483,0ecaa5967403d082aa24f35e1b516d23) [PhysX] Initialized MultithreadedTaskDispatcher with 16 workers.
 -> (artifact id: '6ca9120fdc3be94bed06d5a238d768e5') in 0.011575 seconds
Number of updated asset objects reloaded before import = 0
Number of asset objects unloaded after import = 5
========================================================================
Received Import Request.
  Time since last request: 0.000019 seconds.
  path: Assets/ModernSupermarket/Models/Props/Products/EggBox4x_nbzek2/Textures/EggBox4x_nbzek2_m.png
  artifactKey: Guid(3d20f037e806a8c438a72a3f9e716ac8) Importer(2089858483,0ecaa5967403d082aa24f35e1b516d23)
Start importing Assets/ModernSupermarket/Models/Props/Products/EggBox4x_nbzek2/Textures/EggBox4x_nbzek2_m.png using Guid(3d20f037e806a8c438a72a3f9e716ac8) Importer(2089858483,0ecaa5967403d082aa24f35e1b516d23) [PhysX] Initialized MultithreadedTaskDispatcher with 16 workers.
 -> (artifact id: '8642bb610eb03d4307405728f387dad5') in 0.011010 seconds
Number of updated asset objects reloaded before import = 0
Number of asset objects unloaded after import = 1
========================================================================
Received Import Request.
  Time since last request: 0.000018 seconds.
  path: Assets/ModernSupermarket/Models/Props/Products/Capsule_dchvzi/Textures/Capsule_dchvzi_m.png
  artifactKey: Guid(2a038a8f347c1024eb82b411406cdf71) Importer(2089858483,0ecaa5967403d082aa24f35e1b516d23)
Start importing Assets/ModernSupermarket/Models/Props/Products/Capsule_dchvzi/Textures/Capsule_dchvzi_m.png using Guid(2a038a8f347c1024eb82b411406cdf71) Importer(2089858483,0ecaa5967403d082aa24f35e1b516d23) [PhysX] Initialized MultithreadedTaskDispatcher with 16 workers.
 -> (artifact id: '7264e607edd70a4a0da527b5a66d61f7') in 0.012508 seconds
Number of updated asset objects reloaded before import = 0
Number of asset objects unloaded after import = 1
========================================================================
Received Import Request.
  Time since last request: 0.000016 seconds.
  path: Assets/ModernSupermarket/Models/Props/Products/Cleanser_o964qg/Textures/Cleanser_o964qg_a.png
  artifactKey: Guid(222fb7e02ef62a94897723fcf623746d) Importer(2089858483,0ecaa5967403d082aa24f35e1b516d23)
Start importing Assets/ModernSupermarket/Models/Props/Products/Cleanser_o964qg/Textures/Cleanser_o964qg_a.png using Guid(222fb7e02ef62a94897723fcf623746d) Importer(2089858483,0ecaa5967403d082aa24f35e1b516d23) [PhysX] Initialized MultithreadedTaskDispatcher with 16 workers.
 -> (artifact id: '9531df40c2b375d90ba4934970b392b4') in 0.013134 seconds
Number of updated asset objects reloaded before import = 0
Number of asset objects unloaded after import = 1
========================================================================
Received Import Request.
  Time since last request: 0.000016 seconds.
  path: Assets/ModernSupermarket/Models/Props/Produce/Pumpkin_hjtgsa/Textures/Pumpkin_hjtgsa_n.png
  artifactKey: Guid(97a677accda1c0944b9f4d5333141f73) Importer(2089858483,0ecaa5967403d082aa24f35e1b516d23)
Start importing Assets/ModernSupermarket/Models/Props/Produce/Pumpkin_hjtgsa/Textures/Pumpkin_hjtgsa_n.png using Guid(97a677accda1c0944b9f4d5333141f73) Importer(2089858483,0ecaa5967403d082aa24f35e1b516d23) [PhysX] Initialized MultithreadedTaskDispatcher with 16 workers.
 -> (artifact id: '62e7e665632a723798d5313f2b85c3d2') in 0.020023 seconds
Number of updated asset objects reloaded before import = 0
Number of asset objects unloaded after import = 1
========================================================================
Received Import Request.
  Time since last request: 0.000017 seconds.
  path: Assets/ModernSupermarket/Models/Props/Products/Chips_w4tja8/Textures/Chips_w4tja8_Var02_a.png
  artifactKey: Guid(58dffccf473c6bd4d8f93a8d9c526459) Importer(2089858483,0ecaa5967403d082aa24f35e1b516d23)
Start importing Assets/ModernSupermarket/Models/Props/Products/Chips_w4tja8/Textures/Chips_w4tja8_Var02_a.png using Guid(58dffccf473c6bd4d8f93a8d9c526459) Importer(2089858483,0ecaa5967403d082aa24f35e1b516d23) [PhysX] Initialized MultithreadedTaskDispatcher with 16 workers.
 -> (artifact id: 'aa81b2d2c4c06fcb1d37aeaf43b07431') in 0.012469 seconds
Number of updated asset objects reloaded before import = 0
Number of asset objects unloaded after import = 1
========================================================================
Received Import Request.
  Time since last request: 0.000019 seconds.
  path: Assets/ModernSupermarket/Models/Props/Products/ChocolateBox_b94wj0/Textures/ChocolatBox_b94wj0_m.png
  artifactKey: Guid(29a0cf99a9ebb494eab3a279723b92db) Importer(2089858483,0ecaa5967403d082aa24f35e1b516d23)
Start importing Assets/ModernSupermarket/Models/Props/Products/ChocolateBox_b94wj0/Textures/ChocolatBox_b94wj0_m.png using Guid(29a0cf99a9ebb494eab3a279723b92db) Importer(2089858483,0ecaa5967403d082aa24f35e1b516d23) [PhysX] Initialized MultithreadedTaskDispatcher with 16 workers.
 -> (artifact id: '9d3eb1579a246f34d9260408e3f1224f') in 0.013298 seconds
Number of updated asset objects reloaded before import = 0
Number of asset objects unloaded after import = 1
========================================================================
Received Import Request.
  Time since last request: 0.000017 seconds.
  path: Assets/ModernSupermarket/Models/Props/Products/Coffee_5uj6zk/Textures/Coffee_5uj6zk_a.png
  artifactKey: Guid(2cbe6b1162faac34ca33038601c07144) Importer(2089858483,0ecaa5967403d082aa24f35e1b516d23)
Start importing Assets/ModernSupermarket/Models/Props/Products/Coffee_5uj6zk/Textures/Coffee_5uj6zk_a.png using Guid(2cbe6b1162faac34ca33038601c07144) Importer(2089858483,0ecaa5967403d082aa24f35e1b516d23) [PhysX] Initialized MultithreadedTaskDispatcher with 16 workers.
 -> (artifact id: 'f583bb6412dcf36a8b5fae3d7a3fb7c8') in 0.013869 seconds
Number of updated asset objects reloaded before import = 0
Number of asset objects unloaded after import = 1
========================================================================
Received Import Request.
  Time since last request: 0.000020 seconds.
  path: Assets/ModernSupermarket/Models/Props/Products/Butter_5ttny6/Textures/Butters_5ttny6_low_o.png
  artifactKey: Guid(45d4c489f106cf449ad83b175fe67c19) Importer(2089858483,0ecaa5967403d082aa24f35e1b516d23)
Start importing Assets/ModernSupermarket/Models/Props/Products/Butter_5ttny6/Textures/Butters_5ttny6_low_o.png using Guid(45d4c489f106cf449ad83b175fe67c19) Importer(2089858483,0ecaa5967403d082aa24f35e1b516d23) [PhysX] Initialized MultithreadedTaskDispatcher with 16 workers.
 -> (artifact id: '18ebef26116a4739f1bc32fa71df2846') in 0.012351 seconds
Number of updated asset objects reloaded before import = 0
Number of asset objects unloaded after import = 1
========================================================================
Received Import Request.
  Time since last request: 0.000035 seconds.
  path: Assets/ModernSupermarket/Models/Furniture/Stall_6f5bo1/Textures/Materials/Stall_6f5bo1.mat
  artifactKey: Guid(4086003219c9ed348914f11c907659b2) Importer(2089858483,0ecaa5967403d082aa24f35e1b516d23)
Start importing Assets/ModernSupermarket/Models/Furniture/Stall_6f5bo1/Textures/Materials/Stall_6f5bo1.mat using Guid(4086003219c9ed348914f11c907659b2) Importer(2089858483,0ecaa5967403d082aa24f35e1b516d23) [PhysX] Initialized MultithreadedTaskDispatcher with 16 workers.
 -> (artifact id: '65161a9a03f1fc7d63b50f57c43e0bfc') in 0.013398 seconds
Number of updated asset objects reloaded before import = 0
Number of asset objects unloaded after import = 5
========================================================================
Received Import Request.
  Time since last request: 0.000018 seconds.
  path: Assets/ModernSupermarket/Models/Props/Produce/ChilliPepper_w388hm/Textures/ChilliPeppers_w388hm_n.png
  artifactKey: Guid(b32c7b12d1cfeec45928d9ec326fd035) Importer(2089858483,0ecaa5967403d082aa24f35e1b516d23)
Start importing Assets/ModernSupermarket/Models/Props/Produce/ChilliPepper_w388hm/Textures/ChilliPeppers_w388hm_n.png using Guid(b32c7b12d1cfeec45928d9ec326fd035) Importer(2089858483,0ecaa5967403d082aa24f35e1b516d23) [PhysX] Initialized MultithreadedTaskDispatcher with 16 workers.
 -> (artifact id: 'aa7bcea116f0fef8e5f02abda284d729') in 0.021203 seconds
Number of updated asset objects reloaded before import = 0
Number of asset objects unloaded after import = 1
========================================================================
Received Import Request.
  Time since last request: 0.000020 seconds.
  path: Assets/ModernSupermarket/Models/Props/Products/Books_bpxngl/Textures/Books_bpxngl_mask.png
  artifactKey: Guid(f40982608c3c628488371c1ea3a9c425) Importer(2089858483,0ecaa5967403d082aa24f35e1b516d23)
Start importing Assets/ModernSupermarket/Models/Props/Products/Books_bpxngl/Textures/Books_bpxngl_mask.png using Guid(f40982608c3c628488371c1ea3a9c425) Importer(2089858483,0ecaa5967403d082aa24f35e1b516d23) [PhysX] Initialized MultithreadedTaskDispatcher with 16 workers.
 -> (artifact id: '9323f42709f35b7ec51daf6aad4c5759') in 0.036733 seconds
Number of updated asset objects reloaded before import = 0
Number of asset objects unloaded after import = 1
========================================================================
Received Import Request.
  Time since last request: 0.000022 seconds.
  path: Assets/ModernSupermarket/Models/Props/Products/Alcohol_eoojba/Textures/Whisky_eoojba_a.png
  artifactKey: Guid(f7078eecf8e2517429136f840a51982d) Importer(2089858483,0ecaa5967403d082aa24f35e1b516d23)
Start importing Assets/ModernSupermarket/Models/Props/Products/Alcohol_eoojba/Textures/Whisky_eoojba_a.png using Guid(f7078eecf8e2517429136f840a51982d) Importer(2089858483,0ecaa5967403d082aa24f35e1b516d23) [PhysX] Initialized MultithreadedTaskDispatcher with 16 workers.
 -> (artifact id: 'e6a5bf221b29c9d563bbae3cab84910e') in 0.013384 seconds
Number of updated asset objects reloaded before import = 0
Number of asset objects unloaded after import = 1
========================================================================
Received Import Request.
  Time since last request: 0.000026 seconds.
  path: Assets/ModernSupermarket/Models/Props/Products/Cake_p6lebj/Textures/BoxCake_p6lebj_o.png
  artifactKey: Guid(d86081154e4c1d443be3f6d720e54d76) Importer(2089858483,0ecaa5967403d082aa24f35e1b516d23)
Start importing Assets/ModernSupermarket/Models/Props/Products/Cake_p6lebj/Textures/BoxCake_p6lebj_o.png using Guid(d86081154e4c1d443be3f6d720e54d76) Importer(2089858483,0ecaa5967403d082aa24f35e1b516d23) [PhysX] Initialized MultithreadedTaskDispatcher with 16 workers.
 -> (artifact id: '9460babe06cc85a39dff45580b6374b5') in 0.012601 seconds
Number of updated asset objects reloaded before import = 0
Number of asset objects unloaded after import = 1
========================================================================
Received Import Request.
  Time since last request: 0.000020 seconds.
  path: Assets/ModernSupermarket/Models/Props/Produce/Lemon_ahopes/Textures/Lemon_ahopes_a.png
  artifactKey: Guid(9fbbfc5185ab8cd48ab064f6f62496e6) Importer(2089858483,0ecaa5967403d082aa24f35e1b516d23)
Start importing Assets/ModernSupermarket/Models/Props/Produce/Lemon_ahopes/Textures/Lemon_ahopes_a.png using Guid(9fbbfc5185ab8cd48ab064f6f62496e6) Importer(2089858483,0ecaa5967403d082aa24f35e1b516d23) [PhysX] Initialized MultithreadedTaskDispatcher with 16 workers.
 -> (artifact id: 'c90bc70f7e739fbed8102998c5d79218') in 0.012503 seconds
Number of updated asset objects reloaded before import = 0
Number of asset objects unloaded after import = 1
========================================================================
Received Import Request.
  Time since last request: 0.000019 seconds.
  path: Assets/ModernSupermarket/Models/Props/Produce/Artichoke_fdde0u/Textures/Artichoke_fdde0u_n.png
  artifactKey: Guid(b65ef3620a0a44043b5fa2265546ed8c) Importer(2089858483,0ecaa5967403d082aa24f35e1b516d23)
Start importing Assets/ModernSupermarket/Models/Props/Produce/Artichoke_fdde0u/Textures/Artichoke_fdde0u_n.png using Guid(b65ef3620a0a44043b5fa2265546ed8c) Importer(2089858483,0ecaa5967403d082aa24f35e1b516d23) [PhysX] Initialized MultithreadedTaskDispatcher with 16 workers.
 -> (artifact id: '2e56355193360cc03bd88b6c868d878a') in 0.013698 seconds
Number of updated asset objects reloaded before import = 0
Number of asset objects unloaded after import = 1
========================================================================
Received Import Request.
  Time since last request: 0.000020 seconds.
  path: Assets/ModernSupermarket/Models/Props/Produce/Pineapple_c1vx80/Textures/Pineapple_c1vx80_m.png
  artifactKey: Guid(66e65948b45d99c4a8367f5215f45ec2) Importer(2089858483,0ecaa5967403d082aa24f35e1b516d23)
Start importing Assets/ModernSupermarket/Models/Props/Produce/Pineapple_c1vx80/Textures/Pineapple_c1vx80_m.png using Guid(66e65948b45d99c4a8367f5215f45ec2) Importer(2089858483,0ecaa5967403d082aa24f35e1b516d23) [PhysX] Initialized MultithreadedTaskDispatcher with 16 workers.
 -> (artifact id: 'aae6b107eda7a44dbe8788f606e668a1') in 0.013972 seconds
Number of updated asset objects reloaded before import = 0
Number of asset objects unloaded after import = 1
========================================================================
Received Import Request.
  Time since last request: 0.000022 seconds.
  path: Assets/ModernSupermarket/Models/Props/Products/Decoration_3k4dyn/Textures/Decoration_3k4dyn_o.png
  artifactKey: Guid(d64c51bb37d693a4ba683d62ff15072e) Importer(2089858483,0ecaa5967403d082aa24f35e1b516d23)
Start importing Assets/ModernSupermarket/Models/Props/Products/Decoration_3k4dyn/Textures/Decoration_3k4dyn_o.png using Guid(d64c51bb37d693a4ba683d62ff15072e) Importer(2089858483,0ecaa5967403d082aa24f35e1b516d23) [PhysX] Initialized MultithreadedTaskDispatcher with 16 workers.
 -> (artifact id: 'cbd458a202bf21330e0ae6dcf12795b7') in 0.013814 seconds
Number of updated asset objects reloaded before import = 0
Number of asset objects unloaded after import = 1
========================================================================
Received Import Request.
  Time since last request: 0.000021 seconds.
  path: Assets/ModernSupermarket/Models/Props/Products/EggBox12x_7zw3j2/Textures/EggBox12x_7zw3j2_m.png
  artifactKey: Guid(73373dd592a747949a2d7bec68bc2d94) Importer(2089858483,0ecaa5967403d082aa24f35e1b516d23)
Start importing Assets/ModernSupermarket/Models/Props/Products/EggBox12x_7zw3j2/Textures/EggBox12x_7zw3j2_m.png using Guid(73373dd592a747949a2d7bec68bc2d94) Importer(2089858483,0ecaa5967403d082aa24f35e1b516d23) [PhysX] Initialized MultithreadedTaskDispatcher with 16 workers.
 -> (artifact id: '8a6ca9855e5db06a47b499616cd3fa7a') in 0.013121 seconds
Number of updated asset objects reloaded before import = 0
Number of asset objects unloaded after import = 1
========================================================================
Received Import Request.
  Time since last request: 0.000014 seconds.
  path: Assets/ModernSupermarket/Models/Props/Produce/Carrot_i2roww/Textures/Carrot_i2roww_a.png
  artifactKey: Guid(b94fb0e66e7d1d440abf7382097c84c4) Importer(2089858483,0ecaa5967403d082aa24f35e1b516d23)
Start importing Assets/ModernSupermarket/Models/Props/Produce/Carrot_i2roww/Textures/Carrot_i2roww_a.png using Guid(b94fb0e66e7d1d440abf7382097c84c4) Importer(2089858483,0ecaa5967403d082aa24f35e1b516d23) [PhysX] Initialized MultithreadedTaskDispatcher with 16 workers.
 -> (artifact id: 'c03805b3fe119e7d0f843b7169111926') in 0.011916 seconds
Number of updated asset objects reloaded before import = 0
Number of asset objects unloaded after import = 1
========================================================================
Received Import Request.
  Time since last request: 0.000022 seconds.
  path: Assets/ModernSupermarket/Models/Props/Products/BeerPack_74mugc/Textures/BeerPack_74mugc_o.png
  artifactKey: Guid(af48aa6f27913ad4b818e2fb2ad19504) Importer(2089858483,0ecaa5967403d082aa24f35e1b516d23)
Start importing Assets/ModernSupermarket/Models/Props/Products/BeerPack_74mugc/Textures/BeerPack_74mugc_o.png using Guid(af48aa6f27913ad4b818e2fb2ad19504) Importer(2089858483,0ecaa5967403d082aa24f35e1b516d23) [PhysX] Initialized MultithreadedTaskDispatcher with 16 workers.
 -> (artifact id: '36522b560d8cd72486a444cea8907ec9') in 0.012305 seconds
Number of updated asset objects reloaded before import = 0
Number of asset objects unloaded after import = 1
========================================================================
Received Import Request.
  Time since last request: 0.000021 seconds.
  path: Assets/ModernSupermarket/Models/Props/Produce/ChilliPepper_w388hm/Textures/ChilliPeppers_w388hm_Var02_m.png
  artifactKey: Guid(fc9d33ea8ca5e674b9b1dd9ce3aecccf) Importer(2089858483,0ecaa5967403d082aa24f35e1b516d23)
Start importing Assets/ModernSupermarket/Models/Props/Produce/ChilliPepper_w388hm/Textures/ChilliPeppers_w388hm_Var02_m.png using Guid(fc9d33ea8ca5e674b9b1dd9ce3aecccf) Importer(2089858483,0ecaa5967403d082aa24f35e1b516d23) [PhysX] Initialized MultithreadedTaskDispatcher with 16 workers.
 -> (artifact id: 'b07454e4e767f586a28dc19fcb192beb') in 0.020657 seconds
Number of updated asset objects reloaded before import = 0
Number of asset objects unloaded after import = 1
========================================================================
Received Import Request.
  Time since last request: 0.000018 seconds.
  path: Assets/ModernSupermarket/Models/Props/Produce/Squash_0r6m5l/Textures/Squash_0r6m5l_m.png
  artifactKey: Guid(0689a400cc4da254492fef8a6dd37c80) Importer(2089858483,0ecaa5967403d082aa24f35e1b516d23)
Start importing Assets/ModernSupermarket/Models/Props/Produce/Squash_0r6m5l/Textures/Squash_0r6m5l_m.png using Guid(0689a400cc4da254492fef8a6dd37c80) Importer(2089858483,0ecaa5967403d082aa24f35e1b516d23) [PhysX] Initialized MultithreadedTaskDispatcher with 16 workers.
 -> (artifact id: 'afb2e245622ab6becc08450da0f2ab70') in 0.012717 seconds
Number of updated asset objects reloaded before import = 0
Number of asset objects unloaded after import = 1
========================================================================
Received Import Request.
  Time since last request: 0.000017 seconds.
  path: Assets/ModernSupermarket/Models/Props/Products/EggBox4x_nbzek2/Textures/EggBox4x_nbzek2_o.png
  artifactKey: Guid(0057f3b4207c1a54fa002fd9fca6dd38) Importer(2089858483,0ecaa5967403d082aa24f35e1b516d23)
Start importing Assets/ModernSupermarket/Models/Props/Products/EggBox4x_nbzek2/Textures/EggBox4x_nbzek2_o.png using Guid(0057f3b4207c1a54fa002fd9fca6dd38) Importer(2089858483,0ecaa5967403d082aa24f35e1b516d23) [PhysX] Initialized MultithreadedTaskDispatcher with 16 workers.
 -> (artifact id: '729e12e4f329bb0fc5f15606c6be0d70') in 0.013007 seconds
Number of updated asset objects reloaded before import = 0
Number of asset objects unloaded after import = 1
========================================================================
Received Import Request.
  Time since last request: 0.000017 seconds.
  path: Assets/ModernSupermarket/Models/Props/Produce/ChilliPepper_w388hm/Textures/ChilliPeppers_w388hm_m.png
  artifactKey: Guid(67ffe77a1e501a6419cefad45d6a25d6) Importer(2089858483,0ecaa5967403d082aa24f35e1b516d23)
Start importing Assets/ModernSupermarket/Models/Props/Produce/ChilliPepper_w388hm/Textures/ChilliPeppers_w388hm_m.png using Guid(67ffe77a1e501a6419cefad45d6a25d6) Importer(2089858483,0ecaa5967403d082aa24f35e1b516d23) [PhysX] Initialized MultithreadedTaskDispatcher with 16 workers.
 -> (artifact id: '2d13ed27e6d4fe0992a6d95d8b74666a') in 0.018439 seconds
Number of updated asset objects reloaded before import = 0
Number of asset objects unloaded after import = 1
========================================================================
Received Import Request.
  Time since last request: 0.000021 seconds.
  path: Assets/ModernSupermarket/Models/Props/Products/CandyPack_qkmq5d/Textures/CandyPack_qkmq5d_o.png
  artifactKey: Guid(e368965824253fa4a9b1d9b5c8449ad6) Importer(2089858483,0ecaa5967403d082aa24f35e1b516d23)
Start importing Assets/ModernSupermarket/Models/Props/Products/CandyPack_qkmq5d/Textures/CandyPack_qkmq5d_o.png using Guid(e368965824253fa4a9b1d9b5c8449ad6) Importer(2089858483,0ecaa5967403d082aa24f35e1b516d23) [PhysX] Initialized MultithreadedTaskDispatcher with 16 workers.
 -> (artifact id: '5cf571d0e1619b5da81cbfd89170a4cd') in 0.014148 seconds
Number of updated asset objects reloaded before import = 0
Number of asset objects unloaded after import = 1
========================================================================
Received Import Request.
  Time since last request: 0.000018 seconds.
  path: Assets/ModernSupermarket/Models/Props/Products/Chips_w4tja8/Textures/Chips_w4tja8_n.png
  artifactKey: Guid(5024015c12daf0b4f85415544910ad74) Importer(2089858483,0ecaa5967403d082aa24f35e1b516d23)
Start importing Assets/ModernSupermarket/Models/Props/Products/Chips_w4tja8/Textures/Chips_w4tja8_n.png using Guid(5024015c12daf0b4f85415544910ad74) Importer(2089858483,0ecaa5967403d082aa24f35e1b516d23) [PhysX] Initialized MultithreadedTaskDispatcher with 16 workers.
 -> (artifact id: '6368f4551cc7141e6cae58399ece97a8') in 0.011018 seconds
Number of updated asset objects reloaded before import = 0
Number of asset objects unloaded after import = 1
========================================================================
Received Import Request.
  Time since last request: 0.000020 seconds.
  path: Assets/ModernSupermarket/Models/Props/Products/FrozenPack_xp713y/Textures/FrozenPack_xp713y_a_Var01.png
  artifactKey: Guid(6d7d2d717a5371d4da344fea085d037e) Importer(2089858483,0ecaa5967403d082aa24f35e1b516d23)
Start importing Assets/ModernSupermarket/Models/Props/Products/FrozenPack_xp713y/Textures/FrozenPack_xp713y_a_Var01.png using Guid(6d7d2d717a5371d4da344fea085d037e) Importer(2089858483,0ecaa5967403d082aa24f35e1b516d23) [PhysX] Initialized MultithreadedTaskDispatcher with 16 workers.
 -> (artifact id: '91c87f4626f36c6ab9f221cdceadd8cb') in 0.010594 seconds
Number of updated asset objects reloaded before import = 0
Number of asset objects unloaded after import = 1
========================================================================
Received Import Request.
  Time since last request: 0.000027 seconds.
  path: Assets/ModernSupermarket/Models/Props/Products/MeatTray_fbw8xf/Textures/MeatTray_fbw8xf_Meat_n.png
  artifactKey: Guid(b704575a46a85f24faa4343f69736857) Importer(2089858483,0ecaa5967403d082aa24f35e1b516d23)
Start importing Assets/ModernSupermarket/Models/Props/Products/MeatTray_fbw8xf/Textures/MeatTray_fbw8xf_Meat_n.png using Guid(b704575a46a85f24faa4343f69736857) Importer(2089858483,0ecaa5967403d082aa24f35e1b516d23) [PhysX] Initialized MultithreadedTaskDispatcher with 16 workers.
 -> (artifact id: 'f9187a20151c13e88fb2ca265d53ccda') in 0.012954 seconds
Number of updated asset objects reloaded before import = 0
Number of asset objects unloaded after import = 1
========================================================================
Received Import Request.
  Time since last request: 0.000017 seconds.
  path: Assets/ModernSupermarket/Models/Props/Utility/Anti-thefhtDoor_9qs8y9/Textures/Anti-theftDoor_9qs8y9_n.png
  artifactKey: Guid(4f763b911916ab04aaa1f12b493fbc2c) Importer(2089858483,0ecaa5967403d082aa24f35e1b516d23)
Start importing Assets/ModernSupermarket/Models/Props/Utility/Anti-thefhtDoor_9qs8y9/Textures/Anti-theftDoor_9qs8y9_n.png using Guid(4f763b911916ab04aaa1f12b493fbc2c) Importer(2089858483,0ecaa5967403d082aa24f35e1b516d23) [PhysX] Initialized MultithreadedTaskDispatcher with 16 workers.
 -> (artifact id: 'eb51fcb2f5aa348e657e83d0ed821ee2') in 0.012794 seconds
Number of updated asset objects reloaded before import = 0
Number of asset objects unloaded after import = 1
========================================================================
Received Import Request.
  Time since last request: 0.000020 seconds.
  path: Assets/ModernSupermarket/Models/Props/Products/Soda_d7rdw9/Textures/Soda_d7rdw9_o.png
  artifactKey: Guid(a0b6d3ee4d2ff4648a8784997a07c9e2) Importer(2089858483,0ecaa5967403d082aa24f35e1b516d23)
Start importing Assets/ModernSupermarket/Models/Props/Products/Soda_d7rdw9/Textures/Soda_d7rdw9_o.png using Guid(a0b6d3ee4d2ff4648a8784997a07c9e2) Importer(2089858483,0ecaa5967403d082aa24f35e1b516d23) [PhysX] Initialized MultithreadedTaskDispatcher with 16 workers.
 -> (artifact id: '016ed5f3fd2fa6e95655134b09c9b86c') in 0.013088 seconds
Number of updated asset objects reloaded before import = 0
Number of asset objects unloaded after import = 1
========================================================================
Received Import Request.
  Time since last request: 0.000017 seconds.
  path: Assets/ModernSupermarket/Models/Props/Products/SlicedBread_6zus31/Textures/SliceBread_6zus31_o.png
  artifactKey: Guid(0b8f00c2b9c92c846951dc47fbf6bd80) Importer(2089858483,0ecaa5967403d082aa24f35e1b516d23)
Start importing Assets/ModernSupermarket/Models/Props/Products/SlicedBread_6zus31/Textures/SliceBread_6zus31_o.png using Guid(0b8f00c2b9c92c846951dc47fbf6bd80) Importer(2089858483,0ecaa5967403d082aa24f35e1b516d23) [PhysX] Initialized MultithreadedTaskDispatcher with 16 workers.
 -> (artifact id: 'cfc7d7cfa163b9f68ef484b742b69824') in 0.017058 seconds
Number of updated asset objects reloaded before import = 0
Number of asset objects unloaded after import = 1
========================================================================
Received Import Request.
  Time since last request: 0.000021 seconds.
  path: Assets/ModernSupermarket/Models/Props/Products/Soda_7gwg2t/Textures/Soda_7gwg2t_a_Var02.png
  artifactKey: Guid(75373d14742dd6845bb0c9eae31a67c4) Importer(2089858483,0ecaa5967403d082aa24f35e1b516d23)
Start importing Assets/ModernSupermarket/Models/Props/Products/Soda_7gwg2t/Textures/Soda_7gwg2t_a_Var02.png using Guid(75373d14742dd6845bb0c9eae31a67c4) Importer(2089858483,0ecaa5967403d082aa24f35e1b516d23) [PhysX] Initialized MultithreadedTaskDispatcher with 16 workers.
 -> (artifact id: '231089fca649e1d8468eb4a8542263ee') in 0.013491 seconds
Number of updated asset objects reloaded before import = 0
Number of asset objects unloaded after import = 1
========================================================================
Received Import Request.
  Time since last request: 0.000019 seconds.
  path: Assets/ModernSupermarket/Models/Props/Utility/Basket_o52iei/Textures/Basket_o52iei_o.png
  artifactKey: Guid(fc35703544a48a6448a4105bbcfcd390) Importer(2089858483,0ecaa5967403d082aa24f35e1b516d23)
Start importing Assets/ModernSupermarket/Models/Props/Utility/Basket_o52iei/Textures/Basket_o52iei_o.png using Guid(fc35703544a48a6448a4105bbcfcd390) Importer(2089858483,0ecaa5967403d082aa24f35e1b516d23) [PhysX] Initialized MultithreadedTaskDispatcher with 16 workers.
 -> (artifact id: '711bc7fbe220bc021de232833f564731') in 0.012771 seconds
Number of updated asset objects reloaded before import = 0
Number of asset objects unloaded after import = 1
========================================================================
Received Import Request.
  Time since last request: 0.000019 seconds.
  path: Assets/ModernSupermarket/Models/Props/Products/FrozenPack_t7wenh/Textures/FrozenPack_t7wenh_m.png
  artifactKey: Guid(25f2addb4d377834a95c48a80cf89cea) Importer(2089858483,0ecaa5967403d082aa24f35e1b516d23)
Start importing Assets/ModernSupermarket/Models/Props/Products/FrozenPack_t7wenh/Textures/FrozenPack_t7wenh_m.png using Guid(25f2addb4d377834a95c48a80cf89cea) Importer(2089858483,0ecaa5967403d082aa24f35e1b516d23) [PhysX] Initialized MultithreadedTaskDispatcher with 16 workers.
 -> (artifact id: 'a8b1f5f76b39dd7797bc9ad293dfee93') in 0.017475 seconds
Number of updated asset objects reloaded before import = 0
Number of asset objects unloaded after import = 1
========================================================================
Received Import Request.
  Time since last request: 0.000022 seconds.
  path: Assets/ModernSupermarket/Models/Props/Products/MeatTray_qm4z4l/Textures/MeatTray_qm4z4l_mask.png
  artifactKey: Guid(0b4f1064dc2902a4387a7fb1339c66cc) Importer(2089858483,0ecaa5967403d082aa24f35e1b516d23)
Start importing Assets/ModernSupermarket/Models/Props/Products/MeatTray_qm4z4l/Textures/MeatTray_qm4z4l_mask.png using Guid(0b4f1064dc2902a4387a7fb1339c66cc) Importer(2089858483,0ecaa5967403d082aa24f35e1b516d23) [PhysX] Initialized MultithreadedTaskDispatcher with 16 workers.
 -> (artifact id: '6a5d304c3b4a84d0e69ea35803a027c1') in 0.012830 seconds
Number of updated asset objects reloaded before import = 0
Number of asset objects unloaded after import = 1
========================================================================
Received Import Request.
  Time since last request: 0.000019 seconds.
  path: Assets/ModernSupermarket/Models/Props/Products/Vase_enq19o/Textures/Vase_enq19o_n.png
  artifactKey: Guid(0c6a2c09be1be60438a427a60ec52cc8) Importer(2089858483,0ecaa5967403d082aa24f35e1b516d23)
Start importing Assets/ModernSupermarket/Models/Props/Products/Vase_enq19o/Textures/Vase_enq19o_n.png using Guid(0c6a2c09be1be60438a427a60ec52cc8) Importer(2089858483,0ecaa5967403d082aa24f35e1b516d23) [PhysX] Initialized MultithreadedTaskDispatcher with 16 workers.
 -> (artifact id: '4221e2be703f17f838fd7c9fcdf7efc0') in 0.012353 seconds
Number of updated asset objects reloaded before import = 0
Number of asset objects unloaded after import = 1
========================================================================
Received Import Request.
  Time since last request: 0.000021 seconds.
  path: Assets/ModernSupermarket/Models/Props/Products/ToiletPaper_tunz3i/Textures/ToiletPaper_tunz3i_Var02_a.png
  artifactKey: Guid(acb805caf1902e04893487f346e34dc7) Importer(2089858483,0ecaa5967403d082aa24f35e1b516d23)
Start importing Assets/ModernSupermarket/Models/Props/Products/ToiletPaper_tunz3i/Textures/ToiletPaper_tunz3i_Var02_a.png using Guid(acb805caf1902e04893487f346e34dc7) Importer(2089858483,0ecaa5967403d082aa24f35e1b516d23) [PhysX] Initialized MultithreadedTaskDispatcher with 16 workers.
 -> (artifact id: 'c05f6ad358e69550502b8d0ffe7b8b4f') in 0.015141 seconds
Number of updated asset objects reloaded before import = 0
Number of asset objects unloaded after import = 1
========================================================================
Received Import Request.
  Time since last request: 0.000018 seconds.
  path: Assets/ModernSupermarket/Models/Props/Products/SlicedBread_tp7aom/Textures/SlicedBread_tp7aom_o.png
  artifactKey: Guid(862379f728fad234290282e5deb09a65) Importer(2089858483,0ecaa5967403d082aa24f35e1b516d23)
Start importing Assets/ModernSupermarket/Models/Props/Products/SlicedBread_tp7aom/Textures/SlicedBread_tp7aom_o.png using Guid(862379f728fad234290282e5deb09a65) Importer(2089858483,0ecaa5967403d082aa24f35e1b516d23) [PhysX] Initialized MultithreadedTaskDispatcher with 16 workers.
 -> (artifact id: 'b13a84a6d767beada6411908c341c12f') in 0.013291 seconds
Number of updated asset objects reloaded before import = 0
Number of asset objects unloaded after import = 1
========================================================================
Received Import Request.
  Time since last request: 0.000021 seconds.
  path: Assets/ModernSupermarket/Models/Props/Utility/FireExtinguisher_ha3jqe/Textures/FireExtinguisher_ha3jqe_a.png
  artifactKey: Guid(c033303119cfc6d43a73270b6286575f) Importer(2089858483,0ecaa5967403d082aa24f35e1b516d23)
Start importing Assets/ModernSupermarket/Models/Props/Utility/FireExtinguisher_ha3jqe/Textures/FireExtinguisher_ha3jqe_a.png using Guid(c033303119cfc6d43a73270b6286575f) Importer(2089858483,0ecaa5967403d082aa24f35e1b516d23) [PhysX] Initialized MultithreadedTaskDispatcher with 16 workers.
 -> (artifact id: '17d499257872618c24329cbebf475ddd') in 0.014148 seconds
Number of updated asset objects reloaded before import = 0
Number of asset objects unloaded after import = 1
========================================================================
Received Import Request.
  Time since last request: 0.000020 seconds.
  path: Assets/ModernSupermarket/Models/Props/Products/Oil_ nutmjk/Textures/Oil_nutmjk_m.png
  artifactKey: Guid(333cd200486ac334b98bb8ac421fb1b9) Importer(2089858483,0ecaa5967403d082aa24f35e1b516d23)
Start importing Assets/ModernSupermarket/Models/Props/Products/Oil_ nutmjk/Textures/Oil_nutmjk_m.png using Guid(333cd200486ac334b98bb8ac421fb1b9) Importer(2089858483,0ecaa5967403d082aa24f35e1b516d23) [PhysX] Initialized MultithreadedTaskDispatcher with 16 workers.
 -> (artifact id: '26c3b2377ab62af36e1d34985d5677d5') in 0.013030 seconds
Number of updated asset objects reloaded before import = 0
Number of asset objects unloaded after import = 1
========================================================================
Received Import Request.
  Time since last request: 0.000021 seconds.
  path: Assets/ModernSupermarket/Models/Props/Products/YoghurtPack_kjd150/Textures/YoghurtPack_rk7lsf_a.png
  artifactKey: Guid(237ec0bce41386e48af4e7c49cf613db) Importer(2089858483,0ecaa5967403d082aa24f35e1b516d23)
Start importing Assets/ModernSupermarket/Models/Props/Products/YoghurtPack_kjd150/Textures/YoghurtPack_rk7lsf_a.png using Guid(237ec0bce41386e48af4e7c49cf613db) Importer(2089858483,0ecaa5967403d082aa24f35e1b516d23) [PhysX] Initialized MultithreadedTaskDispatcher with 16 workers.
 -> (artifact id: '4349cd71ea2fea97184fdbcebecf1cc5') in 0.013505 seconds
Number of updated asset objects reloaded before import = 0
Number of asset objects unloaded after import = 1
========================================================================
Received Import Request.
  Time since last request: 0.000020 seconds.
  path: Assets/ModernSupermarket/Models/Props/Products/PotatoBag_gcx3y2/Textures/PotatoeBag_gcx3y2_Fill_n.png
  artifactKey: Guid(70c6a8e0dbb4fa64395ff3c8ba7113c1) Importer(2089858483,0ecaa5967403d082aa24f35e1b516d23)
Start importing Assets/ModernSupermarket/Models/Props/Products/PotatoBag_gcx3y2/Textures/PotatoeBag_gcx3y2_Fill_n.png using Guid(70c6a8e0dbb4fa64395ff3c8ba7113c1) Importer(2089858483,0ecaa5967403d082aa24f35e1b516d23) [PhysX] Initialized MultithreadedTaskDispatcher with 16 workers.
 -> (artifact id: '1486a6a32e3405e8a5d4e53dac7be589') in 0.017681 seconds
Number of updated asset objects reloaded before import = 0
Number of asset objects unloaded after import = 1
========================================================================
Received Import Request.
  Time since last request: 0.000025 seconds.
  path: Assets/ModernSupermarket/Models/Props/Products/FrozenPack_xp713y/Textures/FrozenPack_xp713y_o.png
  artifactKey: Guid(c8f874cd5a59f2f4f9a51ab91f566c2a) Importer(2089858483,0ecaa5967403d082aa24f35e1b516d23)
Start importing Assets/ModernSupermarket/Models/Props/Products/FrozenPack_xp713y/Textures/FrozenPack_xp713y_o.png using Guid(c8f874cd5a59f2f4f9a51ab91f566c2a) Importer(2089858483,0ecaa5967403d082aa24f35e1b516d23) [PhysX] Initialized MultithreadedTaskDispatcher with 16 workers.
 -> (artifact id: 'b30cbcbeaf29dbc77b253b0578ae6881') in 0.013003 seconds
Number of updated asset objects reloaded before import = 0
Number of asset objects unloaded after import = 1
========================================================================
Received Import Request.
  Time since last request: 0.000032 seconds.
  path: Assets/ModernSupermarket/Models/Props/Products/Pasta_g87jtq/Textures/PastaPack_g87jtq_a.png
  artifactKey: Guid(ac64c3fd535c64e49a9f34bf8313f010) Importer(2089858483,0ecaa5967403d082aa24f35e1b516d23)
Start importing Assets/ModernSupermarket/Models/Props/Products/Pasta_g87jtq/Textures/PastaPack_g87jtq_a.png using Guid(ac64c3fd535c64e49a9f34bf8313f010) Importer(2089858483,0ecaa5967403d082aa24f35e1b516d23) [PhysX] Initialized MultithreadedTaskDispatcher with 16 workers.
 -> (artifact id: '195923048326fc4eb7eb87886597ffb0') in 0.013190 seconds
Number of updated asset objects reloaded before import = 0
Number of asset objects unloaded after import = 1
========================================================================
Received Import Request.
  Time since last request: 0.000019 seconds.
  path: Assets/ModernSupermarket/Models/Props/Products/Pasta_9duit2/Textures/PastaPack_9duit2_Penne_m.png
  artifactKey: Guid(b2dfaccb80829ff459009204faa4774a) Importer(2089858483,0ecaa5967403d082aa24f35e1b516d23)
Start importing Assets/ModernSupermarket/Models/Props/Products/Pasta_9duit2/Textures/PastaPack_9duit2_Penne_m.png using Guid(b2dfaccb80829ff459009204faa4774a) Importer(2089858483,0ecaa5967403d082aa24f35e1b516d23) [PhysX] Initialized MultithreadedTaskDispatcher with 16 workers.
 -> (artifact id: 'fe0c56c9da8ebf43eec6b1e10ed74056') in 0.012816 seconds
Number of updated asset objects reloaded before import = 0
Number of asset objects unloaded after import = 1
========================================================================
Received Import Request.
  Time since last request: 0.000019 seconds.
  path: Assets/ModernSupermarket/Models/Props/Products/FrozenBox_vhvpd4/Textures/FrozenBox_vhvpd4_n.png
  artifactKey: Guid(f1df4ec7cda57334e91805367d3776cf) Importer(2089858483,0ecaa5967403d082aa24f35e1b516d23)
Start importing Assets/ModernSupermarket/Models/Props/Products/FrozenBox_vhvpd4/Textures/FrozenBox_vhvpd4_n.png using Guid(f1df4ec7cda57334e91805367d3776cf) Importer(2089858483,0ecaa5967403d082aa24f35e1b516d23) [PhysX] Initialized MultithreadedTaskDispatcher with 16 workers.
 -> (artifact id: '66aba5edddc08a2ffd35b9033d158a0d') in 0.012884 seconds
Number of updated asset objects reloaded before import = 0
Number of asset objects unloaded after import = 1
========================================================================
Received Import Request.
  Time since last request: 0.000016 seconds.
  path: Assets/ModernSupermarket/Models/Props/Products/Sauce_cfrew8/Textures/Sauce_cfrew8_n.png
  artifactKey: Guid(78dd2a05fd8d1574691d3082b7b93fde) Importer(2089858483,0ecaa5967403d082aa24f35e1b516d23)
Start importing Assets/ModernSupermarket/Models/Props/Products/Sauce_cfrew8/Textures/Sauce_cfrew8_n.png using Guid(78dd2a05fd8d1574691d3082b7b93fde) Importer(2089858483,0ecaa5967403d082aa24f35e1b516d23) [PhysX] Initialized MultithreadedTaskDispatcher with 16 workers.
 -> (artifact id: 'c492bb8ed00203e600c70cf990699723') in 0.013219 seconds
Number of updated asset objects reloaded before import = 0
Number of asset objects unloaded after import = 1
========================================================================
Received Import Request.
  Time since last request: 0.000021 seconds.
  path: Assets/ModernSupermarket/Models/Props/Products/Teabox_fhe54d/Textures/Teabox_fhe54d_o.png
  artifactKey: Guid(0bba89791ec685b459e2652f18661ac3) Importer(2089858483,0ecaa5967403d082aa24f35e1b516d23)
Start importing Assets/ModernSupermarket/Models/Props/Products/Teabox_fhe54d/Textures/Teabox_fhe54d_o.png using Guid(0bba89791ec685b459e2652f18661ac3) Importer(2089858483,0ecaa5967403d082aa24f35e1b516d23) [PhysX] Initialized MultithreadedTaskDispatcher with 16 workers.
 -> (artifact id: '15161babfccd53cadeae5c9d18660a54') in 0.013097 seconds
Number of updated asset objects reloaded before import = 0
Number of asset objects unloaded after import = 1
========================================================================
Received Import Request.
  Time since last request: 0.000017 seconds.
  path: Assets/ModernSupermarket/Models/Props/Products/Toothpaste_duqkf2/Textures/Toothpaste_duqkf2_m.png
  artifactKey: Guid(9ab90769fd7dc2545a249bc47ab44a52) Importer(2089858483,0ecaa5967403d082aa24f35e1b516d23)
Start importing Assets/ModernSupermarket/Models/Props/Products/Toothpaste_duqkf2/Textures/Toothpaste_duqkf2_m.png using Guid(9ab90769fd7dc2545a249bc47ab44a52) Importer(2089858483,0ecaa5967403d082aa24f35e1b516d23) [PhysX] Initialized MultithreadedTaskDispatcher with 16 workers.
 -> (artifact id: 'ccabe89d7288e05b3eca3faf98336b15') in 0.020956 seconds
Number of updated asset objects reloaded before import = 0
Number of asset objects unloaded after import = 1
========================================================================
Received Import Request.
  Time since last request: 0.000019 seconds.
  path: Assets/ModernSupermarket/Models/Props/Products/Pizza_ehb1pe/Textures/Pizza_ehb1pe_n.png
  artifactKey: Guid(fc729fda82bc8d54987ce5917b352c18) Importer(2089858483,0ecaa5967403d082aa24f35e1b516d23)
Start importing Assets/ModernSupermarket/Models/Props/Products/Pizza_ehb1pe/Textures/Pizza_ehb1pe_n.png using Guid(fc729fda82bc8d54987ce5917b352c18) Importer(2089858483,0ecaa5967403d082aa24f35e1b516d23) [PhysX] Initialized MultithreadedTaskDispatcher with 16 workers.
 -> (artifact id: 'af3e5603149e416beb92344649e3aaa9') in 0.013203 seconds
Number of updated asset objects reloaded before import = 0
Number of asset objects unloaded after import = 1
========================================================================
Received Import Request.
  Time since last request: 0.000021 seconds.
  path: Assets/ModernSupermarket/Models/Props/Utility/Stool_6jdl8x/textures/Stool_6jdl8x_a.png
  artifactKey: Guid(669e15d98469d254db7cb3a090ec4413) Importer(2089858483,0ecaa5967403d082aa24f35e1b516d23)
Start importing Assets/ModernSupermarket/Models/Props/Utility/Stool_6jdl8x/textures/Stool_6jdl8x_a.png using Guid(669e15d98469d254db7cb3a090ec4413) Importer(2089858483,0ecaa5967403d082aa24f35e1b516d23) [PhysX] Initialized MultithreadedTaskDispatcher with 16 workers.
 -> (artifact id: '363edee94725fa990ac633f074af254e') in 0.012226 seconds
Number of updated asset objects reloaded before import = 0
Number of asset objects unloaded after import = 1
========================================================================
Received Import Request.
  Time since last request: 0.000022 seconds.
  path: Assets/ModernSupermarket/Models/Props/Utility/Footboard_ajuyp9/Texture/Footboard_ajuyp9_h.png
  artifactKey: Guid(fe7f26f1775213b489b7ad7748e34f39) Importer(2089858483,0ecaa5967403d082aa24f35e1b516d23)
Start importing Assets/ModernSupermarket/Models/Props/Utility/Footboard_ajuyp9/Texture/Footboard_ajuyp9_h.png using Guid(fe7f26f1775213b489b7ad7748e34f39) Importer(2089858483,0ecaa5967403d082aa24f35e1b516d23) [PhysX] Initialized MultithreadedTaskDispatcher with 16 workers.
 -> (artifact id: '2955177cb8cb2e16bac24f9b44c2459b') in 0.019359 seconds
Number of updated asset objects reloaded before import = 0
Number of asset objects unloaded after import = 1
========================================================================
Received Import Request.
  Time since last request: 0.000020 seconds.
  path: Assets/ModernSupermarket/Models/Props/Products/Oil_ nutmjk/Textures/Oil_nutmjk_n.png
  artifactKey: Guid(a5f1b31c7f26c0147b85c492524f74e8) Importer(2089858483,0ecaa5967403d082aa24f35e1b516d23)
Start importing Assets/ModernSupermarket/Models/Props/Products/Oil_ nutmjk/Textures/Oil_nutmjk_n.png using Guid(a5f1b31c7f26c0147b85c492524f74e8) Importer(2089858483,0ecaa5967403d082aa24f35e1b516d23) [PhysX] Initialized MultithreadedTaskDispatcher with 16 workers.
 -> (artifact id: 'eb90aa4eea169eb636127d68814640f9') in 0.015777 seconds
Number of updated asset objects reloaded before import = 0
Number of asset objects unloaded after import = 1
========================================================================
Received Import Request.
  Time since last request: 0.000019 seconds.
  path: Assets/ModernSupermarket/Models/Props/Products/Pasta_g87jtq/Textures/PastaPack_g87jtq_Var01_o.png
  artifactKey: Guid(6d34a4385f730434aada6d289860b9fa) Importer(2089858483,0ecaa5967403d082aa24f35e1b516d23)
Start importing Assets/ModernSupermarket/Models/Props/Products/Pasta_g87jtq/Textures/PastaPack_g87jtq_Var01_o.png using Guid(6d34a4385f730434aada6d289860b9fa) Importer(2089858483,0ecaa5967403d082aa24f35e1b516d23) [PhysX] Initialized MultithreadedTaskDispatcher with 16 workers.
 -> (artifact id: '06bc354e2d81f0a1bb79c5ed62e34f22') in 0.015621 seconds
Number of updated asset objects reloaded before import = 0
Number of asset objects unloaded after import = 1
========================================================================
Received Import Request.
  Time since last request: 0.000020 seconds.
  path: Assets/ModernSupermarket/Models/Props/Products/ToiletPaper_tunz3i/Textures/ToiletPaper_tunz3i_a.png
  artifactKey: Guid(65f5395b5e2026643b56ad8d64497a4b) Importer(2089858483,0ecaa5967403d082aa24f35e1b516d23)
Start importing Assets/ModernSupermarket/Models/Props/Products/ToiletPaper_tunz3i/Textures/ToiletPaper_tunz3i_a.png using Guid(65f5395b5e2026643b56ad8d64497a4b) Importer(2089858483,0ecaa5967403d082aa24f35e1b516d23) [PhysX] Initialized MultithreadedTaskDispatcher with 16 workers.
 -> (artifact id: '100c2f3636cddf3228c85f5e97f4a4c6') in 0.015071 seconds
Number of updated asset objects reloaded before import = 0
Number of asset objects unloaded after import = 1
========================================================================
Received Import Request.
  Time since last request: 0.000018 seconds.
  path: Assets/ModernSupermarket/Models/Props/Products/Pasta_9duit2/Textures/PastaPack_9duit2_a.png
  artifactKey: Guid(295881fb2a4a89944b4f738405a7b1e2) Importer(2089858483,0ecaa5967403d082aa24f35e1b516d23)
Start importing Assets/ModernSupermarket/Models/Props/Products/Pasta_9duit2/Textures/PastaPack_9duit2_a.png using Guid(295881fb2a4a89944b4f738405a7b1e2) Importer(2089858483,0ecaa5967403d082aa24f35e1b516d23) [PhysX] Initialized MultithreadedTaskDispatcher with 16 workers.
 -> (artifact id: 'f7808896150757951ac27417edebc12f') in 0.014193 seconds
Number of updated asset objects reloaded before import = 0
Number of asset objects unloaded after import = 1
========================================================================
Received Import Request.
  Time since last request: 0.000017 seconds.
  path: Assets/ModernSupermarket/Models/Props/Products/Soap_eegrv7/Textures/Soap_eegrv7_m.png
  artifactKey: Guid(c14fd17f472203a4aa789a2ddb93b39a) Importer(2089858483,0ecaa5967403d082aa24f35e1b516d23)
Start importing Assets/ModernSupermarket/Models/Props/Products/Soap_eegrv7/Textures/Soap_eegrv7_m.png using Guid(c14fd17f472203a4aa789a2ddb93b39a) Importer(2089858483,0ecaa5967403d082aa24f35e1b516d23) [PhysX] Initialized MultithreadedTaskDispatcher with 16 workers.
 -> (artifact id: '758d5606aab1c296d91bfef74578e0d1') in 0.018393 seconds
Number of updated asset objects reloaded before import = 0
Number of asset objects unloaded after import = 1
========================================================================
Received Import Request.
  Time since last request: 0.000018 seconds.
  path: Assets/ModernSupermarket/Models/Props/Products/YoghurtPack_kjd150/Textures/YoghurtPack_rk7lsf_Var01_a.png
  artifactKey: Guid(d8216e5362959f64297fe95eb1c8947c) Importer(2089858483,0ecaa5967403d082aa24f35e1b516d23)
Start importing Assets/ModernSupermarket/Models/Props/Products/YoghurtPack_kjd150/Textures/YoghurtPack_rk7lsf_Var01_a.png using Guid(d8216e5362959f64297fe95eb1c8947c) Importer(2089858483,0ecaa5967403d082aa24f35e1b516d23) [PhysX] Initialized MultithreadedTaskDispatcher with 16 workers.
 -> (artifact id: 'e2c5f556fb4acb1ad07a554ef64e70ca') in 0.011844 seconds
Number of updated asset objects reloaded before import = 0
Number of asset objects unloaded after import = 1
========================================================================
Received Import Request.
  Time since last request: 0.000031 seconds.
  path: Assets/ModernSupermarket/Models/Props/Products/Teabox_nokda4/Textures/Teabox_nokda4_a.png
  artifactKey: Guid(c25fea9020be12f46a0d000b9a37509b) Importer(2089858483,0ecaa5967403d082aa24f35e1b516d23)
Start importing Assets/ModernSupermarket/Models/Props/Products/Teabox_nokda4/Textures/Teabox_nokda4_a.png using Guid(c25fea9020be12f46a0d000b9a37509b) Importer(2089858483,0ecaa5967403d082aa24f35e1b516d23) [PhysX] Initialized MultithreadedTaskDispatcher with 16 workers.
 -> (artifact id: '0d0706b4e9294eea1e6d799490118bbf') in 0.012143 seconds
Number of updated asset objects reloaded before import = 0
Number of asset objects unloaded after import = 1
========================================================================
Received Import Request.
  Time since last request: 0.000018 seconds.
  path: Assets/ModernSupermarket/Models/Props/Utility/Crate_3m39yz/Textures/Crate_3m39yzVar02_mask.png
  artifactKey: Guid(3d19eed09f264a24dbb5db85deff0550) Importer(2089858483,0ecaa5967403d082aa24f35e1b516d23)
Start importing Assets/ModernSupermarket/Models/Props/Utility/Crate_3m39yz/Textures/Crate_3m39yzVar02_mask.png using Guid(3d19eed09f264a24dbb5db85deff0550) Importer(2089858483,0ecaa5967403d082aa24f35e1b516d23) [PhysX] Initialized MultithreadedTaskDispatcher with 16 workers.
 -> (artifact id: '260e52f9f26d5ddeb50d69170b8b2016') in 0.017369 seconds
Number of updated asset objects reloaded before import = 0
Number of asset objects unloaded after import = 1
========================================================================
Received Import Request.
  Time since last request: 0.000019 seconds.
  path: Assets/ModernSupermarket/Models/Props/Products/Flour_ckgfmu/Textures/FlourPack_ckgfmu_o.png
  artifactKey: Guid(2f735b372bf479d429922ce80a620021) Importer(2089858483,0ecaa5967403d082aa24f35e1b516d23)
Start importing Assets/ModernSupermarket/Models/Props/Products/Flour_ckgfmu/Textures/FlourPack_ckgfmu_o.png using Guid(2f735b372bf479d429922ce80a620021) Importer(2089858483,0ecaa5967403d082aa24f35e1b516d23) [PhysX] Initialized MultithreadedTaskDispatcher with 16 workers.
 -> (artifact id: 'c7758fded8191e2c94ae6ac241192f1d') in 0.012786 seconds
Number of updated asset objects reloaded before import = 0
Number of asset objects unloaded after import = 1
========================================================================
Received Import Request.
  Time since last request: 0.000020 seconds.
  path: Assets/ModernSupermarket/Models/Props/Products/MeatTray_fbw8xf/Textures/MeatTray_fbw8xf_o.png
  artifactKey: Guid(0fc0eeb7387f01a4b97f7942eee81ac8) Importer(2089858483,0ecaa5967403d082aa24f35e1b516d23)
Start importing Assets/ModernSupermarket/Models/Props/Products/MeatTray_fbw8xf/Textures/MeatTray_fbw8xf_o.png using Guid(0fc0eeb7387f01a4b97f7942eee81ac8) Importer(2089858483,0ecaa5967403d082aa24f35e1b516d23) [PhysX] Initialized MultithreadedTaskDispatcher with 16 workers.
 -> (artifact id: '7f79a21bb9c4ce7e42936b84d617dc69') in 0.012266 seconds
Number of updated asset objects reloaded before import = 0
Number of asset objects unloaded after import = 1
========================================================================
Received Import Request.
  Time since last request: 0.000021 seconds.
  path: Assets/ModernSupermarket/Models/Props/Utility/Basket_o52iei/Textures/Basket_o52iei_condiments03_h.png
  artifactKey: Guid(5e6c96c0fd5363d46a28b54fd9151f12) Importer(2089858483,0ecaa5967403d082aa24f35e1b516d23)
Start importing Assets/ModernSupermarket/Models/Props/Utility/Basket_o52iei/Textures/Basket_o52iei_condiments03_h.png using Guid(5e6c96c0fd5363d46a28b54fd9151f12) Importer(2089858483,0ecaa5967403d082aa24f35e1b516d23) [PhysX] Initialized MultithreadedTaskDispatcher with 16 workers.
 -> (artifact id: 'fd8ac987bcf39510aafb5832f00efed2') in 0.013976 seconds
Number of updated asset objects reloaded before import = 0
Number of asset objects unloaded after import = 1
========================================================================
Received Import Request.
  Time since last request: 0.000017 seconds.
  path: Assets/ModernSupermarket/Models/Props/Products/WineBottle_2b6kjh/Textures/WineBottle_2b6kjh_Var02_a.png
  artifactKey: Guid(b0f86a658452a6144ae05d7fcabd51df) Importer(2089858483,0ecaa5967403d082aa24f35e1b516d23)
Start importing Assets/ModernSupermarket/Models/Props/Products/WineBottle_2b6kjh/Textures/WineBottle_2b6kjh_Var02_a.png using Guid(b0f86a658452a6144ae05d7fcabd51df) Importer(2089858483,0ecaa5967403d082aa24f35e1b516d23) [PhysX] Initialized MultithreadedTaskDispatcher with 16 workers.
 -> (artifact id: '5a9a35754fbd1377f92fed8d1a002a1a') in 0.010793 seconds
Number of updated asset objects reloaded before import = 0
Number of asset objects unloaded after import = 1
========================================================================
Received Import Request.
  Time since last request: 0.000027 seconds.
  path: Assets/ModernSupermarket/Models/Props/Products/Paintings_wmgwnw/Textures/Paintings_wmgwnw_n.png
  artifactKey: Guid(d3ee3a659c6315245b754ea408384863) Importer(2089858483,0ecaa5967403d082aa24f35e1b516d23)
Start importing Assets/ModernSupermarket/Models/Props/Products/Paintings_wmgwnw/Textures/Paintings_wmgwnw_n.png using Guid(d3ee3a659c6315245b754ea408384863) Importer(2089858483,0ecaa5967403d082aa24f35e1b516d23) [PhysX] Initialized MultithreadedTaskDispatcher with 16 workers.
 -> (artifact id: 'fcc22bfa13fc34b4f94687448567434c') in 0.012424 seconds
Number of updated asset objects reloaded before import = 0
Number of asset objects unloaded after import = 1
========================================================================
Received Import Request.
  Time since last request: 0.000018 seconds.
  path: Assets/ModernSupermarket/Models/Props/Products/Sugar_prsmvy/Textures/Sugar_prsmvy_a.png
  artifactKey: Guid(fe4d1478210812545ba7630d01f38dbf) Importer(2089858483,0ecaa5967403d082aa24f35e1b516d23)
Start importing Assets/ModernSupermarket/Models/Props/Products/Sugar_prsmvy/Textures/Sugar_prsmvy_a.png using Guid(fe4d1478210812545ba7630d01f38dbf) Importer(2089858483,0ecaa5967403d082aa24f35e1b516d23) [PhysX] Initialized MultithreadedTaskDispatcher with 16 workers.
 -> (artifact id: '1c963769b331c49b844acd02338acce3') in 0.012433 seconds
Number of updated asset objects reloaded before import = 0
Number of asset objects unloaded after import = 1
========================================================================
Received Import Request.
  Time since last request: 0.000022 seconds.
  path: Assets/ModernSupermarket/Models/Props/Products/Sugar_prsmvy/Textures/Sugar_prsmvy_n.png
  artifactKey: Guid(c0c37ba0a1e0e464ebb1d2de43dab6d3) Importer(2089858483,0ecaa5967403d082aa24f35e1b516d23)
Start importing Assets/ModernSupermarket/Models/Props/Products/Sugar_prsmvy/Textures/Sugar_prsmvy_n.png using Guid(c0c37ba0a1e0e464ebb1d2de43dab6d3) Importer(2089858483,0ecaa5967403d082aa24f35e1b516d23) [PhysX] Initialized MultithreadedTaskDispatcher with 16 workers.
 -> (artifact id: '10f6ef6b3153b9b49b90dc13d81a6f7b') in 0.011914 seconds
Number of updated asset objects reloaded before import = 0
Number of asset objects unloaded after import = 1
========================================================================
Received Import Request.
  Time since last request: 0.000020 seconds.
  path: Assets/ModernSupermarket/Models/Props/Products/MashPotatoe_3n44xc/Textures/MashPotatoe_3n44xc_a.png
  artifactKey: Guid(87670d66a2d33224585d2c19da0ae2ab) Importer(2089858483,0ecaa5967403d082aa24f35e1b516d23)
Start importing Assets/ModernSupermarket/Models/Props/Products/MashPotatoe_3n44xc/Textures/MashPotatoe_3n44xc_a.png using Guid(87670d66a2d33224585d2c19da0ae2ab) Importer(2089858483,0ecaa5967403d082aa24f35e1b516d23) [PhysX] Initialized MultithreadedTaskDispatcher with 16 workers.
 -> (artifact id: 'b383f91c753f525ffd268c5954cf11c6') in 0.013514 seconds
Number of updated asset objects reloaded before import = 0
Number of asset objects unloaded after import = 1
========================================================================
Received Import Request.
  Time since last request: 0.000054 seconds.
  path: Assets/ModernSupermarket/Models/Props/Products/Shampoo_lvhjkn/Textures/Shampoo_lvhjkn_o.png
  artifactKey: Guid(42503c445f4f9e6449756375b6c32633) Importer(2089858483,0ecaa5967403d082aa24f35e1b516d23)
Start importing Assets/ModernSupermarket/Models/Props/Products/Shampoo_lvhjkn/Textures/Shampoo_lvhjkn_o.png using Guid(42503c445f4f9e6449756375b6c32633) Importer(2089858483,0ecaa5967403d082aa24f35e1b516d23) [PhysX] Initialized MultithreadedTaskDispatcher with 16 workers.
 -> (artifact id: '91ab86fa6d04769b7da56a226af15597') in 0.012858 seconds
Number of updated asset objects reloaded before import = 0
Number of asset objects unloaded after import = 1
========================================================================
Received Import Request.
  Time since last request: 0.000018 seconds.
  path: Assets/ModernSupermarket/Models/Props/Products/Shampoo_vimakk/Textures/Shampoo_vimakk_m.png
  artifactKey: Guid(f2cd6ff47d57d2f4f9a590f5be65a1fc) Importer(2089858483,0ecaa5967403d082aa24f35e1b516d23)
Start importing Assets/ModernSupermarket/Models/Props/Products/Shampoo_vimakk/Textures/Shampoo_vimakk_m.png using Guid(f2cd6ff47d57d2f4f9a590f5be65a1fc) Importer(2089858483,0ecaa5967403d082aa24f35e1b516d23) [PhysX] Initialized MultithreadedTaskDispatcher with 16 workers.
 -> (artifact id: '5c9cd80dc6ac3cf148016da4e88b9ca1') in 0.014877 seconds
Number of updated asset objects reloaded before import = 0
Number of asset objects unloaded after import = 1
========================================================================
Received Import Request.
  Time since last request: 0.000017 seconds.
  path: Assets/ModernSupermarket/Models/Props/Products/Teabox_fhe54d/Textures/Teabox_fhe54d_n.png
  artifactKey: Guid(3e6c43202fc49ad4fb9a88acbc4af20e) Importer(2089858483,0ecaa5967403d082aa24f35e1b516d23)
Start importing Assets/ModernSupermarket/Models/Props/Products/Teabox_fhe54d/Textures/Teabox_fhe54d_n.png using Guid(3e6c43202fc49ad4fb9a88acbc4af20e) Importer(2089858483,0ecaa5967403d082aa24f35e1b516d23) [PhysX] Initialized MultithreadedTaskDispatcher with 16 workers.
 -> (artifact id: '9c167461c2fb50582e71f53b33a6252e') in 0.013413 seconds
Number of updated asset objects reloaded before import = 0
Number of asset objects unloaded after import = 1
========================================================================
Received Import Request.
  Time since last request: 0.000020 seconds.
  path: Assets/ModernSupermarket/Models/Props/Products/Rice_rewt3q/Textures/RicePack_rewt3q_o.png
  artifactKey: Guid(b023af32805e17a47b7495f8de4ffd50) Importer(2089858483,0ecaa5967403d082aa24f35e1b516d23)
Start importing Assets/ModernSupermarket/Models/Props/Products/Rice_rewt3q/Textures/RicePack_rewt3q_o.png using Guid(b023af32805e17a47b7495f8de4ffd50) Importer(2089858483,0ecaa5967403d082aa24f35e1b516d23) [PhysX] Initialized MultithreadedTaskDispatcher with 16 workers.
 -> (artifact id: '47082c7faeda0fb8a237240d1520c5e4') in 0.011930 seconds
Number of updated asset objects reloaded before import = 0
Number of asset objects unloaded after import = 1
========================================================================
Received Import Request.
  Time since last request: 0.000022 seconds.
  path: Assets/ModernSupermarket/Models/Props/Utility/Crate_3m39yz/Textures/Crate_3m39yz_m.png
  artifactKey: Guid(3f4e028c63adc844e983c115ef91998e) Importer(2089858483,0ecaa5967403d082aa24f35e1b516d23)
Start importing Assets/ModernSupermarket/Models/Props/Utility/Crate_3m39yz/Textures/Crate_3m39yz_m.png using Guid(3f4e028c63adc844e983c115ef91998e) Importer(2089858483,0ecaa5967403d082aa24f35e1b516d23) [PhysX] Initialized MultithreadedTaskDispatcher with 16 workers.
 -> (artifact id: 'ccc08413ab9972b07fb588bc939014f7') in 0.018548 seconds
Number of updated asset objects reloaded before import = 0
Number of asset objects unloaded after import = 1
========================================================================
Received Import Request.
  Time since last request: 0.000024 seconds.
  path: Assets/ModernSupermarket/Models/Props/Utility/Crate_7qf4hw/Textures/Crate_7qf4hw_m.png
  artifactKey: Guid(ce35d826cd8797345838e38c18f8d52c) Importer(2089858483,0ecaa5967403d082aa24f35e1b516d23)
Start importing Assets/ModernSupermarket/Models/Props/Utility/Crate_7qf4hw/Textures/Crate_7qf4hw_m.png using Guid(ce35d826cd8797345838e38c18f8d52c) Importer(2089858483,0ecaa5967403d082aa24f35e1b516d23) [PhysX] Initialized MultithreadedTaskDispatcher with 16 workers.
 -> (artifact id: '088c20cfbb06fbf96c273a91d5940d02') in 0.020885 seconds
Number of updated asset objects reloaded before import = 0
Number of asset objects unloaded after import = 1
========================================================================
Received Import Request.
  Time since last request: 0.000220 seconds.
  path: Assets/ModernSupermarket/Models/Props/Products/YoghurtPack_kjd150/Textures/YoghurtPack_rk7lsf_Var02_a.png
  artifactKey: Guid(3c3a9adee1af78c4fae77483ed127c8d) Importer(2089858483,0ecaa5967403d082aa24f35e1b516d23)
Start importing Assets/ModernSupermarket/Models/Props/Products/YoghurtPack_kjd150/Textures/YoghurtPack_rk7lsf_Var02_a.png using Guid(3c3a9adee1af78c4fae77483ed127c8d) Importer(2089858483,0ecaa5967403d082aa24f35e1b516d23) [PhysX] Initialized MultithreadedTaskDispatcher with 16 workers.
 -> (artifact id: 'ed8608f5fe255185dc1f7f4c13ddfe10') in 0.012950 seconds
Number of updated asset objects reloaded before import = 0
Number of asset objects unloaded after import = 1
========================================================================
Received Import Request.
  Time since last request: 0.000021 seconds.
  path: Assets/ModernSupermarket/Models/Props/Products/Sauce_cfrew8/Textures/Sauce_cfrew8_Var01_a.png
  artifactKey: Guid(3935c86c31d650045929fa687888aa81) Importer(2089858483,0ecaa5967403d082aa24f35e1b516d23)
Start importing Assets/ModernSupermarket/Models/Props/Products/Sauce_cfrew8/Textures/Sauce_cfrew8_Var01_a.png using Guid(3935c86c31d650045929fa687888aa81) Importer(2089858483,0ecaa5967403d082aa24f35e1b516d23) [PhysX] Initialized MultithreadedTaskDispatcher with 16 workers.
 -> (artifact id: '4ead1ef7a57a76afc5666fd0104d86c8') in 0.013200 seconds
Number of updated asset objects reloaded before import = 0
Number of asset objects unloaded after import = 1
========================================================================
Received Import Request.
  Time since last request: 0.000019 seconds.
  path: Assets/ModernSupermarket/Models/Props/Products/Sauce_cfrew8/Textures/Sauce_cfrew8_a.png
  artifactKey: Guid(c9c56f3cc3bd4ff49b02745748f2ba4f) Importer(2089858483,0ecaa5967403d082aa24f35e1b516d23)
Start importing Assets/ModernSupermarket/Models/Props/Products/Sauce_cfrew8/Textures/Sauce_cfrew8_a.png using Guid(c9c56f3cc3bd4ff49b02745748f2ba4f) Importer(2089858483,0ecaa5967403d082aa24f35e1b516d23) [PhysX] Initialized MultithreadedTaskDispatcher with 16 workers.
 -> (artifact id: '9434e114832c6bf925d29affb7c311f0') in 0.012607 seconds
Number of updated asset objects reloaded before import = 0
Number of asset objects unloaded after import = 1
========================================================================
Received Import Request.
  Time since last request: 0.000018 seconds.
  path: Assets/ModernSupermarket/Models/Props/Utility/Crate_omgea6/Textures/Crate_omgea6_a.png
  artifactKey: Guid(9e796a3d9434c0b4f97d6641c3c47ab9) Importer(2089858483,0ecaa5967403d082aa24f35e1b516d23)
Start importing Assets/ModernSupermarket/Models/Props/Utility/Crate_omgea6/Textures/Crate_omgea6_a.png using Guid(9e796a3d9434c0b4f97d6641c3c47ab9) Importer(2089858483,0ecaa5967403d082aa24f35e1b516d23) [PhysX] Initialized MultithreadedTaskDispatcher with 16 workers.
 -> (artifact id: '820a25eb7e98b8f7f406e73ff920f1ba') in 0.013574 seconds
Number of updated asset objects reloaded before import = 0
Number of asset objects unloaded after import = 1
========================================================================
Received Import Request.
  Time since last request: 0.000019 seconds.
  path: Assets/ModernSupermarket/Models/Props/Products/PotatoBag_gcx3y2/Textures/PotatoeBag_gcx3y2_n.png
  artifactKey: Guid(477edebe55f74874fa7c185e1bf2132f) Importer(2089858483,0ecaa5967403d082aa24f35e1b516d23)
Start importing Assets/ModernSupermarket/Models/Props/Products/PotatoBag_gcx3y2/Textures/PotatoeBag_gcx3y2_n.png using Guid(477edebe55f74874fa7c185e1bf2132f) Importer(2089858483,0ecaa5967403d082aa24f35e1b516d23) [PhysX] Initialized MultithreadedTaskDispatcher with 16 workers.
 -> (artifact id: 'c58b13ac7c7974893c4ccbdb89d32cd7') in 0.018799 seconds
Number of updated asset objects reloaded before import = 0
Number of asset objects unloaded after import = 1
========================================================================
Received Import Request.
  Time since last request: 0.000019 seconds.
  path: Assets/ModernSupermarket/Models/Props/Products/SweetJar_alnwix/Textures/SweetJar_alnwix_a.png
  artifactKey: Guid(74fe0a41c3e3c2e459466989afece721) Importer(2089858483,0ecaa5967403d082aa24f35e1b516d23)
Start importing Assets/ModernSupermarket/Models/Props/Products/SweetJar_alnwix/Textures/SweetJar_alnwix_a.png using Guid(74fe0a41c3e3c2e459466989afece721) Importer(2089858483,0ecaa5967403d082aa24f35e1b516d23) [PhysX] Initialized MultithreadedTaskDispatcher with 16 workers.
 -> (artifact id: 'f04a988e6ad19298e6a4e3c861528556') in 0.012528 seconds
Number of updated asset objects reloaded before import = 0
Number of asset objects unloaded after import = 1
========================================================================
Received Import Request.
  Time since last request: 0.000017 seconds.
  path: Assets/ModernSupermarket/Models/Props/Products/PaperTowel_b8o0yi/Textures/PaperTowel_b8o0yi_n.png
  artifactKey: Guid(63db18516212895418d7e61300f79166) Importer(2089858483,0ecaa5967403d082aa24f35e1b516d23)
Start importing Assets/ModernSupermarket/Models/Props/Products/PaperTowel_b8o0yi/Textures/PaperTowel_b8o0yi_n.png using Guid(63db18516212895418d7e61300f79166) Importer(2089858483,0ecaa5967403d082aa24f35e1b516d23) [PhysX] Initialized MultithreadedTaskDispatcher with 16 workers.
 -> (artifact id: '11f6c0163542e2f8405e4d8bbc48b811') in 0.012221 seconds
Number of updated asset objects reloaded before import = 0
Number of asset objects unloaded after import = 1
========================================================================
Received Import Request.
  Time since last request: 0.000020 seconds.
  path: Assets/ModernSupermarket/Models/Props/Products/MashPotatoe_3n44xc/Textures/MashPotatoe_3n44xc_m.png
  artifactKey: Guid(9cdf2be5a9e81bc4392be8e17cfd0575) Importer(2089858483,0ecaa5967403d082aa24f35e1b516d23)
Start importing Assets/ModernSupermarket/Models/Props/Products/MashPotatoe_3n44xc/Textures/MashPotatoe_3n44xc_m.png using Guid(9cdf2be5a9e81bc4392be8e17cfd0575) Importer(2089858483,0ecaa5967403d082aa24f35e1b516d23) [PhysX] Initialized MultithreadedTaskDispatcher with 16 workers.
 -> (artifact id: 'c377b547080b10327d859e748007c4dc') in 0.012626 seconds
Number of updated asset objects reloaded before import = 0
Number of asset objects unloaded after import = 1
========================================================================
Received Import Request.
  Time since last request: 0.000019 seconds.
  path: Assets/ModernSupermarket/Models/Props/Products/WineBottle_2b6kjh/Textures/WineBottle_2b6kjh_a.png
  artifactKey: Guid(350b13e528bedef4dbcfef6eff6a68b6) Importer(2089858483,0ecaa5967403d082aa24f35e1b516d23)
Start importing Assets/ModernSupermarket/Models/Props/Products/WineBottle_2b6kjh/Textures/WineBottle_2b6kjh_a.png using Guid(350b13e528bedef4dbcfef6eff6a68b6) Importer(2089858483,0ecaa5967403d082aa24f35e1b516d23) [PhysX] Initialized MultithreadedTaskDispatcher with 16 workers.
 -> (artifact id: '2beb5d6aa32f35e5ba92d340f761f4f5') in 0.013712 seconds
Number of updated asset objects reloaded before import = 0
Number of asset objects unloaded after import = 1
========================================================================
Received Import Request.
  Time since last request: 0.000020 seconds.
  path: Assets/ModernSupermarket/Models/Props/Utility/Basket_o52iei/Textures/Basket_o52iei_condiments03_a.png
  artifactKey: Guid(5cfbdcfc117bb9e4a97c3cea2115e381) Importer(2089858483,0ecaa5967403d082aa24f35e1b516d23)
Start importing Assets/ModernSupermarket/Models/Props/Utility/Basket_o52iei/Textures/Basket_o52iei_condiments03_a.png using Guid(5cfbdcfc117bb9e4a97c3cea2115e381) Importer(2089858483,0ecaa5967403d082aa24f35e1b516d23) [PhysX] Initialized MultithreadedTaskDispatcher with 16 workers.
 -> (artifact id: '2f486550b24d0cdda1fcf1e1895f8542') in 0.012158 seconds
Number of updated asset objects reloaded before import = 0
Number of asset objects unloaded after import = 1
========================================================================
Received Import Request.
  Time since last request: 0.000018 seconds.
  path: Assets/ModernSupermarket/Models/Props/Products/Rooflight_ll6qt0/textures/RoofLight_ll6qt0_o.png
  artifactKey: Guid(cbabd84a86fb0b4449887332dcce8882) Importer(2089858483,0ecaa5967403d082aa24f35e1b516d23)
Start importing Assets/ModernSupermarket/Models/Props/Products/Rooflight_ll6qt0/textures/RoofLight_ll6qt0_o.png using Guid(cbabd84a86fb0b4449887332dcce8882) Importer(2089858483,0ecaa5967403d082aa24f35e1b516d23) [PhysX] Initialized MultithreadedTaskDispatcher with 16 workers.
 -> (artifact id: 'a9a46a3e3668f83f94ab92e521e3a73c') in 0.024725 seconds
Number of updated asset objects reloaded before import = 0
Number of asset objects unloaded after import = 1
========================================================================
Received Import Request.
  Time since last request: 0.000016 seconds.
  path: Assets/ModernSupermarket/Models/Props/Products/ChocolateSpread_xhkyij/Textures/Materials/Nutella_xhkyij_Liquid_Var01.mat
  artifactKey: Guid(b45905882873422458802e02735bb852) Importer(2089858483,0ecaa5967403d082aa24f35e1b516d23)
Start importing Assets/ModernSupermarket/Models/Props/Products/ChocolateSpread_xhkyij/Textures/Materials/Nutella_xhkyij_Liquid_Var01.mat using Guid(b45905882873422458802e02735bb852) Importer(2089858483,0ecaa5967403d082aa24f35e1b516d23) [PhysX] Initialized MultithreadedTaskDispatcher with 16 workers.
 -> (artifact id: '6a4c78544488c9b24dcb8849c8f57517') in 0.009834 seconds
Number of updated asset objects reloaded before import = 0
Number of asset objects unloaded after import = 3
========================================================================
Received Import Request.
  Time since last request: 0.000022 seconds.
  path: Assets/ModernSupermarket/Models/Props/Products/ChocolateSpread_xhkyij/Textures/Materials/Nutella_xhkyij_Liquid.mat
  artifactKey: Guid(ed72321ce1bce0a4dbf1f6626a857570) Importer(2089858483,0ecaa5967403d082aa24f35e1b516d23)
Start importing Assets/ModernSupermarket/Models/Props/Products/ChocolateSpread_xhkyij/Textures/Materials/Nutella_xhkyij_Liquid.mat using Guid(ed72321ce1bce0a4dbf1f6626a857570) Importer(2089858483,0ecaa5967403d082aa24f35e1b516d23) [PhysX] Initialized MultithreadedTaskDispatcher with 16 workers.
 -> (artifact id: 'bf9aa753adcbc1763e6a6b9e6a96fff2') in 0.010124 seconds
Number of updated asset objects reloaded before import = 0
Number of asset objects unloaded after import = 3
========================================================================
Received Import Request.
  Time since last request: 0.000017 seconds.
  path: Assets/ModernSupermarket/Models/Props/Products/Alcohol_tqkp8c/Textures/Materials/Whisky_tqkp8c_Glass.mat
  artifactKey: Guid(d608ef49ef7935346a8fc4f82ca548a1) Importer(2089858483,0ecaa5967403d082aa24f35e1b516d23)
Start importing Assets/ModernSupermarket/Models/Props/Products/Alcohol_tqkp8c/Textures/Materials/Whisky_tqkp8c_Glass.mat using Guid(d608ef49ef7935346a8fc4f82ca548a1) Importer(2089858483,0ecaa5967403d082aa24f35e1b516d23) [PhysX] Initialized MultithreadedTaskDispatcher with 16 workers.
 -> (artifact id: 'b8834c1f99ddc58fc56da1bec1d7e08f') in 0.008922 seconds
Number of updated asset objects reloaded before import = 0
Number of asset objects unloaded after import = 2
========================================================================
Received Import Request.
  Time since last request: 0.000018 seconds.
  path: Assets/ModernSupermarket/Models/Props/Produce/Squash_0r6m5l/Textures/Materials/Squash_0r6m5l.mat
  artifactKey: Guid(ec9efb7ac2b84034fbd29020dcd33b7f) Importer(2089858483,0ecaa5967403d082aa24f35e1b516d23)
Start importing Assets/ModernSupermarket/Models/Props/Produce/Squash_0r6m5l/Textures/Materials/Squash_0r6m5l.mat using Guid(ec9efb7ac2b84034fbd29020dcd33b7f) Importer(2089858483,0ecaa5967403d082aa24f35e1b516d23) [PhysX] Initialized MultithreadedTaskDispatcher with 16 workers.
 -> (artifact id: 'c350a08725d2ddc0cafccb11e9dc155c') in 0.012364 seconds
Number of updated asset objects reloaded before import = 0
Number of asset objects unloaded after import = 5
========================================================================
Received Import Request.
  Time since last request: 0.000032 seconds.
  path: Assets/ModernSupermarket/Models/Props/Products/Soap_eegrv7/Textures/Materials/Soap_eegrv7_Glass.mat
  artifactKey: Guid(09c0591f5b002e24e9fab899f2703a55) Importer(2089858483,0ecaa5967403d082aa24f35e1b516d23)
Start importing Assets/ModernSupermarket/Models/Props/Products/Soap_eegrv7/Textures/Materials/Soap_eegrv7_Glass.mat using Guid(09c0591f5b002e24e9fab899f2703a55) Importer(2089858483,0ecaa5967403d082aa24f35e1b516d23) [PhysX] Initialized MultithreadedTaskDispatcher with 16 workers.
 -> (artifact id: '60b2bb15cbe306524e9c2074d07c61b2') in 0.010418 seconds
Number of updated asset objects reloaded before import = 0
Number of asset objects unloaded after import = 3
========================================================================
Received Import Request.
  Time since last request: 0.000028 seconds.
  path: Assets/ModernSupermarket/Models/Props/Products/EggBox12x_7zw3j2/Textures/Materials/EggBox12x_7zw3j2_a.mat
  artifactKey: Guid(e3fad9470eeb49344ba478f75fe8ed05) Importer(2089858483,0ecaa5967403d082aa24f35e1b516d23)
Start importing Assets/ModernSupermarket/Models/Props/Products/EggBox12x_7zw3j2/Textures/Materials/EggBox12x_7zw3j2_a.mat using Guid(e3fad9470eeb49344ba478f75fe8ed05) Importer(2089858483,0ecaa5967403d082aa24f35e1b516d23) [PhysX] Initialized MultithreadedTaskDispatcher with 16 workers.
 -> (artifact id: '5805ed43b8a2a36fd4a49dfcbbcf44d2') in 0.013331 seconds
Number of updated asset objects reloaded before import = 0
Number of asset objects unloaded after import = 6
========================================================================
Received Import Request.
  Time since last request: 0.000018 seconds.
  path: Assets/ModernSupermarket/Models/Props/Products/Pasta_9duit2/Textures/Materials/PastaPack_9duit2_Var02.mat
  artifactKey: Guid(2a0e5262aa67c874998114b28618ddce) Importer(2089858483,0ecaa5967403d082aa24f35e1b516d23)
Start importing Assets/ModernSupermarket/Models/Props/Products/Pasta_9duit2/Textures/Materials/PastaPack_9duit2_Var02.mat using Guid(2a0e5262aa67c874998114b28618ddce) Importer(2089858483,0ecaa5967403d082aa24f35e1b516d23) [PhysX] Initialized MultithreadedTaskDispatcher with 16 workers.
 -> (artifact id: 'b369643db33e1ce4af3da02070247f13') in 0.012203 seconds
Number of updated asset objects reloaded before import = 0
Number of asset objects unloaded after import = 4
========================================================================
Received Import Request.
  Time since last request: 0.000019 seconds.
  path: Assets/ModernSupermarket/Models/Props/Products/JuiceBrick_6ljfy3/Textures/Materials/MilkBrick_e8foxc_Var01.mat
  artifactKey: Guid(f591caa58121f9d4e9e9d0bfbca3a548) Importer(2089858483,0ecaa5967403d082aa24f35e1b516d23)
Start importing Assets/ModernSupermarket/Models/Props/Products/JuiceBrick_6ljfy3/Textures/Materials/MilkBrick_e8foxc_Var01.mat using Guid(f591caa58121f9d4e9e9d0bfbca3a548) Importer(2089858483,0ecaa5967403d082aa24f35e1b516d23) [PhysX] Initialized MultithreadedTaskDispatcher with 16 workers.
 -> (artifact id: '5c0893431f57a0b596e7c253a2e2d35b') in 0.011942 seconds
Number of updated asset objects reloaded before import = 0
Number of asset objects unloaded after import = 5
========================================================================
Received Import Request.
  Time since last request: 0.000023 seconds.
  path: Assets/ModernSupermarket/Models/Props/Products/Shampoo_lvhjkn/Textures/Materials/Shampoo_lvhjkn_Label.mat
  artifactKey: Guid(5b796157a0eb581448b99ddeeb0db9ed) Importer(2089858483,0ecaa5967403d082aa24f35e1b516d23)
Start importing Assets/ModernSupermarket/Models/Props/Products/Shampoo_lvhjkn/Textures/Materials/Shampoo_lvhjkn_Label.mat using Guid(5b796157a0eb581448b99ddeeb0db9ed) Importer(2089858483,0ecaa5967403d082aa24f35e1b516d23) [PhysX] Initialized MultithreadedTaskDispatcher with 16 workers.
 -> (artifact id: '55207d016866f708c01ef1a357973f17') in 0.011566 seconds
Number of updated asset objects reloaded before import = 0
Number of asset objects unloaded after import = 2
========================================================================
Received Import Request.
  Time since last request: 0.000017 seconds.
  path: Assets/ModernSupermarket/Models/Props/Products/Bag_s45li3/Textures/Materials/Bag_s45li3_Var01.mat
  artifactKey: Guid(925375dd95adb5643b3e0594db9f8c20) Importer(2089858483,0ecaa5967403d082aa24f35e1b516d23)
Start importing Assets/ModernSupermarket/Models/Props/Products/Bag_s45li3/Textures/Materials/Bag_s45li3_Var01.mat using Guid(925375dd95adb5643b3e0594db9f8c20) Importer(2089858483,0ecaa5967403d082aa24f35e1b516d23) [PhysX] Initialized MultithreadedTaskDispatcher with 16 workers.
 -> (artifact id: 'a781033919382ad1a95fb990bc4b2115') in 0.013206 seconds
Number of updated asset objects reloaded before import = 0
Number of asset objects unloaded after import = 5
========================================================================
Received Import Request.
  Time since last request: 0.000022 seconds.
  path: Assets/ModernSupermarket/Models/Props/Products/Alcohol_eoojba/Textures/Materials/WhiskyBottle_eoojba_Liquid.mat
  artifactKey: Guid(511d17e3bca497743a315ec8e48b8d67) Importer(2089858483,0ecaa5967403d082aa24f35e1b516d23)
Start importing Assets/ModernSupermarket/Models/Props/Products/Alcohol_eoojba/Textures/Materials/WhiskyBottle_eoojba_Liquid.mat using Guid(511d17e3bca497743a315ec8e48b8d67) Importer(2089858483,0ecaa5967403d082aa24f35e1b516d23) [PhysX] Initialized MultithreadedTaskDispatcher with 16 workers.
 -> (artifact id: '8e896944dbc2bb76145f717b8d3fa9f7') in 0.012085 seconds
Number of updated asset objects reloaded before import = 0
Number of asset objects unloaded after import = 1
========================================================================
Received Import Request.
  Time since last request: 0.000020 seconds.
  path: Assets/ModernSupermarket/Models/Props/Products/Bag_s45li3/Textures/Materials/Bag_s45li3_Var02.mat
  artifactKey: Guid(c6000bbc4fd8c5840948cf6e1f1bbbab) Importer(2089858483,0ecaa5967403d082aa24f35e1b516d23)
Start importing Assets/ModernSupermarket/Models/Props/Products/Bag_s45li3/Textures/Materials/Bag_s45li3_Var02.mat using Guid(c6000bbc4fd8c5840948cf6e1f1bbbab) Importer(2089858483,0ecaa5967403d082aa24f35e1b516d23) [PhysX] Initialized MultithreadedTaskDispatcher with 16 workers.
 -> (artifact id: '47df4e1dbc6344e916f4ac44e99d4317') in 0.014098 seconds
Number of updated asset objects reloaded before import = 0
Number of asset objects unloaded after import = 5
========================================================================
Received Import Request.
  Time since last request: 0.000024 seconds.
  path: Assets/ModernSupermarket/Models/Props/Products/Alcohol_ao62w4/Textures/Materials/Alcool_ao62w4_Glass.mat
  artifactKey: Guid(4bf3f201429668645ab99f929b9949ff) Importer(2089858483,0ecaa5967403d082aa24f35e1b516d23)
Start importing Assets/ModernSupermarket/Models/Props/Products/Alcohol_ao62w4/Textures/Materials/Alcool_ao62w4_Glass.mat using Guid(4bf3f201429668645ab99f929b9949ff) Importer(2089858483,0ecaa5967403d082aa24f35e1b516d23) [PhysX] Initialized MultithreadedTaskDispatcher with 16 workers.
 -> (artifact id: 'c290783bb528e4f4e733be9535ea7513') in 0.012992 seconds
Number of updated asset objects reloaded before import = 0
Number of asset objects unloaded after import = 4
========================================================================
Received Import Request.
  Time since last request: 0.000023 seconds.
  path: Assets/ModernSupermarket/Models/Props/Products/Oil_751tp2/Textures/Materials/OliveOil_Liquid.mat
  artifactKey: Guid(68c34881756983c4ea5797417923a1b5) Importer(2089858483,0ecaa5967403d082aa24f35e1b516d23)
Start importing Assets/ModernSupermarket/Models/Props/Products/Oil_751tp2/Textures/Materials/OliveOil_Liquid.mat using Guid(68c34881756983c4ea5797417923a1b5) Importer(2089858483,0ecaa5967403d082aa24f35e1b516d23) [PhysX] Initialized MultithreadedTaskDispatcher with 16 workers.
 -> (artifact id: '4ad90ffd1d3df03429ca9fa495ca170a') in 0.009811 seconds
Number of updated asset objects reloaded before import = 0
Number of asset objects unloaded after import = 1
========================================================================
Received Import Request.
  Time since last request: 0.000019 seconds.
  path: Assets/ModernSupermarket/Models/Props/Products/Pasta_9duit2/Textures/Materials/PastaPack_9duit2_Fill_Var02.mat
  artifactKey: Guid(11829f337dfe1cf4c8ea4c4c8051ac7b) Importer(2089858483,0ecaa5967403d082aa24f35e1b516d23)
Start importing Assets/ModernSupermarket/Models/Props/Products/Pasta_9duit2/Textures/Materials/PastaPack_9duit2_Fill_Var02.mat using Guid(11829f337dfe1cf4c8ea4c4c8051ac7b) Importer(2089858483,0ecaa5967403d082aa24f35e1b516d23) [PhysX] Initialized MultithreadedTaskDispatcher with 16 workers.
 -> (artifact id: 'f39a1192e94100f462ee18aa1ca22135') in 0.014923 seconds
Number of updated asset objects reloaded before import = 0
Number of asset objects unloaded after import = 5
========================================================================
Received Import Request.
  Time since last request: 0.000024 seconds.
  path: Assets/ModernSupermarket/Models/Props/Products/Cheese_bn26cq/Textures/Materials/Cheese_bn26cq_Label.mat
  artifactKey: Guid(c25dfb1627111974dbcfeb019fe8eda8) Importer(2089858483,0ecaa5967403d082aa24f35e1b516d23)
Start importing Assets/ModernSupermarket/Models/Props/Products/Cheese_bn26cq/Textures/Materials/Cheese_bn26cq_Label.mat using Guid(c25dfb1627111974dbcfeb019fe8eda8) Importer(2089858483,0ecaa5967403d082aa24f35e1b516d23) [PhysX] Initialized MultithreadedTaskDispatcher with 16 workers.
 -> (artifact id: '7f489ddb5981b05f0331297b19c6dd76') in 0.012804 seconds
Number of updated asset objects reloaded before import = 0
Number of asset objects unloaded after import = 5
========================================================================
Received Import Request.
  Time since last request: 0.000021 seconds.
  path: Assets/ModernSupermarket/Models/Props/Products/Alcohol_qi7uqvr/Textures/Label/Alcohol_qi7uqv_Label_a.png
  artifactKey: Guid(ef168019cd48e364abcd328f9e8554d9) Importer(2089858483,0ecaa5967403d082aa24f35e1b516d23)
Start importing Assets/ModernSupermarket/Models/Props/Products/Alcohol_qi7uqvr/Textures/Label/Alcohol_qi7uqv_Label_a.png using Guid(ef168019cd48e364abcd328f9e8554d9) Importer(2089858483,0ecaa5967403d082aa24f35e1b516d23) [PhysX] Initialized MultithreadedTaskDispatcher with 16 workers.
 -> (artifact id: '43301b2fea02de1dcfd3801486d291cd') in 0.022871 seconds
Number of updated asset objects reloaded before import = 0
Number of asset objects unloaded after import = 1
========================================================================
Received Import Request.
  Time since last request: 0.000019 seconds.
  path: Assets/ModernSupermarket/Models/Props/Products/Soap_1rcsb1/Textures/Materials/Soap_1rcsb1_Liquid.mat
  artifactKey: Guid(c7d183fe7028e1549a582e255355029b) Importer(2089858483,0ecaa5967403d082aa24f35e1b516d23)
Start importing Assets/ModernSupermarket/Models/Props/Products/Soap_1rcsb1/Textures/Materials/Soap_1rcsb1_Liquid.mat using Guid(c7d183fe7028e1549a582e255355029b) Importer(2089858483,0ecaa5967403d082aa24f35e1b516d23) [PhysX] Initialized MultithreadedTaskDispatcher with 16 workers.
 -> (artifact id: 'be22f486f0a9b4418d933022aa2b833e') in 0.010057 seconds
Number of updated asset objects reloaded before import = 0
Number of asset objects unloaded after import = 1
========================================================================
Received Import Request.
  Time since last request: 0.000017 seconds.
  path: Assets/ModernSupermarket/Models/Props/Products/Pasta_g87jtq/Textures/Materials/PastaPack_g87jtq.mat
  artifactKey: Guid(9484f2924c9a66b4eac8a167b4adf58e) Importer(2089858483,0ecaa5967403d082aa24f35e1b516d23)
Start importing Assets/ModernSupermarket/Models/Props/Products/Pasta_g87jtq/Textures/Materials/PastaPack_g87jtq.mat using Guid(9484f2924c9a66b4eac8a167b4adf58e) Importer(2089858483,0ecaa5967403d082aa24f35e1b516d23) [PhysX] Initialized MultithreadedTaskDispatcher with 16 workers.
 -> (artifact id: '29fd3c9e06c696e8e3bc4a5c46eab7ad') in 0.013005 seconds
Number of updated asset objects reloaded before import = 0
Number of asset objects unloaded after import = 5
========================================================================
Received Import Request.
  Time since last request: 0.000024 seconds.
  path: Assets/ModernSupermarket/Models/Props/Products/Cleanser_o964qg/Textures/Materials/Cleanser_o964qg.mat
  artifactKey: Guid(b6f5edcddd1c62a408f6cb044646ff96) Importer(2089858483,0ecaa5967403d082aa24f35e1b516d23)
Start importing Assets/ModernSupermarket/Models/Props/Products/Cleanser_o964qg/Textures/Materials/Cleanser_o964qg.mat using Guid(b6f5edcddd1c62a408f6cb044646ff96) Importer(2089858483,0ecaa5967403d082aa24f35e1b516d23) [PhysX] Initialized MultithreadedTaskDispatcher with 16 workers.
 -> (artifact id: '28e0183d265a058401d3bb83587e246d') in 0.011980 seconds
Number of updated asset objects reloaded before import = 0
Number of asset objects unloaded after import = 4
========================================================================
Received Import Request.
  Time since last request: 0.000023 seconds.
  path: Assets/ModernSupermarket/Models/Props/Products/FrozenBox_vhvpd4/Textures/Materials/FrozenBox_vhvpd4.mat
  artifactKey: Guid(46c4400fefb2737429d4e9bc99cd69d3) Importer(2089858483,0ecaa5967403d082aa24f35e1b516d23)
Start importing Assets/ModernSupermarket/Models/Props/Products/FrozenBox_vhvpd4/Textures/Materials/FrozenBox_vhvpd4.mat using Guid(46c4400fefb2737429d4e9bc99cd69d3) Importer(2089858483,0ecaa5967403d082aa24f35e1b516d23) [PhysX] Initialized MultithreadedTaskDispatcher with 16 workers.
 -> (artifact id: '0ab110f9f6aadd8693814a1d6551d42d') in 0.009964 seconds
Number of updated asset objects reloaded before import = 0
Number of asset objects unloaded after import = 4
========================================================================
Received Import Request.
  Time since last request: 0.000035 seconds.
  path: Assets/ModernSupermarket/Models/Props/Products/Cereal_me9j99/Textures/Materials/Cereal_me9j99_Var01.mat
  artifactKey: Guid(d6c02b1a8ec018144a23498f5e56902f) Importer(2089858483,0ecaa5967403d082aa24f35e1b516d23)
Start importing Assets/ModernSupermarket/Models/Props/Products/Cereal_me9j99/Textures/Materials/Cereal_me9j99_Var01.mat using Guid(d6c02b1a8ec018144a23498f5e56902f) Importer(2089858483,0ecaa5967403d082aa24f35e1b516d23) [PhysX] Initialized MultithreadedTaskDispatcher with 16 workers.
 -> (artifact id: '45cd52c9d9c30cf793df49ce9f3a3447') in 0.012112 seconds
Number of updated asset objects reloaded before import = 0
Number of asset objects unloaded after import = 4
========================================================================
Received Import Request.
  Time since last request: 0.000020 seconds.
  path: Assets/ModernSupermarket/Models/Props/Products/Cleanser_o964qg/Textures/Materials/Cleanser_o964qg_Glass.mat
  artifactKey: Guid(eb868a34c0e19594c97b6360e7643e0a) Importer(2089858483,0ecaa5967403d082aa24f35e1b516d23)
Start importing Assets/ModernSupermarket/Models/Props/Products/Cleanser_o964qg/Textures/Materials/Cleanser_o964qg_Glass.mat using Guid(eb868a34c0e19594c97b6360e7643e0a) Importer(2089858483,0ecaa5967403d082aa24f35e1b516d23) [PhysX] Initialized MultithreadedTaskDispatcher with 16 workers.
 -> (artifact id: '6518bdc1eb2b2fc859c209cf46d3c76a') in 0.010642 seconds
Number of updated asset objects reloaded before import = 0
Number of asset objects unloaded after import = 2
========================================================================
Received Import Request.
  Time since last request: 0.000021 seconds.
  path: Assets/ModernSupermarket/Models/Props/Products/BeerKeg_byk96e/Textures/Materials/BeerKeg_byk96e_Plastic.mat
  artifactKey: Guid(17fa528460252dc41b8850c75703a494) Importer(2089858483,0ecaa5967403d082aa24f35e1b516d23)
Start importing Assets/ModernSupermarket/Models/Props/Products/BeerKeg_byk96e/Textures/Materials/BeerKeg_byk96e_Plastic.mat using Guid(17fa528460252dc41b8850c75703a494) Importer(2089858483,0ecaa5967403d082aa24f35e1b516d23) [PhysX] Initialized MultithreadedTaskDispatcher with 16 workers.
 -> (artifact id: '7b73fb1fbb0773e2834ef20bbc189540') in 0.014055 seconds
Number of updated asset objects reloaded before import = 0
Number of asset objects unloaded after import = 4
========================================================================
Received Import Request.
  Time since last request: 0.000026 seconds.
  path: Assets/ModernSupermarket/Models/Props/Products/ChocolateBox_b94wj0/Textures/Materials/ChocolatBox_b94wj0.mat
  artifactKey: Guid(fd73a42850922d84ba01ffa4086d1cb1) Importer(2089858483,0ecaa5967403d082aa24f35e1b516d23)
Start importing Assets/ModernSupermarket/Models/Props/Products/ChocolateBox_b94wj0/Textures/Materials/ChocolatBox_b94wj0.mat using Guid(fd73a42850922d84ba01ffa4086d1cb1) Importer(2089858483,0ecaa5967403d082aa24f35e1b516d23) [PhysX] Initialized MultithreadedTaskDispatcher with 16 workers.
 -> (artifact id: 'c5e9cdee16bbf281e1b05a1cbacb82a2') in 0.013440 seconds
Number of updated asset objects reloaded before import = 0
Number of asset objects unloaded after import = 5
========================================================================
Received Import Request.
  Time since last request: 0.000015 seconds.
  path: Assets/ModernSupermarket/Models/Props/Products/SlicedBread_tp7aom/Textures/Materials/SlicedBread_tp7aom_Plastic.mat
  artifactKey: Guid(f36f64436665e6a4eab187d908296ac7) Importer(2089858483,0ecaa5967403d082aa24f35e1b516d23)
Start importing Assets/ModernSupermarket/Models/Props/Products/SlicedBread_tp7aom/Textures/Materials/SlicedBread_tp7aom_Plastic.mat using Guid(f36f64436665e6a4eab187d908296ac7) Importer(2089858483,0ecaa5967403d082aa24f35e1b516d23) [PhysX] Initialized MultithreadedTaskDispatcher with 16 workers.
 -> (artifact id: '5aa34709825bcdc005ff08de456725ca') in 0.013038 seconds
Number of updated asset objects reloaded before import = 0
Number of asset objects unloaded after import = 5
========================================================================
Received Import Request.
  Time since last request: 0.000023 seconds.
  path: Assets/ModernSupermarket/Models/Props/Products/Flour_ckgfmu/Textures/Materials/FlourPack_ckgfmu_Var02.mat
  artifactKey: Guid(f832b4d685992c44eaaa18f3f46248a8) Importer(2089858483,0ecaa5967403d082aa24f35e1b516d23)
Start importing Assets/ModernSupermarket/Models/Props/Products/Flour_ckgfmu/Textures/Materials/FlourPack_ckgfmu_Var02.mat using Guid(f832b4d685992c44eaaa18f3f46248a8) Importer(2089858483,0ecaa5967403d082aa24f35e1b516d23) [PhysX] Initialized MultithreadedTaskDispatcher with 16 workers.
 -> (artifact id: '852b83c461b3628b5364e44919772d50') in 0.010754 seconds
Number of updated asset objects reloaded before import = 0
Number of asset objects unloaded after import = 5
========================================================================
Received Import Request.
  Time since last request: 0.000021 seconds.
  path: Assets/ModernSupermarket/Models/Props/Products/Cheese_bn26cq/Textures/Materials/Cheese_bn26cq_Var01.mat
  artifactKey: Guid(04839b8d1737b7c439d0562375dbdb3f) Importer(2089858483,0ecaa5967403d082aa24f35e1b516d23)
Start importing Assets/ModernSupermarket/Models/Props/Products/Cheese_bn26cq/Textures/Materials/Cheese_bn26cq_Var01.mat using Guid(04839b8d1737b7c439d0562375dbdb3f) Importer(2089858483,0ecaa5967403d082aa24f35e1b516d23) [PhysX] Initialized MultithreadedTaskDispatcher with 16 workers.
 -> (artifact id: '5076bbb031ad7b58462c66be0c910077') in 0.010749 seconds
Number of updated asset objects reloaded before import = 0
Number of asset objects unloaded after import = 5
========================================================================
Received Import Request.
  Time since last request: 0.000022 seconds.
  path: Assets/ModernSupermarket/Models/Props/Products/MeatTray_dbf1nh/Textures/Materials/MeatTray_dbf1nh_Meat.mat
  artifactKey: Guid(a7c5dda4a9bd9fb4e84542077d7b3588) Importer(2089858483,0ecaa5967403d082aa24f35e1b516d23)
Start importing Assets/ModernSupermarket/Models/Props/Products/MeatTray_dbf1nh/Textures/Materials/MeatTray_dbf1nh_Meat.mat using Guid(a7c5dda4a9bd9fb4e84542077d7b3588) Importer(2089858483,0ecaa5967403d082aa24f35e1b516d23) [PhysX] Initialized MultithreadedTaskDispatcher with 16 workers.
 -> (artifact id: '3c9464f597c3f6062a3d7330812e9e5a') in 0.011701 seconds
Number of updated asset objects reloaded before import = 0
Number of asset objects unloaded after import = 5
========================================================================
Received Import Request.
  Time since last request: 0.000016 seconds.
  path: Assets/ModernSupermarket/Models/Props/Products/SlicedBread_6zus31/Textures/Materials/SliceBread_6zus31.mat
  artifactKey: Guid(c63a6e0b9dd721f448d5fb56a1735d91) Importer(2089858483,0ecaa5967403d082aa24f35e1b516d23)
Start importing Assets/ModernSupermarket/Models/Props/Products/SlicedBread_6zus31/Textures/Materials/SliceBread_6zus31.mat using Guid(c63a6e0b9dd721f448d5fb56a1735d91) Importer(2089858483,0ecaa5967403d082aa24f35e1b516d23) [PhysX] Initialized MultithreadedTaskDispatcher with 16 workers.
 -> (artifact id: 'ed51bd04a09381381161e93a04ae8812') in 0.015901 seconds
Number of updated asset objects reloaded before import = 0
Number of asset objects unloaded after import = 5
========================================================================
Received Import Request.
  Time since last request: 0.000026 seconds.
  path: Assets/ModernSupermarket/Models/Props/Products/Capsule_xrahaz/Textures/Materials/Capsule_xrahaz.mat
  artifactKey: Guid(a19a1fa5fdf62b843ac34ab234d85473) Importer(2089858483,0ecaa5967403d082aa24f35e1b516d23)
Start importing Assets/ModernSupermarket/Models/Props/Products/Capsule_xrahaz/Textures/Materials/Capsule_xrahaz.mat using Guid(a19a1fa5fdf62b843ac34ab234d85473) Importer(2089858483,0ecaa5967403d082aa24f35e1b516d23) [PhysX] Initialized MultithreadedTaskDispatcher with 16 workers.
 -> (artifact id: 'a74ea3459f0774e209326c8769e02820') in 0.013676 seconds
Number of updated asset objects reloaded before import = 0
Number of asset objects unloaded after import = 5
========================================================================
Received Import Request.
  Time since last request: 0.000020 seconds.
  path: Assets/ModernSupermarket/Models/Props/Products/SlicedBread_tp7aom/Textures/SlicedBread_tp7aom_Bread_m.png
  artifactKey: Guid(fbf8371bb13c7b84d8bde81f7898ed9a) Importer(2089858483,0ecaa5967403d082aa24f35e1b516d23)
Start importing Assets/ModernSupermarket/Models/Props/Products/SlicedBread_tp7aom/Textures/SlicedBread_tp7aom_Bread_m.png using Guid(fbf8371bb13c7b84d8bde81f7898ed9a) Importer(2089858483,0ecaa5967403d082aa24f35e1b516d23) [PhysX] Initialized MultithreadedTaskDispatcher with 16 workers.
 -> (artifact id: '84bf70d95a3e094a0e47e1c7ec172e6f') in 0.011944 seconds
Number of updated asset objects reloaded before import = 0
Number of asset objects unloaded after import = 1
========================================================================
Received Import Request.
  Time since last request: 0.000020 seconds.
  path: Assets/ModernSupermarket/Models/Props/Utility/Basket_o52iei/Textures/Basket_o52iei_condiments03_m.png
  artifactKey: Guid(5ce6ccceb7a058b44ba446b291d09b44) Importer(2089858483,0ecaa5967403d082aa24f35e1b516d23)
Start importing Assets/ModernSupermarket/Models/Props/Utility/Basket_o52iei/Textures/Basket_o52iei_condiments03_m.png using Guid(5ce6ccceb7a058b44ba446b291d09b44) Importer(2089858483,0ecaa5967403d082aa24f35e1b516d23) [PhysX] Initialized MultithreadedTaskDispatcher with 16 workers.
 -> (artifact id: '9afb4dd81f690c6b725cc1b36a6f8e31') in 0.014684 seconds
Number of updated asset objects reloaded before import = 0
Number of asset objects unloaded after import = 1
========================================================================
Received Import Request.
  Time since last request: 0.000025 seconds.
  path: Assets/ModernSupermarket/Models/Props/Produce/Zucchini_z21819/Textures/Materials/Zucchini_z21819.mat
  artifactKey: Guid(02ac9047276d0f34fb04b9b79b52cb83) Importer(2089858483,0ecaa5967403d082aa24f35e1b516d23)
Start importing Assets/ModernSupermarket/Models/Props/Produce/Zucchini_z21819/Textures/Materials/Zucchini_z21819.mat using Guid(02ac9047276d0f34fb04b9b79b52cb83) Importer(2089858483,0ecaa5967403d082aa24f35e1b516d23) [PhysX] Initialized MultithreadedTaskDispatcher with 16 workers.
 -> (artifact id: '6623e11bdc2ce12c2fb51c5d58db2b13') in 0.013148 seconds
Number of updated asset objects reloaded before import = 0
Number of asset objects unloaded after import = 5
========================================================================
Received Import Request.
  Time since last request: 0.000020 seconds.
  path: Assets/ModernSupermarket/Models/Props/Products/Milk_l6slvx/Textures/Materials/Milk_l6slvx.mat
  artifactKey: Guid(d1404dcdfd614034e92febb02345e975) Importer(2089858483,0ecaa5967403d082aa24f35e1b516d23)
Start importing Assets/ModernSupermarket/Models/Props/Products/Milk_l6slvx/Textures/Materials/Milk_l6slvx.mat using Guid(d1404dcdfd614034e92febb02345e975) Importer(2089858483,0ecaa5967403d082aa24f35e1b516d23) [PhysX] Initialized MultithreadedTaskDispatcher with 16 workers.
 -> (artifact id: 'a0067dff60c3efdecde8d3c9429e0813') in 0.012707 seconds
Number of updated asset objects reloaded before import = 0
Number of asset objects unloaded after import = 5
========================================================================
Received Import Request.
  Time since last request: 0.000021 seconds.
  path: Assets/ModernSupermarket/Models/Props/Utility/Anti-thefhtDoor_9qs8y9/Textures/Anti-theftDoor_9qs8y9_a.png
  artifactKey: Guid(ba7ee43525ff98a49831c644b63c2ce8) Importer(2089858483,0ecaa5967403d082aa24f35e1b516d23)
Start importing Assets/ModernSupermarket/Models/Props/Utility/Anti-thefhtDoor_9qs8y9/Textures/Anti-theftDoor_9qs8y9_a.png using Guid(ba7ee43525ff98a49831c644b63c2ce8) Importer(2089858483,0ecaa5967403d082aa24f35e1b516d23) [PhysX] Initialized MultithreadedTaskDispatcher with 16 workers.
 -> (artifact id: '6944c3e5524f8e52f895041c3139f44b') in 0.015759 seconds
Number of updated asset objects reloaded before import = 0
Number of asset objects unloaded after import = 1
========================================================================
Received Import Request.
  Time since last request: 0.000027 seconds.
  path: Assets/ModernSupermarket/Models/Props/Products/MeatTray_qm4z4l/Textures/MeatTray_qm4z4l_n.png
  artifactKey: Guid(60065944023a279458b2ed3abfc9f393) Importer(2089858483,0ecaa5967403d082aa24f35e1b516d23)
Start importing Assets/ModernSupermarket/Models/Props/Products/MeatTray_qm4z4l/Textures/MeatTray_qm4z4l_n.png using Guid(60065944023a279458b2ed3abfc9f393) Importer(2089858483,0ecaa5967403d082aa24f35e1b516d23) [PhysX] Initialized MultithreadedTaskDispatcher with 16 workers.
 -> (artifact id: '9dee703b59ef9aa652e5e14040e1c0a6') in 0.014510 seconds
Number of updated asset objects reloaded before import = 0
Number of asset objects unloaded after import = 1
========================================================================
Received Import Request.
  Time since last request: 0.000032 seconds.
  path: Assets/ModernSupermarket/Models/Props/Products/ChocolateSpread_xhkyij/Textures/Materials/Nutella_xhkyij_Label.mat
  artifactKey: Guid(f87772674f9c14148a1675b6929cf204) Importer(2089858483,0ecaa5967403d082aa24f35e1b516d23)
Start importing Assets/ModernSupermarket/Models/Props/Products/ChocolateSpread_xhkyij/Textures/Materials/Nutella_xhkyij_Label.mat using Guid(f87772674f9c14148a1675b6929cf204) Importer(2089858483,0ecaa5967403d082aa24f35e1b516d23) [PhysX] Initialized MultithreadedTaskDispatcher with 16 workers.
 -> (artifact id: 'aeef5e048158df98ee6b17e4d14195a6') in 0.012754 seconds
Number of updated asset objects reloaded before import = 0
Number of asset objects unloaded after import = 3
========================================================================
Received Import Request.
  Time since last request: 0.000025 seconds.
  path: Assets/ModernSupermarket/Models/Props/Products/FrozenBox_vhvpd4/Textures/Materials/FrozenBox_vhvpd4_Var01.mat
  artifactKey: Guid(d4d76f6cc14a5474182f0b9f3584bc2c) Importer(2089858483,0ecaa5967403d082aa24f35e1b516d23)
Start importing Assets/ModernSupermarket/Models/Props/Products/FrozenBox_vhvpd4/Textures/Materials/FrozenBox_vhvpd4_Var01.mat using Guid(d4d76f6cc14a5474182f0b9f3584bc2c) Importer(2089858483,0ecaa5967403d082aa24f35e1b516d23) [PhysX] Initialized MultithreadedTaskDispatcher with 16 workers.
 -> (artifact id: 'c21540d50d793747e71e238f874b5f37') in 0.064899 seconds
Number of updated asset objects reloaded before import = 0
Number of asset objects unloaded after import = 2
========================================================================
Received Import Request.
  Time since last request: 0.000020 seconds.
  path: Assets/ModernSupermarket/Models/Props/Utility/CashMachine_lazhgf/Textures/CashMachine_lazhgf_o.png
  artifactKey: Guid(dbe74a6c40b8b394a864d23e90f6b786) Importer(2089858483,0ecaa5967403d082aa24f35e1b516d23)
Start importing Assets/ModernSupermarket/Models/Props/Utility/CashMachine_lazhgf/Textures/CashMachine_lazhgf_o.png using Guid(dbe74a6c40b8b394a864d23e90f6b786) Importer(2089858483,0ecaa5967403d082aa24f35e1b516d23) [PhysX] Initialized MultithreadedTaskDispatcher with 16 workers.
 -> (artifact id: 'cbe08f84febe615a981431b2f202d098') in 0.022157 seconds
Number of updated asset objects reloaded before import = 0
Number of asset objects unloaded after import = 1
========================================================================
Received Import Request.
  Time since last request: 0.000017 seconds.
  path: Assets/ModernSupermarket/Models/Props/Products/ChocolateSpread_xhkyij/Textures/Materials/Nutella_xhkyij_Label_Var02.mat
  artifactKey: Guid(1ff573fd91e79954fa03ea6e53aa1d2d) Importer(2089858483,0ecaa5967403d082aa24f35e1b516d23)
Start importing Assets/ModernSupermarket/Models/Props/Products/ChocolateSpread_xhkyij/Textures/Materials/Nutella_xhkyij_Label_Var02.mat using Guid(1ff573fd91e79954fa03ea6e53aa1d2d) Importer(2089858483,0ecaa5967403d082aa24f35e1b516d23) [PhysX] Initialized MultithreadedTaskDispatcher with 16 workers.
 -> (artifact id: '43f77de93a88c1c8995a959a710692e2') in 0.010752 seconds
Number of updated asset objects reloaded before import = 0
Number of asset objects unloaded after import = 3
========================================================================
Received Import Request.
  Time since last request: 0.000027 seconds.
  path: Assets/ModernSupermarket/Models/Props/Products/Pizza_ehb1pe/Textures/Material/BoxPizza_ehb1pe_Var01.mat
  artifactKey: Guid(1d6c4c91b16147b4e935d8b30178335f) Importer(2089858483,0ecaa5967403d082aa24f35e1b516d23)
Start importing Assets/ModernSupermarket/Models/Props/Products/Pizza_ehb1pe/Textures/Material/BoxPizza_ehb1pe_Var01.mat using Guid(1d6c4c91b16147b4e935d8b30178335f) Importer(2089858483,0ecaa5967403d082aa24f35e1b516d23) [PhysX] Initialized MultithreadedTaskDispatcher with 16 workers.
 -> (artifact id: '9f820fcc73a3c3baaa481908a4127014') in 0.010507 seconds
Number of updated asset objects reloaded before import = 0
Number of asset objects unloaded after import = 4
========================================================================
Received Import Request.
  Time since last request: 0.000017 seconds.
  path: Assets/ModernSupermarket/Models/Props/Products/FrozenPack_xp713y/Textures/Materials/FrozenPack_xp713y_Var05.mat
  artifactKey: Guid(cf27ca7131e70f24195705e939f50240) Importer(2089858483,0ecaa5967403d082aa24f35e1b516d23)
Start importing Assets/ModernSupermarket/Models/Props/Products/FrozenPack_xp713y/Textures/Materials/FrozenPack_xp713y_Var05.mat using Guid(cf27ca7131e70f24195705e939f50240) Importer(2089858483,0ecaa5967403d082aa24f35e1b516d23) [PhysX] Initialized MultithreadedTaskDispatcher with 16 workers.
 -> (artifact id: '93a87f380252a637b633d5bea97e454e') in 0.011309 seconds
Number of updated asset objects reloaded before import = 0
Number of asset objects unloaded after import = 5
========================================================================
Received Import Request.
  Time since last request: 0.000023 seconds.
  path: Assets/ModernSupermarket/Models/Props/Products/Alcohol_qi7uqvr/Textures/Label/Materials/Alcohol_qi7uqv_Label_a.mat
  artifactKey: Guid(76d89d16b2313604ab6ffb89ecb338d3) Importer(2089858483,0ecaa5967403d082aa24f35e1b516d23)
Start importing Assets/ModernSupermarket/Models/Props/Products/Alcohol_qi7uqvr/Textures/Label/Materials/Alcohol_qi7uqv_Label_a.mat using Guid(76d89d16b2313604ab6ffb89ecb338d3) Importer(2089858483,0ecaa5967403d082aa24f35e1b516d23) [PhysX] Initialized MultithreadedTaskDispatcher with 16 workers.
 -> (artifact id: '6a13de3237c9e6392c494391cda75c68') in 0.011660 seconds
Number of updated asset objects reloaded before import = 0
Number of asset objects unloaded after import = 3
========================================================================
Received Import Request.
  Time since last request: 0.000020 seconds.
  path: Assets/ModernSupermarket/Models/Props/Products/Teabox_fhe54d/Textures/Materials/Teabox_fhe54d_a.mat
  artifactKey: Guid(8345349f4c1e04a4b8fe0a1136f33824) Importer(2089858483,0ecaa5967403d082aa24f35e1b516d23)
Start importing Assets/ModernSupermarket/Models/Props/Products/Teabox_fhe54d/Textures/Materials/Teabox_fhe54d_a.mat using Guid(8345349f4c1e04a4b8fe0a1136f33824) Importer(2089858483,0ecaa5967403d082aa24f35e1b516d23) [PhysX] Initialized MultithreadedTaskDispatcher with 16 workers.
 -> (artifact id: '81a4793c21ab0a4176d48a7750c0974e') in 0.011400 seconds
Number of updated asset objects reloaded before import = 0
Number of asset objects unloaded after import = 5
========================================================================
Received Import Request.
  Time since last request: 0.000017 seconds.
  path: Assets/ModernSupermarket/Models/Props/Utility/CashMachine_lazhgf/Textures/Materials/CashMachine_lazhgf.mat
  artifactKey: Guid(24a76264f6238e2439c04ca56a0c78ca) Importer(2089858483,0ecaa5967403d082aa24f35e1b516d23)
Start importing Assets/ModernSupermarket/Models/Props/Utility/CashMachine_lazhgf/Textures/Materials/CashMachine_lazhgf.mat using Guid(24a76264f6238e2439c04ca56a0c78ca) Importer(2089858483,0ecaa5967403d082aa24f35e1b516d23) [PhysX] Initialized MultithreadedTaskDispatcher with 16 workers.
 -> (artifact id: 'eeffa63d285cab4245a85b4c83d2a5fd') in 0.030347 seconds
Number of updated asset objects reloaded before import = 0
Number of asset objects unloaded after import = 5
========================================================================
Received Import Request.
  Time since last request: 0.000020 seconds.
  path: Assets/ModernSupermarket/Models/Props/Products/Sugar_ffc568/Textures/Material/Sugar_ffc568_Var03.mat
  artifactKey: Guid(9d5b39e0d2e4b82459d5aa12dc84de28) Importer(2089858483,0ecaa5967403d082aa24f35e1b516d23)
Start importing Assets/ModernSupermarket/Models/Props/Products/Sugar_ffc568/Textures/Material/Sugar_ffc568_Var03.mat using Guid(9d5b39e0d2e4b82459d5aa12dc84de28) Importer(2089858483,0ecaa5967403d082aa24f35e1b516d23) [PhysX] Initialized MultithreadedTaskDispatcher with 16 workers.
 -> (artifact id: '657f4662eafe388f422f02bb11caeba6') in 0.010979 seconds
Number of updated asset objects reloaded before import = 0
Number of asset objects unloaded after import = 4
========================================================================
Received Import Request.
  Time since last request: 0.000022 seconds.
  path: Assets/ModernSupermarket/Models/Props/Utility/Bag_my9wcp/Textures/Materials/Bag_my9wcp.mat
  artifactKey: Guid(f37095190d7e15e4f881d5e55af664a9) Importer(2089858483,0ecaa5967403d082aa24f35e1b516d23)
Start importing Assets/ModernSupermarket/Models/Props/Utility/Bag_my9wcp/Textures/Materials/Bag_my9wcp.mat using Guid(f37095190d7e15e4f881d5e55af664a9) Importer(2089858483,0ecaa5967403d082aa24f35e1b516d23) [PhysX] Initialized MultithreadedTaskDispatcher with 16 workers.
 -> (artifact id: '63671e425af9063d0e3034f789965380') in 0.011844 seconds
Number of updated asset objects reloaded before import = 0
Number of asset objects unloaded after import = 4
========================================================================
Received Import Request.
  Time since last request: 0.000024 seconds.
  path: Assets/ModernSupermarket/Models/Props/Utility/Basket_o52iei/Textures/Materials/Basket_o52iei_condiments03.mat
  artifactKey: Guid(7cca91ad677936a4ea8c4730612cbc9d) Importer(2089858483,0ecaa5967403d082aa24f35e1b516d23)
Start importing Assets/ModernSupermarket/Models/Props/Utility/Basket_o52iei/Textures/Materials/Basket_o52iei_condiments03.mat using Guid(7cca91ad677936a4ea8c4730612cbc9d) Importer(2089858483,0ecaa5967403d082aa24f35e1b516d23) [PhysX] Initialized MultithreadedTaskDispatcher with 16 workers.
 -> (artifact id: '06848f571cb61b86f4fd26f53e080f14') in 0.011441 seconds
Number of updated asset objects reloaded before import = 0
Number of asset objects unloaded after import = 6
========================================================================
Received Import Request.
  Time since last request: 0.000029 seconds.
  path: Assets/ModernSupermarket/Models/Props/Utility/Scale_av1k2p/Textures/Materials/Scale_av1k2p_Glass.mat
  artifactKey: Guid(c8c41480374114e4c817056865bead3d) Importer(2089858483,0ecaa5967403d082aa24f35e1b516d23)
Start importing Assets/ModernSupermarket/Models/Props/Utility/Scale_av1k2p/Textures/Materials/Scale_av1k2p_Glass.mat using Guid(c8c41480374114e4c817056865bead3d) Importer(2089858483,0ecaa5967403d082aa24f35e1b516d23) [PhysX] Initialized MultithreadedTaskDispatcher with 16 workers.
 -> (artifact id: 'a0e2ae7c5dc430f866a8ade52cefc618') in 0.011809 seconds
Number of updated asset objects reloaded before import = 0
Number of asset objects unloaded after import = 5
========================================================================
Received Import Request.
  Time since last request: 0.000017 seconds.
  path: Assets/ModernSupermarket/Models/Props/Utility/Anti-thefhtDoor_9qs8y9/Textures/Materials/Anti-theftDoor_9qs8y9_a.mat
  artifactKey: Guid(901ba1190a8fa354799cfae66a50860a) Importer(2089858483,0ecaa5967403d082aa24f35e1b516d23)
Start importing Assets/ModernSupermarket/Models/Props/Utility/Anti-thefhtDoor_9qs8y9/Textures/Materials/Anti-theftDoor_9qs8y9_a.mat using Guid(901ba1190a8fa354799cfae66a50860a) Importer(2089858483,0ecaa5967403d082aa24f35e1b516d23) [PhysX] Initialized MultithreadedTaskDispatcher with 16 workers.
 -> (artifact id: '8f3b5b66c01a04ece15949b27a7f1cf4') in 0.014354 seconds
Number of updated asset objects reloaded before import = 0
Number of asset objects unloaded after import = 5
========================================================================
Received Import Request.
  Time since last request: 0.000017 seconds.
  path: Assets/ModernSupermarket/Models/Props/Products/Soda_7gwg2t/Textures/Materials/Soda_7gwg2t_LiquidPink.mat
  artifactKey: Guid(18552fe33c0e37b458c6a2db714fc5c9) Importer(2089858483,0ecaa5967403d082aa24f35e1b516d23)
Start importing Assets/ModernSupermarket/Models/Props/Products/Soda_7gwg2t/Textures/Materials/Soda_7gwg2t_LiquidPink.mat using Guid(18552fe33c0e37b458c6a2db714fc5c9) Importer(2089858483,0ecaa5967403d082aa24f35e1b516d23) [PhysX] Initialized MultithreadedTaskDispatcher with 16 workers.
 -> (artifact id: 'ec8a522292132bf7610bb75ae8e4fa7d') in 0.008600 seconds
Number of updated asset objects reloaded before import = 0
Number of asset objects unloaded after import = 1
========================================================================
Received Import Request.
  Time since last request: 0.000017 seconds.
  path: Assets/ModernSupermarket/Models/Props/Products/WineBottle_2b6kjh/Textures/Materials/WineBottle_fdde0u_LiquidGreen.mat
  artifactKey: Guid(9bdffaadaf8ed8542b8555168d93f1bb) Importer(2089858483,0ecaa5967403d082aa24f35e1b516d23)
Start importing Assets/ModernSupermarket/Models/Props/Products/WineBottle_2b6kjh/Textures/Materials/WineBottle_fdde0u_LiquidGreen.mat using Guid(9bdffaadaf8ed8542b8555168d93f1bb) Importer(2089858483,0ecaa5967403d082aa24f35e1b516d23) [PhysX] Initialized MultithreadedTaskDispatcher with 16 workers.
 -> (artifact id: '8de6ca30bf96d1f1ca0da08a73201620') in 0.010770 seconds
Number of updated asset objects reloaded before import = 0
Number of asset objects unloaded after import = 1
========================================================================
Received Import Request.
  Time since last request: 0.000055 seconds.
  path: Assets/ModernSupermarket/Models/Props/Utility/Footboard_ajuyp9/Texture/Materials/Footboard_ajuyp9_Var02.mat
  artifactKey: Guid(aeac4ec5fd5b2d94ebfdc273211a8245) Importer(2089858483,0ecaa5967403d082aa24f35e1b516d23)
Start importing Assets/ModernSupermarket/Models/Props/Utility/Footboard_ajuyp9/Texture/Materials/Footboard_ajuyp9_Var02.mat using Guid(aeac4ec5fd5b2d94ebfdc273211a8245) Importer(2089858483,0ecaa5967403d082aa24f35e1b516d23) [PhysX] Initialized MultithreadedTaskDispatcher with 16 workers.
 -> (artifact id: 'aa64daff99a6fa06cd25ddee26f0247b') in 0.011577 seconds
Number of updated asset objects reloaded before import = 0
Number of asset objects unloaded after import = 4
========================================================================
Received Import Request.
  Time since last request: 0.000021 seconds.
  path: Assets/ModernSupermarket/Models/Props/Products/WaterPack_mqmuh7/Textures/Materials/WaterPack_mqmuh7_Label_Var01.mat
  artifactKey: Guid(cd525ec1f093e854d805558ed6a45415) Importer(2089858483,0ecaa5967403d082aa24f35e1b516d23)
Start importing Assets/ModernSupermarket/Models/Props/Products/WaterPack_mqmuh7/Textures/Materials/WaterPack_mqmuh7_Label_Var01.mat using Guid(cd525ec1f093e854d805558ed6a45415) Importer(2089858483,0ecaa5967403d082aa24f35e1b516d23) [PhysX] Initialized MultithreadedTaskDispatcher with 16 workers.
 -> (artifact id: '96842ec26d6f623ed62c071d5688e0ab') in 0.012538 seconds
Number of updated asset objects reloaded before import = 0
Number of asset objects unloaded after import = 4
========================================================================
Received Import Request.
  Time since last request: 0.000018 seconds.
  path: Assets/ModernSupermarket/Models/Props/Products/Soda_f6b9gw/Textures/Materials/Soda_f6b9gw_Liquid.mat
  artifactKey: Guid(a2fae986019ff3645a0276cf9982a6ef) Importer(2089858483,0ecaa5967403d082aa24f35e1b516d23)
Start importing Assets/ModernSupermarket/Models/Props/Products/Soda_f6b9gw/Textures/Materials/Soda_f6b9gw_Liquid.mat using Guid(a2fae986019ff3645a0276cf9982a6ef) Importer(2089858483,0ecaa5967403d082aa24f35e1b516d23) [PhysX] Initialized MultithreadedTaskDispatcher with 16 workers.
 -> (artifact id: '57ded051dbf6fd70deabaadbc17a380c') in 0.008295 seconds
Number of updated asset objects reloaded before import = 0
Number of asset objects unloaded after import = 1
========================================================================
Received Import Request.
  Time since last request: 0.000019 seconds.
  path: Assets/ModernSupermarket/Models/Props/Products/ToiletPaper_tunz3i/Textures/Materials/ToiletPaper_tunz3i_Var01.mat
  artifactKey: Guid(46bebcf59b52b7a43b749a82c035219b) Importer(2089858483,0ecaa5967403d082aa24f35e1b516d23)
Start importing Assets/ModernSupermarket/Models/Props/Products/ToiletPaper_tunz3i/Textures/Materials/ToiletPaper_tunz3i_Var01.mat using Guid(46bebcf59b52b7a43b749a82c035219b) Importer(2089858483,0ecaa5967403d082aa24f35e1b516d23) [PhysX] Initialized MultithreadedTaskDispatcher with 16 workers.
 -> (artifact id: '0c51979eca97929a574a548248bc9be6') in 0.011886 seconds
Number of updated asset objects reloaded before import = 0
Number of asset objects unloaded after import = 5
========================================================================
Received Import Request.
  Time since last request: 0.000017 seconds.
  path: Assets/ModernSupermarket/Models/Props/Products/Sugar_ffc568/Textures/Material/Sugar_ffc568_Var01.mat
  artifactKey: Guid(1f6ba5a12cc6e41448d3c63802c8d3f6) Importer(2089858483,0ecaa5967403d082aa24f35e1b516d23)
Start importing Assets/ModernSupermarket/Models/Props/Products/Sugar_ffc568/Textures/Material/Sugar_ffc568_Var01.mat using Guid(1f6ba5a12cc6e41448d3c63802c8d3f6) Importer(2089858483,0ecaa5967403d082aa24f35e1b516d23) [PhysX] Initialized MultithreadedTaskDispatcher with 16 workers.
 -> (artifact id: '1efd554d9fbf99626a44c51cb3d78e45') in 0.012569 seconds
Number of updated asset objects reloaded before import = 0
Number of asset objects unloaded after import = 4
========================================================================
Received Import Request.
  Time since last request: 0.000017 seconds.
  path: Assets/ModernSupermarket/Models/Props/Products/TinCan_60afsy/Textures/Materials/TinCan_60afsy_Var01.mat
  artifactKey: Guid(db6fcb15c2f575b448c076f0b4c01113) Importer(2089858483,0ecaa5967403d082aa24f35e1b516d23)
Start importing Assets/ModernSupermarket/Models/Props/Products/TinCan_60afsy/Textures/Materials/TinCan_60afsy_Var01.mat using Guid(db6fcb15c2f575b448c076f0b4c01113) Importer(2089858483,0ecaa5967403d082aa24f35e1b516d23) [PhysX] Initialized MultithreadedTaskDispatcher with 16 workers.
 -> (artifact id: 'fa8ad19eab4322ce50c9cff9b8997184') in 0.012285 seconds
Number of updated asset objects reloaded before import = 0
Number of asset objects unloaded after import = 5
========================================================================
Received Import Request.
  Time since last request: 0.000018 seconds.
  path: Assets/ModernSupermarket/Models/Props/Products/Teabox_5oq0ki/Textures/Materials/Teabox_5oq0ki_Var01.mat
  artifactKey: Guid(8254b2db098accc4588ce377a717219c) Importer(2089858483,0ecaa5967403d082aa24f35e1b516d23)
Start importing Assets/ModernSupermarket/Models/Props/Products/Teabox_5oq0ki/Textures/Materials/Teabox_5oq0ki_Var01.mat using Guid(8254b2db098accc4588ce377a717219c) Importer(2089858483,0ecaa5967403d082aa24f35e1b516d23) [PhysX] Initialized MultithreadedTaskDispatcher with 16 workers.
 -> (artifact id: '840fb75ffa27040afec1a4b97cd5f5e4') in 0.012588 seconds
Number of updated asset objects reloaded before import = 0
Number of asset objects unloaded after import = 6
========================================================================
Received Import Request.
  Time since last request: 0.000022 seconds.
  path: Assets/ModernSupermarket/Models/Props/Utility/Basket_x5gi0j/Textures/Basket_x5gi0j_m.png
  artifactKey: Guid(0d5287968fdabc34aaebd94d2387a95e) Importer(2089858483,0ecaa5967403d082aa24f35e1b516d23)
Start importing Assets/ModernSupermarket/Models/Props/Utility/Basket_x5gi0j/Textures/Basket_x5gi0j_m.png using Guid(0d5287968fdabc34aaebd94d2387a95e) Importer(2089858483,0ecaa5967403d082aa24f35e1b516d23) [PhysX] Initialized MultithreadedTaskDispatcher with 16 workers.
 -> (artifact id: '523f5ceb5ad74033fdc448d9d0e2d94a') in 0.012385 seconds
Number of updated asset objects reloaded before import = 0
Number of asset objects unloaded after import = 1
========================================================================
Received Import Request.
  Time since last request: 0.000018 seconds.
  path: Assets/ModernSupermarket/Models/Props/Products/FrozenPack_t7wenh/Textures/FrozenPack_t7wenh_Var03_a.png
  artifactKey: Guid(6df08ee316b178546b6b0a5430322fe6) Importer(2089858483,0ecaa5967403d082aa24f35e1b516d23)
Start importing Assets/ModernSupermarket/Models/Props/Products/FrozenPack_t7wenh/Textures/FrozenPack_t7wenh_Var03_a.png using Guid(6df08ee316b178546b6b0a5430322fe6) Importer(2089858483,0ecaa5967403d082aa24f35e1b516d23) [PhysX] Initialized MultithreadedTaskDispatcher with 16 workers.
 -> (artifact id: '8c25f94acb030633502cd0854ed31b54') in 0.013039 seconds
Number of updated asset objects reloaded before import = 0
Number of asset objects unloaded after import = 1
========================================================================
Received Import Request.
  Time since last request: 0.000017 seconds.
  path: Assets/ModernSupermarket/Models/Props/Products/Sauce_cfrew8/Textures/Materials/Sauce_cfrew8_Var01.mat
  artifactKey: Guid(e106e8d9f3f727948af2f68a827b9ad3) Importer(2089858483,0ecaa5967403d082aa24f35e1b516d23)
Start importing Assets/ModernSupermarket/Models/Props/Products/Sauce_cfrew8/Textures/Materials/Sauce_cfrew8_Var01.mat using Guid(e106e8d9f3f727948af2f68a827b9ad3) Importer(2089858483,0ecaa5967403d082aa24f35e1b516d23) [PhysX] Initialized MultithreadedTaskDispatcher with 16 workers.
 -> (artifact id: '05d8514bdcda6db0f1535f4c0c97ab7f') in 0.011271 seconds
Number of updated asset objects reloaded before import = 0
Number of asset objects unloaded after import = 5
========================================================================
Received Import Request.
  Time since last request: 0.000023 seconds.
  path: Assets/ModernSupermarket/Models/Props/Products/CrabSticks_mu7h0i/Textures/Material/CrabSticks_mu7h0i.mat
  artifactKey: Guid(aeb7036d8fd4a784b925268dd3d54da8) Importer(2089858483,0ecaa5967403d082aa24f35e1b516d23)
Start importing Assets/ModernSupermarket/Models/Props/Products/CrabSticks_mu7h0i/Textures/Material/CrabSticks_mu7h0i.mat using Guid(aeb7036d8fd4a784b925268dd3d54da8) Importer(2089858483,0ecaa5967403d082aa24f35e1b516d23) [PhysX] Initialized MultithreadedTaskDispatcher with 16 workers.
 -> (artifact id: '4ecbacffa8471fc6bb3cf9cfa801b473') in 0.010639 seconds
Number of updated asset objects reloaded before import = 0
Number of asset objects unloaded after import = 3
========================================================================
Received Import Request.
  Time since last request: 0.000024 seconds.
  path: Assets/ModernSupermarket/Models/Props/Products/Teabox_5oq0ki/Textures/Teabox_5oq0ki_mask.png
  artifactKey: Guid(9c54e5fcd7163da47887e95415e07f5c) Importer(2089858483,0ecaa5967403d082aa24f35e1b516d23)
Start importing Assets/ModernSupermarket/Models/Props/Products/Teabox_5oq0ki/Textures/Teabox_5oq0ki_mask.png using Guid(9c54e5fcd7163da47887e95415e07f5c) Importer(2089858483,0ecaa5967403d082aa24f35e1b516d23) [PhysX] Initialized MultithreadedTaskDispatcher with 16 workers.
 -> (artifact id: 'b7939d63d59c2e72436da23954c07cc3') in 0.012716 seconds
Number of updated asset objects reloaded before import = 0
Number of asset objects unloaded after import = 1
========================================================================
Received Import Request.
  Time since last request: 0.000024 seconds.
  path: Assets/ModernSupermarket/Models/Props/Produce/Perry_fhz4xg/Textures/Materials/Perry_fhz4xg.mat
  artifactKey: Guid(7862c0f834729c542b327a87f870e58e) Importer(2089858483,0ecaa5967403d082aa24f35e1b516d23)
Start importing Assets/ModernSupermarket/Models/Props/Produce/Perry_fhz4xg/Textures/Materials/Perry_fhz4xg.mat using Guid(7862c0f834729c542b327a87f870e58e) Importer(2089858483,0ecaa5967403d082aa24f35e1b516d23) [PhysX] Initialized MultithreadedTaskDispatcher with 16 workers.
 -> (artifact id: '1be50fb6da3fb57f71baf44d8b95962e') in 0.011820 seconds
Number of updated asset objects reloaded before import = 0
Number of asset objects unloaded after import = 5
========================================================================
Received Import Request.
  Time since last request: 0.000017 seconds.
  path: Assets/ModernSupermarket/Models/Props/Utility/Crate_3m39yz/Textures/Crate_3m39yzVar01_o.png
  artifactKey: Guid(938fd4a44f53c3047b8d0cc9e4d9ab40) Importer(2089858483,0ecaa5967403d082aa24f35e1b516d23)
Start importing Assets/ModernSupermarket/Models/Props/Utility/Crate_3m39yz/Textures/Crate_3m39yzVar01_o.png using Guid(938fd4a44f53c3047b8d0cc9e4d9ab40) Importer(2089858483,0ecaa5967403d082aa24f35e1b516d23) [PhysX] Initialized MultithreadedTaskDispatcher with 16 workers.
 -> (artifact id: '1de295e16ebbfd938106c90f1c2c63dd') in 0.021555 seconds
Number of updated asset objects reloaded before import = 0
Number of asset objects unloaded after import = 1
========================================================================
Received Import Request.
  Time since last request: 0.000021 seconds.
  path: Assets/ModernSupermarket/Models/Props/Products/BeerPack_74mugc/Textures/Materials/BeerPack_74mugc_Var02.mat
  artifactKey: Guid(798d3754c1dbc304bb90bb73a849e581) Importer(2089858483,0ecaa5967403d082aa24f35e1b516d23)
Start importing Assets/ModernSupermarket/Models/Props/Products/BeerPack_74mugc/Textures/Materials/BeerPack_74mugc_Var02.mat using Guid(798d3754c1dbc304bb90bb73a849e581) Importer(2089858483,0ecaa5967403d082aa24f35e1b516d23) [PhysX] Initialized MultithreadedTaskDispatcher with 16 workers.
 -> (artifact id: 'cb1cf220469d50503f83b01b6fb72c7c') in 0.012938 seconds
Number of updated asset objects reloaded before import = 0
Number of asset objects unloaded after import = 5
========================================================================
Received Import Request.
  Time since last request: 0.000030 seconds.
  path: Assets/ModernSupermarket/Models/Props/Products/MeatTray_fbw8xf/Textures/MeatTray_fbw8xf_Meat_o.png
  artifactKey: Guid(63267caa18b655f46a00558e839eed42) Importer(2089858483,0ecaa5967403d082aa24f35e1b516d23)
Start importing Assets/ModernSupermarket/Models/Props/Products/MeatTray_fbw8xf/Textures/MeatTray_fbw8xf_Meat_o.png using Guid(63267caa18b655f46a00558e839eed42) Importer(2089858483,0ecaa5967403d082aa24f35e1b516d23) [PhysX] Initialized MultithreadedTaskDispatcher with 16 workers.
 -> (artifact id: '9ab6b9f6c0b2de0cb66008541120fe3d') in 0.012683 seconds
Number of updated asset objects reloaded before import = 0
Number of asset objects unloaded after import = 1
========================================================================
Received Import Request.
  Time since last request: 0.000020 seconds.
  path: Assets/ModernSupermarket/Models/Props/Products/YoghurtPack_kjd150/Textures/YoghurtPack_rk7lsf_o.png
  artifactKey: Guid(387e5e2c3d0fec5418f47e702fc623b9) Importer(2089858483,0ecaa5967403d082aa24f35e1b516d23)
Start importing Assets/ModernSupermarket/Models/Props/Products/YoghurtPack_kjd150/Textures/YoghurtPack_rk7lsf_o.png using Guid(387e5e2c3d0fec5418f47e702fc623b9) Importer(2089858483,0ecaa5967403d082aa24f35e1b516d23) [PhysX] Initialized MultithreadedTaskDispatcher with 16 workers.
 -> (artifact id: '85caf9aca8c6225d1052ee85dcb5ccfc') in 0.012212 seconds
Number of updated asset objects reloaded before import = 0
Number of asset objects unloaded after import = 1
========================================================================
Received Import Request.
  Time since last request: 0.000018 seconds.
  path: Assets/ModernSupermarket/Models/Props/Products/Beer_lryra7/Textures/Materials/BeerBottle_Liquid.mat
  artifactKey: Guid(bab3dabf24ac46c4697d5a53fcbc24f2) Importer(2089858483,0ecaa5967403d082aa24f35e1b516d23)
Start importing Assets/ModernSupermarket/Models/Props/Products/Beer_lryra7/Textures/Materials/BeerBottle_Liquid.mat using Guid(bab3dabf24ac46c4697d5a53fcbc24f2) Importer(2089858483,0ecaa5967403d082aa24f35e1b516d23) [PhysX] Initialized MultithreadedTaskDispatcher with 16 workers.
 -> (artifact id: 'fe3ae4bc8ab1b95ef18bfe3174987a4a') in 0.008451 seconds
Number of updated asset objects reloaded before import = 0
Number of asset objects unloaded after import = 1
========================================================================
Received Import Request.
  Time since last request: 0.000020 seconds.
  path: Assets/ModernSupermarket/Models/Props/Products/Shampoo_vimakk/Textures/Shampoo_vimakk_n.png
  artifactKey: Guid(410c121510e680242aa2aec4447041f1) Importer(2089858483,0ecaa5967403d082aa24f35e1b516d23)
Start importing Assets/ModernSupermarket/Models/Props/Products/Shampoo_vimakk/Textures/Shampoo_vimakk_n.png using Guid(410c121510e680242aa2aec4447041f1) Importer(2089858483,0ecaa5967403d082aa24f35e1b516d23) [PhysX] Initialized MultithreadedTaskDispatcher with 16 workers.
 -> (artifact id: '5aee7dc9163f4f878eb409e5ec7d58c5') in 0.015746 seconds
Number of updated asset objects reloaded before import = 0
Number of asset objects unloaded after import = 1
========================================================================
Received Import Request.
  Time since last request: 0.000020 seconds.
  path: Assets/ModernSupermarket/Models/Props/Products/Cake_a3h87k/Textures/Materials/Cake_a3h87k_Var02.mat
  artifactKey: Guid(e3821c6a6972d3941a6c932923e12b70) Importer(2089858483,0ecaa5967403d082aa24f35e1b516d23)
Start importing Assets/ModernSupermarket/Models/Props/Products/Cake_a3h87k/Textures/Materials/Cake_a3h87k_Var02.mat using Guid(e3821c6a6972d3941a6c932923e12b70) Importer(2089858483,0ecaa5967403d082aa24f35e1b516d23) [PhysX] Initialized MultithreadedTaskDispatcher with 16 workers.
 -> (artifact id: '14e697381b6f7d67e72a272b670ba8ad') in 0.013336 seconds
Number of updated asset objects reloaded before import = 0
Number of asset objects unloaded after import = 5
========================================================================
Received Import Request.
  Time since last request: 0.000019 seconds.
  path: Assets/ModernSupermarket/Models/Props/Products/Ham_wplnxm/Textures/Materials/Ham_wplnxm.mat
  artifactKey: Guid(075d5ec9fbb1ac4468cdffdea85be3d0) Importer(2089858483,0ecaa5967403d082aa24f35e1b516d23)
Start importing Assets/ModernSupermarket/Models/Props/Products/Ham_wplnxm/Textures/Materials/Ham_wplnxm.mat using Guid(075d5ec9fbb1ac4468cdffdea85be3d0) Importer(2089858483,0ecaa5967403d082aa24f35e1b516d23) [PhysX] Initialized MultithreadedTaskDispatcher with 16 workers.
 -> (artifact id: 'f59816fa2ff749c9d19d5ccca531cf39') in 0.016271 seconds
Number of updated asset objects reloaded before import = 0
Number of asset objects unloaded after import = 5
========================================================================
Received Import Request.
  Time since last request: 0.000024 seconds.
  path: Assets/ModernSupermarket/Models/Props/Utility/Basket_o52iei/Textures/Basket_o52iei_condiments03_o.png
  artifactKey: Guid(8284f0fb7ea3f9c4393ccbab6d07691b) Importer(2089858483,0ecaa5967403d082aa24f35e1b516d23)
Start importing Assets/ModernSupermarket/Models/Props/Utility/Basket_o52iei/Textures/Basket_o52iei_condiments03_o.png using Guid(8284f0fb7ea3f9c4393ccbab6d07691b) Importer(2089858483,0ecaa5967403d082aa24f35e1b516d23) [PhysX] Initialized MultithreadedTaskDispatcher with 16 workers.
 -> (artifact id: 'b320d9c609373b716b4a65f4fa75fefd') in 0.013052 seconds
Number of updated asset objects reloaded before import = 0
Number of asset objects unloaded after import = 1
========================================================================
Received Import Request.
  Time since last request: 0.000020 seconds.
  path: Assets/ModernSupermarket/Models/Props/Products/ChocolateSpread_xhkyij/Textures/Materials/Nutella_xhkyij_Glass.mat
  artifactKey: Guid(d499fa6908eae6647b3901af7eeb3c18) Importer(2089858483,0ecaa5967403d082aa24f35e1b516d23)
Start importing Assets/ModernSupermarket/Models/Props/Products/ChocolateSpread_xhkyij/Textures/Materials/Nutella_xhkyij_Glass.mat using Guid(d499fa6908eae6647b3901af7eeb3c18) Importer(2089858483,0ecaa5967403d082aa24f35e1b516d23) [PhysX] Initialized MultithreadedTaskDispatcher with 16 workers.
 -> (artifact id: '04725045040cdeb8a739614976a27808') in 0.012226 seconds
Number of updated asset objects reloaded before import = 0
Number of asset objects unloaded after import = 3
========================================================================
Received Import Request.
  Time since last request: 0.000022 seconds.
  path: Assets/ModernSupermarket/Models/Props/Products/MeatTray_qm4z4l/Textures/MeatTray_qm4z4l_m.png
  artifactKey: Guid(8faf349c8dd560a4887bbe123bf03119) Importer(2089858483,0ecaa5967403d082aa24f35e1b516d23)
Start importing Assets/ModernSupermarket/Models/Props/Products/MeatTray_qm4z4l/Textures/MeatTray_qm4z4l_m.png using Guid(8faf349c8dd560a4887bbe123bf03119) Importer(2089858483,0ecaa5967403d082aa24f35e1b516d23) [PhysX] Initialized MultithreadedTaskDispatcher with 16 workers.
 -> (artifact id: '98efe3c514c5b02cf90a6c55ef680bb0') in 0.013596 seconds
Number of updated asset objects reloaded before import = 0
Number of asset objects unloaded after import = 1
========================================================================
Received Import Request.
  Time since last request: 0.000017 seconds.
  path: Assets/ModernSupermarket/Models/Props/Products/Milk_l6slvx/Textures/Milk_l6slvx_n.png
  artifactKey: Guid(c44206bb7ee81b942b3c937b51736fd5) Importer(2089858483,0ecaa5967403d082aa24f35e1b516d23)
Start importing Assets/ModernSupermarket/Models/Props/Products/Milk_l6slvx/Textures/Milk_l6slvx_n.png using Guid(c44206bb7ee81b942b3c937b51736fd5) Importer(2089858483,0ecaa5967403d082aa24f35e1b516d23) [PhysX] Initialized MultithreadedTaskDispatcher with 16 workers.
 -> (artifact id: 'a1eda5cd5e4655c397da8cd5af482cf9') in 0.013662 seconds
Number of updated asset objects reloaded before import = 0
Number of asset objects unloaded after import = 1
========================================================================
Received Import Request.
  Time since last request: 0.000017 seconds.
  path: Assets/ModernSupermarket/Models/Props/Utility/Basket_o52iei/Textures/Basket_o52iei_condiments02_o.png
  artifactKey: Guid(a8a39cb32bfe15b48bd19d208fade5c2) Importer(2089858483,0ecaa5967403d082aa24f35e1b516d23)
Start importing Assets/ModernSupermarket/Models/Props/Utility/Basket_o52iei/Textures/Basket_o52iei_condiments02_o.png using Guid(a8a39cb32bfe15b48bd19d208fade5c2) Importer(2089858483,0ecaa5967403d082aa24f35e1b516d23) [PhysX] Initialized MultithreadedTaskDispatcher with 16 workers.
 -> (artifact id: 'd801ac48a1e87c40fe46ab0411c4a802') in 0.014555 seconds
Number of updated asset objects reloaded before import = 0
Number of asset objects unloaded after import = 1
========================================================================
Received Import Request.
  Time since last request: 0.000023 seconds.
  path: Assets/ModernSupermarket/Models/Props/Products/Flour_ckgfmu/Textures/FlourPack_ckgfmu_Var01_a.png
  artifactKey: Guid(9a0a48b59b22fb449b67b3d537f3a68f) Importer(2089858483,0ecaa5967403d082aa24f35e1b516d23)
Start importing Assets/ModernSupermarket/Models/Props/Products/Flour_ckgfmu/Textures/FlourPack_ckgfmu_Var01_a.png using Guid(9a0a48b59b22fb449b67b3d537f3a68f) Importer(2089858483,0ecaa5967403d082aa24f35e1b516d23) [PhysX] Initialized MultithreadedTaskDispatcher with 16 workers.
 -> (artifact id: '7d9793844b81b1d5f5a9db2bf323d21b') in 0.011624 seconds
Number of updated asset objects reloaded before import = 0
Number of asset objects unloaded after import = 1
========================================================================
Received Import Request.
  Time since last request: 0.000017 seconds.
  path: Assets/ModernSupermarket/Models/Props/Products/PetFood_3pjwif/Textures/Materials/PetFood_3pjwif_Var01.mat
  artifactKey: Guid(8d874644b7534964fb42f5e62a375dc5) Importer(2089858483,0ecaa5967403d082aa24f35e1b516d23)
Start importing Assets/ModernSupermarket/Models/Props/Products/PetFood_3pjwif/Textures/Materials/PetFood_3pjwif_Var01.mat using Guid(8d874644b7534964fb42f5e62a375dc5) Importer(2089858483,0ecaa5967403d082aa24f35e1b516d23) [PhysX] Initialized MultithreadedTaskDispatcher with 16 workers.
 -> (artifact id: '7494852e6e96c94869544834c52cdc82') in 0.012660 seconds
Number of updated asset objects reloaded before import = 0
Number of asset objects unloaded after import = 5
========================================================================
Received Import Request.
  Time since last request: 0.000019 seconds.
  path: Assets/ModernSupermarket/Models/Props/Products/Shampoo_lvhjkn/Textures/Shampoo_lvhjkn_Label_Var02.png
  artifactKey: Guid(2f98d58e6c422f745b414b9c2024aade) Importer(2089858483,0ecaa5967403d082aa24f35e1b516d23)
Start importing Assets/ModernSupermarket/Models/Props/Products/Shampoo_lvhjkn/Textures/Shampoo_lvhjkn_Label_Var02.png using Guid(2f98d58e6c422f745b414b9c2024aade) Importer(2089858483,0ecaa5967403d082aa24f35e1b516d23) [PhysX] Initialized MultithreadedTaskDispatcher with 16 workers.
 -> (artifact id: 'ab1acebe77992f89c7f1c6caab3919da') in 0.013733 seconds
Number of updated asset objects reloaded before import = 0
Number of asset objects unloaded after import = 1
========================================================================
Received Import Request.
  Time since last request: 0.000044 seconds.
  path: Assets/ModernSupermarket/Models/Props/Products/YoghurtPack_kjd150/Textures/YoghurtPack_rk7lsf_n.png
  artifactKey: Guid(b0736ee5de4b7bd4cafe43bf9b320928) Importer(2089858483,0ecaa5967403d082aa24f35e1b516d23)
Start importing Assets/ModernSupermarket/Models/Props/Products/YoghurtPack_kjd150/Textures/YoghurtPack_rk7lsf_n.png using Guid(b0736ee5de4b7bd4cafe43bf9b320928) Importer(2089858483,0ecaa5967403d082aa24f35e1b516d23) [PhysX] Initialized MultithreadedTaskDispatcher with 16 workers.
 -> (artifact id: '9c5252d98b628f7b71d034c984132cba') in 0.012378 seconds
Number of updated asset objects reloaded before import = 0
Number of asset objects unloaded after import = 1
========================================================================
Received Import Request.
  Time since last request: 0.000019 seconds.
  path: Assets/ModernSupermarket/Models/Props/Products/WaterPack_mqmuh7/Textures/WaterPack_mqmuh7_Var01_a.png
  artifactKey: Guid(34145972086c3a14b88cb69870785bb5) Importer(2089858483,0ecaa5967403d082aa24f35e1b516d23)
Start importing Assets/ModernSupermarket/Models/Props/Products/WaterPack_mqmuh7/Textures/WaterPack_mqmuh7_Var01_a.png using Guid(34145972086c3a14b88cb69870785bb5) Importer(2089858483,0ecaa5967403d082aa24f35e1b516d23) [PhysX] Initialized MultithreadedTaskDispatcher with 16 workers.
 -> (artifact id: '1318a6687dc8fc7376b78e653773d49c') in 0.013317 seconds
Number of updated asset objects reloaded before import = 0
Number of asset objects unloaded after import = 1
========================================================================
Received Import Request.
  Time since last request: 0.000024 seconds.
  path: Assets/ModernSupermarket/Models/Props/Products/Sugar_ffc568/Textures/Sugar_ffc568_o.png
  artifactKey: Guid(34bc5527272773a4ea8efe1709c9bf67) Importer(2089858483,0ecaa5967403d082aa24f35e1b516d23)
Start importing Assets/ModernSupermarket/Models/Props/Products/Sugar_ffc568/Textures/Sugar_ffc568_o.png using Guid(34bc5527272773a4ea8efe1709c9bf67) Importer(2089858483,0ecaa5967403d082aa24f35e1b516d23) [PhysX] Initialized MultithreadedTaskDispatcher with 16 workers.
 -> (artifact id: '5977763e442ca88f5e60d05c983310ff') in 0.013806 seconds
Number of updated asset objects reloaded before import = 0
Number of asset objects unloaded after import = 1
========================================================================
Received Import Request.
  Time since last request: 0.000033 seconds.
  path: Assets/ModernSupermarket/Models/Props/Products/Soap_eegrv7/Textures/Soap_eegrv7_Var01_a.png
  artifactKey: Guid(ac8a0af21be8da145a4f1b337e4abe2d) Importer(2089858483,0ecaa5967403d082aa24f35e1b516d23)
Start importing Assets/ModernSupermarket/Models/Props/Products/Soap_eegrv7/Textures/Soap_eegrv7_Var01_a.png using Guid(ac8a0af21be8da145a4f1b337e4abe2d) Importer(2089858483,0ecaa5967403d082aa24f35e1b516d23) [PhysX] Initialized MultithreadedTaskDispatcher with 16 workers.
 -> (artifact id: '7682b0b8368fbb6c64337b3b9bb41d57') in 0.013298 seconds
Number of updated asset objects reloaded before import = 0
Number of asset objects unloaded after import = 1
========================================================================
Received Import Request.
  Time since last request: 0.000020 seconds.
  path: Assets/ModernSupermarket/Models/Props/Produce/Onion_mut7xz/Textures/Materials/Onion_mut7xz.mat
  artifactKey: Guid(8752d28f3c0d8a94da7d802d1f04158d) Importer(2089858483,0ecaa5967403d082aa24f35e1b516d23)
Start importing Assets/ModernSupermarket/Models/Props/Produce/Onion_mut7xz/Textures/Materials/Onion_mut7xz.mat using Guid(8752d28f3c0d8a94da7d802d1f04158d) Importer(2089858483,0ecaa5967403d082aa24f35e1b516d23) [PhysX] Initialized MultithreadedTaskDispatcher with 16 workers.
 -> (artifact id: '7aeb379385392ef2573156c6d220a1c7') in 0.011419 seconds
Number of updated asset objects reloaded before import = 0
Number of asset objects unloaded after import = 4
========================================================================
Received Import Request.
  Time since last request: 0.000021 seconds.
  path: Assets/ModernSupermarket/Models/Props/Utility/Basket_o52iei/Textures/Basket_o52iei_condiments01_n.png
  artifactKey: Guid(d22ed731334967740b101cd3b92b79f2) Importer(2089858483,0ecaa5967403d082aa24f35e1b516d23)
Start importing Assets/ModernSupermarket/Models/Props/Utility/Basket_o52iei/Textures/Basket_o52iei_condiments01_n.png using Guid(d22ed731334967740b101cd3b92b79f2) Importer(2089858483,0ecaa5967403d082aa24f35e1b516d23) [PhysX] Initialized MultithreadedTaskDispatcher with 16 workers.
 -> (artifact id: 'af1b3bfca486efa4f285a5692a209dd4') in 0.018232 seconds
Number of updated asset objects reloaded before import = 0
Number of asset objects unloaded after import = 1
========================================================================
Received Import Request.
  Time since last request: 0.000017 seconds.
  path: Assets/ModernSupermarket/Models/Props/Products/Salt_9we170/Textures/Salt_9we170_a.png
  artifactKey: Guid(f8b2bc9e628b8e94088afac0fb409e97) Importer(2089858483,0ecaa5967403d082aa24f35e1b516d23)
Start importing Assets/ModernSupermarket/Models/Props/Products/Salt_9we170/Textures/Salt_9we170_a.png using Guid(f8b2bc9e628b8e94088afac0fb409e97) Importer(2089858483,0ecaa5967403d082aa24f35e1b516d23) [PhysX] Initialized MultithreadedTaskDispatcher with 16 workers.
 -> (artifact id: '92c6b5d30ef3c432893d6ceadb3a7493') in 0.012282 seconds
Number of updated asset objects reloaded before import = 0
Number of asset objects unloaded after import = 1
========================================================================
Received Import Request.
  Time since last request: 0.000016 seconds.
  path: Assets/ModernSupermarket/Models/Props/Products/Alcohol_ao62w4/Textures/Materials/Alcool_ao62w4_Liquid.mat
  artifactKey: Guid(1efd0fdd6902be2438be6960054b0e78) Importer(2089858483,0ecaa5967403d082aa24f35e1b516d23)
Start importing Assets/ModernSupermarket/Models/Props/Products/Alcohol_ao62w4/Textures/Materials/Alcool_ao62w4_Liquid.mat using Guid(1efd0fdd6902be2438be6960054b0e78) Importer(2089858483,0ecaa5967403d082aa24f35e1b516d23) [PhysX] Initialized MultithreadedTaskDispatcher with 16 workers.
 -> (artifact id: '935bf4679c297cbe43d0b86c371bb0b9') in 0.009794 seconds
Number of updated asset objects reloaded before import = 0
Number of asset objects unloaded after import = 1
========================================================================
Received Import Request.
  Time since last request: 0.000018 seconds.
  path: Assets/ModernSupermarket/Models/Props/Produce/Grapefruit_mrfrpw/Textures/Materials/Grapefruit_mrfrpw.mat
  artifactKey: Guid(82cc7ed8aabc64842837758d207532ca) Importer(2089858483,0ecaa5967403d082aa24f35e1b516d23)
Start importing Assets/ModernSupermarket/Models/Props/Produce/Grapefruit_mrfrpw/Textures/Materials/Grapefruit_mrfrpw.mat using Guid(82cc7ed8aabc64842837758d207532ca) Importer(2089858483,0ecaa5967403d082aa24f35e1b516d23) [PhysX] Initialized MultithreadedTaskDispatcher with 16 workers.
 -> (artifact id: 'f627e40bfde2ab88d440f734f5b77bfe') in 0.009999 seconds
Number of updated asset objects reloaded before import = 0
Number of asset objects unloaded after import = 5
========================================================================
Received Import Request.
  Time since last request: 0.000022 seconds.
  path: Assets/ModernSupermarket/Models/Props/Products/Shampoo_u15m67/Textures/Materials/Shampoo_u15m67_Bottle_Var03.mat
  artifactKey: Guid(7694278d24263fc44ad6625de3ecc03b) Importer(2089858483,0ecaa5967403d082aa24f35e1b516d23)
Start importing Assets/ModernSupermarket/Models/Props/Products/Shampoo_u15m67/Textures/Materials/Shampoo_u15m67_Bottle_Var03.mat using Guid(7694278d24263fc44ad6625de3ecc03b) Importer(2089858483,0ecaa5967403d082aa24f35e1b516d23) [PhysX] Initialized MultithreadedTaskDispatcher with 16 workers.
 -> (artifact id: 'b085b1fc80aba9a3065b62ce771731b4') in 0.009775 seconds
Number of updated asset objects reloaded before import = 0
Number of asset objects unloaded after import = 3
========================================================================
Received Import Request.
  Time since last request: 0.000021 seconds.
  path: Assets/ModernSupermarket/Models/Props/Products/WineBottle_2b6kjh/Textures/Materials/WineBottle_fdde0u_Glass.mat
  artifactKey: Guid(2732d1bb8b0e1fb41ba2552e2537137f) Importer(2089858483,0ecaa5967403d082aa24f35e1b516d23)
Start importing Assets/ModernSupermarket/Models/Props/Products/WineBottle_2b6kjh/Textures/Materials/WineBottle_fdde0u_Glass.mat using Guid(2732d1bb8b0e1fb41ba2552e2537137f) Importer(2089858483,0ecaa5967403d082aa24f35e1b516d23) [PhysX] Initialized MultithreadedTaskDispatcher with 16 workers.
 -> (artifact id: '2a83ca3b7a650be7d2c922c19c197bf4') in 0.009667 seconds
Number of updated asset objects reloaded before import = 0
Number of asset objects unloaded after import = 1
========================================================================
Received Import Request.
  Time since last request: 0.000021 seconds.
  path: Assets/ModernSupermarket/Models/Props/Products/FrozenBox_vhvpd4/Textures/FrozenBox_vhvpd4_a.png
  artifactKey: Guid(1011b3e0cc4e9eb40b469c6cfe121249) Importer(2089858483,0ecaa5967403d082aa24f35e1b516d23)
Start importing Assets/ModernSupermarket/Models/Props/Products/FrozenBox_vhvpd4/Textures/FrozenBox_vhvpd4_a.png using Guid(1011b3e0cc4e9eb40b469c6cfe121249) Importer(2089858483,0ecaa5967403d082aa24f35e1b516d23) [PhysX] Initialized MultithreadedTaskDispatcher with 16 workers.
 -> (artifact id: 'd453beb016fbb56f9c13edeae631a568') in 0.014640 seconds
Number of updated asset objects reloaded before import = 0
Number of asset objects unloaded after import = 1
========================================================================
Received Import Request.
  Time since last request: 0.000020 seconds.
  path: Assets/ModernSupermarket/Models/Props/Utility/Basket_o52iei/Textures/Basket_o52iei_a.png
  artifactKey: Guid(bb3f6ac837c1dc745838cd5e0a002600) Importer(2089858483,0ecaa5967403d082aa24f35e1b516d23)
Start importing Assets/ModernSupermarket/Models/Props/Utility/Basket_o52iei/Textures/Basket_o52iei_a.png using Guid(bb3f6ac837c1dc745838cd5e0a002600) Importer(2089858483,0ecaa5967403d082aa24f35e1b516d23) [PhysX] Initialized MultithreadedTaskDispatcher with 16 workers.
 -> (artifact id: '5370c293c9508caec3bad68b3877874a') in 0.013637 seconds
Number of updated asset objects reloaded before import = 0
Number of asset objects unloaded after import = 1
========================================================================
Received Import Request.
  Time since last request: 0.000020 seconds.
  path: Assets/ModernSupermarket/Models/Props/Utility/Crate_3m39yz/Textures/Crate_3m39yzVar01_m.png
  artifactKey: Guid(b98c820a8251e0647a5e892d058a7489) Importer(2089858483,0ecaa5967403d082aa24f35e1b516d23)
Start importing Assets/ModernSupermarket/Models/Props/Utility/Crate_3m39yz/Textures/Crate_3m39yzVar01_m.png using Guid(b98c820a8251e0647a5e892d058a7489) Importer(2089858483,0ecaa5967403d082aa24f35e1b516d23) [PhysX] Initialized MultithreadedTaskDispatcher with 16 workers.
 -> (artifact id: '5fc1605a5f7f447ca44ac7d1b2c1faea') in 0.025911 seconds
Number of updated asset objects reloaded before import = 0
Number of asset objects unloaded after import = 1
========================================================================
Received Import Request.
  Time since last request: 0.000019 seconds.
  path: Assets/ModernSupermarket/Models/Props/Products/Shampoo_lvhjkn/Textures/Shampoo_lvhjkn_Label.png
  artifactKey: Guid(7f21b1422262ad74d97c4a5a21911558) Importer(2089858483,0ecaa5967403d082aa24f35e1b516d23)
Start importing Assets/ModernSupermarket/Models/Props/Products/Shampoo_lvhjkn/Textures/Shampoo_lvhjkn_Label.png using Guid(7f21b1422262ad74d97c4a5a21911558) Importer(2089858483,0ecaa5967403d082aa24f35e1b516d23) [PhysX] Initialized MultithreadedTaskDispatcher with 16 workers.
 -> (artifact id: '19ed3542bfde0fa0622c91c543876d7e') in 0.015439 seconds
Number of updated asset objects reloaded before import = 0
Number of asset objects unloaded after import = 1
========================================================================
Received Import Request.
  Time since last request: 0.000019 seconds.
  path: Assets/ModernSupermarket/Models/Props/Products/MeatTray_qm4z4l/Textures/Materials/MeatTray_qm4z4l_Plastic.mat
  artifactKey: Guid(40a2ef7cea6bc2843a63e952f9565302) Importer(2089858483,0ecaa5967403d082aa24f35e1b516d23)
Start importing Assets/ModernSupermarket/Models/Props/Products/MeatTray_qm4z4l/Textures/Materials/MeatTray_qm4z4l_Plastic.mat using Guid(40a2ef7cea6bc2843a63e952f9565302) Importer(2089858483,0ecaa5967403d082aa24f35e1b516d23) [PhysX] Initialized MultithreadedTaskDispatcher with 16 workers.
 -> (artifact id: '214a43553abf2211f7788a788e210123') in 0.011290 seconds
Number of updated asset objects reloaded before import = 0
Number of asset objects unloaded after import = 5
========================================================================
Received Import Request.
  Time since last request: 0.000020 seconds.
  path: Assets/ModernSupermarket/Models/Props/Products/FrozenBox_vhvpd4/Textures/FrozenBox_vhvpd4_o.png
  artifactKey: Guid(1ede626f3da5ae94e853783e08a9c3a7) Importer(2089858483,0ecaa5967403d082aa24f35e1b516d23)
Start importing Assets/ModernSupermarket/Models/Props/Products/FrozenBox_vhvpd4/Textures/FrozenBox_vhvpd4_o.png using Guid(1ede626f3da5ae94e853783e08a9c3a7) Importer(2089858483,0ecaa5967403d082aa24f35e1b516d23) [PhysX] Initialized MultithreadedTaskDispatcher with 16 workers.
 -> (artifact id: '2601bd44051a8f59a2bdbfed39f1cd67') in 0.011945 seconds
Number of updated asset objects reloaded before import = 0
Number of asset objects unloaded after import = 1
========================================================================
Received Import Request.
  Time since last request: 0.000020 seconds.
  path: Assets/ModernSupermarket/Models/Props/Products/Shampoo_vimakk/Textures/Materials/Shampoo_vimakk_Label_Var02.mat
  artifactKey: Guid(f9db201c1a301364fa45ef54f179748a) Importer(2089858483,0ecaa5967403d082aa24f35e1b516d23)
Start importing Assets/ModernSupermarket/Models/Props/Products/Shampoo_vimakk/Textures/Materials/Shampoo_vimakk_Label_Var02.mat using Guid(f9db201c1a301364fa45ef54f179748a) Importer(2089858483,0ecaa5967403d082aa24f35e1b516d23) [PhysX] Initialized MultithreadedTaskDispatcher with 16 workers.
 -> (artifact id: '71f272e75fef3240eed0ffa4325e74b3') in 0.013475 seconds
Number of updated asset objects reloaded before import = 0
Number of asset objects unloaded after import = 2
========================================================================
Received Import Request.
  Time since last request: 0.000024 seconds.
  path: Assets/ModernSupermarket/Models/Props/Products/WaterPack_mqmuh7/Textures/Materials/WaterPack_mqmuh7_Label.mat
  artifactKey: Guid(a6b10b18944575743b84cd9f3015c0e3) Importer(2089858483,0ecaa5967403d082aa24f35e1b516d23)
Start importing Assets/ModernSupermarket/Models/Props/Products/WaterPack_mqmuh7/Textures/Materials/WaterPack_mqmuh7_Label.mat using Guid(a6b10b18944575743b84cd9f3015c0e3) Importer(2089858483,0ecaa5967403d082aa24f35e1b516d23) [PhysX] Initialized MultithreadedTaskDispatcher with 16 workers.
 -> (artifact id: '523391708568a71d61fe9d34df1f27ba') in 0.010393 seconds
Number of updated asset objects reloaded before import = 0
Number of asset objects unloaded after import = 4
========================================================================
Received Import Request.
  Time since last request: 0.000029 seconds.
  path: Assets/ModernSupermarket/Models/Props/Utility/WetFloor_fxi59q/Textures/WetFloor_fxi59q_n.png
  artifactKey: Guid(246947cb0a3abbc4ab58b906bc957ec4) Importer(2089858483,0ecaa5967403d082aa24f35e1b516d23)
Start importing Assets/ModernSupermarket/Models/Props/Utility/WetFloor_fxi59q/Textures/WetFloor_fxi59q_n.png using Guid(246947cb0a3abbc4ab58b906bc957ec4) Importer(2089858483,0ecaa5967403d082aa24f35e1b516d23) [PhysX] Initialized MultithreadedTaskDispatcher with 16 workers.
 -> (artifact id: 'b68fa4bd760c28895a7568a41c03557e') in 0.015015 seconds
Number of updated asset objects reloaded before import = 0
Number of asset objects unloaded after import = 1
========================================================================
Received Import Request.
  Time since last request: 0.000017 seconds.
  path: Assets/ModernSupermarket/Models/Props/Utility/Bag_j5sec2/Textures/Bag_j5sec2_o.png
  artifactKey: Guid(cfd70603f4264bb45b51208898827a48) Importer(2089858483,0ecaa5967403d082aa24f35e1b516d23)
Start importing Assets/ModernSupermarket/Models/Props/Utility/Bag_j5sec2/Textures/Bag_j5sec2_o.png using Guid(cfd70603f4264bb45b51208898827a48) Importer(2089858483,0ecaa5967403d082aa24f35e1b516d23) [PhysX] Initialized MultithreadedTaskDispatcher with 16 workers.
 -> (artifact id: 'f4355922d0a7a3ee058557c016965edd') in 0.018557 seconds
Number of updated asset objects reloaded before import = 0
Number of asset objects unloaded after import = 1
========================================================================
Received Import Request.
  Time since last request: 0.000019 seconds.
  path: Assets/ModernSupermarket/Models/Props/Produce/Mushroom_43xvit/Textures/Materials/Mushroom_43xvit.mat
  artifactKey: Guid(8beb723b7d679174699287f2e753b774) Importer(2089858483,0ecaa5967403d082aa24f35e1b516d23)
Start importing Assets/ModernSupermarket/Models/Props/Produce/Mushroom_43xvit/Textures/Materials/Mushroom_43xvit.mat using Guid(8beb723b7d679174699287f2e753b774) Importer(2089858483,0ecaa5967403d082aa24f35e1b516d23) [PhysX] Initialized MultithreadedTaskDispatcher with 16 workers.
 -> (artifact id: '926851e08eed03e8113fdf4b507d1c7a') in 0.011518 seconds
Number of updated asset objects reloaded before import = 0
Number of asset objects unloaded after import = 5
========================================================================
Received Import Request.
  Time since last request: 0.000016 seconds.
  path: Assets/ModernSupermarket/Models/Props/Products/Chips_w4tja8/Textures/Materials/Chips_w4tja8.mat
  artifactKey: Guid(70bb0c8fddf986941a84f67aa72b1b46) Importer(2089858483,0ecaa5967403d082aa24f35e1b516d23)
Start importing Assets/ModernSupermarket/Models/Props/Products/Chips_w4tja8/Textures/Materials/Chips_w4tja8.mat using Guid(70bb0c8fddf986941a84f67aa72b1b46) Importer(2089858483,0ecaa5967403d082aa24f35e1b516d23) [PhysX] Initialized MultithreadedTaskDispatcher with 16 workers.
 -> (artifact id: '7719dc89d8aa36c6f8de87885bd60317') in 0.014446 seconds
Number of updated asset objects reloaded before import = 0
Number of asset objects unloaded after import = 5
========================================================================
Received Import Request.
  Time since last request: 0.000017 seconds.
  path: Assets/ModernSupermarket/Models/Props/Products/WineBottle_2b6kjh/Textures/Materials/WineBottle_fdde0u_LiquidPink.mat
  artifactKey: Guid(69dee31ef7e6b2f4a91b53db9e910a65) Importer(2089858483,0ecaa5967403d082aa24f35e1b516d23)
Start importing Assets/ModernSupermarket/Models/Props/Products/WineBottle_2b6kjh/Textures/Materials/WineBottle_fdde0u_LiquidPink.mat using Guid(69dee31ef7e6b2f4a91b53db9e910a65) Importer(2089858483,0ecaa5967403d082aa24f35e1b516d23) [PhysX] Initialized MultithreadedTaskDispatcher with 16 workers.
 -> (artifact id: 'f2b74c45b66c1d7c489c96ac626602a2') in 0.009700 seconds
Number of updated asset objects reloaded before import = 0
Number of asset objects unloaded after import = 1
========================================================================
Received Import Request.
  Time since last request: 0.000018 seconds.
  path: Assets/ModernSupermarket/Models/Props/Products/Paintings_wmgwnw/Textures/Paintings_wmgwnw_a.png
  artifactKey: Guid(945462f6106febf4e810e9cbcee1d09c) Importer(2089858483,0ecaa5967403d082aa24f35e1b516d23)
Start importing Assets/ModernSupermarket/Models/Props/Products/Paintings_wmgwnw/Textures/Paintings_wmgwnw_a.png using Guid(945462f6106febf4e810e9cbcee1d09c) Importer(2089858483,0ecaa5967403d082aa24f35e1b516d23) [PhysX] Initialized MultithreadedTaskDispatcher with 16 workers.
 -> (artifact id: '9ee30e199cf32d82e38b4469fa210acd') in 0.012942 seconds
Number of updated asset objects reloaded before import = 0
Number of asset objects unloaded after import = 1
========================================================================
Received Import Request.
  Time since last request: 0.000022 seconds.
  path: Assets/ModernSupermarket/Models/Props/Products/PaperTowel_b8o0yi/Textures/PaperTowel_b8o0yi_a.png
  artifactKey: Guid(dc46204712e64f4438ffba30e6d87f58) Importer(2089858483,0ecaa5967403d082aa24f35e1b516d23)
Start importing Assets/ModernSupermarket/Models/Props/Products/PaperTowel_b8o0yi/Textures/PaperTowel_b8o0yi_a.png using Guid(dc46204712e64f4438ffba30e6d87f58) Importer(2089858483,0ecaa5967403d082aa24f35e1b516d23) [PhysX] Initialized MultithreadedTaskDispatcher with 16 workers.
 -> (artifact id: '7552aa4e45e8bec6c9b03f6b3127f584') in 0.012254 seconds
Number of updated asset objects reloaded before import = 0
Number of asset objects unloaded after import = 1
========================================================================
Received Import Request.
  Time since last request: 0.000020 seconds.
  path: Assets/ModernSupermarket/Models/Props/Products/Cheese_ipc281/Textures/Materials/Cheese_ipc281.mat
  artifactKey: Guid(f3307df009bff6745ae1c8049d604cab) Importer(2089858483,0ecaa5967403d082aa24f35e1b516d23)
Start importing Assets/ModernSupermarket/Models/Props/Products/Cheese_ipc281/Textures/Materials/Cheese_ipc281.mat using Guid(f3307df009bff6745ae1c8049d604cab) Importer(2089858483,0ecaa5967403d082aa24f35e1b516d23) [PhysX] Initialized MultithreadedTaskDispatcher with 16 workers.
 -> (artifact id: '56f05163ac8ee6b066a8da77a67fe2e1') in 0.009710 seconds
Number of updated asset objects reloaded before import = 0
Number of asset objects unloaded after import = 5
========================================================================
Received Import Request.
  Time since last request: 0.000019 seconds.
  path: Assets/ModernSupermarket/Models/Props/Utility/Crate_3m39yz/Textures/Materials/Crate_3m39yz.mat
  artifactKey: Guid(08cdf334b1c1aa3409f9cab6a6acfe45) Importer(2089858483,0ecaa5967403d082aa24f35e1b516d23)
Start importing Assets/ModernSupermarket/Models/Props/Utility/Crate_3m39yz/Textures/Materials/Crate_3m39yz.mat using Guid(08cdf334b1c1aa3409f9cab6a6acfe45) Importer(2089858483,0ecaa5967403d082aa24f35e1b516d23) [PhysX] Initialized MultithreadedTaskDispatcher with 16 workers.
 -> (artifact id: 'a502e2eef37357ee059eb81017bb07d2') in 0.011997 seconds
Number of updated asset objects reloaded before import = 0
Number of asset objects unloaded after import = 4
========================================================================
Received Import Request.
  Time since last request: 0.000018 seconds.
  path: Assets/ModernSupermarket/Models/Props/Products/WineBottle_2b6kjh/Textures/Materials/WineBottle_fdde0u_Var02.mat
  artifactKey: Guid(b27976eea3e0403439f17a0c0b382ae9) Importer(2089858483,0ecaa5967403d082aa24f35e1b516d23)
Start importing Assets/ModernSupermarket/Models/Props/Products/WineBottle_2b6kjh/Textures/Materials/WineBottle_fdde0u_Var02.mat using Guid(b27976eea3e0403439f17a0c0b382ae9) Importer(2089858483,0ecaa5967403d082aa24f35e1b516d23) [PhysX] Initialized MultithreadedTaskDispatcher with 16 workers.
 -> (artifact id: 'd3f5148a421936f0abf2b9964d5c7c3a') in 0.010186 seconds
Number of updated asset objects reloaded before import = 0
Number of asset objects unloaded after import = 3
========================================================================
Received Import Request.
  Time since last request: 0.000024 seconds.
  path: Assets/ModernSupermarket/Models/Props/Products/MeatTray_bbcwdq/Textures/Materials/MeatTray_qm4z4l_Tray.mat
  artifactKey: Guid(ba9c23c3ea3737d4084216f538fbf816) Importer(2089858483,0ecaa5967403d082aa24f35e1b516d23)
Start importing Assets/ModernSupermarket/Models/Props/Products/MeatTray_bbcwdq/Textures/Materials/MeatTray_qm4z4l_Tray.mat using Guid(ba9c23c3ea3737d4084216f538fbf816) Importer(2089858483,0ecaa5967403d082aa24f35e1b516d23) [PhysX] Initialized MultithreadedTaskDispatcher with 16 workers.
 -> (artifact id: '2f4837ced1075997061e2ab0ba4d67f9') in 0.012581 seconds
Number of updated asset objects reloaded before import = 0
Number of asset objects unloaded after import = 6
========================================================================
Received Import Request.
  Time since last request: 0.000031 seconds.
  path: Assets/ModernSupermarket/Models/Props/Products/ToiletPaper_tunz3i/Textures/ToiletPaper_tunz3i_o.png
  artifactKey: Guid(02596b101ffe43d41a31597a77f9305d) Importer(2089858483,0ecaa5967403d082aa24f35e1b516d23)
Start importing Assets/ModernSupermarket/Models/Props/Products/ToiletPaper_tunz3i/Textures/ToiletPaper_tunz3i_o.png using Guid(02596b101ffe43d41a31597a77f9305d) Importer(2089858483,0ecaa5967403d082aa24f35e1b516d23) [PhysX] Initialized MultithreadedTaskDispatcher with 16 workers.
 -> (artifact id: '344fc0f35a028ba3bae4165d198c54f9') in 0.013304 seconds
Number of updated asset objects reloaded before import = 0
Number of asset objects unloaded after import = 1
========================================================================
Received Import Request.
  Time since last request: 0.000018 seconds.
  path: Assets/ModernSupermarket/Models/Props/Products/Teabox_l5w9ll/Textures/Materials/Teabox_l5w9ll_Var01.mat
  artifactKey: Guid(1b2e05194dce1384eb5daf74869ed19d) Importer(2089858483,0ecaa5967403d082aa24f35e1b516d23)
Start importing Assets/ModernSupermarket/Models/Props/Products/Teabox_l5w9ll/Textures/Materials/Teabox_l5w9ll_Var01.mat using Guid(1b2e05194dce1384eb5daf74869ed19d) Importer(2089858483,0ecaa5967403d082aa24f35e1b516d23) [PhysX] Initialized MultithreadedTaskDispatcher with 16 workers.
 -> (artifact id: 'e9d6af58e54b60ca1a8a9e3527207753') in 0.011480 seconds
Number of updated asset objects reloaded before import = 0
Number of asset objects unloaded after import = 6
========================================================================
Received Import Request.
  Time since last request: 0.000017 seconds.
  path: Assets/ModernSupermarket/Models/Props/Products/PetFood_3pjwif/Textures/PetFood_3pjwif_a.png
  artifactKey: Guid(5369df73ea5ed94449fd7974130e2b75) Importer(2089858483,0ecaa5967403d082aa24f35e1b516d23)
Start importing Assets/ModernSupermarket/Models/Props/Products/PetFood_3pjwif/Textures/PetFood_3pjwif_a.png using Guid(5369df73ea5ed94449fd7974130e2b75) Importer(2089858483,0ecaa5967403d082aa24f35e1b516d23) [PhysX] Initialized MultithreadedTaskDispatcher with 16 workers.
 -> (artifact id: '49a94225097ef16bc3665ac1e3dee91b') in 0.012538 seconds
Number of updated asset objects reloaded before import = 0
Number of asset objects unloaded after import = 1
========================================================================
Received Import Request.
  Time since last request: 0.000031 seconds.
  path: Assets/ModernSupermarket/Models/Props/Utility/Bag_my9wcp/Textures/Bag_my9wcp_o.png
  artifactKey: Guid(99745ab7ed1ed044cabbfa2378d2728f) Importer(2089858483,0ecaa5967403d082aa24f35e1b516d23)
Start importing Assets/ModernSupermarket/Models/Props/Utility/Bag_my9wcp/Textures/Bag_my9wcp_o.png using Guid(99745ab7ed1ed044cabbfa2378d2728f) Importer(2089858483,0ecaa5967403d082aa24f35e1b516d23) [PhysX] Initialized MultithreadedTaskDispatcher with 16 workers.
 -> (artifact id: '17519a851d6ad569dbe1f9760a29a3dd') in 0.012086 seconds
Number of updated asset objects reloaded before import = 0
Number of asset objects unloaded after import = 1
========================================================================
Received Import Request.
  Time since last request: 0.000019 seconds.
  path: Assets/ModernSupermarket/Models/Props/Products/FrozenPack_xp713y/Textures/FrozenPack_xp713y_a_Var02.png
  artifactKey: Guid(9172b02c0b7553b4889997b85429633c) Importer(2089858483,0ecaa5967403d082aa24f35e1b516d23)
Start importing Assets/ModernSupermarket/Models/Props/Products/FrozenPack_xp713y/Textures/FrozenPack_xp713y_a_Var02.png using Guid(9172b02c0b7553b4889997b85429633c) Importer(2089858483,0ecaa5967403d082aa24f35e1b516d23) [PhysX] Initialized MultithreadedTaskDispatcher with 16 workers.
 -> (artifact id: '724ccf2f9fd23df6e424d5a67c88f62e') in 0.012443 seconds
Number of updated asset objects reloaded before import = 0
Number of asset objects unloaded after import = 1
========================================================================
Received Import Request.
  Time since last request: 0.000023 seconds.
  path: Assets/ModernSupermarket/Models/Props/Utility/Crate_7qf4hw/Textures/Crate_7qf4hw_n.png
  artifactKey: Guid(1ad7a30ec66facd43a5d866a3ae63752) Importer(2089858483,0ecaa5967403d082aa24f35e1b516d23)
Start importing Assets/ModernSupermarket/Models/Props/Utility/Crate_7qf4hw/Textures/Crate_7qf4hw_n.png using Guid(1ad7a30ec66facd43a5d866a3ae63752) Importer(2089858483,0ecaa5967403d082aa24f35e1b516d23) [PhysX] Initialized MultithreadedTaskDispatcher with 16 workers.
 -> (artifact id: '620d6cd6c528415477a6c46af9f62c0a') in 0.012719 seconds
Number of updated asset objects reloaded before import = 0
Number of asset objects unloaded after import = 1
========================================================================
Received Import Request.
  Time since last request: 0.000027 seconds.
  path: Assets/ModernSupermarket/Models/Props/Products/Rice_rewt3q/Textures/RicePack_rewt3q_Var01_a.png
  artifactKey: Guid(68b397c809a0ba5458cfe4c33958ffc5) Importer(2089858483,0ecaa5967403d082aa24f35e1b516d23)
Start importing Assets/ModernSupermarket/Models/Props/Products/Rice_rewt3q/Textures/RicePack_rewt3q_Var01_a.png using Guid(68b397c809a0ba5458cfe4c33958ffc5) Importer(2089858483,0ecaa5967403d082aa24f35e1b516d23) [PhysX] Initialized MultithreadedTaskDispatcher with 16 workers.
 -> (artifact id: '2085fd757c3ac913e6fe06c7a2596b70') in 0.014139 seconds
Number of updated asset objects reloaded before import = 0
Number of asset objects unloaded after import = 1
========================================================================
Received Import Request.
  Time since last request: 0.000022 seconds.
  path: Assets/ModernSupermarket/Models/Props/Products/MeatTray_dbf1nh/Textures/MeatTray_fbw8xf_n.png
  artifactKey: Guid(fd80a7e51b2a2994d9b72fe61d23d998) Importer(2089858483,0ecaa5967403d082aa24f35e1b516d23)
Start importing Assets/ModernSupermarket/Models/Props/Products/MeatTray_dbf1nh/Textures/MeatTray_fbw8xf_n.png using Guid(fd80a7e51b2a2994d9b72fe61d23d998) Importer(2089858483,0ecaa5967403d082aa24f35e1b516d23) [PhysX] Initialized MultithreadedTaskDispatcher with 16 workers.
 -> (artifact id: '6fbdbd02613a9e382f1ccb0432dbac35') in 0.011059 seconds
Number of updated asset objects reloaded before import = 0
Number of asset objects unloaded after import = 1
========================================================================
Received Import Request.
  Time since last request: 0.000044 seconds.
  path: Assets/ModernSupermarket/Models/Props/Produce/Kiwi_leh3t9/Textures/Materials/Kiwi_leh3t9.mat
  artifactKey: Guid(b8818fb2c6c89174480896429bf5b7b9) Importer(2089858483,0ecaa5967403d082aa24f35e1b516d23)
Start importing Assets/ModernSupermarket/Models/Props/Produce/Kiwi_leh3t9/Textures/Materials/Kiwi_leh3t9.mat using Guid(b8818fb2c6c89174480896429bf5b7b9) Importer(2089858483,0ecaa5967403d082aa24f35e1b516d23) [PhysX] Initialized MultithreadedTaskDispatcher with 16 workers.
 -> (artifact id: 'a0c21b41a15c9e4088864fa0d2734a5c') in 0.011052 seconds
Number of updated asset objects reloaded before import = 0
Number of asset objects unloaded after import = 5
========================================================================
Received Import Request.
  Time since last request: 0.000018 seconds.
  path: Assets/ModernSupermarket/Models/Props/Products/Rice_rewt3q/Textures/Materials/RicePack_rewt3q_Var01.mat
  artifactKey: Guid(5c4ce96a697495441b1568c5c0851cbd) Importer(2089858483,0ecaa5967403d082aa24f35e1b516d23)
Start importing Assets/ModernSupermarket/Models/Props/Products/Rice_rewt3q/Textures/Materials/RicePack_rewt3q_Var01.mat using Guid(5c4ce96a697495441b1568c5c0851cbd) Importer(2089858483,0ecaa5967403d082aa24f35e1b516d23) [PhysX] Initialized MultithreadedTaskDispatcher with 16 workers.
 -> (artifact id: '5c6db9d642c4bb9d04155d0db6db040b') in 0.012818 seconds
Number of updated asset objects reloaded before import = 0
Number of asset objects unloaded after import = 5
========================================================================
Received Import Request.
  Time since last request: 0.000019 seconds.
  path: Assets/ModernSupermarket/Models/Props/Products/FrozenPack_t7wenh/Textures/FrozenPack_t7wenh_n.png
  artifactKey: Guid(6a271d0392d2f1d42af920bae29b2ce6) Importer(2089858483,0ecaa5967403d082aa24f35e1b516d23)
Start importing Assets/ModernSupermarket/Models/Props/Products/FrozenPack_t7wenh/Textures/FrozenPack_t7wenh_n.png using Guid(6a271d0392d2f1d42af920bae29b2ce6) Importer(2089858483,0ecaa5967403d082aa24f35e1b516d23) [PhysX] Initialized MultithreadedTaskDispatcher with 16 workers.
 -> (artifact id: 'c63d74b4f58f3af3b02258ce83609c1b') in 0.018698 seconds
Number of updated asset objects reloaded before import = 0
Number of asset objects unloaded after import = 1
========================================================================
Received Import Request.
  Time since last request: 0.000016 seconds.
  path: Assets/ModernSupermarket/Models/Props/Products/Pasta_g87jtq/Textures/PastaPack_g87jtq_Var02_a.png
  artifactKey: Guid(1825549766b883f44b3e1c00cb91d61b) Importer(2089858483,0ecaa5967403d082aa24f35e1b516d23)
Start importing Assets/ModernSupermarket/Models/Props/Products/Pasta_g87jtq/Textures/PastaPack_g87jtq_Var02_a.png using Guid(1825549766b883f44b3e1c00cb91d61b) Importer(2089858483,0ecaa5967403d082aa24f35e1b516d23) [PhysX] Initialized MultithreadedTaskDispatcher with 16 workers.
 -> (artifact id: '5945ab564e933a0de95cefd1239efe92') in 0.013117 seconds
Number of updated asset objects reloaded before import = 0
Number of asset objects unloaded after import = 1
========================================================================
Received Import Request.
  Time since last request: 0.000030 seconds.
  path: Assets/ModernSupermarket/Models/Props/Utility/Computer_dfc1a9/Textures/Materials/Computer_dfc1a9.mat
  artifactKey: Guid(528fcb46c95c5fd42bce72504868ff22) Importer(2089858483,0ecaa5967403d082aa24f35e1b516d23)
Start importing Assets/ModernSupermarket/Models/Props/Utility/Computer_dfc1a9/Textures/Materials/Computer_dfc1a9.mat using Guid(528fcb46c95c5fd42bce72504868ff22) Importer(2089858483,0ecaa5967403d082aa24f35e1b516d23) [PhysX] Initialized MultithreadedTaskDispatcher with 16 workers.
 -> (artifact id: '69fea8fa139aa34a9a9bf15da3c73122') in 0.011604 seconds
Number of updated asset objects reloaded before import = 0
Number of asset objects unloaded after import = 5
========================================================================
Received Import Request.
  Time since last request: 0.000016 seconds.
  path: Assets/ModernSupermarket/Models/Props/Products/Soda_d7rdw9/Textures/Materials/Soda_d7rdw9_Liquid.mat
  artifactKey: Guid(7488dc852e054014b917fa36937dfc56) Importer(2089858483,0ecaa5967403d082aa24f35e1b516d23)
Start importing Assets/ModernSupermarket/Models/Props/Products/Soda_d7rdw9/Textures/Materials/Soda_d7rdw9_Liquid.mat using Guid(7488dc852e054014b917fa36937dfc56) Importer(2089858483,0ecaa5967403d082aa24f35e1b516d23) [PhysX] Initialized MultithreadedTaskDispatcher with 16 workers.
 -> (artifact id: 'd9e9fc73fc7f705e6be3d3efaa4d11a4') in 0.008817 seconds
Number of updated asset objects reloaded before import = 0
Number of asset objects unloaded after import = 1
========================================================================
Received Import Request.
  Time since last request: 0.000019 seconds.
  path: Assets/ModernSupermarket/Models/Props/Products/Chips_w4tja8/Textures/Materials/Chips_w4tja8_Var01.mat
  artifactKey: Guid(1ff5cd6275f65524e9c426af3ddf959c) Importer(2089858483,0ecaa5967403d082aa24f35e1b516d23)
Start importing Assets/ModernSupermarket/Models/Props/Products/Chips_w4tja8/Textures/Materials/Chips_w4tja8_Var01.mat using Guid(1ff5cd6275f65524e9c426af3ddf959c) Importer(2089858483,0ecaa5967403d082aa24f35e1b516d23) [PhysX] Initialized MultithreadedTaskDispatcher with 16 workers.
 -> (artifact id: '9aeded75521b95aa3719782e1e593c14') in 0.011073 seconds
Number of updated asset objects reloaded before import = 0
Number of asset objects unloaded after import = 5
========================================================================
Received Import Request.
  Time since last request: 0.000020 seconds.
  path: Assets/ModernSupermarket/Models/Props/Utility/Crate_3m39yz/Textures/Crate_3m39yzVar02_a.png
  artifactKey: Guid(abbba29b7ff6c1a488dd91650928a8f2) Importer(2089858483,0ecaa5967403d082aa24f35e1b516d23)
Start importing Assets/ModernSupermarket/Models/Props/Utility/Crate_3m39yz/Textures/Crate_3m39yzVar02_a.png using Guid(abbba29b7ff6c1a488dd91650928a8f2) Importer(2089858483,0ecaa5967403d082aa24f35e1b516d23) [PhysX] Initialized MultithreadedTaskDispatcher with 16 workers.
 -> (artifact id: '979ce061a8cf23529dbfd49ee5439789') in 0.019375 seconds
Number of updated asset objects reloaded before import = 0
Number of asset objects unloaded after import = 1
========================================================================
Received Import Request.
  Time since last request: 0.000021 seconds.
  path: Assets/ModernSupermarket/Models/Props/Products/TinCan_60afsy/Textures/TinCan_60afsy_o.png
  artifactKey: Guid(a5a5659a1f127e240b78672a3bfcb8c5) Importer(2089858483,0ecaa5967403d082aa24f35e1b516d23)
Start importing Assets/ModernSupermarket/Models/Props/Products/TinCan_60afsy/Textures/TinCan_60afsy_o.png using Guid(a5a5659a1f127e240b78672a3bfcb8c5) Importer(2089858483,0ecaa5967403d082aa24f35e1b516d23) [PhysX] Initialized MultithreadedTaskDispatcher with 16 workers.
 -> (artifact id: 'dc2f7c19a0caea09ec798a5d9743d092') in 0.012714 seconds
Number of updated asset objects reloaded before import = 0
Number of asset objects unloaded after import = 1
========================================================================
Received Import Request.
  Time since last request: 0.000031 seconds.
  path: Assets/ModernSupermarket/Models/Props/Products/Cake_a3h87k/Textures/Materials/Cake_a3h87k.mat
  artifactKey: Guid(bceed218ef8346746900eca360269512) Importer(2089858483,0ecaa5967403d082aa24f35e1b516d23)
Start importing Assets/ModernSupermarket/Models/Props/Products/Cake_a3h87k/Textures/Materials/Cake_a3h87k.mat using Guid(bceed218ef8346746900eca360269512) Importer(2089858483,0ecaa5967403d082aa24f35e1b516d23) [PhysX] Initialized MultithreadedTaskDispatcher with 16 workers.
 -> (artifact id: '67354b4256f443209253e994b0a98619') in 0.011236 seconds
Number of updated asset objects reloaded before import = 0
Number of asset objects unloaded after import = 5
========================================================================
Received Import Request.
  Time since last request: 0.000017 seconds.
  path: Assets/ModernSupermarket/Models/Props/Products/Milk_l6slvx/Textures/Materials/Milk_l6slvx_Plastic.mat
  artifactKey: Guid(6f93308e1b869914dbd6f5b48f267c4b) Importer(2089858483,0ecaa5967403d082aa24f35e1b516d23)
Start importing Assets/ModernSupermarket/Models/Props/Products/Milk_l6slvx/Textures/Materials/Milk_l6slvx_Plastic.mat using Guid(6f93308e1b869914dbd6f5b48f267c4b) Importer(2089858483,0ecaa5967403d082aa24f35e1b516d23) [PhysX] Initialized MultithreadedTaskDispatcher with 16 workers.
 -> (artifact id: 'c47576c6e791e808391a7bcd9684dd5c') in 0.012559 seconds
Number of updated asset objects reloaded before import = 0
Number of asset objects unloaded after import = 5
========================================================================
Received Import Request.
  Time since last request: 0.000017 seconds.
  path: Assets/ModernSupermarket/Models/Props/Utility/Basket_o52iei/Textures/Basket_o52iei_condiments02_h.png
  artifactKey: Guid(5841ccfb7ed3cb04285e579d196629f2) Importer(2089858483,0ecaa5967403d082aa24f35e1b516d23)
Start importing Assets/ModernSupermarket/Models/Props/Utility/Basket_o52iei/Textures/Basket_o52iei_condiments02_h.png using Guid(5841ccfb7ed3cb04285e579d196629f2) Importer(2089858483,0ecaa5967403d082aa24f35e1b516d23) [PhysX] Initialized MultithreadedTaskDispatcher with 16 workers.
 -> (artifact id: '186ff2d59d653a59eb9b4d9cefa4bd9d') in 0.012686 seconds
Number of updated asset objects reloaded before import = 0
Number of asset objects unloaded after import = 1
========================================================================
Received Import Request.
  Time since last request: 0.000029 seconds.
  path: Assets/ModernSupermarket/Models/Props/Utility/Camera_fbj1by/Textures/Camera_fbj1by_o.png
  artifactKey: Guid(788eef14e15923a4f9fddddaf6200bbc) Importer(2089858483,0ecaa5967403d082aa24f35e1b516d23)
Start importing Assets/ModernSupermarket/Models/Props/Utility/Camera_fbj1by/Textures/Camera_fbj1by_o.png using Guid(788eef14e15923a4f9fddddaf6200bbc) Importer(2089858483,0ecaa5967403d082aa24f35e1b516d23) [PhysX] Initialized MultithreadedTaskDispatcher with 16 workers.
 -> (artifact id: 'af5523a15ed86f844258b24f18e8ae5e') in 0.013101 seconds
Number of updated asset objects reloaded before import = 0
Number of asset objects unloaded after import = 1
========================================================================
Received Import Request.
  Time since last request: 0.000016 seconds.
  path: Assets/ModernSupermarket/Models/Props/Products/Soda_7gwg2t/Textures/Materials/Soda_7gwg2t_Label.mat
  artifactKey: Guid(b22e09f08acad8f43bd409dc040e0232) Importer(2089858483,0ecaa5967403d082aa24f35e1b516d23)
Start importing Assets/ModernSupermarket/Models/Props/Products/Soda_7gwg2t/Textures/Materials/Soda_7gwg2t_Label.mat using Guid(b22e09f08acad8f43bd409dc040e0232) Importer(2089858483,0ecaa5967403d082aa24f35e1b516d23) [PhysX] Initialized MultithreadedTaskDispatcher with 16 workers.
 -> (artifact id: '97340ad65361ef7e81a818ad94e5b4a5') in 0.010304 seconds
Number of updated asset objects reloaded before import = 0
Number of asset objects unloaded after import = 3
========================================================================
Received Import Request.
  Time since last request: 0.000025 seconds.
  path: Assets/ModernSupermarket/Models/Props/Products/Shampoo_u15m67/Textures/Materials/Shampoo_u15m67_Bottle.mat
  artifactKey: Guid(547fe159b632f664789693e1a07cccb9) Importer(2089858483,0ecaa5967403d082aa24f35e1b516d23)
Start importing Assets/ModernSupermarket/Models/Props/Products/Shampoo_u15m67/Textures/Materials/Shampoo_u15m67_Bottle.mat using Guid(547fe159b632f664789693e1a07cccb9) Importer(2089858483,0ecaa5967403d082aa24f35e1b516d23) [PhysX] Initialized MultithreadedTaskDispatcher with 16 workers.
 -> (artifact id: '4fb67316c398d4167257c65264b7d3a7') in 0.010173 seconds
Number of updated asset objects reloaded before import = 0
Number of asset objects unloaded after import = 3
========================================================================
Received Import Request.
  Time since last request: 0.000029 seconds.
  path: Assets/ModernSupermarket/Models/Props/Products/Sushis_r6r1w6/Textures/Sushis_r6r1w6_n.png
  artifactKey: Guid(5d45190a52990484d83ce806bd239cc9) Importer(2089858483,0ecaa5967403d082aa24f35e1b516d23)
Start importing Assets/ModernSupermarket/Models/Props/Products/Sushis_r6r1w6/Textures/Sushis_r6r1w6_n.png using Guid(5d45190a52990484d83ce806bd239cc9) Importer(2089858483,0ecaa5967403d082aa24f35e1b516d23) [PhysX] Initialized MultithreadedTaskDispatcher with 16 workers.
 -> (artifact id: '0665cc67acfba3fa15795741e9fc16f2') in 0.014777 seconds
Number of updated asset objects reloaded before import = 0
Number of asset objects unloaded after import = 1
========================================================================
Received Import Request.
  Time since last request: 0.000020 seconds.
  path: Assets/ModernSupermarket/Models/Props/Products/TinCan_60afsy/Textures/Materials/TinCan_60afsy.mat
  artifactKey: Guid(8748724927aa39a48a245963cf2c7c57) Importer(2089858483,0ecaa5967403d082aa24f35e1b516d23)
Start importing Assets/ModernSupermarket/Models/Props/Products/TinCan_60afsy/Textures/Materials/TinCan_60afsy.mat using Guid(8748724927aa39a48a245963cf2c7c57) Importer(2089858483,0ecaa5967403d082aa24f35e1b516d23) [PhysX] Initialized MultithreadedTaskDispatcher with 16 workers.
 -> (artifact id: 'e900e22a82a780aa08258c6fccdb26a9') in 0.010657 seconds
Number of updated asset objects reloaded before import = 0
Number of asset objects unloaded after import = 5
========================================================================
Received Import Request.
  Time since last request: 0.000044 seconds.
  path: Assets/ModernSupermarket/Models/Props/Products/Bleach_irrpnt/Textures/Materials/Bleach_irrpnt_Var01.mat
  artifactKey: Guid(87c1aa71323d207458ed02af803d0282) Importer(2089858483,0ecaa5967403d082aa24f35e1b516d23)
Start importing Assets/ModernSupermarket/Models/Props/Products/Bleach_irrpnt/Textures/Materials/Bleach_irrpnt_Var01.mat using Guid(87c1aa71323d207458ed02af803d0282) Importer(2089858483,0ecaa5967403d082aa24f35e1b516d23) [PhysX] Initialized MultithreadedTaskDispatcher with 16 workers.
 -> (artifact id: 'c6558fc2fd60d9eb66f8244efd15df30') in 0.011933 seconds
Number of updated asset objects reloaded before import = 0
Number of asset objects unloaded after import = 5
========================================================================
Received Import Request.
  Time since last request: 0.000020 seconds.
  path: Assets/ModernSupermarket/Models/Props/Products/Rice_rewt3q/Textures/RicePack_rewt3q_a.png
  artifactKey: Guid(1c1012979f3c1f74298958c1d836a79d) Importer(2089858483,0ecaa5967403d082aa24f35e1b516d23)
Start importing Assets/ModernSupermarket/Models/Props/Products/Rice_rewt3q/Textures/RicePack_rewt3q_a.png using Guid(1c1012979f3c1f74298958c1d836a79d) Importer(2089858483,0ecaa5967403d082aa24f35e1b516d23) [PhysX] Initialized MultithreadedTaskDispatcher with 16 workers.
 -> (artifact id: 'd35cf516c5aa52c7dbb6cec8fecec2f2') in 0.012394 seconds
Number of updated asset objects reloaded before import = 0
Number of asset objects unloaded after import = 1
========================================================================
Received Import Request.
  Time since last request: 0.000050 seconds.
  path: Assets/ModernSupermarket/Models/Props/Products/Ham_wplnxm/Textures/Ham_wplnxm_a.png
  artifactKey: Guid(085542422a1f86d44a537fc09459881c) Importer(2089858483,0ecaa5967403d082aa24f35e1b516d23)
Start importing Assets/ModernSupermarket/Models/Props/Products/Ham_wplnxm/Textures/Ham_wplnxm_a.png using Guid(085542422a1f86d44a537fc09459881c) Importer(2089858483,0ecaa5967403d082aa24f35e1b516d23) [PhysX] Initialized MultithreadedTaskDispatcher with 16 workers.
 -> (artifact id: 'a078884d0858e5ec3bf7e960017d9f4a') in 0.012938 seconds
Number of updated asset objects reloaded before import = 0
Number of asset objects unloaded after import = 1
========================================================================
Received Import Request.
  Time since last request: 0.000065 seconds.
  path: Assets/ModernSupermarket/Models/Props/Products/Paintings_wmgwnw/Textures/Paintings_wmgwnw_o.png
  artifactKey: Guid(49fa61688c21a234992dadb990baa6fe) Importer(2089858483,0ecaa5967403d082aa24f35e1b516d23)
Start importing Assets/ModernSupermarket/Models/Props/Products/Paintings_wmgwnw/Textures/Paintings_wmgwnw_o.png using Guid(49fa61688c21a234992dadb990baa6fe) Importer(2089858483,0ecaa5967403d082aa24f35e1b516d23) [PhysX] Initialized MultithreadedTaskDispatcher with 16 workers.
 -> (artifact id: '2b62a4227ea6cc1e0a4884b5fa8a50fa') in 0.014676 seconds
Number of updated asset objects reloaded before import = 0
Number of asset objects unloaded after import = 1
========================================================================
Received Import Request.
  Time since last request: 0.000022 seconds.
  path: Assets/ModernSupermarket/Models/Props/Products/FrozenPack_t7wenh/Textures/Materials/FrozenPack_t7wenh_Var01.mat
  artifactKey: Guid(d4dec4426d379fd4b8c451017f22b21d) Importer(2089858483,0ecaa5967403d082aa24f35e1b516d23)
Start importing Assets/ModernSupermarket/Models/Props/Products/FrozenPack_t7wenh/Textures/Materials/FrozenPack_t7wenh_Var01.mat using Guid(d4dec4426d379fd4b8c451017f22b21d) Importer(2089858483,0ecaa5967403d082aa24f35e1b516d23) [PhysX] Initialized MultithreadedTaskDispatcher with 16 workers.
 -> (artifact id: '98d3478398af6bb5065d65d03bce0b0b') in 0.010758 seconds
Number of updated asset objects reloaded before import = 0
Number of asset objects unloaded after import = 2
========================================================================
Received Import Request.
  Time since last request: 0.000019 seconds.
  path: Assets/ModernSupermarket/Models/Props/Products/JuiceBrick_6ljfy3/Textures/JuiceBrick_6ljfy3_m.png
  artifactKey: Guid(d21d9793f8fc2d945b01d69f6dd74f3f) Importer(2089858483,0ecaa5967403d082aa24f35e1b516d23)
Start importing Assets/ModernSupermarket/Models/Props/Products/JuiceBrick_6ljfy3/Textures/JuiceBrick_6ljfy3_m.png using Guid(d21d9793f8fc2d945b01d69f6dd74f3f) Importer(2089858483,0ecaa5967403d082aa24f35e1b516d23) [PhysX] Initialized MultithreadedTaskDispatcher with 16 workers.
 -> (artifact id: '783820bb0efb380cff8bf8948cf2e9c8') in 0.010554 seconds
Number of updated asset objects reloaded before import = 0
Number of asset objects unloaded after import = 1
========================================================================
Received Import Request.
  Time since last request: 0.000021 seconds.
  path: Assets/ModernSupermarket/Models/Props/Products/MeatTray_fbw8xf/Textures/Materials/MeatTray_fbw8xf_Meat.mat
  artifactKey: Guid(c592a1562d9767442b7d0f4bf930902a) Importer(2089858483,0ecaa5967403d082aa24f35e1b516d23)
Start importing Assets/ModernSupermarket/Models/Props/Products/MeatTray_fbw8xf/Textures/Materials/MeatTray_fbw8xf_Meat.mat using Guid(c592a1562d9767442b7d0f4bf930902a) Importer(2089858483,0ecaa5967403d082aa24f35e1b516d23) [PhysX] Initialized MultithreadedTaskDispatcher with 16 workers.
 -> (artifact id: 'd7f9b2b8ddb9dc6ce6aca00354c1ba75') in 0.010402 seconds
Number of updated asset objects reloaded before import = 0
Number of asset objects unloaded after import = 5
========================================================================
Received Import Request.
  Time since last request: 0.000021 seconds.
  path: Assets/ModernSupermarket/Models/Props/Products/OldMetalBox_edzkm9/Textures/OldMetalBox_Var02_edzkm9_o.png
  artifactKey: Guid(ca5bd1af011c9424cb6f739b9f443d6e) Importer(2089858483,0ecaa5967403d082aa24f35e1b516d23)
Start importing Assets/ModernSupermarket/Models/Props/Products/OldMetalBox_edzkm9/Textures/OldMetalBox_Var02_edzkm9_o.png using Guid(ca5bd1af011c9424cb6f739b9f443d6e) Importer(2089858483,0ecaa5967403d082aa24f35e1b516d23) [PhysX] Initialized MultithreadedTaskDispatcher with 16 workers.
 -> (artifact id: '93040d915c45fe6783497234a5711109') in 0.012957 seconds
Number of updated asset objects reloaded before import = 0
Number of asset objects unloaded after import = 1
========================================================================
Received Import Request.
  Time since last request: 0.000024 seconds.
  path: Assets/ModernSupermarket/Models/Props/Products/FrozenPack_xp713y/Textures/FrozenPack_xp713y_n.png
  artifactKey: Guid(80b1cb101e7b11c46af7c5a43dee4d37) Importer(2089858483,0ecaa5967403d082aa24f35e1b516d23)
Start importing Assets/ModernSupermarket/Models/Props/Products/FrozenPack_xp713y/Textures/FrozenPack_xp713y_n.png using Guid(80b1cb101e7b11c46af7c5a43dee4d37) Importer(2089858483,0ecaa5967403d082aa24f35e1b516d23) [PhysX] Initialized MultithreadedTaskDispatcher with 16 workers.
 -> (artifact id: 'bc23aea71d972ff8129ada1d634cf25e') in 0.013566 seconds
Number of updated asset objects reloaded before import = 0
Number of asset objects unloaded after import = 1
========================================================================
Received Import Request.
  Time since last request: 0.000015 seconds.
  path: Assets/ModernSupermarket/Models/Props/Products/ChocolateSpread_xhkyij/Textures/Materials/Nutella_xhkyij_Label_Var01.mat
  artifactKey: Guid(5e5ae6a0756d07f4fba476f1eb05aff9) Importer(2089858483,0ecaa5967403d082aa24f35e1b516d23)
Start importing Assets/ModernSupermarket/Models/Props/Products/ChocolateSpread_xhkyij/Textures/Materials/Nutella_xhkyij_Label_Var01.mat using Guid(5e5ae6a0756d07f4fba476f1eb05aff9) Importer(2089858483,0ecaa5967403d082aa24f35e1b516d23) [PhysX] Initialized MultithreadedTaskDispatcher with 16 workers.
 -> (artifact id: 'b87ddcac76b12f2e58d9ec40d072b9f9') in 0.010997 seconds
Number of updated asset objects reloaded before import = 0
Number of asset objects unloaded after import = 3
========================================================================
Received Import Request.
  Time since last request: 0.000018 seconds.
  path: Assets/ModernSupermarket/Models/Props/Products/Cleanser_7dsib5/Textures/Materials/Cleanser_7dsib5.mat
  artifactKey: Guid(60096baa39ac7af459bfed7d9f288d7e) Importer(2089858483,0ecaa5967403d082aa24f35e1b516d23)
Start importing Assets/ModernSupermarket/Models/Props/Products/Cleanser_7dsib5/Textures/Materials/Cleanser_7dsib5.mat using Guid(60096baa39ac7af459bfed7d9f288d7e) Importer(2089858483,0ecaa5967403d082aa24f35e1b516d23) [PhysX] Initialized MultithreadedTaskDispatcher with 16 workers.
 -> (artifact id: 'ebe0fe9df6e9229f88c4570e7c2c011f') in 0.011056 seconds
Number of updated asset objects reloaded before import = 0
Number of asset objects unloaded after import = 5
========================================================================
Received Import Request.
  Time since last request: 0.000021 seconds.
  path: Assets/ModernSupermarket/Models/Props/Products/FrozenPack_t7wenh/Textures/Materials/FrozenPack_t7wenh_Var05.mat
  artifactKey: Guid(a6b78d792ab54b044b50ca479c502b88) Importer(2089858483,0ecaa5967403d082aa24f35e1b516d23)
Start importing Assets/ModernSupermarket/Models/Props/Products/FrozenPack_t7wenh/Textures/Materials/FrozenPack_t7wenh_Var05.mat using Guid(a6b78d792ab54b044b50ca479c502b88) Importer(2089858483,0ecaa5967403d082aa24f35e1b516d23) [PhysX] Initialized MultithreadedTaskDispatcher with 16 workers.
 -> (artifact id: '84f5a1ac6d4dbb0c5e5acc831d849713') in 0.008997 seconds
Number of updated asset objects reloaded before import = 0
Number of asset objects unloaded after import = 2
========================================================================
Received Import Request.
  Time since last request: 0.000018 seconds.
  path: Assets/ModernSupermarket/Models/Props/Products/FrozenPack_t7wenh/Textures/Materials/FrozenPack_t7wenh_Var04.mat
  artifactKey: Guid(8316489d2834f794981c9f78b1871f2d) Importer(2089858483,0ecaa5967403d082aa24f35e1b516d23)
Start importing Assets/ModernSupermarket/Models/Props/Products/FrozenPack_t7wenh/Textures/Materials/FrozenPack_t7wenh_Var04.mat using Guid(8316489d2834f794981c9f78b1871f2d) Importer(2089858483,0ecaa5967403d082aa24f35e1b516d23) [PhysX] Initialized MultithreadedTaskDispatcher with 16 workers.
 -> (artifact id: 'e89df25ef6423a7b7a4316cb773c8141') in 0.010108 seconds
Number of updated asset objects reloaded before import = 0
Number of asset objects unloaded after import = 2
========================================================================
Received Import Request.
  Time since last request: 0.000016 seconds.
  path: Assets/ModernSupermarket/Models/Props/Products/Soap_1rcsb1/Textures/Materials/Soap_1rcsb1_Label.mat
  artifactKey: Guid(313a2111b0b9dd64f9dae84a11b1df4e) Importer(2089858483,0ecaa5967403d082aa24f35e1b516d23)
Start importing Assets/ModernSupermarket/Models/Props/Products/Soap_1rcsb1/Textures/Materials/Soap_1rcsb1_Label.mat using Guid(313a2111b0b9dd64f9dae84a11b1df4e) Importer(2089858483,0ecaa5967403d082aa24f35e1b516d23) [PhysX] Initialized MultithreadedTaskDispatcher with 16 workers.
 -> (artifact id: 'ff7a4324f08cbdf389e9c4398cd7c0d7') in 0.010882 seconds
Number of updated asset objects reloaded before import = 0
Number of asset objects unloaded after import = 5
========================================================================
Received Import Request.
  Time since last request: 0.000018 seconds.
  path: Assets/ModernSupermarket/Models/Props/Products/Ham_wplnxm/Textures/Ham_wplnxm_Var01_a.png
  artifactKey: Guid(f17700509fa199544ac7cd62fd6fd4de) Importer(2089858483,0ecaa5967403d082aa24f35e1b516d23)
Start importing Assets/ModernSupermarket/Models/Props/Products/Ham_wplnxm/Textures/Ham_wplnxm_Var01_a.png using Guid(f17700509fa199544ac7cd62fd6fd4de) Importer(2089858483,0ecaa5967403d082aa24f35e1b516d23) [PhysX] Initialized MultithreadedTaskDispatcher with 16 workers.
 -> (artifact id: '84c41f3e9be2e5a03aa98c8375019454') in 0.013303 seconds
Number of updated asset objects reloaded before import = 0
Number of asset objects unloaded after import = 1
========================================================================
Received Import Request.
  Time since last request: 0.000024 seconds.
  path: Assets/ModernSupermarket/Models/Props/Utility/CashMachine_lazhgf/Textures/Materials/CashMachine_lazhgf_a.mat
  artifactKey: Guid(979af9293538b1244a50434b4ce475d8) Importer(2089858483,0ecaa5967403d082aa24f35e1b516d23)
Start importing Assets/ModernSupermarket/Models/Props/Utility/CashMachine_lazhgf/Textures/Materials/CashMachine_lazhgf_a.mat using Guid(979af9293538b1244a50434b4ce475d8) Importer(2089858483,0ecaa5967403d082aa24f35e1b516d23) [PhysX] Initialized MultithreadedTaskDispatcher with 16 workers.
 -> (artifact id: '8367e3fb0fdc7804c9d84fff5d90161a') in 0.012013 seconds
Number of updated asset objects reloaded before import = 0
Number of asset objects unloaded after import = 5
========================================================================
Received Import Request.
  Time since last request: 0.000027 seconds.
  path: Assets/ModernSupermarket/Models/Props/Utility/Crate_3m39yz/Textures/Materials/Crate_3m39yzVar01.mat
  artifactKey: Guid(cf83c20c70aec81409d3ffb788543548) Importer(2089858483,0ecaa5967403d082aa24f35e1b516d23)
Start importing Assets/ModernSupermarket/Models/Props/Utility/Crate_3m39yz/Textures/Materials/Crate_3m39yzVar01.mat using Guid(cf83c20c70aec81409d3ffb788543548) Importer(2089858483,0ecaa5967403d082aa24f35e1b516d23) [PhysX] Initialized MultithreadedTaskDispatcher with 16 workers.
 -> (artifact id: '76f9c4b909a53681496044d38308a859') in 0.012387 seconds
Number of updated asset objects reloaded before import = 0
Number of asset objects unloaded after import = 5
========================================================================
Received Import Request.
  Time since last request: 0.000019 seconds.
  path: Assets/ModernSupermarket/Models/Props/Products/MilkBrick_e8foxc/Textures/Materials/MilkBrick_e8foxc.mat
  artifactKey: Guid(1d7df06d219c66f499effc29a6e72ab7) Importer(2089858483,0ecaa5967403d082aa24f35e1b516d23)
Start importing Assets/ModernSupermarket/Models/Props/Products/MilkBrick_e8foxc/Textures/Materials/MilkBrick_e8foxc.mat using Guid(1d7df06d219c66f499effc29a6e72ab7) Importer(2089858483,0ecaa5967403d082aa24f35e1b516d23) [PhysX] Initialized MultithreadedTaskDispatcher with 16 workers.
 -> (artifact id: '8f4bc884cbef560a81d2acd1c3e5f6a7') in 0.013158 seconds
Number of updated asset objects reloaded before import = 0
Number of asset objects unloaded after import = 5
========================================================================
Received Import Request.
  Time since last request: 0.000025 seconds.
  path: Assets/ModernSupermarket/Models/Props/Products/Pasta_9duit2/Textures/PastaPack_9duit003_Macaroni_o.png
  artifactKey: Guid(55915510a34aff745b9eb13a90546191) Importer(2089858483,0ecaa5967403d082aa24f35e1b516d23)
Start importing Assets/ModernSupermarket/Models/Props/Products/Pasta_9duit2/Textures/PastaPack_9duit003_Macaroni_o.png using Guid(55915510a34aff745b9eb13a90546191) Importer(2089858483,0ecaa5967403d082aa24f35e1b516d23) [PhysX] Initialized MultithreadedTaskDispatcher with 16 workers.
 -> (artifact id: '55b35195191a6d589c3f951e09f45db9') in 0.012385 seconds
Number of updated asset objects reloaded before import = 0
Number of asset objects unloaded after import = 1
========================================================================
Received Import Request.
  Time since last request: 0.000018 seconds.
  path: Assets/ModernSupermarket/Models/Props/Products/MeatTray_dbf1nh/Textures/MeatTray_dbf1nh_Meat_o.png
  artifactKey: Guid(dafda46567a39c947bf1f0b2df8b31b4) Importer(2089858483,0ecaa5967403d082aa24f35e1b516d23)
Start importing Assets/ModernSupermarket/Models/Props/Products/MeatTray_dbf1nh/Textures/MeatTray_dbf1nh_Meat_o.png using Guid(dafda46567a39c947bf1f0b2df8b31b4) Importer(2089858483,0ecaa5967403d082aa24f35e1b516d23) [PhysX] Initialized MultithreadedTaskDispatcher with 16 workers.
 -> (artifact id: '724506095bf2e31bec3face1407a96b9') in 0.010868 seconds
Number of updated asset objects reloaded before import = 0
Number of asset objects unloaded after import = 1
========================================================================
Received Import Request.
  Time since last request: 0.000020 seconds.
  path: Assets/ModernSupermarket/Models/Props/Utility/Anti-thefhtDoor_9qs8y9/Textures/Materials/Anti-theftDoor_9qs8y9_a 1.mat
  artifactKey: Guid(99f2caf6b3dafe140a1e056d4f84cc5b) Importer(2089858483,0ecaa5967403d082aa24f35e1b516d23)
Start importing Assets/ModernSupermarket/Models/Props/Utility/Anti-thefhtDoor_9qs8y9/Textures/Materials/Anti-theftDoor_9qs8y9_a 1.mat using Guid(99f2caf6b3dafe140a1e056d4f84cc5b) Importer(2089858483,0ecaa5967403d082aa24f35e1b516d23) [PhysX] Initialized MultithreadedTaskDispatcher with 16 workers.
 -> (artifact id: '63a9ca674b1c7c458fd0e7307cf72d51') in 0.015610 seconds
Number of updated asset objects reloaded before import = 0
Number of asset objects unloaded after import = 5
========================================================================
Received Import Request.
  Time since last request: 0.000027 seconds.
  path: Assets/ModernSupermarket/Models/Props/Products/FrozenPack_t7wenh/Textures/FrozenPack_t7wenh_Var01_a.png
  artifactKey: Guid(2786cb9791eefa04390a4ab3a6c0e6cb) Importer(2089858483,0ecaa5967403d082aa24f35e1b516d23)
Start importing Assets/ModernSupermarket/Models/Props/Products/FrozenPack_t7wenh/Textures/FrozenPack_t7wenh_Var01_a.png using Guid(2786cb9791eefa04390a4ab3a6c0e6cb) Importer(2089858483,0ecaa5967403d082aa24f35e1b516d23) [PhysX] Initialized MultithreadedTaskDispatcher with 16 workers.
 -> (artifact id: '1b6734c90232c09df27fbd6fe16b0aaf') in 0.011879 seconds
Number of updated asset objects reloaded before import = 0
Number of asset objects unloaded after import = 1
========================================================================
Received Prepare
Caller must complete domain reload
Begin MonoManager ReloadAssembly
- Loaded All Assemblies, in  0.268 seconds
Native extension for WindowsStandalone target not found
Native extension for WebGL target not found
Mono: successfully reloaded assembly
- Finished resetting the current domain, in  0.490 seconds
Domain Reload Profiling: 755ms
	BeginReloadAssembly (88ms)
		ExecutionOrderSort (0ms)
		DisableScriptedObjects (3ms)
		BackupInstance (0ms)
		ReleaseScriptingObjects (0ms)
		CreateAndSetChildDomain (23ms)
	RebuildCommonClasses (16ms)
	RebuildNativeTypeToScriptingClass (5ms)
	initialDomainReloadingComplete (51ms)
	LoadAllAssembliesAndSetupDomain (106ms)
		LoadAssemblies (139ms)
		RebuildTransferFunctionScriptingTraits (0ms)
		AnalyzeDomain (7ms)
			TypeCache.Refresh (3ms)
				TypeCache.ScanAssembly (0ms)
			ScanForSourceGeneratedMonoScriptInfo (0ms)
			ResolveRequiredComponents (3ms)
	FinalizeReload (490ms)
		ReleaseScriptCaches (0ms)
		RebuildScriptCaches (0ms)
		SetupLoadedEditorAssemblies (191ms)
			LogAssemblyErrors (0ms)
			InitializePlatformSupportModulesInManaged (4ms)
			SetLoadedEditorAssemblies (2ms)
			RefreshPlugins (0ms)
			BeforeProcessingInitializeOnLoad (33ms)
			ProcessInitializeOnLoadAttributes (135ms)
			ProcessInitializeOnLoadMethodAttributes (9ms)
			AfterProcessingInitializeOnLoad (8ms)
			EditorAssembliesLoaded (0ms)
		ExecutionOrderSort2 (0ms)
		AwakeInstancesAfterBackupRestoration (6ms)
Refreshing native plugins compatible for Editor in 3.16 ms, found 3 plugins.
Preloading 0 native plugins for Editor in 0.00 ms.
Unloading 3155 Unused Serialized files (Serialized files now loaded: 0)
Unloading 14 unused Assets / (28.5 KB). Loaded Objects now: 3654.
Memory consumption went from 125.4 MB to 125.3 MB.
Total: 1.715500 ms (FindLiveObjects: 0.175000 ms CreateObjectMapping: 0.032600 ms MarkObjects: 1.470100 ms  DeleteObjects: 0.036900 ms)

Prepare: number of updated asset objects reloaded= 0
AssetImportParameters requested are different than current active one (requested -> active):
  custom:container-demuxer-ogg: 62fdf1f143b41e24485cea50d1cbac27 -> 
  custom:video-codec-MediaFoundation-h265: 746d11721c4dcdbdad8f713fa42b33f4 -> 
  custom:video-decoder-ogg-theora: a1e56fd34408186e4bbccfd4996cb3dc -> 
  custom:framework-win-MediaFoundation: 216162199b28c13a410421893ffa2e32 -> 
  custom:CustomObjectIndexerAttribute: 9a22284fe3817be447336de3de66b15e -> 
  custom:container-demuxer-webm: 4f35f7cbe854078d1ac9338744f61a02 -> 
  custom:container-muxer-webm: aa71ff27fc2769a1b78a27578f13a17b -> 
  custom:video-decoder-webm-vp8: 9c59270c3fd7afecdb556c50c9e8de78 -> 
  custom:SearchIndexIgnoredProperties: e643bd26f0fe6173181afceb89e7c659 -> 
  custom:AudioImporter_EditorPlatform: d09bf68614088b80899f8185d706f6e7 -> 
  custom:video-encoder-webm-vp8: eb34c28f22e8b96e1ab97ce403110664 -> 
  custom:audio-decoder-ogg-vorbis: bf7c407c2cedff20999df2af8eb42d56 -> 
  custom:audio-encoder-webm-vorbis: bf7c407c2cedff20999df2af8eb42d56 -> 
========================================================================
Received Prepare
Caller must complete domain reload
Begin MonoManager ReloadAssembly
- Loaded All Assemblies, in  0.262 seconds
Native extension for WindowsStandalone target not found
Native extension for WebGL target not found
Mono: successfully reloaded assembly
- Finished resetting the current domain, in  0.517 seconds
Domain Reload Profiling: 776ms
	BeginReloadAssembly (82ms)
		ExecutionOrderSort (0ms)
		DisableScriptedObjects (2ms)
		BackupInstance (0ms)
		ReleaseScriptingObjects (0ms)
		CreateAndSetChildDomain (18ms)
	RebuildCommonClasses (17ms)
	RebuildNativeTypeToScriptingClass (5ms)
	initialDomainReloadingComplete (49ms)
	LoadAllAssembliesAndSetupDomain (106ms)
		LoadAssemblies (139ms)
		RebuildTransferFunctionScriptingTraits (0ms)
		AnalyzeDomain (6ms)
			TypeCache.Refresh (2ms)
				TypeCache.ScanAssembly (0ms)
			ScanForSourceGeneratedMonoScriptInfo (0ms)
			ResolveRequiredComponents (3ms)
	FinalizeReload (517ms)
		ReleaseScriptCaches (0ms)
		RebuildScriptCaches (0ms)
		SetupLoadedEditorAssemblies (214ms)
			LogAssemblyErrors (0ms)
			InitializePlatformSupportModulesInManaged (4ms)
			SetLoadedEditorAssemblies (3ms)
			RefreshPlugins (0ms)
			BeforeProcessingInitializeOnLoad (34ms)
			ProcessInitializeOnLoadAttributes (156ms)
			ProcessInitializeOnLoadMethodAttributes (11ms)
			AfterProcessingInitializeOnLoad (7ms)
			EditorAssembliesLoaded (0ms)
		ExecutionOrderSort2 (0ms)
		AwakeInstancesAfterBackupRestoration (6ms)
Refreshing native plugins compatible for Editor in 4.02 ms, found 3 plugins.
Preloading 0 native plugins for Editor in 0.00 ms.
Unloading 3156 Unused Serialized files (Serialized files now loaded: 0)
Unloading 14 unused Assets / (28.5 KB). Loaded Objects now: 3657.
Memory consumption went from 125.6 MB to 125.6 MB.
Total: 2.009000 ms (FindLiveObjects: 0.246300 ms CreateObjectMapping: 0.037100 ms MarkObjects: 1.690600 ms  DeleteObjects: 0.034200 ms)

Prepare: number of updated asset objects reloaded= 0
AssetImportParameters requested are different than current active one (requested -> active):
  custom:container-demuxer-ogg: 62fdf1f143b41e24485cea50d1cbac27 -> 
  custom:video-codec-MediaFoundation-h265: 746d11721c4dcdbdad8f713fa42b33f4 -> 
  custom:video-decoder-ogg-theora: a1e56fd34408186e4bbccfd4996cb3dc -> 
  custom:framework-win-MediaFoundation: 216162199b28c13a410421893ffa2e32 -> 
  custom:CustomObjectIndexerAttribute: 9a22284fe3817be447336de3de66b15e -> 
  custom:container-demuxer-webm: 4f35f7cbe854078d1ac9338744f61a02 -> 
  custom:container-muxer-webm: aa71ff27fc2769a1b78a27578f13a17b -> 
  custom:video-decoder-webm-vp8: 9c59270c3fd7afecdb556c50c9e8de78 -> 
  custom:SearchIndexIgnoredProperties: e643bd26f0fe6173181afceb89e7c659 -> 
  custom:AudioImporter_EditorPlatform: d09bf68614088b80899f8185d706f6e7 -> 
  custom:video-encoder-webm-vp8: eb34c28f22e8b96e1ab97ce403110664 -> 
  custom:audio-decoder-ogg-vorbis: bf7c407c2cedff20999df2af8eb42d56 -> 
  custom:audio-encoder-webm-vorbis: bf7c407c2cedff20999df2af8eb42d56 -> 
========================================================================
Received Prepare
Caller must complete domain reload
Begin MonoManager ReloadAssembly
- Loaded All Assemblies, in  0.268 seconds
Native extension for WindowsStandalone target not found
Native extension for WebGL target not found
Mono: successfully reloaded assembly
- Finished resetting the current domain, in  0.508 seconds
Domain Reload Profiling: 773ms
	BeginReloadAssembly (89ms)
		ExecutionOrderSort (0ms)
		DisableScriptedObjects (2ms)
		BackupInstance (0ms)
		ReleaseScriptingObjects (0ms)
		CreateAndSetChildDomain (18ms)
	RebuildCommonClasses (16ms)
	RebuildNativeTypeToScriptingClass (8ms)
	initialDomainReloadingComplete (48ms)
	LoadAllAssembliesAndSetupDomain (103ms)
		LoadAssemblies (141ms)
		RebuildTransferFunctionScriptingTraits (0ms)
		AnalyzeDomain (7ms)
			TypeCache.Refresh (3ms)
				TypeCache.ScanAssembly (0ms)
			ScanForSourceGeneratedMonoScriptInfo (0ms)
			ResolveRequiredComponents (3ms)
	FinalizeReload (508ms)
		ReleaseScriptCaches (0ms)
		RebuildScriptCaches (0ms)
		SetupLoadedEditorAssemblies (206ms)
			LogAssemblyErrors (0ms)
			InitializePlatformSupportModulesInManaged (4ms)
			SetLoadedEditorAssemblies (3ms)
			RefreshPlugins (0ms)
			BeforeProcessingInitializeOnLoad (37ms)
			ProcessInitializeOnLoadAttributes (145ms)
			ProcessInitializeOnLoadMethodAttributes (10ms)
			AfterProcessingInitializeOnLoad (7ms)
			EditorAssembliesLoaded (0ms)
		ExecutionOrderSort2 (0ms)
		AwakeInstancesAfterBackupRestoration (7ms)
Refreshing native plugins compatible for Editor in 3.17 ms, found 3 plugins.
Preloading 0 native plugins for Editor in 0.00 ms.
Unloading 3156 Unused Serialized files (Serialized files now loaded: 0)
Unloading 14 unused Assets / (28.5 KB). Loaded Objects now: 3660.
Memory consumption went from 125.6 MB to 125.6 MB.
Total: 1.740800 ms (FindLiveObjects: 0.183100 ms CreateObjectMapping: 0.032800 ms MarkObjects: 1.488600 ms  DeleteObjects: 0.035400 ms)

Prepare: number of updated asset objects reloaded= 0
AssetImportParameters requested are different than current active one (requested -> active):
  custom:container-demuxer-ogg: 62fdf1f143b41e24485cea50d1cbac27 -> 
  custom:video-codec-MediaFoundation-h265: 746d11721c4dcdbdad8f713fa42b33f4 -> 
  custom:video-decoder-ogg-theora: a1e56fd34408186e4bbccfd4996cb3dc -> 
  custom:framework-win-MediaFoundation: 216162199b28c13a410421893ffa2e32 -> 
  custom:CustomObjectIndexerAttribute: 9a22284fe3817be447336de3de66b15e -> 
  custom:container-demuxer-webm: 4f35f7cbe854078d1ac9338744f61a02 -> 
  custom:container-muxer-webm: aa71ff27fc2769a1b78a27578f13a17b -> 
  custom:video-decoder-webm-vp8: 9c59270c3fd7afecdb556c50c9e8de78 -> 
  custom:SearchIndexIgnoredProperties: e643bd26f0fe6173181afceb89e7c659 -> 
  custom:AudioImporter_EditorPlatform: d09bf68614088b80899f8185d706f6e7 -> 
  custom:video-encoder-webm-vp8: eb34c28f22e8b96e1ab97ce403110664 -> 
  custom:audio-decoder-ogg-vorbis: bf7c407c2cedff20999df2af8eb42d56 -> 
  custom:audio-encoder-webm-vorbis: bf7c407c2cedff20999df2af8eb42d56 -> 
========================================================================
Received Prepare
Caller must complete domain reload
Begin MonoManager ReloadAssembly
- Loaded All Assemblies, in  0.272 seconds
Native extension for WindowsStandalone target not found
Native extension for WebGL target not found
Mono: successfully reloaded assembly
- Finished resetting the current domain, in  0.508 seconds
Domain Reload Profiling: 777ms
	BeginReloadAssembly (86ms)
		ExecutionOrderSort (0ms)
		DisableScriptedObjects (2ms)
		BackupInstance (0ms)
		ReleaseScriptingObjects (0ms)
		CreateAndSetChildDomain (18ms)
	RebuildCommonClasses (17ms)
	RebuildNativeTypeToScriptingClass (7ms)
	initialDomainReloadingComplete (48ms)
	LoadAllAssembliesAndSetupDomain (111ms)
		LoadAssemblies (148ms)
		RebuildTransferFunctionScriptingTraits (0ms)
		AnalyzeDomain (7ms)
			TypeCache.Refresh (3ms)
				TypeCache.ScanAssembly (0ms)
			ScanForSourceGeneratedMonoScriptInfo (0ms)
			ResolveRequiredComponents (3ms)
	FinalizeReload (508ms)
		ReleaseScriptCaches (0ms)
		RebuildScriptCaches (0ms)
		SetupLoadedEditorAssemblies (198ms)
			LogAssemblyErrors (0ms)
			InitializePlatformSupportModulesInManaged (4ms)
			SetLoadedEditorAssemblies (2ms)
			RefreshPlugins (0ms)
			BeforeProcessingInitializeOnLoad (33ms)
			ProcessInitializeOnLoadAttributes (140ms)
			ProcessInitializeOnLoadMethodAttributes (11ms)
			AfterProcessingInitializeOnLoad (7ms)
			EditorAssembliesLoaded (0ms)
		ExecutionOrderSort2 (0ms)
		AwakeInstancesAfterBackupRestoration (7ms)
Refreshing native plugins compatible for Editor in 3.14 ms, found 3 plugins.
Preloading 0 native plugins for Editor in 0.00 ms.
Unloading 3156 Unused Serialized files (Serialized files now loaded: 0)
Unloading 14 unused Assets / (28.5 KB). Loaded Objects now: 3663.
Memory consumption went from 125.6 MB to 125.6 MB.
Total: 1.800900 ms (FindLiveObjects: 0.192700 ms CreateObjectMapping: 0.051600 ms MarkObjects: 1.440500 ms  DeleteObjects: 0.115300 ms)

Prepare: number of updated asset objects reloaded= 0
AssetImportParameters requested are different than current active one (requested -> active):
  custom:container-demuxer-ogg: 62fdf1f143b41e24485cea50d1cbac27 -> 
  custom:video-codec-MediaFoundation-h265: 746d11721c4dcdbdad8f713fa42b33f4 -> 
  custom:video-decoder-ogg-theora: a1e56fd34408186e4bbccfd4996cb3dc -> 
  custom:framework-win-MediaFoundation: 216162199b28c13a410421893ffa2e32 -> 
  custom:CustomObjectIndexerAttribute: 9a22284fe3817be447336de3de66b15e -> 
  custom:container-demuxer-webm: 4f35f7cbe854078d1ac9338744f61a02 -> 
  custom:container-muxer-webm: aa71ff27fc2769a1b78a27578f13a17b -> 
  custom:video-decoder-webm-vp8: 9c59270c3fd7afecdb556c50c9e8de78 -> 
  custom:SearchIndexIgnoredProperties: e643bd26f0fe6173181afceb89e7c659 -> 
  custom:AudioImporter_EditorPlatform: d09bf68614088b80899f8185d706f6e7 -> 
  custom:video-encoder-webm-vp8: eb34c28f22e8b96e1ab97ce403110664 -> 
  custom:audio-decoder-ogg-vorbis: bf7c407c2cedff20999df2af8eb42d56 -> 
  custom:audio-encoder-webm-vorbis: bf7c407c2cedff20999df2af8eb42d56 -> 
========================================================================
Received Prepare
Caller must complete domain reload
Begin MonoManager ReloadAssembly
- Loaded All Assemblies, in  0.273 seconds
Native extension for WindowsStandalone target not found
Native extension for WebGL target not found
Mono: successfully reloaded assembly
- Finished resetting the current domain, in  0.576 seconds
Domain Reload Profiling: 845ms
	BeginReloadAssembly (88ms)
		ExecutionOrderSort (0ms)
		DisableScriptedObjects (3ms)
		BackupInstance (0ms)
		ReleaseScriptingObjects (0ms)
		CreateAndSetChildDomain (19ms)
	RebuildCommonClasses (19ms)
	RebuildNativeTypeToScriptingClass (9ms)
	initialDomainReloadingComplete (38ms)
	LoadAllAssembliesAndSetupDomain (116ms)
		LoadAssemblies (153ms)
		RebuildTransferFunctionScriptingTraits (0ms)
		AnalyzeDomain (7ms)
			TypeCache.Refresh (3ms)
				TypeCache.ScanAssembly (0ms)
			ScanForSourceGeneratedMonoScriptInfo (0ms)
			ResolveRequiredComponents (3ms)
	FinalizeReload (576ms)
		ReleaseScriptCaches (0ms)
		RebuildScriptCaches (0ms)
		SetupLoadedEditorAssemblies (209ms)
			LogAssemblyErrors (0ms)
			InitializePlatformSupportModulesInManaged (4ms)
			SetLoadedEditorAssemblies (2ms)
			RefreshPlugins (0ms)
			BeforeProcessingInitializeOnLoad (34ms)
			ProcessInitializeOnLoadAttributes (151ms)
			ProcessInitializeOnLoadMethodAttributes (10ms)
			AfterProcessingInitializeOnLoad (6ms)
			EditorAssembliesLoaded (0ms)
		ExecutionOrderSort2 (0ms)
		AwakeInstancesAfterBackupRestoration (7ms)
Refreshing native plugins compatible for Editor in 3.60 ms, found 3 plugins.
Preloading 0 native plugins for Editor in 0.00 ms.
Unloading 3156 Unused Serialized files (Serialized files now loaded: 0)
Unloading 14 unused Assets / (28.5 KB). Loaded Objects now: 3666.
Memory consumption went from 125.6 MB to 125.6 MB.
Total: 2.198900 ms (FindLiveObjects: 0.253800 ms CreateObjectMapping: 0.060700 ms MarkObjects: 1.848000 ms  DeleteObjects: 0.035500 ms)

Prepare: number of updated asset objects reloaded= 0
AssetImportParameters requested are different than current active one (requested -> active):
  custom:container-demuxer-ogg: 62fdf1f143b41e24485cea50d1cbac27 -> 
  custom:video-codec-MediaFoundation-h265: 746d11721c4dcdbdad8f713fa42b33f4 -> 
  custom:video-decoder-ogg-theora: a1e56fd34408186e4bbccfd4996cb3dc -> 
  custom:framework-win-MediaFoundation: 216162199b28c13a410421893ffa2e32 -> 
  custom:CustomObjectIndexerAttribute: 9a22284fe3817be447336de3de66b15e -> 
  custom:container-demuxer-webm: 4f35f7cbe854078d1ac9338744f61a02 -> 
  custom:container-muxer-webm: aa71ff27fc2769a1b78a27578f13a17b -> 
  custom:video-decoder-webm-vp8: 9c59270c3fd7afecdb556c50c9e8de78 -> 
  custom:SearchIndexIgnoredProperties: e643bd26f0fe6173181afceb89e7c659 -> 
  custom:AudioImporter_EditorPlatform: d09bf68614088b80899f8185d706f6e7 -> 
  custom:video-encoder-webm-vp8: eb34c28f22e8b96e1ab97ce403110664 -> 
  custom:audio-decoder-ogg-vorbis: bf7c407c2cedff20999df2af8eb42d56 -> 
  custom:audio-encoder-webm-vorbis: bf7c407c2cedff20999df2af8eb42d56 -> 
========================================================================
Received Prepare
Caller must complete domain reload
Begin MonoManager ReloadAssembly
- Loaded All Assemblies, in  0.272 seconds
Native extension for WindowsStandalone target not found
Native extension for WebGL target not found
Mono: successfully reloaded assembly
- Finished resetting the current domain, in  0.519 seconds
Domain Reload Profiling: 788ms
	BeginReloadAssembly (90ms)
		ExecutionOrderSort (0ms)
		DisableScriptedObjects (2ms)
		BackupInstance (0ms)
		ReleaseScriptingObjects (0ms)
		CreateAndSetChildDomain (21ms)
	RebuildCommonClasses (16ms)
	RebuildNativeTypeToScriptingClass (5ms)
	initialDomainReloadingComplete (46ms)
	LoadAllAssembliesAndSetupDomain (111ms)
		LoadAssemblies (149ms)
		RebuildTransferFunctionScriptingTraits (0ms)
		AnalyzeDomain (7ms)
			TypeCache.Refresh (3ms)
				TypeCache.ScanAssembly (0ms)
			ScanForSourceGeneratedMonoScriptInfo (0ms)
			ResolveRequiredComponents (3ms)
	FinalizeReload (519ms)
		ReleaseScriptCaches (0ms)
		RebuildScriptCaches (0ms)
		SetupLoadedEditorAssemblies (206ms)
			LogAssemblyErrors (0ms)
			InitializePlatformSupportModulesInManaged (5ms)
			SetLoadedEditorAssemblies (3ms)
			RefreshPlugins (0ms)
			BeforeProcessingInitializeOnLoad (35ms)
			ProcessInitializeOnLoadAttributes (147ms)
			ProcessInitializeOnLoadMethodAttributes (11ms)
			AfterProcessingInitializeOnLoad (6ms)
			EditorAssembliesLoaded (0ms)
		ExecutionOrderSort2 (0ms)
		AwakeInstancesAfterBackupRestoration (6ms)
Refreshing native plugins compatible for Editor in 3.72 ms, found 3 plugins.
Preloading 0 native plugins for Editor in 0.00 ms.
Unloading 3156 Unused Serialized files (Serialized files now loaded: 0)
Unloading 14 unused Assets / (28.5 KB). Loaded Objects now: 3669.
Memory consumption went from 125.6 MB to 125.6 MB.
Total: 2.027200 ms (FindLiveObjects: 0.206900 ms CreateObjectMapping: 0.034700 ms MarkObjects: 1.751200 ms  DeleteObjects: 0.033600 ms)

Prepare: number of updated asset objects reloaded= 0
AssetImportParameters requested are different than current active one (requested -> active):
  custom:container-demuxer-ogg: 62fdf1f143b41e24485cea50d1cbac27 -> 
  custom:video-codec-MediaFoundation-h265: 746d11721c4dcdbdad8f713fa42b33f4 -> 
  custom:video-decoder-ogg-theora: a1e56fd34408186e4bbccfd4996cb3dc -> 
  custom:framework-win-MediaFoundation: 216162199b28c13a410421893ffa2e32 -> 
  custom:CustomObjectIndexerAttribute: 9a22284fe3817be447336de3de66b15e -> 
  custom:container-demuxer-webm: 4f35f7cbe854078d1ac9338744f61a02 -> 
  custom:container-muxer-webm: aa71ff27fc2769a1b78a27578f13a17b -> 
  custom:video-decoder-webm-vp8: 9c59270c3fd7afecdb556c50c9e8de78 -> 
  custom:SearchIndexIgnoredProperties: e643bd26f0fe6173181afceb89e7c659 -> 
  custom:AudioImporter_EditorPlatform: d09bf68614088b80899f8185d706f6e7 -> 
  custom:video-encoder-webm-vp8: eb34c28f22e8b96e1ab97ce403110664 -> 
  custom:audio-decoder-ogg-vorbis: bf7c407c2cedff20999df2af8eb42d56 -> 
  custom:audio-encoder-webm-vorbis: bf7c407c2cedff20999df2af8eb42d56 -> 
========================================================================
Received Prepare
Caller must complete domain reload
Begin MonoManager ReloadAssembly
- Loaded All Assemblies, in  0.268 seconds
Native extension for WindowsStandalone target not found
Native extension for WebGL target not found
Mono: successfully reloaded assembly
- Finished resetting the current domain, in  0.520 seconds
Domain Reload Profiling: 783ms
	BeginReloadAssembly (87ms)
		ExecutionOrderSort (0ms)
		DisableScriptedObjects (2ms)
		BackupInstance (0ms)
		ReleaseScriptingObjects (0ms)
		CreateAndSetChildDomain (19ms)
	RebuildCommonClasses (17ms)
	RebuildNativeTypeToScriptingClass (5ms)
	initialDomainReloadingComplete (40ms)
	LoadAllAssembliesAndSetupDomain (113ms)
		LoadAssemblies (149ms)
		RebuildTransferFunctionScriptingTraits (0ms)
		AnalyzeDomain (7ms)
			TypeCache.Refresh (3ms)
				TypeCache.ScanAssembly (0ms)
			ScanForSourceGeneratedMonoScriptInfo (0ms)
			ResolveRequiredComponents (3ms)
	FinalizeReload (520ms)
		ReleaseScriptCaches (0ms)
		RebuildScriptCaches (0ms)
		SetupLoadedEditorAssemblies (213ms)
			LogAssemblyErrors (0ms)
			InitializePlatformSupportModulesInManaged (4ms)
			SetLoadedEditorAssemblies (3ms)
			RefreshPlugins (0ms)
			BeforeProcessingInitializeOnLoad (40ms)
			ProcessInitializeOnLoadAttributes (146ms)
			ProcessInitializeOnLoadMethodAttributes (14ms)
			AfterProcessingInitializeOnLoad (6ms)
			EditorAssembliesLoaded (0ms)
		ExecutionOrderSort2 (0ms)
		AwakeInstancesAfterBackupRestoration (7ms)
Refreshing native plugins compatible for Editor in 4.03 ms, found 3 plugins.
Preloading 0 native plugins for Editor in 0.00 ms.
Unloading 3156 Unused Serialized files (Serialized files now loaded: 0)
Unloading 14 unused Assets / (28.6 KB). Loaded Objects now: 3672.
Memory consumption went from 125.6 MB to 125.6 MB.
Total: 1.871900 ms (FindLiveObjects: 0.179900 ms CreateObjectMapping: 0.033100 ms MarkObjects: 1.601300 ms  DeleteObjects: 0.056600 ms)

Prepare: number of updated asset objects reloaded= 0
AssetImportParameters requested are different than current active one (requested -> active):
  custom:container-demuxer-ogg: 62fdf1f143b41e24485cea50d1cbac27 -> 
  custom:video-codec-MediaFoundation-h265: 746d11721c4dcdbdad8f713fa42b33f4 -> 
  custom:video-decoder-ogg-theora: a1e56fd34408186e4bbccfd4996cb3dc -> 
  custom:framework-win-MediaFoundation: 216162199b28c13a410421893ffa2e32 -> 
  custom:CustomObjectIndexerAttribute: 9a22284fe3817be447336de3de66b15e -> 
  custom:container-demuxer-webm: 4f35f7cbe854078d1ac9338744f61a02 -> 
  custom:container-muxer-webm: aa71ff27fc2769a1b78a27578f13a17b -> 
  custom:video-decoder-webm-vp8: 9c59270c3fd7afecdb556c50c9e8de78 -> 
  custom:SearchIndexIgnoredProperties: e643bd26f0fe6173181afceb89e7c659 -> 
  custom:AudioImporter_EditorPlatform: d09bf68614088b80899f8185d706f6e7 -> 
  custom:video-encoder-webm-vp8: eb34c28f22e8b96e1ab97ce403110664 -> 
  custom:audio-decoder-ogg-vorbis: bf7c407c2cedff20999df2af8eb42d56 -> 
  custom:audio-encoder-webm-vorbis: bf7c407c2cedff20999df2af8eb42d56 -> 
========================================================================
Received Prepare
Caller must complete domain reload
Begin MonoManager ReloadAssembly
- Loaded All Assemblies, in  0.290 seconds
Native extension for WindowsStandalone target not found
Native extension for WebGL target not found
Mono: successfully reloaded assembly
- Finished resetting the current domain, in  0.565 seconds
Domain Reload Profiling: 824ms
	BeginReloadAssembly (91ms)
		ExecutionOrderSort (0ms)
		DisableScriptedObjects (2ms)
		BackupInstance (0ms)
		ReleaseScriptingObjects (0ms)
		CreateAndSetChildDomain (20ms)
	RebuildCommonClasses (18ms)
	RebuildNativeTypeToScriptingClass (5ms)
	initialDomainReloadingComplete (22ms)
	LoadAllAssembliesAndSetupDomain (122ms)
		LoadAssemblies (162ms)
		RebuildTransferFunctionScriptingTraits (0ms)
		AnalyzeDomain (7ms)
			TypeCache.Refresh (3ms)
				TypeCache.ScanAssembly (0ms)
			ScanForSourceGeneratedMonoScriptInfo (0ms)
			ResolveRequiredComponents (3ms)
	FinalizeReload (565ms)
		ReleaseScriptCaches (0ms)
		RebuildScriptCaches (0ms)
		SetupLoadedEditorAssemblies (217ms)
			LogAssemblyErrors (0ms)
			InitializePlatformSupportModulesInManaged (4ms)
			SetLoadedEditorAssemblies (3ms)
			RefreshPlugins (0ms)
			BeforeProcessingInitializeOnLoad (37ms)
			ProcessInitializeOnLoadAttributes (155ms)
			ProcessInitializeOnLoadMethodAttributes (11ms)
			AfterProcessingInitializeOnLoad (8ms)
			EditorAssembliesLoaded (0ms)
		ExecutionOrderSort2 (0ms)
		AwakeInstancesAfterBackupRestoration (8ms)
Refreshing native plugins compatible for Editor in 3.74 ms, found 3 plugins.
Preloading 0 native plugins for Editor in 0.00 ms.
Unloading 3156 Unused Serialized files (Serialized files now loaded: 0)
Unloading 14 unused Assets / (28.6 KB). Loaded Objects now: 3675.
Memory consumption went from 125.6 MB to 125.6 MB.
Total: 2.214700 ms (FindLiveObjects: 0.201300 ms CreateObjectMapping: 0.051900 ms MarkObjects: 1.921600 ms  DeleteObjects: 0.038600 ms)

Prepare: number of updated asset objects reloaded= 0
AssetImportParameters requested are different than current active one (requested -> active):
  custom:container-demuxer-ogg: 62fdf1f143b41e24485cea50d1cbac27 -> 
  custom:video-codec-MediaFoundation-h265: 746d11721c4dcdbdad8f713fa42b33f4 -> 
  custom:video-decoder-ogg-theora: a1e56fd34408186e4bbccfd4996cb3dc -> 
  custom:framework-win-MediaFoundation: 216162199b28c13a410421893ffa2e32 -> 
  custom:CustomObjectIndexerAttribute: 9a22284fe3817be447336de3de66b15e -> 
  custom:container-demuxer-webm: 4f35f7cbe854078d1ac9338744f61a02 -> 
  custom:container-muxer-webm: aa71ff27fc2769a1b78a27578f13a17b -> 
  custom:video-decoder-webm-vp8: 9c59270c3fd7afecdb556c50c9e8de78 -> 
  custom:SearchIndexIgnoredProperties: e643bd26f0fe6173181afceb89e7c659 -> 
  custom:AudioImporter_EditorPlatform: d09bf68614088b80899f8185d706f6e7 -> 
  custom:video-encoder-webm-vp8: eb34c28f22e8b96e1ab97ce403110664 -> 
  custom:audio-decoder-ogg-vorbis: bf7c407c2cedff20999df2af8eb42d56 -> 
  custom:audio-encoder-webm-vorbis: bf7c407c2cedff20999df2af8eb42d56 -> 
========================================================================
Received Prepare
Caller must complete domain reload
Begin MonoManager ReloadAssembly
- Loaded All Assemblies, in  0.405 seconds
Native extension for WindowsStandalone target not found
Native extension for WebGL target not found
Mono: successfully reloaded assembly
- Finished resetting the current domain, in  0.903 seconds
Domain Reload Profiling: 1301ms
	BeginReloadAssembly (163ms)
		ExecutionOrderSort (0ms)
		DisableScriptedObjects (5ms)
		BackupInstance (0ms)
		ReleaseScriptingObjects (0ms)
		CreateAndSetChildDomain (26ms)
	RebuildCommonClasses (17ms)
	RebuildNativeTypeToScriptingClass (6ms)
	initialDomainReloadingComplete (34ms)
	LoadAllAssembliesAndSetupDomain (177ms)
		LoadAssemblies (240ms)
		RebuildTransferFunctionScriptingTraits (0ms)
		AnalyzeDomain (10ms)
			TypeCache.Refresh (3ms)
				TypeCache.ScanAssembly (0ms)
			ScanForSourceGeneratedMonoScriptInfo (0ms)
			ResolveRequiredComponents (5ms)
	FinalizeReload (904ms)
		ReleaseScriptCaches (0ms)
		RebuildScriptCaches (0ms)
		SetupLoadedEditorAssemblies (318ms)
			LogAssemblyErrors (0ms)
			InitializePlatformSupportModulesInManaged (6ms)
			SetLoadedEditorAssemblies (4ms)
			RefreshPlugins (0ms)
			BeforeProcessingInitializeOnLoad (54ms)
			ProcessInitializeOnLoadAttributes (229ms)
			ProcessInitializeOnLoadMethodAttributes (15ms)
			AfterProcessingInitializeOnLoad (10ms)
			EditorAssembliesLoaded (0ms)
		ExecutionOrderSort2 (0ms)
		AwakeInstancesAfterBackupRestoration (9ms)
Refreshing native plugins compatible for Editor in 6.26 ms, found 3 plugins.
Preloading 0 native plugins for Editor in 0.00 ms.
Unloading 3156 Unused Serialized files (Serialized files now loaded: 0)
Unloading 14 unused Assets / (28.6 KB). Loaded Objects now: 3678.
Memory consumption went from 125.6 MB to 125.6 MB.
Total: 2.366500 ms (FindLiveObjects: 0.226800 ms CreateObjectMapping: 0.055000 ms MarkObjects: 2.045800 ms  DeleteObjects: 0.037900 ms)

Prepare: number of updated asset objects reloaded= 0
AssetImportParameters requested are different than current active one (requested -> active):
  custom:container-demuxer-ogg: 62fdf1f143b41e24485cea50d1cbac27 -> 
  custom:video-codec-MediaFoundation-h265: 746d11721c4dcdbdad8f713fa42b33f4 -> 
  custom:video-decoder-ogg-theora: a1e56fd34408186e4bbccfd4996cb3dc -> 
  custom:framework-win-MediaFoundation: 216162199b28c13a410421893ffa2e32 -> 
  custom:CustomObjectIndexerAttribute: 9a22284fe3817be447336de3de66b15e -> 
  custom:container-demuxer-webm: 4f35f7cbe854078d1ac9338744f61a02 -> 
  custom:container-muxer-webm: aa71ff27fc2769a1b78a27578f13a17b -> 
  custom:video-decoder-webm-vp8: 9c59270c3fd7afecdb556c50c9e8de78 -> 
  custom:SearchIndexIgnoredProperties: e643bd26f0fe6173181afceb89e7c659 -> 
  custom:AudioImporter_EditorPlatform: d09bf68614088b80899f8185d706f6e7 -> 
  custom:video-encoder-webm-vp8: eb34c28f22e8b96e1ab97ce403110664 -> 
  custom:audio-decoder-ogg-vorbis: bf7c407c2cedff20999df2af8eb42d56 -> 
  custom:audio-encoder-webm-vorbis: bf7c407c2cedff20999df2af8eb42d56 -> 
========================================================================
Received Prepare
Caller must complete domain reload
Begin MonoManager ReloadAssembly
- Loaded All Assemblies, in  0.352 seconds
Native extension for WindowsStandalone target not found
Native extension for WebGL target not found
Mono: successfully reloaded assembly
- Finished resetting the current domain, in  0.604 seconds
Domain Reload Profiling: 953ms
	BeginReloadAssembly (138ms)
		ExecutionOrderSort (0ms)
		DisableScriptedObjects (3ms)
		BackupInstance (0ms)
		ReleaseScriptingObjects (0ms)
		CreateAndSetChildDomain (32ms)
	RebuildCommonClasses (27ms)
	RebuildNativeTypeToScriptingClass (6ms)
	initialDomainReloadingComplete (23ms)
	LoadAllAssembliesAndSetupDomain (155ms)
		LoadAssemblies (222ms)
		RebuildTransferFunctionScriptingTraits (0ms)
		AnalyzeDomain (8ms)
			TypeCache.Refresh (3ms)
				TypeCache.ScanAssembly (0ms)
			ScanForSourceGeneratedMonoScriptInfo (0ms)
			ResolveRequiredComponents (4ms)
	FinalizeReload (604ms)
		ReleaseScriptCaches (0ms)
		RebuildScriptCaches (0ms)
		SetupLoadedEditorAssemblies (247ms)
			LogAssemblyErrors (0ms)
			InitializePlatformSupportModulesInManaged (5ms)
			SetLoadedEditorAssemblies (3ms)
			RefreshPlugins (0ms)
			BeforeProcessingInitializeOnLoad (39ms)
			ProcessInitializeOnLoadAttributes (180ms)
			ProcessInitializeOnLoadMethodAttributes (13ms)
			AfterProcessingInitializeOnLoad (8ms)
			EditorAssembliesLoaded (0ms)
		ExecutionOrderSort2 (0ms)
		AwakeInstancesAfterBackupRestoration (8ms)
Refreshing native plugins compatible for Editor in 4.88 ms, found 3 plugins.
Preloading 0 native plugins for Editor in 0.00 ms.
Unloading 3156 Unused Serialized files (Serialized files now loaded: 0)
Unloading 14 unused Assets / (28.6 KB). Loaded Objects now: 3681.
Memory consumption went from 125.6 MB to 125.6 MB.
Total: 3.030900 ms (FindLiveObjects: 0.274700 ms CreateObjectMapping: 0.098600 ms MarkObjects: 2.614500 ms  DeleteObjects: 0.042200 ms)

Prepare: number of updated asset objects reloaded= 0
AssetImportParameters requested are different than current active one (requested -> active):
  custom:container-demuxer-ogg: 62fdf1f143b41e24485cea50d1cbac27 -> 
  custom:video-codec-MediaFoundation-h265: 746d11721c4dcdbdad8f713fa42b33f4 -> 
  custom:video-decoder-ogg-theora: a1e56fd34408186e4bbccfd4996cb3dc -> 
  custom:framework-win-MediaFoundation: 216162199b28c13a410421893ffa2e32 -> 
  custom:CustomObjectIndexerAttribute: 9a22284fe3817be447336de3de66b15e -> 
  custom:container-demuxer-webm: 4f35f7cbe854078d1ac9338744f61a02 -> 
  custom:container-muxer-webm: aa71ff27fc2769a1b78a27578f13a17b -> 
  custom:video-decoder-webm-vp8: 9c59270c3fd7afecdb556c50c9e8de78 -> 
  custom:SearchIndexIgnoredProperties: e643bd26f0fe6173181afceb89e7c659 -> 
  custom:AudioImporter_EditorPlatform: d09bf68614088b80899f8185d706f6e7 -> 
  custom:video-encoder-webm-vp8: eb34c28f22e8b96e1ab97ce403110664 -> 
  custom:audio-decoder-ogg-vorbis: bf7c407c2cedff20999df2af8eb42d56 -> 
  custom:audio-encoder-webm-vorbis: bf7c407c2cedff20999df2af8eb42d56 -> 
========================================================================
Received Prepare
Caller must complete domain reload
Begin MonoManager ReloadAssembly
- Loaded All Assemblies, in  0.290 seconds
Native extension for WindowsStandalone target not found
Native extension for WebGL target not found
Mono: successfully reloaded assembly
- Finished resetting the current domain, in  0.534 seconds
Domain Reload Profiling: 821ms
	BeginReloadAssembly (93ms)
		ExecutionOrderSort (0ms)
		DisableScriptedObjects (2ms)
		BackupInstance (0ms)
		ReleaseScriptingObjects (0ms)
		CreateAndSetChildDomain (19ms)
	RebuildCommonClasses (48ms)
	RebuildNativeTypeToScriptingClass (6ms)
	initialDomainReloadingComplete (24ms)
	LoadAllAssembliesAndSetupDomain (116ms)
		LoadAssemblies (157ms)
		RebuildTransferFunctionScriptingTraits (0ms)
		AnalyzeDomain (7ms)
			TypeCache.Refresh (3ms)
				TypeCache.ScanAssembly (0ms)
			ScanForSourceGeneratedMonoScriptInfo (0ms)
			ResolveRequiredComponents (3ms)
	FinalizeReload (534ms)
		ReleaseScriptCaches (0ms)
		RebuildScriptCaches (0ms)
		SetupLoadedEditorAssemblies (213ms)
			LogAssemblyErrors (0ms)
			InitializePlatformSupportModulesInManaged (4ms)
			SetLoadedEditorAssemblies (3ms)
			RefreshPlugins (0ms)
			BeforeProcessingInitializeOnLoad (37ms)
			ProcessInitializeOnLoadAttributes (151ms)
			ProcessInitializeOnLoadMethodAttributes (12ms)
			AfterProcessingInitializeOnLoad (7ms)
			EditorAssembliesLoaded (0ms)
		ExecutionOrderSort2 (0ms)
		AwakeInstancesAfterBackupRestoration (8ms)
Refreshing native plugins compatible for Editor in 4.21 ms, found 3 plugins.
Preloading 0 native plugins for Editor in 0.00 ms.
Unloading 3156 Unused Serialized files (Serialized files now loaded: 0)
Unloading 14 unused Assets / (28.5 KB). Loaded Objects now: 3684.
Memory consumption went from 125.6 MB to 125.6 MB.
Total: 1.952300 ms (FindLiveObjects: 0.245700 ms CreateObjectMapping: 0.051200 ms MarkObjects: 1.622600 ms  DeleteObjects: 0.031400 ms)

Prepare: number of updated asset objects reloaded= 0
AssetImportParameters requested are different than current active one (requested -> active):
  custom:container-demuxer-ogg: 62fdf1f143b41e24485cea50d1cbac27 -> 
  custom:video-codec-MediaFoundation-h265: 746d11721c4dcdbdad8f713fa42b33f4 -> 
  custom:video-decoder-ogg-theora: a1e56fd34408186e4bbccfd4996cb3dc -> 
  custom:framework-win-MediaFoundation: 216162199b28c13a410421893ffa2e32 -> 
  custom:CustomObjectIndexerAttribute: 9a22284fe3817be447336de3de66b15e -> 
  custom:container-demuxer-webm: 4f35f7cbe854078d1ac9338744f61a02 -> 
  custom:container-muxer-webm: aa71ff27fc2769a1b78a27578f13a17b -> 
  custom:video-decoder-webm-vp8: 9c59270c3fd7afecdb556c50c9e8de78 -> 
  custom:SearchIndexIgnoredProperties: e643bd26f0fe6173181afceb89e7c659 -> 
  custom:AudioImporter_EditorPlatform: d09bf68614088b80899f8185d706f6e7 -> 
  custom:video-encoder-webm-vp8: eb34c28f22e8b96e1ab97ce403110664 -> 
  custom:audio-decoder-ogg-vorbis: bf7c407c2cedff20999df2af8eb42d56 -> 
  custom:audio-encoder-webm-vorbis: bf7c407c2cedff20999df2af8eb42d56 -> 
