Using pre-set license
Built from '2022.3/staging' branch; Version is '2022.3.50f1 (c3db7f8bf9b1) revision 12835711'; Using compiler version '192829333'; Build Type 'Release'
OS: 'Windows 11  (10.0.26100) 64bit CoreCountrySpecific' Language: 'zh' Physical Memory: 23853 MB
BatchMode: 1, IsHumanControllingUs: 0, StartBugReporterOnCrash: 0, Is64bit: 1, IsPro: 1

COMMAND LINE ARGUMENTS:
D:\ProgramData\Unity\Hub\Editor\2022.3.50f1\Editor\Unity.exe
-adb2
-batchMode
-noUpm
-name
AssetImportWorker2
-projectPath
D:/Study/GraduationProject/DigitalSupermarket/MT-Final-Project
-logFile
Logs/AssetImportWorker2.log
-srvPort
55476
Successfully changed project path to: D:/Study/GraduationProject/DigitalSupermarket/MT-Final-Project
D:/Study/GraduationProject/DigitalSupermarket/MT-Final-Project
[UnityMemory] Configuration Parameters - Can be set up in boot.config
    "memorysetup-bucket-allocator-granularity=16"
    "memorysetup-bucket-allocator-bucket-count=8"
    "memorysetup-bucket-allocator-block-size=33554432"
    "memorysetup-bucket-allocator-block-count=8"
    "memorysetup-main-allocator-block-size=16777216"
    "memorysetup-thread-allocator-block-size=16777216"
    "memorysetup-gfx-main-allocator-block-size=16777216"
    "memorysetup-gfx-thread-allocator-block-size=16777216"
    "memorysetup-cache-allocator-block-size=4194304"
    "memorysetup-typetree-allocator-block-size=2097152"
    "memorysetup-profiler-bucket-allocator-granularity=16"
    "memorysetup-profiler-bucket-allocator-bucket-count=8"
    "memorysetup-profiler-bucket-allocator-block-size=33554432"
    "memorysetup-profiler-bucket-allocator-block-count=8"
    "memorysetup-profiler-allocator-block-size=16777216"
    "memorysetup-profiler-editor-allocator-block-size=1048576"
    "memorysetup-temp-allocator-size-main=16777216"
    "memorysetup-job-temp-allocator-block-size=2097152"
    "memorysetup-job-temp-allocator-block-size-background=1048576"
    "memorysetup-job-temp-allocator-reduction-small-platforms=262144"
    "memorysetup-allocator-temp-initial-block-size-main=262144"
    "memorysetup-allocator-temp-initial-block-size-worker=262144"
    "memorysetup-temp-allocator-size-background-worker=32768"
    "memorysetup-temp-allocator-size-job-worker=262144"
    "memorysetup-temp-allocator-size-preload-manager=33554432"
    "memorysetup-temp-allocator-size-nav-mesh-worker=65536"
    "memorysetup-temp-allocator-size-audio-worker=65536"
    "memorysetup-temp-allocator-size-cloud-worker=32768"
    "memorysetup-temp-allocator-size-gi-baking-worker=262144"
    "memorysetup-temp-allocator-size-gfx=262144"
Player connection [37604]  Target information:

Player connection [37604]  * "[IP] 192.168.1.102 [Port] 0 [Flags] 2 [Guid] 1015119893 [EditorId] 1015119893 [Version] 1048832 [Id] WindowsEditor(7,thisco) [Debug] 1 [PackageName] WindowsEditor [ProjectName] Editor" 

Player connection [37604] Host joined multi-casting on [225.0.0.222:54997]...
Player connection [37604] Host joined alternative multi-casting on [225.0.0.222:34997]...
[PhysX] Initialized MultithreadedTaskDispatcher with 16 workers.
Refreshing native plugins compatible for Editor in 186.68 ms, found 8 plugins.
Preloading 0 native plugins for Editor in 0.00 ms.
Initialize engine version: 2022.3.50f1 (c3db7f8bf9b1)
[Subsystems] Discovering subsystems at path D:/ProgramData/Unity/Hub/Editor/2022.3.50f1/Editor/Data/Resources/UnitySubsystems
[Subsystems] Discovering subsystems at path D:/Study/GraduationProject/DigitalSupermarket/MT-Final-Project/Assets
GfxDevice: creating device client; threaded=0; jobified=0
Direct3D:
    Version:  Direct3D 11.0 [level 11.1]
    Renderer: NVIDIA GeForce RTX 4060 Laptop GPU (ID=0x28a0)
    Vendor:   NVIDIA
    VRAM:     7957 MB
    Driver:   32.0.15.7602
Initialize mono
Mono path[0] = 'D:/ProgramData/Unity/Hub/Editor/2022.3.50f1/Editor/Data/Managed'
Mono path[1] = 'D:/ProgramData/Unity/Hub/Editor/2022.3.50f1/Editor/Data/MonoBleedingEdge/lib/mono/unityjit-win32'
Mono config path = 'D:/ProgramData/Unity/Hub/Editor/2022.3.50f1/Editor/Data/MonoBleedingEdge/etc'
Using monoOptions --debugger-agent=transport=dt_socket,embedding=1,server=y,suspend=n,address=127.0.0.1:56008
Begin MonoManager ReloadAssembly
Registering precompiled unity dll's ...
Register platform support module: D:/ProgramData/Unity/Hub/Editor/2022.3.50f1/Editor/Data/PlaybackEngines/WindowsStandaloneSupport/UnityEditor.WindowsStandalone.Extensions.dll
Registered in 0.003141 seconds.
- Loaded All Assemblies, in  0.418 seconds
Native extension for WindowsStandalone target not found
Mono: successfully reloaded assembly
- Finished resetting the current domain, in  0.223 seconds
Domain Reload Profiling: 641ms
	BeginReloadAssembly (114ms)
		ExecutionOrderSort (0ms)
		DisableScriptedObjects (0ms)
		BackupInstance (0ms)
		ReleaseScriptingObjects (0ms)
		CreateAndSetChildDomain (1ms)
	RebuildCommonClasses (36ms)
	RebuildNativeTypeToScriptingClass (8ms)
	initialDomainReloadingComplete (40ms)
	LoadAllAssembliesAndSetupDomain (219ms)
		LoadAssemblies (113ms)
		RebuildTransferFunctionScriptingTraits (0ms)
		AnalyzeDomain (218ms)
			TypeCache.Refresh (217ms)
				TypeCache.ScanAssembly (207ms)
			ScanForSourceGeneratedMonoScriptInfo (0ms)
			ResolveRequiredComponents (0ms)
	FinalizeReload (223ms)
		ReleaseScriptCaches (0ms)
		RebuildScriptCaches (0ms)
		SetupLoadedEditorAssemblies (184ms)
			LogAssemblyErrors (0ms)
			InitializePlatformSupportModulesInManaged (8ms)
			SetLoadedEditorAssemblies (5ms)
			RefreshPlugins (0ms)
			BeforeProcessingInitializeOnLoad (1ms)
			ProcessInitializeOnLoadAttributes (125ms)
			ProcessInitializeOnLoadMethodAttributes (44ms)
			AfterProcessingInitializeOnLoad (0ms)
			EditorAssembliesLoaded (0ms)
		ExecutionOrderSort2 (0ms)
		AwakeInstancesAfterBackupRestoration (0ms)
========================================================================
Worker process is ready to serve import requests
Caller must complete domain reload
Begin MonoManager ReloadAssembly
- Loaded All Assemblies, in  0.824 seconds
Native extension for WindowsStandalone target not found
Mono: successfully reloaded assembly
- Finished resetting the current domain, in  0.752 seconds
Domain Reload Profiling: 1577ms
	BeginReloadAssembly (99ms)
		ExecutionOrderSort (0ms)
		DisableScriptedObjects (3ms)
		BackupInstance (0ms)
		ReleaseScriptingObjects (0ms)
		CreateAndSetChildDomain (19ms)
	RebuildCommonClasses (21ms)
	RebuildNativeTypeToScriptingClass (7ms)
	initialDomainReloadingComplete (42ms)
	LoadAllAssembliesAndSetupDomain (655ms)
		LoadAssemblies (434ms)
		RebuildTransferFunctionScriptingTraits (0ms)
		AnalyzeDomain (276ms)
			TypeCache.Refresh (256ms)
				TypeCache.ScanAssembly (155ms)
			ScanForSourceGeneratedMonoScriptInfo (14ms)
			ResolveRequiredComponents (4ms)
	FinalizeReload (753ms)
		ReleaseScriptCaches (0ms)
		RebuildScriptCaches (0ms)
		SetupLoadedEditorAssemblies (625ms)
			LogAssemblyErrors (0ms)
			InitializePlatformSupportModulesInManaged (4ms)
			SetLoadedEditorAssemblies (3ms)
			RefreshPlugins (0ms)
			BeforeProcessingInitializeOnLoad (71ms)
			ProcessInitializeOnLoadAttributes (526ms)
			ProcessInitializeOnLoadMethodAttributes (17ms)
			AfterProcessingInitializeOnLoad (2ms)
			EditorAssembliesLoaded (0ms)
		ExecutionOrderSort2 (0ms)
		AwakeInstancesAfterBackupRestoration (6ms)
Launched and connected shader compiler UnityShaderCompiler.exe after 0.10 seconds
Refreshing native plugins compatible for Editor in 29.90 ms, found 8 plugins.
Preloading 0 native plugins for Editor in 0.00 ms.
Unloading 3263 Unused Serialized files (Serialized files now loaded: 0)
Unloading 32 unused Assets / (61.7 KB). Loaded Objects now: 3720.
Memory consumption went from 133.9 MB to 133.9 MB.
Total: 4.961800 ms (FindLiveObjects: 0.486600 ms CreateObjectMapping: 0.101200 ms MarkObjects: 4.192700 ms  DeleteObjects: 0.179700 ms)

AssetImportParameters requested are different than current active one (requested -> active):
  custom:container-demuxer-ogg: 62fdf1f143b41e24485cea50d1cbac27 -> 
  custom:scripting/monoscript/fileName/ItemInteraction.cs: c43c7923e53ececd65d6ae444b350843 -> 
  custom:video-codec-MediaFoundation-h265: 746d11721c4dcdbdad8f713fa42b33f4 -> 
  custom:scripting/monoscript/fileName/FreeCamera1.cs: cfa08fe9b0fdfec479ed24ebb8964fa3 -> 
  custom:video-decoder-ogg-theora: a1e56fd34408186e4bbccfd4996cb3dc -> 
  custom:framework-win-MediaFoundation: 216162199b28c13a410421893ffa2e32 -> 
  custom:CustomObjectIndexerAttribute: 9a22284fe3817be447336de3de66b15e -> 
  custom:container-demuxer-webm: 4f35f7cbe854078d1ac9338744f61a02 -> 
  custom:container-muxer-webm: aa71ff27fc2769a1b78a27578f13a17b -> 
  custom:video-decoder-webm-vp8: 9c59270c3fd7afecdb556c50c9e8de78 -> 
  custom:scripting/monoscript/fileName/ItemData.cs: aa443fe117f868e3be9d7f6bf5865156 -> 
  custom:SearchIndexIgnoredProperties: e643bd26f0fe6173181afceb89e7c659 -> 
  custom:AudioImporter_EditorPlatform: d09bf68614088b80899f8185d706f6e7 -> 
  custom:scripting/monoscript/fileName/FreeCart.cs: cfa08fe9b0fdfec479ed24ebb8964fa3 -> 
  custom:video-encoder-webm-vp8: eb34c28f22e8b96e1ab97ce403110664 -> 
  custom:audio-decoder-ogg-vorbis: bf7c407c2cedff20999df2af8eb42d56 -> 
  custom:audio-encoder-webm-vorbis: bf7c407c2cedff20999df2af8eb42d56 -> 
========================================================================
Received Import Request.
  Time since last request: 108381.829044 seconds.
  path: Assets/ModernSupermarket/Models/Architecture/PillarTop.fbx
  artifactKey: Guid(1cc76443630eda24db629d8ecd4a2f66) Importer(2089858483,0ecaa5967403d082aa24f35e1b516d23)
Start importing Assets/ModernSupermarket/Models/Architecture/PillarTop.fbx using Guid(1cc76443630eda24db629d8ecd4a2f66) Importer(2089858483,0ecaa5967403d082aa24f35e1b516d23) [PhysX] Initialized MultithreadedTaskDispatcher with 16 workers.
 -> (artifact id: '13c7dd15da61b96f5a59f81a2a536d1d') in 0.120205 seconds
Number of updated asset objects reloaded before import = 0
Number of asset objects unloaded after import = 7
========================================================================
Received Import Request.
  Time since last request: 0.000024 seconds.
  path: Assets/ModernSupermarket/Prefabs/Furniture/Sign_04h2fw_Cleaning.prefab
  artifactKey: Guid(5216e785d6e568d4db22a355d3c81a15) Importer(2089858483,0ecaa5967403d082aa24f35e1b516d23)
Start importing Assets/ModernSupermarket/Prefabs/Furniture/Sign_04h2fw_Cleaning.prefab using Guid(5216e785d6e568d4db22a355d3c81a15) Importer(2089858483,0ecaa5967403d082aa24f35e1b516d23) [PhysX] Initialized MultithreadedTaskDispatcher with 16 workers.
 -> (artifact id: '0188c0106b5213c535b65d4157c0de93') in 0.018553 seconds
Number of updated asset objects reloaded before import = 0
Number of asset objects unloaded after import = 15
========================================================================
Received Import Request.
  Time since last request: 0.000043 seconds.
  path: Assets/ModernSupermarket/Prefabs/Furniture/Stall_94wthk.prefab
  artifactKey: Guid(467386ef186ad174980100b233812dd6) Importer(2089858483,0ecaa5967403d082aa24f35e1b516d23)
Start importing Assets/ModernSupermarket/Prefabs/Furniture/Stall_94wthk.prefab using Guid(467386ef186ad174980100b233812dd6) Importer(2089858483,0ecaa5967403d082aa24f35e1b516d23) [PhysX] Initialized MultithreadedTaskDispatcher with 16 workers.
 -> (artifact id: '60ecfcd0b190d40cac83ad1fb744a1d0') in 0.015520 seconds
Number of updated asset objects reloaded before import = 0
Number of asset objects unloaded after import = 8
========================================================================
Received Import Request.
  Time since last request: 0.000025 seconds.
  path: Assets/ModernSupermarket/Prefabs/Architecture/Vent_9y3yod_Grid02.prefab
  artifactKey: Guid(d902df3aef2935e4eb07ce8ea4eab913) Importer(2089858483,0ecaa5967403d082aa24f35e1b516d23)
Start importing Assets/ModernSupermarket/Prefabs/Architecture/Vent_9y3yod_Grid02.prefab using Guid(d902df3aef2935e4eb07ce8ea4eab913) Importer(2089858483,0ecaa5967403d082aa24f35e1b516d23) [PhysX] Initialized MultithreadedTaskDispatcher with 16 workers.
 -> (artifact id: '9531a4fd0de8cd4bf030c7d51d506d74') in 0.016844 seconds
Number of updated asset objects reloaded before import = 0
Number of asset objects unloaded after import = 8
========================================================================
Received Import Request.
  Time since last request: 0.000030 seconds.
  path: Assets/ModernSupermarket/Prefabs/Furniture/Sign_04h2fw_Meat.prefab
  artifactKey: Guid(3cf462eb7902762429e50e4e68f69e6a) Importer(2089858483,0ecaa5967403d082aa24f35e1b516d23)
Start importing Assets/ModernSupermarket/Prefabs/Furniture/Sign_04h2fw_Meat.prefab using Guid(3cf462eb7902762429e50e4e68f69e6a) Importer(2089858483,0ecaa5967403d082aa24f35e1b516d23) [PhysX] Initialized MultithreadedTaskDispatcher with 16 workers.
 -> (artifact id: '1d364348b2cd84ec94f05e6506f14f36') in 0.018229 seconds
Number of updated asset objects reloaded before import = 0
Number of asset objects unloaded after import = 15
========================================================================
Received Import Request.
  Time since last request: 0.000019 seconds.
  path: Assets/SpeechSDK/Plugins/x86/Microsoft.CognitiveServices.Speech.extension.lu.dll
  artifactKey: Guid(d397ab24736ffc840afcc392a699741e) Importer(2089858483,0ecaa5967403d082aa24f35e1b516d23)
Start importing Assets/SpeechSDK/Plugins/x86/Microsoft.CognitiveServices.Speech.extension.lu.dll using Guid(d397ab24736ffc840afcc392a699741e) Importer(2089858483,0ecaa5967403d082aa24f35e1b516d23) [PhysX] Initialized MultithreadedTaskDispatcher with 16 workers.
 -> (artifact id: '832948fed2626c51c815dfa0dc335c98') in 0.018551 seconds
Number of updated asset objects reloaded before import = 0
Number of asset objects unloaded after import = 1
========================================================================
Received Import Request.
  Time since last request: 0.000018 seconds.
  path: Assets/ModernSupermarket/Prefabs/Architecture/PillarTop_BeamRight.prefab
  artifactKey: Guid(4eec0794275c82745986ff2c1776dd3e) Importer(2089858483,0ecaa5967403d082aa24f35e1b516d23)
Start importing Assets/ModernSupermarket/Prefabs/Architecture/PillarTop_BeamRight.prefab using Guid(4eec0794275c82745986ff2c1776dd3e) Importer(2089858483,0ecaa5967403d082aa24f35e1b516d23) [PhysX] Initialized MultithreadedTaskDispatcher with 16 workers.
 -> (artifact id: '9a08862f26097eeb3f59c2fa80fb4c73') in 0.016847 seconds
Number of updated asset objects reloaded before import = 0
Number of asset objects unloaded after import = 8
========================================================================
Received Import Request.
  Time since last request: 0.000023 seconds.
  path: Assets/ModernSupermarket/Settings/Standard/Scene_Supermarket Post-processing Profile.asset
  artifactKey: Guid(e46336d849bf2414685b85fc0b0eac50) Importer(2089858483,0ecaa5967403d082aa24f35e1b516d23)
Start importing Assets/ModernSupermarket/Settings/Standard/Scene_Supermarket Post-processing Profile.asset using Guid(e46336d849bf2414685b85fc0b0eac50) Importer(2089858483,0ecaa5967403d082aa24f35e1b516d23) [PhysX] Initialized MultithreadedTaskDispatcher with 16 workers.
 -> (artifact id: 'a3b79dac68ec722a96ea27805b952427') in 0.013966 seconds
Number of updated asset objects reloaded before import = 0
Number of asset objects unloaded after import = 1
========================================================================
Received Import Request.
  Time since last request: 0.000024 seconds.
  path: Assets/ModernSupermarket/Models/Architecture/WallDoor.fbx
  artifactKey: Guid(1aa93c97663a7cf46a2c9dc84e4cf896) Importer(2089858483,0ecaa5967403d082aa24f35e1b516d23)
Start importing Assets/ModernSupermarket/Models/Architecture/WallDoor.fbx using Guid(1aa93c97663a7cf46a2c9dc84e4cf896) Importer(2089858483,0ecaa5967403d082aa24f35e1b516d23) [PhysX] Initialized MultithreadedTaskDispatcher with 16 workers.
 -> (artifact id: '16649600468415b66eff765d6d2cbaaa') in 0.018688 seconds
Number of updated asset objects reloaded before import = 0
Number of asset objects unloaded after import = 7
========================================================================
Received Import Request.
  Time since last request: 0.000025 seconds.
  path: Assets/ModernSupermarket/Models/Architecture/PillarTop_BeamStraight.fbx
  artifactKey: Guid(e3bb45636e7a84e408f994e41d8fc179) Importer(2089858483,0ecaa5967403d082aa24f35e1b516d23)
Start importing Assets/ModernSupermarket/Models/Architecture/PillarTop_BeamStraight.fbx using Guid(e3bb45636e7a84e408f994e41d8fc179) Importer(2089858483,0ecaa5967403d082aa24f35e1b516d23) [PhysX] Initialized MultithreadedTaskDispatcher with 16 workers.
 -> (artifact id: 'f8159e7e9170d92d185dd5dd8824bcd0') in 0.016298 seconds
Number of updated asset objects reloaded before import = 0
Number of asset objects unloaded after import = 7
========================================================================
Received Import Request.
  Time since last request: 0.000023 seconds.
  path: Assets/ModernSupermarket/Prefabs/Furniture/Counter_attlsvVar01.prefab
  artifactKey: Guid(ba4f57aca56548240a1bb92ceb900ea9) Importer(2089858483,0ecaa5967403d082aa24f35e1b516d23)
Start importing Assets/ModernSupermarket/Prefabs/Furniture/Counter_attlsvVar01.prefab using Guid(ba4f57aca56548240a1bb92ceb900ea9) Importer(2089858483,0ecaa5967403d082aa24f35e1b516d23) [PhysX] Initialized MultithreadedTaskDispatcher with 16 workers.
 -> (artifact id: 'ed1ed64e6401913b0b3f1b6858db2515') in 0.018766 seconds
Number of updated asset objects reloaded before import = 0
Number of asset objects unloaded after import = 15
========================================================================
Received Import Request.
  Time since last request: 0.000020 seconds.
  path: Assets/ModernSupermarket/Prefabs/Furniture/Sign_9jlt52_Square.prefab
  artifactKey: Guid(84faa979b58fa0b4386498c7f0e969a3) Importer(2089858483,0ecaa5967403d082aa24f35e1b516d23)
Start importing Assets/ModernSupermarket/Prefabs/Furniture/Sign_9jlt52_Square.prefab using Guid(84faa979b58fa0b4386498c7f0e969a3) Importer(2089858483,0ecaa5967403d082aa24f35e1b516d23) [PhysX] Initialized MultithreadedTaskDispatcher with 16 workers.
 -> (artifact id: '7420dcdeb83d088fb2fc89228cb90a73') in 0.015616 seconds
Number of updated asset objects reloaded before import = 0
Number of asset objects unloaded after import = 8
========================================================================
Received Import Request.
  Time since last request: 0.000016 seconds.
  path: Assets/SpeechSDK/Plugins/x86/Microsoft.CognitiveServices.Speech.core.dll
  artifactKey: Guid(7455490e6df7cb649b96fbffb41f5635) Importer(2089858483,0ecaa5967403d082aa24f35e1b516d23)
Start importing Assets/SpeechSDK/Plugins/x86/Microsoft.CognitiveServices.Speech.core.dll using Guid(7455490e6df7cb649b96fbffb41f5635) Importer(2089858483,0ecaa5967403d082aa24f35e1b516d23) [PhysX] Initialized MultithreadedTaskDispatcher with 16 workers.
 -> (artifact id: '433a23bfa709ba0004188df4acc0e3e0') in 0.011534 seconds
Number of updated asset objects reloaded before import = 0
Number of asset objects unloaded after import = 1
========================================================================
Received Import Request.
  Time since last request: 0.000018 seconds.
  path: Assets/ModernSupermarket/Settings/Standard/Scene_Prefabs Post-processing Profile.asset
  artifactKey: Guid(a5186034c9bed7e4b9f8175c0f423a19) Importer(2089858483,0ecaa5967403d082aa24f35e1b516d23)
Start importing Assets/ModernSupermarket/Settings/Standard/Scene_Prefabs Post-processing Profile.asset using Guid(a5186034c9bed7e4b9f8175c0f423a19) Importer(2089858483,0ecaa5967403d082aa24f35e1b516d23) [PhysX] Initialized MultithreadedTaskDispatcher with 16 workers.
 -> (artifact id: 'e1c359d157645e0e2ea41104d36ee277') in 0.012798 seconds
Number of updated asset objects reloaded before import = 0
Number of asset objects unloaded after import = 1
========================================================================
Received Import Request.
  Time since last request: 0.000019 seconds.
  path: Assets/ModernSupermarket/Prefabs/Furniture/Sign_04h2fw_Breakfast.prefab
  artifactKey: Guid(5bc12c99a1df09444a52ed31e866b8cd) Importer(2089858483,0ecaa5967403d082aa24f35e1b516d23)
Start importing Assets/ModernSupermarket/Prefabs/Furniture/Sign_04h2fw_Breakfast.prefab using Guid(5bc12c99a1df09444a52ed31e866b8cd) Importer(2089858483,0ecaa5967403d082aa24f35e1b516d23) [PhysX] Initialized MultithreadedTaskDispatcher with 16 workers.
 -> (artifact id: 'd2ee887da435983144102644754d55b9') in 0.017681 seconds
Number of updated asset objects reloaded before import = 0
Number of asset objects unloaded after import = 27
========================================================================
Received Import Request.
  Time since last request: 0.000020 seconds.
  path: Assets/ModernSupermarket/Prefabs/Furniture/Sign_9jlt52_Star.prefab
  artifactKey: Guid(6e1507f4ecaec084a9da4a777361b681) Importer(2089858483,0ecaa5967403d082aa24f35e1b516d23)
Start importing Assets/ModernSupermarket/Prefabs/Furniture/Sign_9jlt52_Star.prefab using Guid(6e1507f4ecaec084a9da4a777361b681) Importer(2089858483,0ecaa5967403d082aa24f35e1b516d23) [PhysX] Initialized MultithreadedTaskDispatcher with 16 workers.
 -> (artifact id: '6acfb381d63a2fc08dfb92e0e485961f') in 0.016067 seconds
Number of updated asset objects reloaded before import = 0
Number of asset objects unloaded after import = 8
========================================================================
Received Import Request.
  Time since last request: 0.000019 seconds.
  path: Assets/ModernSupermarket/Prefabs/Architecture/Ceiling.prefab
  artifactKey: Guid(c85ea330b01fd4341bbc049ea7f1a130) Importer(2089858483,0ecaa5967403d082aa24f35e1b516d23)
Start importing Assets/ModernSupermarket/Prefabs/Architecture/Ceiling.prefab using Guid(c85ea330b01fd4341bbc049ea7f1a130) Importer(2089858483,0ecaa5967403d082aa24f35e1b516d23) [PhysX] Initialized MultithreadedTaskDispatcher with 16 workers.
 -> (artifact id: '14742d51116894b4b18eb430f5ac2416') in 0.014823 seconds
Number of updated asset objects reloaded before import = 0
Number of asset objects unloaded after import = 8
========================================================================
Received Import Request.
  Time since last request: 0.000019 seconds.
  path: Assets/ModernSupermarket/Prefabs/Architecture/PillarTop_BeamCross.prefab
  artifactKey: Guid(97c1d9833bf491649aab2d28143491c3) Importer(2089858483,0ecaa5967403d082aa24f35e1b516d23)
Start importing Assets/ModernSupermarket/Prefabs/Architecture/PillarTop_BeamCross.prefab using Guid(97c1d9833bf491649aab2d28143491c3) Importer(2089858483,0ecaa5967403d082aa24f35e1b516d23) [PhysX] Initialized MultithreadedTaskDispatcher with 16 workers.
 -> (artifact id: '5a3b186e0716225203e355e861015dbb') in 0.014958 seconds
Number of updated asset objects reloaded before import = 0
Number of asset objects unloaded after import = 8
========================================================================
Received Import Request.
  Time since last request: 0.000027 seconds.
  path: Assets/ModernSupermarket/Settings/URP/Global Volume Profile.asset
  artifactKey: Guid(9c6639025b017f74197328779267596f) Importer(2089858483,0ecaa5967403d082aa24f35e1b516d23)
Start importing Assets/ModernSupermarket/Settings/URP/Global Volume Profile.asset using Guid(9c6639025b017f74197328779267596f) Importer(2089858483,0ecaa5967403d082aa24f35e1b516d23) [PhysX] Initialized MultithreadedTaskDispatcher with 16 workers.
 -> (artifact id: '5ff231a14698a5db7612635369449d0a') in 0.009832 seconds
Number of updated asset objects reloaded before import = 0
Number of asset objects unloaded after import = 1
========================================================================
Received Import Request.
  Time since last request: 0.000019 seconds.
  path: Assets/ModernSupermarket/Prefabs/Furniture/Anti-theftDoor_9qs8y9.prefab
  artifactKey: Guid(8439ac4e28a998b4f83a6abe07ac93a2) Importer(2089858483,0ecaa5967403d082aa24f35e1b516d23)
Start importing Assets/ModernSupermarket/Prefabs/Furniture/Anti-theftDoor_9qs8y9.prefab using Guid(8439ac4e28a998b4f83a6abe07ac93a2) Importer(2089858483,0ecaa5967403d082aa24f35e1b516d23) [PhysX] Initialized MultithreadedTaskDispatcher with 16 workers.
 -> (artifact id: 'e8fca5890aae6685192877d0fd624d96') in 0.014122 seconds
Number of updated asset objects reloaded before import = 0
Number of asset objects unloaded after import = 15
========================================================================
Received Import Request.
  Time since last request: 0.000020 seconds.
  path: Assets/ModernSupermarket/Prefabs/Furniture/Sign_04h2fw_Pastas.prefab
  artifactKey: Guid(965409dd430b7184192a81db98ff39c4) Importer(2089858483,0ecaa5967403d082aa24f35e1b516d23)
Start importing Assets/ModernSupermarket/Prefabs/Furniture/Sign_04h2fw_Pastas.prefab using Guid(965409dd430b7184192a81db98ff39c4) Importer(2089858483,0ecaa5967403d082aa24f35e1b516d23) [PhysX] Initialized MultithreadedTaskDispatcher with 16 workers.
 -> (artifact id: 'e5684a330e1f04d39bcad49c6e05d554') in 0.021361 seconds
Number of updated asset objects reloaded before import = 0
Number of asset objects unloaded after import = 33
========================================================================
Received Import Request.
  Time since last request: 0.000022 seconds.
  path: Assets/ModernSupermarket/Prefabs/Furniture/Table_5ma72f.prefab
  artifactKey: Guid(fb297ff5d4ed968478fdf1bed8ac0c3c) Importer(2089858483,0ecaa5967403d082aa24f35e1b516d23)
Start importing Assets/ModernSupermarket/Prefabs/Furniture/Table_5ma72f.prefab using Guid(fb297ff5d4ed968478fdf1bed8ac0c3c) Importer(2089858483,0ecaa5967403d082aa24f35e1b516d23) [PhysX] Initialized MultithreadedTaskDispatcher with 16 workers.
 -> (artifact id: '111770c18bd4618afc6cfa19e04984e5') in 0.014947 seconds
Number of updated asset objects reloaded before import = 0
Number of asset objects unloaded after import = 8
========================================================================
Received Import Request.
  Time since last request: 0.000017 seconds.
  path: Assets/ModernSupermarket/Prefabs/Architecture/Wall.prefab
  artifactKey: Guid(9aac5da4c249fb943b2f58502039d284) Importer(2089858483,0ecaa5967403d082aa24f35e1b516d23)
Start importing Assets/ModernSupermarket/Prefabs/Architecture/Wall.prefab using Guid(9aac5da4c249fb943b2f58502039d284) Importer(2089858483,0ecaa5967403d082aa24f35e1b516d23) [PhysX] Initialized MultithreadedTaskDispatcher with 16 workers.
 -> (artifact id: '6f73035ce9f0978285d47a3d218c8109') in 0.024763 seconds
Number of updated asset objects reloaded before import = 0
Number of asset objects unloaded after import = 8
========================================================================
Received Import Request.
  Time since last request: 2.102905 seconds.
  path: Assets/SpeechSDK/Plugins/x86_64/Microsoft.CognitiveServices.Speech.csharp.dll
  artifactKey: Guid(767dc253e9352e54e8425d1239a0bda0) Importer(2089858483,0ecaa5967403d082aa24f35e1b516d23)
Start importing Assets/SpeechSDK/Plugins/x86_64/Microsoft.CognitiveServices.Speech.csharp.dll using Guid(767dc253e9352e54e8425d1239a0bda0) Importer(2089858483,0ecaa5967403d082aa24f35e1b516d23) [PhysX] Initialized MultithreadedTaskDispatcher with 16 workers.
 -> (artifact id: 'f23217333a6548752e6e7bbedc3d8f6e') in 0.013540 seconds
Number of updated asset objects reloaded before import = 0
Number of asset objects unloaded after import = 1
========================================================================
Received Import Request.
  Time since last request: 0.000019 seconds.
  path: Assets/TextMesh Pro/Examples & Extras/Materials/Small Crate_diffuse.mat
  artifactKey: Guid(22262639920f43d6be32430e4e58350d) Importer(2089858483,0ecaa5967403d082aa24f35e1b516d23)
Start importing Assets/TextMesh Pro/Examples & Extras/Materials/Small Crate_diffuse.mat using Guid(22262639920f43d6be32430e4e58350d) Importer(2089858483,0ecaa5967403d082aa24f35e1b516d23) [PhysX] Initialized MultithreadedTaskDispatcher with 16 workers.
 -> (artifact id: '7ce21ce0174976081af732c821fd4ad6') in 0.040065 seconds
Number of updated asset objects reloaded before import = 0
Number of asset objects unloaded after import = 3
========================================================================
Received Import Request.
  Time since last request: 0.000024 seconds.
  path: Assets/ModernSupermarket/Models/Architecture/Textures/Vents_a.png
  artifactKey: Guid(48a9d83419bea144189dfb33d7c1199a) Importer(2089858483,0ecaa5967403d082aa24f35e1b516d23)
Start importing Assets/ModernSupermarket/Models/Architecture/Textures/Vents_a.png using Guid(48a9d83419bea144189dfb33d7c1199a) Importer(2089858483,0ecaa5967403d082aa24f35e1b516d23) [PhysX] Initialized MultithreadedTaskDispatcher with 16 workers.
 -> (artifact id: 'a29b3b4a1d8571955e85dc6173064f69') in 0.045070 seconds
Number of updated asset objects reloaded before import = 0
Number of asset objects unloaded after import = 1
========================================================================
Received Import Request.
  Time since last request: 0.000092 seconds.
  path: Assets/TextMesh Pro/Examples & Extras/Scripts/TMP_DigitValidator.cs
  artifactKey: Guid(1a7eb92a01ed499a987bde9def05fbce) Importer(2089858483,0ecaa5967403d082aa24f35e1b516d23)
Start importing Assets/TextMesh Pro/Examples & Extras/Scripts/TMP_DigitValidator.cs using Guid(1a7eb92a01ed499a987bde9def05fbce) Importer(2089858483,0ecaa5967403d082aa24f35e1b516d23) [PhysX] Initialized MultithreadedTaskDispatcher with 16 workers.
 -> (artifact id: 'b944b499f8433245070ddeb03ca068d6') in 0.012876 seconds
Number of updated asset objects reloaded before import = 0
Number of asset objects unloaded after import = 1
========================================================================
Received Import Request.
  Time since last request: 0.000022 seconds.
  path: Assets/ModernSupermarket/Models/Furniture/Vent_9y3yo/Vent_9y3yod_Grid04.fbx
  artifactKey: Guid(60c55599c5a0d4e408237055ef85f717) Importer(2089858483,0ecaa5967403d082aa24f35e1b516d23)
Start importing Assets/ModernSupermarket/Models/Furniture/Vent_9y3yo/Vent_9y3yod_Grid04.fbx using Guid(60c55599c5a0d4e408237055ef85f717) Importer(2089858483,0ecaa5967403d082aa24f35e1b516d23) [PhysX] Initialized MultithreadedTaskDispatcher with 16 workers.
 -> (artifact id: '7acd6b9dec8fedb95aca650903c0eb7f') in 0.016416 seconds
Number of updated asset objects reloaded before import = 0
Number of asset objects unloaded after import = 7
========================================================================
Received Import Request.
  Time since last request: 0.000030 seconds.
  path: Assets/TextMesh Pro/Examples & Extras/Materials/Ground - Logo Scene.mat
  artifactKey: Guid(c719e38f25a9480abd2480ab621a2949) Importer(2089858483,0ecaa5967403d082aa24f35e1b516d23)
Start importing Assets/TextMesh Pro/Examples & Extras/Materials/Ground - Logo Scene.mat using Guid(c719e38f25a9480abd2480ab621a2949) Importer(2089858483,0ecaa5967403d082aa24f35e1b516d23) [PhysX] Initialized MultithreadedTaskDispatcher with 16 workers.
 -> (artifact id: 'a644bfc714a056d35d92bc5804d65b7d') in 0.012640 seconds
Number of updated asset objects reloaded before import = 0
Number of asset objects unloaded after import = 2
========================================================================
Received Import Request.
  Time since last request: 0.000017 seconds.
  path: Assets/TextMesh Pro/Examples & Extras/Scripts/Benchmark04.cs
  artifactKey: Guid(dc20866c0d5e413ab7559440e15333ae) Importer(2089858483,0ecaa5967403d082aa24f35e1b516d23)
Start importing Assets/TextMesh Pro/Examples & Extras/Scripts/Benchmark04.cs using Guid(dc20866c0d5e413ab7559440e15333ae) Importer(2089858483,0ecaa5967403d082aa24f35e1b516d23) [PhysX] Initialized MultithreadedTaskDispatcher with 16 workers.
 -> (artifact id: '2e9a5c49749ed3c188ba29960e62b9b9') in 0.011699 seconds
Number of updated asset objects reloaded before import = 0
Number of asset objects unloaded after import = 1
========================================================================
Received Import Request.
  Time since last request: 0.000032 seconds.
  path: Assets/ModernSupermarket/Models/Furniture/Counter_wh1nba/Counter_wh1nba.fbx
  artifactKey: Guid(8c21677017f676643ad9a22085712265) Importer(2089858483,0ecaa5967403d082aa24f35e1b516d23)
Start importing Assets/ModernSupermarket/Models/Furniture/Counter_wh1nba/Counter_wh1nba.fbx using Guid(8c21677017f676643ad9a22085712265) Importer(2089858483,0ecaa5967403d082aa24f35e1b516d23) [PhysX] Initialized MultithreadedTaskDispatcher with 16 workers.
 -> (artifact id: '1fad5729ea989469f28cd4bc2c125ca7') in 0.016356 seconds
Number of updated asset objects reloaded before import = 0
Number of asset objects unloaded after import = 7
========================================================================
Received Import Request.
  Time since last request: 0.000019 seconds.
  path: Assets/TextMesh Pro/Examples & Extras/Scripts/VertexJitter.cs
  artifactKey: Guid(2ed57967c52645d390a89dcf8f61ba73) Importer(2089858483,0ecaa5967403d082aa24f35e1b516d23)
Start importing Assets/TextMesh Pro/Examples & Extras/Scripts/VertexJitter.cs using Guid(2ed57967c52645d390a89dcf8f61ba73) Importer(2089858483,0ecaa5967403d082aa24f35e1b516d23) [PhysX] Initialized MultithreadedTaskDispatcher with 16 workers.
 -> (artifact id: '8190006044b40ce929f483a1980ff1ba') in 0.011781 seconds
Number of updated asset objects reloaded before import = 0
Number of asset objects unloaded after import = 1
========================================================================
Received Import Request.
  Time since last request: 0.000021 seconds.
  path: Assets/TextMesh Pro/Examples & Extras/Materials/Ground - Surface Shader Scene.mat
  artifactKey: Guid(aadd5a709a48466c887296bb5b1b8110) Importer(2089858483,0ecaa5967403d082aa24f35e1b516d23)
Start importing Assets/TextMesh Pro/Examples & Extras/Materials/Ground - Surface Shader Scene.mat using Guid(aadd5a709a48466c887296bb5b1b8110) Importer(2089858483,0ecaa5967403d082aa24f35e1b516d23) [PhysX] Initialized MultithreadedTaskDispatcher with 16 workers.
 -> (artifact id: '336cea373c973f3be1d32b0fa43d2c19') in 0.013858 seconds
Number of updated asset objects reloaded before import = 0
Number of asset objects unloaded after import = 2
========================================================================
Received Import Request.
  Time since last request: 0.000027 seconds.
  path: Assets/TextMesh Pro/Examples & Extras/Scenes/13 - Soft Hyphenation.unity
  artifactKey: Guid(875684baf40f4d008ce806d03e2a81b2) Importer(2089858483,0ecaa5967403d082aa24f35e1b516d23)
Start importing Assets/TextMesh Pro/Examples & Extras/Scenes/13 - Soft Hyphenation.unity using Guid(875684baf40f4d008ce806d03e2a81b2) Importer(2089858483,0ecaa5967403d082aa24f35e1b516d23) [PhysX] Initialized MultithreadedTaskDispatcher with 16 workers.
 -> (artifact id: 'e5d322170398a787501906d3451846df') in 0.011379 seconds
Number of updated asset objects reloaded before import = 0
Number of asset objects unloaded after import = 1
========================================================================
Received Import Request.
  Time since last request: 0.000014 seconds.
  path: Assets/TextMesh Pro/Examples & Extras/Textures/Floor Tiles 1 - diffuse.jpg
  artifactKey: Guid(85ac55597b97403c82fc6601a93cf241) Importer(2089858483,0ecaa5967403d082aa24f35e1b516d23)
Start importing Assets/TextMesh Pro/Examples & Extras/Textures/Floor Tiles 1 - diffuse.jpg using Guid(85ac55597b97403c82fc6601a93cf241) Importer(2089858483,0ecaa5967403d082aa24f35e1b516d23) [PhysX] Initialized MultithreadedTaskDispatcher with 16 workers.
 -> (artifact id: 'bb28763a15c9a3b02d528edf33e77b51') in 0.021431 seconds
Number of updated asset objects reloaded before import = 0
Number of asset objects unloaded after import = 1
========================================================================
Received Import Request.
  Time since last request: 0.000021 seconds.
  path: Assets/ModernSupermarket/Models/Furniture/Neon_dwd6wi/Neon_dwd6wi.fbx
  artifactKey: Guid(26c67bfb448d987409821599f0a949c1) Importer(2089858483,0ecaa5967403d082aa24f35e1b516d23)
Start importing Assets/ModernSupermarket/Models/Furniture/Neon_dwd6wi/Neon_dwd6wi.fbx using Guid(26c67bfb448d987409821599f0a949c1) Importer(2089858483,0ecaa5967403d082aa24f35e1b516d23) [PhysX] Initialized MultithreadedTaskDispatcher with 16 workers.
 -> (artifact id: 'aeda9c8fb0a5d55ae1d06b48ef71b489') in 0.020237 seconds
Number of updated asset objects reloaded before import = 0
Number of asset objects unloaded after import = 9
========================================================================
Received Import Request.
  Time since last request: 0.000017 seconds.
  path: Assets/TextMesh Pro/Examples & Extras/Textures/Wipe Pattern - Circle.psd
  artifactKey: Guid(10c49fcd9c64421db7c0133e61e55f97) Importer(2089858483,0ecaa5967403d082aa24f35e1b516d23)
Start importing Assets/TextMesh Pro/Examples & Extras/Textures/Wipe Pattern - Circle.psd using Guid(10c49fcd9c64421db7c0133e61e55f97) Importer(2089858483,0ecaa5967403d082aa24f35e1b516d23) [PhysX] Initialized MultithreadedTaskDispatcher with 16 workers.
 -> (artifact id: '3834d8c28de29b7e047447a93812ace6') in 0.015991 seconds
Number of updated asset objects reloaded before import = 0
Number of asset objects unloaded after import = 1
========================================================================
Received Import Request.
  Time since last request: 0.000022 seconds.
  path: Assets/ModernSupermarket/Models/Furniture/Door_o8w2gy/Door_o8w2gy.fbx
  artifactKey: Guid(7cc56a3e97e785e4291e508372873433) Importer(2089858483,0ecaa5967403d082aa24f35e1b516d23)
Start importing Assets/ModernSupermarket/Models/Furniture/Door_o8w2gy/Door_o8w2gy.fbx using Guid(7cc56a3e97e785e4291e508372873433) Importer(2089858483,0ecaa5967403d082aa24f35e1b516d23) [PhysX] Initialized MultithreadedTaskDispatcher with 16 workers.
 -> (artifact id: '3e5832aa33d7fbdbb5131976a4af04d1') in 0.018747 seconds
Number of updated asset objects reloaded before import = 0
Number of asset objects unloaded after import = 7
========================================================================
Received Import Request.
  Time since last request: 0.000022 seconds.
  path: Assets/TextMesh Pro/Examples & Extras/Scripts/TextMeshProFloatingText.cs
  artifactKey: Guid(a4d4c76e63944cba8c7d00f56334b98c) Importer(2089858483,0ecaa5967403d082aa24f35e1b516d23)
Start importing Assets/TextMesh Pro/Examples & Extras/Scripts/TextMeshProFloatingText.cs using Guid(a4d4c76e63944cba8c7d00f56334b98c) Importer(2089858483,0ecaa5967403d082aa24f35e1b516d23) [PhysX] Initialized MultithreadedTaskDispatcher with 16 workers.
 -> (artifact id: 'f1357783256e3413ebe2a19e5f3c4866') in 0.014205 seconds
Number of updated asset objects reloaded before import = 0
Number of asset objects unloaded after import = 1
========================================================================
Received Import Request.
  Time since last request: 0.000022 seconds.
  path: Assets/ModernSupermarket/Models/Furniture/Checkout_4295b5/Checkout_4295b5.fbx
  artifactKey: Guid(f1251013646a511409a1d4393de89fc2) Importer(2089858483,0ecaa5967403d082aa24f35e1b516d23)
Start importing Assets/ModernSupermarket/Models/Furniture/Checkout_4295b5/Checkout_4295b5.fbx using Guid(f1251013646a511409a1d4393de89fc2) Importer(2089858483,0ecaa5967403d082aa24f35e1b516d23) [PhysX] Initialized MultithreadedTaskDispatcher with 16 workers.
 -> (artifact id: '9a522e45e89c82c68586c5bb9dcc1192') in 0.019196 seconds
Number of updated asset objects reloaded before import = 0
Number of asset objects unloaded after import = 8
========================================================================
Received Import Request.
  Time since last request: 0.000034 seconds.
  path: Assets/TextMesh Pro/Examples & Extras/Scenes/15 - Inline Graphics & Sprites.unity
  artifactKey: Guid(e76e6c0f81964cbda3fe0b7d26ed8060) Importer(2089858483,0ecaa5967403d082aa24f35e1b516d23)
Start importing Assets/TextMesh Pro/Examples & Extras/Scenes/15 - Inline Graphics & Sprites.unity using Guid(e76e6c0f81964cbda3fe0b7d26ed8060) Importer(2089858483,0ecaa5967403d082aa24f35e1b516d23) [PhysX] Initialized MultithreadedTaskDispatcher with 16 workers.
 -> (artifact id: 'd44631ef4a2a817c1568471596cff150') in 0.012269 seconds
Number of updated asset objects reloaded before import = 0
Number of asset objects unloaded after import = 1
========================================================================
Received Import Request.
  Time since last request: 0.000022 seconds.
  path: Assets/SpeechSDK/Plugins/x86_64/Microsoft.CognitiveServices.Speech.extension.lu.dll
  artifactKey: Guid(726de39d668759b49a1fb00162347f4b) Importer(2089858483,0ecaa5967403d082aa24f35e1b516d23)
Start importing Assets/SpeechSDK/Plugins/x86_64/Microsoft.CognitiveServices.Speech.extension.lu.dll using Guid(726de39d668759b49a1fb00162347f4b) Importer(2089858483,0ecaa5967403d082aa24f35e1b516d23) [PhysX] Initialized MultithreadedTaskDispatcher with 16 workers.
 -> (artifact id: '9fa801cfc8240c28dc40f18e1e3f0413') in 0.012828 seconds
Number of updated asset objects reloaded before import = 0
Number of asset objects unloaded after import = 1
========================================================================
Received Import Request.
  Time since last request: 0.000019 seconds.
  path: Assets/TextMesh Pro/Examples & Extras/Scripts/WarpTextExample.cs
  artifactKey: Guid(790744c462254b7ba8038e6ed28b3db2) Importer(2089858483,0ecaa5967403d082aa24f35e1b516d23)
Start importing Assets/TextMesh Pro/Examples & Extras/Scripts/WarpTextExample.cs using Guid(790744c462254b7ba8038e6ed28b3db2) Importer(2089858483,0ecaa5967403d082aa24f35e1b516d23) [PhysX] Initialized MultithreadedTaskDispatcher with 16 workers.
 -> (artifact id: '81fd093391a01f6661ad627099c65286') in 0.014946 seconds
Number of updated asset objects reloaded before import = 0
Number of asset objects unloaded after import = 1
========================================================================
Received Import Request.
  Time since last request: 0.000020 seconds.
  path: Assets/TextMesh Pro/Examples & Extras/Textures/Small Crate_diffuse.jpg
  artifactKey: Guid(602cb87b6a29443b8636370ea0751574) Importer(2089858483,0ecaa5967403d082aa24f35e1b516d23)
Start importing Assets/TextMesh Pro/Examples & Extras/Textures/Small Crate_diffuse.jpg using Guid(602cb87b6a29443b8636370ea0751574) Importer(2089858483,0ecaa5967403d082aa24f35e1b516d23) [PhysX] Initialized MultithreadedTaskDispatcher with 16 workers.
 -> (artifact id: '205f011bab2ba7ac0c676e6f93f1c828') in 0.017544 seconds
Number of updated asset objects reloaded before import = 0
Number of asset objects unloaded after import = 1
========================================================================
Received Import Request.
  Time since last request: 0.000019 seconds.
  path: Assets/TextMesh Pro/Examples & Extras/Textures/Floor Cement.jpg
  artifactKey: Guid(283f897e4925411ebbaa758b4cb13fc2) Importer(2089858483,0ecaa5967403d082aa24f35e1b516d23)
Start importing Assets/TextMesh Pro/Examples & Extras/Textures/Floor Cement.jpg using Guid(283f897e4925411ebbaa758b4cb13fc2) Importer(2089858483,0ecaa5967403d082aa24f35e1b516d23) [PhysX] Initialized MultithreadedTaskDispatcher with 16 workers.
 -> (artifact id: 'dee1d73801612355f5860e0f0107cc0c') in 0.018999 seconds
Number of updated asset objects reloaded before import = 0
Number of asset objects unloaded after import = 1
========================================================================
Received Import Request.
  Time since last request: 0.000024 seconds.
  path: Assets/ModernSupermarket/Models/Furniture/Slate_t3iq3t/Slate_t3iq3t.fbx
  artifactKey: Guid(d6471eb05b004744a93fa7c592e1ff42) Importer(2089858483,0ecaa5967403d082aa24f35e1b516d23)
Start importing Assets/ModernSupermarket/Models/Furniture/Slate_t3iq3t/Slate_t3iq3t.fbx using Guid(d6471eb05b004744a93fa7c592e1ff42) Importer(2089858483,0ecaa5967403d082aa24f35e1b516d23) [PhysX] Initialized MultithreadedTaskDispatcher with 16 workers.
 -> (artifact id: '9be1be75247dfb72b710367d54dacb22') in 0.019819 seconds
Number of updated asset objects reloaded before import = 0
Number of asset objects unloaded after import = 7
========================================================================
Received Import Request.
  Time since last request: 0.000022 seconds.
  path: Assets/TextMesh Pro/Examples & Extras/Scripts/TMP_FrameRateCounter.cs
  artifactKey: Guid(686ec78b56aa445795335fbadafcfaa4) Importer(2089858483,0ecaa5967403d082aa24f35e1b516d23)
Start importing Assets/TextMesh Pro/Examples & Extras/Scripts/TMP_FrameRateCounter.cs using Guid(686ec78b56aa445795335fbadafcfaa4) Importer(2089858483,0ecaa5967403d082aa24f35e1b516d23) [PhysX] Initialized MultithreadedTaskDispatcher with 16 workers.
 -> (artifact id: '4a78460410fd01175903b61a00520e05') in 0.012355 seconds
Number of updated asset objects reloaded before import = 0
Number of asset objects unloaded after import = 1
========================================================================
Received Import Request.
  Time since last request: 0.000019 seconds.
  path: Assets/TextMesh Pro/Examples & Extras/Scenes/25 - Sunny Days Example.unity
  artifactKey: Guid(f9b4c22e15cff344ba9fc6542a58dd07) Importer(2089858483,0ecaa5967403d082aa24f35e1b516d23)
Start importing Assets/TextMesh Pro/Examples & Extras/Scenes/25 - Sunny Days Example.unity using Guid(f9b4c22e15cff344ba9fc6542a58dd07) Importer(2089858483,0ecaa5967403d082aa24f35e1b516d23) [PhysX] Initialized MultithreadedTaskDispatcher with 16 workers.
 -> (artifact id: '7788335bc3b8f9a6906749ee74c0a3fa') in 0.012410 seconds
Number of updated asset objects reloaded before import = 0
Number of asset objects unloaded after import = 1
========================================================================
Received Import Request.
  Time since last request: 0.000021 seconds.
  path: Assets/TextMesh Pro/Resources/Style Sheets/Default Style Sheet.asset
  artifactKey: Guid(f952c082cb03451daed3ee968ac6c63e) Importer(2089858483,0ecaa5967403d082aa24f35e1b516d23)
Start importing Assets/TextMesh Pro/Resources/Style Sheets/Default Style Sheet.asset using Guid(f952c082cb03451daed3ee968ac6c63e) Importer(2089858483,0ecaa5967403d082aa24f35e1b516d23) [PhysX] Initialized MultithreadedTaskDispatcher with 16 workers.
 -> (artifact id: '02d1a172808053ba5a501a0751603de2') in 0.013334 seconds
Number of updated asset objects reloaded before import = 0
Number of asset objects unloaded after import = 1
========================================================================
Received Import Request.
  Time since last request: 0.000023 seconds.
  path: Assets/TextMesh Pro/Examples & Extras/Scripts/TMPro_InstructionOverlay.cs
  artifactKey: Guid(c3c1afeda5e545e0b19add5373896d2e) Importer(2089858483,0ecaa5967403d082aa24f35e1b516d23)
Start importing Assets/TextMesh Pro/Examples & Extras/Scripts/TMPro_InstructionOverlay.cs using Guid(c3c1afeda5e545e0b19add5373896d2e) Importer(2089858483,0ecaa5967403d082aa24f35e1b516d23) [PhysX] Initialized MultithreadedTaskDispatcher with 16 workers.
 -> (artifact id: '099452d83fd149d90cdc698018690e58') in 0.013635 seconds
Number of updated asset objects reloaded before import = 0
Number of asset objects unloaded after import = 1
========================================================================
Received Import Request.
  Time since last request: 0.000021 seconds.
  path: Assets/ModernSupermarket/Models/Furniture/Vent_9y3yo/Vent_9y3yod_Grid02.fbx
  artifactKey: Guid(c2b313ea736f81d43a2cbe1c5aeb56fe) Importer(2089858483,0ecaa5967403d082aa24f35e1b516d23)
Start importing Assets/ModernSupermarket/Models/Furniture/Vent_9y3yo/Vent_9y3yod_Grid02.fbx using Guid(c2b313ea736f81d43a2cbe1c5aeb56fe) Importer(2089858483,0ecaa5967403d082aa24f35e1b516d23) [PhysX] Initialized MultithreadedTaskDispatcher with 16 workers.
 -> (artifact id: '8f89f9dc40a0b47c97ee19dc9415ca28') in 0.019888 seconds
Number of updated asset objects reloaded before import = 0
Number of asset objects unloaded after import = 7
========================================================================
Received Import Request.
  Time since last request: 0.000016 seconds.
  path: Assets/TextMesh Pro/Examples & Extras/Textures/Wipe Pattern - Radial Double.psd
  artifactKey: Guid(7631f4eff8f74ed38eb3eb9db17134e1) Importer(2089858483,0ecaa5967403d082aa24f35e1b516d23)
Start importing Assets/TextMesh Pro/Examples & Extras/Textures/Wipe Pattern - Radial Double.psd using Guid(7631f4eff8f74ed38eb3eb9db17134e1) Importer(2089858483,0ecaa5967403d082aa24f35e1b516d23) [PhysX] Initialized MultithreadedTaskDispatcher with 16 workers.
 -> (artifact id: '4bdac351ff64a1d812ec78ddeac8408e') in 0.015890 seconds
Number of updated asset objects reloaded before import = 0
Number of asset objects unloaded after import = 1
========================================================================
Received Import Request.
  Time since last request: 0.000020 seconds.
  path: Assets/ModernSupermarket/Models/Furniture/HeritageBuffet_wkjvvg/HeritageBuffet_wkjvvg.fbx
  artifactKey: Guid(84ea0719e027d7a4fb0c45c44d436a24) Importer(2089858483,0ecaa5967403d082aa24f35e1b516d23)
Start importing Assets/ModernSupermarket/Models/Furniture/HeritageBuffet_wkjvvg/HeritageBuffet_wkjvvg.fbx using Guid(84ea0719e027d7a4fb0c45c44d436a24) Importer(2089858483,0ecaa5967403d082aa24f35e1b516d23) [PhysX] Initialized MultithreadedTaskDispatcher with 16 workers.
 -> (artifact id: '11b37f10c32bf3d4b29f5e1b95e9e4bb') in 0.018807 seconds
Number of updated asset objects reloaded before import = 0
Number of asset objects unloaded after import = 7
========================================================================
Received Import Request.
  Time since last request: 0.000022 seconds.
  path: Assets/ModernSupermarket/Models/Furniture/Stall_6f5bo1/Stall_6f5bo1.fbx
  artifactKey: Guid(39425aee6a10f194788edff9f95c8c33) Importer(2089858483,0ecaa5967403d082aa24f35e1b516d23)
Start importing Assets/ModernSupermarket/Models/Furniture/Stall_6f5bo1/Stall_6f5bo1.fbx using Guid(39425aee6a10f194788edff9f95c8c33) Importer(2089858483,0ecaa5967403d082aa24f35e1b516d23) [PhysX] Initialized MultithreadedTaskDispatcher with 16 workers.
 -> (artifact id: '94798358156d3fc018921d57436cf250') in 0.018276 seconds
Number of updated asset objects reloaded before import = 0
Number of asset objects unloaded after import = 7
========================================================================
Received Import Request.
  Time since last request: 0.000034 seconds.
  path: Assets/TextMesh Pro/Examples & Extras/Textures/Gradient Diagonal (Color).jpg
  artifactKey: Guid(2ce5c55e85304b819a1826ecbc839aa5) Importer(2089858483,0ecaa5967403d082aa24f35e1b516d23)
Start importing Assets/TextMesh Pro/Examples & Extras/Textures/Gradient Diagonal (Color).jpg using Guid(2ce5c55e85304b819a1826ecbc839aa5) Importer(2089858483,0ecaa5967403d082aa24f35e1b516d23) [PhysX] Initialized MultithreadedTaskDispatcher with 16 workers.
 -> (artifact id: '41abd85dd8bc9f28d34a577ff4682f6f') in 0.016923 seconds
Number of updated asset objects reloaded before import = 0
Number of asset objects unloaded after import = 1
========================================================================
Received Import Request.
  Time since last request: 0.000044 seconds.
  path: Assets/ModernSupermarket/Models/Architecture/Textures/Pillar_m.png
  artifactKey: Guid(0c818703fe4c30745910b699831f64a6) Importer(2089858483,0ecaa5967403d082aa24f35e1b516d23)
Start importing Assets/ModernSupermarket/Models/Architecture/Textures/Pillar_m.png using Guid(0c818703fe4c30745910b699831f64a6) Importer(2089858483,0ecaa5967403d082aa24f35e1b516d23) [PhysX] Initialized MultithreadedTaskDispatcher with 16 workers.
 -> (artifact id: '4911aaedfb131ab57caca0b26f7c95c8') in 0.021511 seconds
Number of updated asset objects reloaded before import = 0
Number of asset objects unloaded after import = 1
========================================================================
Received Import Request.
  Time since last request: 0.000017 seconds.
  path: Assets/TextMesh Pro/Examples & Extras/Scenes/19 - Masking Texture & Soft Mask.unity
  artifactKey: Guid(9abcd5bd764646568a6ea70d00f9264c) Importer(2089858483,0ecaa5967403d082aa24f35e1b516d23)
Start importing Assets/TextMesh Pro/Examples & Extras/Scenes/19 - Masking Texture & Soft Mask.unity using Guid(9abcd5bd764646568a6ea70d00f9264c) Importer(2089858483,0ecaa5967403d082aa24f35e1b516d23) [PhysX] Initialized MultithreadedTaskDispatcher with 16 workers.
 -> (artifact id: '3b35ae611cd889ce0be7addc379cb3f7') in 0.009855 seconds
Number of updated asset objects reloaded before import = 0
Number of asset objects unloaded after import = 1
========================================================================
Received Import Request.
  Time since last request: 0.000068 seconds.
  path: Assets/ModernSupermarket/Models/Furniture/Grid_dyxmv5/Grid_dyxmv5.fbx
  artifactKey: Guid(00726ff65d4708843a8c71d1a669ded9) Importer(2089858483,0ecaa5967403d082aa24f35e1b516d23)
Start importing Assets/ModernSupermarket/Models/Furniture/Grid_dyxmv5/Grid_dyxmv5.fbx using Guid(00726ff65d4708843a8c71d1a669ded9) Importer(2089858483,0ecaa5967403d082aa24f35e1b516d23) [PhysX] Initialized MultithreadedTaskDispatcher with 16 workers.
 -> (artifact id: 'a91938564a189f5a2f48a35fe9864004') in 0.034233 seconds
Number of updated asset objects reloaded before import = 0
Number of asset objects unloaded after import = 7
========================================================================
Received Import Request.
  Time since last request: 0.000019 seconds.
  path: Assets/TextMesh Pro/Examples & Extras/Scenes/04 - Word Wrapping.unity
  artifactKey: Guid(8f7137eacd7042d5b17ef0efe5e744f5) Importer(2089858483,0ecaa5967403d082aa24f35e1b516d23)
Start importing Assets/TextMesh Pro/Examples & Extras/Scenes/04 - Word Wrapping.unity using Guid(8f7137eacd7042d5b17ef0efe5e744f5) Importer(2089858483,0ecaa5967403d082aa24f35e1b516d23) [PhysX] Initialized MultithreadedTaskDispatcher with 16 workers.
 -> (artifact id: '389eb98561c8170d4535c7367cc29cd2') in 0.010850 seconds
Number of updated asset objects reloaded before import = 0
Number of asset objects unloaded after import = 1
========================================================================
Received Import Request.
  Time since last request: 0.000020 seconds.
  path: Assets/TextMesh Pro/Examples & Extras/Fonts/Oswald-Bold - OFL.txt
  artifactKey: Guid(d2cf87a8a7a94aa8b80dff1c807c1178) Importer(2089858483,0ecaa5967403d082aa24f35e1b516d23)
Start importing Assets/TextMesh Pro/Examples & Extras/Fonts/Oswald-Bold - OFL.txt using Guid(d2cf87a8a7a94aa8b80dff1c807c1178) Importer(2089858483,0ecaa5967403d082aa24f35e1b516d23) [PhysX] Initialized MultithreadedTaskDispatcher with 16 workers.
 -> (artifact id: '3f7f87b33a55778d52875bc4d379462a') in 0.012748 seconds
Number of updated asset objects reloaded before import = 0
Number of asset objects unloaded after import = 1
========================================================================
Received Import Request.
  Time since last request: 0.000018 seconds.
  path: Assets/TextMesh Pro/Examples & Extras/Sprites/DropCap Numbers.psd
  artifactKey: Guid(fd09957580ac4326916010f1f260975b) Importer(2089858483,0ecaa5967403d082aa24f35e1b516d23)
Start importing Assets/TextMesh Pro/Examples & Extras/Sprites/DropCap Numbers.psd using Guid(fd09957580ac4326916010f1f260975b) Importer(2089858483,0ecaa5967403d082aa24f35e1b516d23) [PhysX] Initialized MultithreadedTaskDispatcher with 16 workers.
 -> (artifact id: 'a64e6b0f39c5f8d25e287eb9577bd607') in 0.018317 seconds
Number of updated asset objects reloaded before import = 0
Number of asset objects unloaded after import = 1
========================================================================
Received Import Request.
  Time since last request: 1.822823 seconds.
  path: Assets/ModernSupermarket/Prefabs/Props/Produce/Apple_k7nzrr.prefab
  artifactKey: Guid(bf2b421da8b721440a34a9e4848a4837) Importer(2089858483,0ecaa5967403d082aa24f35e1b516d23)
Start importing Assets/ModernSupermarket/Prefabs/Props/Produce/Apple_k7nzrr.prefab using Guid(bf2b421da8b721440a34a9e4848a4837) Importer(2089858483,0ecaa5967403d082aa24f35e1b516d23) [PhysX] Initialized MultithreadedTaskDispatcher with 16 workers.
 -> (artifact id: '0067d0215e18d64a00d074121a1fd483') in 0.022933 seconds
Number of updated asset objects reloaded before import = 0
Number of asset objects unloaded after import = 8
========================================================================
Received Import Request.
  Time since last request: 0.000018 seconds.
  path: Assets/ModernSupermarket/Prefabs/Props/Produce/Pineapple_c1vx80_Crate.prefab
  artifactKey: Guid(64ea65fee36a248458405a2cf7342fbd) Importer(2089858483,0ecaa5967403d082aa24f35e1b516d23)
Start importing Assets/ModernSupermarket/Prefabs/Props/Produce/Pineapple_c1vx80_Crate.prefab using Guid(64ea65fee36a248458405a2cf7342fbd) Importer(2089858483,0ecaa5967403d082aa24f35e1b516d23) [PhysX] Initialized MultithreadedTaskDispatcher with 16 workers.
 -> (artifact id: '00a245b546e5517fceeee37dcd444f91') in 0.014805 seconds
Number of updated asset objects reloaded before import = 0
Number of asset objects unloaded after import = 26
========================================================================
Received Import Request.
  Time since last request: 0.000020 seconds.
  path: Assets/ModernSupermarket/Prefabs/Props/Produce/Pumpkin_hjtgsa_Pack01.prefab
  artifactKey: Guid(fc9a93d766ca7e94185a4c1ee4ceafc1) Importer(2089858483,0ecaa5967403d082aa24f35e1b516d23)
Start importing Assets/ModernSupermarket/Prefabs/Props/Produce/Pumpkin_hjtgsa_Pack01.prefab using Guid(fc9a93d766ca7e94185a4c1ee4ceafc1) Importer(2089858483,0ecaa5967403d082aa24f35e1b516d23) [PhysX] Initialized MultithreadedTaskDispatcher with 16 workers.
 -> (artifact id: 'e047ed6222c6430d3eb79cec0f2927ea') in 0.015801 seconds
Number of updated asset objects reloaded before import = 0
Number of asset objects unloaded after import = 8
========================================================================
Received Import Request.
  Time since last request: 0.000019 seconds.
  path: Assets/ModernSupermarket/Prefabs/Props/Produce/Potato_px2ht4_Crate.prefab
  artifactKey: Guid(00b0846ad635386438d2954952f2b57a) Importer(2089858483,0ecaa5967403d082aa24f35e1b516d23)
Start importing Assets/ModernSupermarket/Prefabs/Props/Produce/Potato_px2ht4_Crate.prefab using Guid(00b0846ad635386438d2954952f2b57a) Importer(2089858483,0ecaa5967403d082aa24f35e1b516d23) [PhysX] Initialized MultithreadedTaskDispatcher with 16 workers.
 -> (artifact id: '8f57b986f47a3c86ed469759d9a6469c') in 0.014323 seconds
Number of updated asset objects reloaded before import = 0
Number of asset objects unloaded after import = 16
========================================================================
Received Import Request.
  Time since last request: 0.000017 seconds.
  path: Assets/ModernSupermarket/Prefabs/Props/Produce/Grapefruit_mrfrpw_Crate.prefab
  artifactKey: Guid(a060018b75c502a469280fd3808f0f2a) Importer(2089858483,0ecaa5967403d082aa24f35e1b516d23)
Start importing Assets/ModernSupermarket/Prefabs/Props/Produce/Grapefruit_mrfrpw_Crate.prefab using Guid(a060018b75c502a469280fd3808f0f2a) Importer(2089858483,0ecaa5967403d082aa24f35e1b516d23) [PhysX] Initialized MultithreadedTaskDispatcher with 16 workers.
 -> (artifact id: 'b12d5dfd0ff37d273012b7bf77553bf5') in 0.014311 seconds
Number of updated asset objects reloaded before import = 0
Number of asset objects unloaded after import = 16
========================================================================
Received Import Request.
  Time since last request: 0.000020 seconds.
  path: Assets/ModernSupermarket/Prefabs/Props/Products/Bleach_c6nm2t_Pack01.prefab
  artifactKey: Guid(2f8e32a9dee717043bf91ed6172f7ddd) Importer(2089858483,0ecaa5967403d082aa24f35e1b516d23)
Start importing Assets/ModernSupermarket/Prefabs/Props/Products/Bleach_c6nm2t_Pack01.prefab using Guid(2f8e32a9dee717043bf91ed6172f7ddd) Importer(2089858483,0ecaa5967403d082aa24f35e1b516d23) [PhysX] Initialized MultithreadedTaskDispatcher with 16 workers.
 -> (artifact id: '6762668bdc98c89575f785fdb30c8151') in 0.017382 seconds
Number of updated asset objects reloaded before import = 0
Number of asset objects unloaded after import = 8
========================================================================
Received Import Request.
  Time since last request: 0.000031 seconds.
  path: Assets/ModernSupermarket/Prefabs/Props/Products/Alcool_ao62w.prefab
  artifactKey: Guid(0f4eb1c5bd0e42640b17c00c611c2f8a) Importer(2089858483,0ecaa5967403d082aa24f35e1b516d23)
Start importing Assets/ModernSupermarket/Prefabs/Props/Products/Alcool_ao62w.prefab using Guid(0f4eb1c5bd0e42640b17c00c611c2f8a) Importer(2089858483,0ecaa5967403d082aa24f35e1b516d23) [PhysX] Initialized MultithreadedTaskDispatcher with 16 workers.
 -> (artifact id: 'bdc485050eb978bdc94342ddb633aa61') in 0.016684 seconds
Number of updated asset objects reloaded before import = 0
Number of asset objects unloaded after import = 8
========================================================================
Received Import Request.
  Time since last request: 0.000017 seconds.
  path: Assets/ModernSupermarket/Prefabs/Props/Produce/Kiwi_leh3t9_Crate.prefab
  artifactKey: Guid(07167e30196b4bc4eb96f8583071d491) Importer(2089858483,0ecaa5967403d082aa24f35e1b516d23)
Start importing Assets/ModernSupermarket/Prefabs/Props/Produce/Kiwi_leh3t9_Crate.prefab using Guid(07167e30196b4bc4eb96f8583071d491) Importer(2089858483,0ecaa5967403d082aa24f35e1b516d23) [PhysX] Initialized MultithreadedTaskDispatcher with 16 workers.
 -> (artifact id: '0f70ed320c2631e2e5dc53bb8d1555d9') in 0.016288 seconds
Number of updated asset objects reloaded before import = 0
Number of asset objects unloaded after import = 16
========================================================================
Received Import Request.
  Time since last request: 0.000017 seconds.
  path: Assets/ModernSupermarket/Prefabs/Props/Produce/Zucchini_z21819.prefab
  artifactKey: Guid(1c484a383d5c64340b0289fc6cc08dec) Importer(2089858483,0ecaa5967403d082aa24f35e1b516d23)
Start importing Assets/ModernSupermarket/Prefabs/Props/Produce/Zucchini_z21819.prefab using Guid(1c484a383d5c64340b0289fc6cc08dec) Importer(2089858483,0ecaa5967403d082aa24f35e1b516d23) [PhysX] Initialized MultithreadedTaskDispatcher with 16 workers.
 -> (artifact id: '8e2edf3bf47f79c3930fdf8a3053fcd2') in 0.015178 seconds
Number of updated asset objects reloaded before import = 0
Number of asset objects unloaded after import = 8
========================================================================
Received Import Request.
  Time since last request: 0.000027 seconds.
  path: Assets/ModernSupermarket/Prefabs/Props/Products/Bag_s45li3.prefab
  artifactKey: Guid(f562ea0e625d2fd429cfa2f996b9268b) Importer(2089858483,0ecaa5967403d082aa24f35e1b516d23)
Start importing Assets/ModernSupermarket/Prefabs/Props/Products/Bag_s45li3.prefab using Guid(f562ea0e625d2fd429cfa2f996b9268b) Importer(2089858483,0ecaa5967403d082aa24f35e1b516d23) [PhysX] Initialized MultithreadedTaskDispatcher with 16 workers.
 -> (artifact id: '2bdf0abd1347437511c68199560ee28a') in 0.016196 seconds
Number of updated asset objects reloaded before import = 0
Number of asset objects unloaded after import = 8
========================================================================
Received Import Request.
  Time since last request: 0.000019 seconds.
  path: Assets/ModernSupermarket/Prefabs/Props/Produce/Artichoke_fdde0u.prefab
  artifactKey: Guid(fd3136a2ab1b449478a66d27c434ecbc) Importer(2089858483,0ecaa5967403d082aa24f35e1b516d23)
Start importing Assets/ModernSupermarket/Prefabs/Props/Produce/Artichoke_fdde0u.prefab using Guid(fd3136a2ab1b449478a66d27c434ecbc) Importer(2089858483,0ecaa5967403d082aa24f35e1b516d23) [PhysX] Initialized MultithreadedTaskDispatcher with 16 workers.
 -> (artifact id: '907e01bbaab79ce931f5469b3ba3eee7') in 0.016746 seconds
Number of updated asset objects reloaded before import = 0
Number of asset objects unloaded after import = 8
========================================================================
Received Import Request.
  Time since last request: 0.000018 seconds.
  path: Assets/ModernSupermarket/Prefabs/Props/Produce/Carrot_i2roww_Pack01.prefab
  artifactKey: Guid(57309ef26f4f003408c6e1facfddac3a) Importer(2089858483,0ecaa5967403d082aa24f35e1b516d23)
Start importing Assets/ModernSupermarket/Prefabs/Props/Produce/Carrot_i2roww_Pack01.prefab using Guid(57309ef26f4f003408c6e1facfddac3a) Importer(2089858483,0ecaa5967403d082aa24f35e1b516d23) [PhysX] Initialized MultithreadedTaskDispatcher with 16 workers.
 -> (artifact id: 'b74d2a8e8a9e6295aa325179620a707c') in 0.017522 seconds
Number of updated asset objects reloaded before import = 0
Number of asset objects unloaded after import = 8
========================================================================
Received Import Request.
  Time since last request: 0.000016 seconds.
  path: Assets/ModernSupermarket/Prefabs/Props/Produce/Papaya_xt7unv.prefab
  artifactKey: Guid(82c2daf369f250e43824f5906c9b79c0) Importer(2089858483,0ecaa5967403d082aa24f35e1b516d23)
Start importing Assets/ModernSupermarket/Prefabs/Props/Produce/Papaya_xt7unv.prefab using Guid(82c2daf369f250e43824f5906c9b79c0) Importer(2089858483,0ecaa5967403d082aa24f35e1b516d23) [PhysX] Initialized MultithreadedTaskDispatcher with 16 workers.
 -> (artifact id: 'd8fd6d2acc975408f5269c599d1d30b6') in 0.015305 seconds
Number of updated asset objects reloaded before import = 0
Number of asset objects unloaded after import = 8
========================================================================
Received Import Request.
  Time since last request: 0.000027 seconds.
  path: Assets/ModernSupermarket/Prefabs/Props/Produce/Lemon_ahopes_Pack01.prefab
  artifactKey: Guid(970e2594cf0ec0049b3af9042b61ce9b) Importer(2089858483,0ecaa5967403d082aa24f35e1b516d23)
Start importing Assets/ModernSupermarket/Prefabs/Props/Produce/Lemon_ahopes_Pack01.prefab using Guid(970e2594cf0ec0049b3af9042b61ce9b) Importer(2089858483,0ecaa5967403d082aa24f35e1b516d23) [PhysX] Initialized MultithreadedTaskDispatcher with 16 workers.
 -> (artifact id: 'ab08c75522158f140c5de6d6d67f6d04') in 0.013793 seconds
Number of updated asset objects reloaded before import = 0
Number of asset objects unloaded after import = 8
========================================================================
Received Import Request.
  Time since last request: 0.000020 seconds.
  path: Assets/ModernSupermarket/Prefabs/Props/Products/Alcohol_eoojba.prefab
  artifactKey: Guid(9a0adaae9873df44b967e918bb86031d) Importer(2089858483,0ecaa5967403d082aa24f35e1b516d23)
Start importing Assets/ModernSupermarket/Prefabs/Props/Products/Alcohol_eoojba.prefab using Guid(9a0adaae9873df44b967e918bb86031d) Importer(2089858483,0ecaa5967403d082aa24f35e1b516d23) [PhysX] Initialized MultithreadedTaskDispatcher with 16 workers.
 -> (artifact id: '0c5421f7ec92c526d97c32902e0d0842') in 0.014103 seconds
Number of updated asset objects reloaded before import = 0
Number of asset objects unloaded after import = 8
========================================================================
Received Import Request.
  Time since last request: 0.000017 seconds.
  path: Assets/ModernSupermarket/Prefabs/Props/Produce/Avocado_pd302k.prefab
  artifactKey: Guid(a418beee3f8790946889ab789bd0daa8) Importer(2089858483,0ecaa5967403d082aa24f35e1b516d23)
Start importing Assets/ModernSupermarket/Prefabs/Props/Produce/Avocado_pd302k.prefab using Guid(a418beee3f8790946889ab789bd0daa8) Importer(2089858483,0ecaa5967403d082aa24f35e1b516d23) [PhysX] Initialized MultithreadedTaskDispatcher with 16 workers.
 -> (artifact id: '867da1163eba2617c6b6cb7c6a01549e') in 0.016167 seconds
Number of updated asset objects reloaded before import = 0
Number of asset objects unloaded after import = 8
========================================================================
Received Import Request.
  Time since last request: 0.000037 seconds.
  path: Assets/ModernSupermarket/Prefabs/Props/Products/Alcohol_ao62w_Var01_Pack01.prefab
  artifactKey: Guid(97e8f908c332abc499a463913e549f0c) Importer(2089858483,0ecaa5967403d082aa24f35e1b516d23)
Start importing Assets/ModernSupermarket/Prefabs/Props/Products/Alcohol_ao62w_Var01_Pack01.prefab using Guid(97e8f908c332abc499a463913e549f0c) Importer(2089858483,0ecaa5967403d082aa24f35e1b516d23) [PhysX] Initialized MultithreadedTaskDispatcher with 16 workers.
 -> (artifact id: '24860fae5d7eb8f8b75fdb0d7336fa98') in 0.016109 seconds
Number of updated asset objects reloaded before import = 0
Number of asset objects unloaded after import = 15
========================================================================
Received Import Request.
  Time since last request: 0.000022 seconds.
  path: Assets/ModernSupermarket/Prefabs/Props/Products/Book_bpxngl_05.prefab
  artifactKey: Guid(abe7371b6d6668941a44508c1e120477) Importer(2089858483,0ecaa5967403d082aa24f35e1b516d23)
Start importing Assets/ModernSupermarket/Prefabs/Props/Products/Book_bpxngl_05.prefab using Guid(abe7371b6d6668941a44508c1e120477) Importer(2089858483,0ecaa5967403d082aa24f35e1b516d23) [PhysX] Initialized MultithreadedTaskDispatcher with 16 workers.
 -> (artifact id: 'd0e857394f1bf68712131264095001ef') in 0.015295 seconds
Number of updated asset objects reloaded before import = 0
Number of asset objects unloaded after import = 8
========================================================================
Received Import Request.
  Time since last request: 0.000021 seconds.
  path: Assets/ModernSupermarket/Prefabs/Props/Produce/Squash_0r6m5l.prefab
  artifactKey: Guid(07c6629e0ed69b944819f9cd9a427d78) Importer(2089858483,0ecaa5967403d082aa24f35e1b516d23)
Start importing Assets/ModernSupermarket/Prefabs/Props/Produce/Squash_0r6m5l.prefab using Guid(07c6629e0ed69b944819f9cd9a427d78) Importer(2089858483,0ecaa5967403d082aa24f35e1b516d23) [PhysX] Initialized MultithreadedTaskDispatcher with 16 workers.
 -> (artifact id: '1023876c9dbeccf1f50b8e0ce23444ec') in 0.013917 seconds
Number of updated asset objects reloaded before import = 0
Number of asset objects unloaded after import = 8
========================================================================
Received Import Request.
  Time since last request: 0.000027 seconds.
  path: Assets/ModernSupermarket/Prefabs/Props/Products/Butter_5ttny6_Pack01.prefab
  artifactKey: Guid(7fbac2d34a5a1b6488ece24a4bdd032a) Importer(2089858483,0ecaa5967403d082aa24f35e1b516d23)
Start importing Assets/ModernSupermarket/Prefabs/Props/Products/Butter_5ttny6_Pack01.prefab using Guid(7fbac2d34a5a1b6488ece24a4bdd032a) Importer(2089858483,0ecaa5967403d082aa24f35e1b516d23) [PhysX] Initialized MultithreadedTaskDispatcher with 16 workers.
 -> (artifact id: '1dfd5043fe77f896c45f26832c546f55') in 0.016977 seconds
Number of updated asset objects reloaded before import = 0
Number of asset objects unloaded after import = 8
========================================================================
Received Import Request.
  Time since last request: 0.000029 seconds.
  path: Assets/ModernSupermarket/Prefabs/Props/Produce/Pumpkin_hjtgsa.prefab
  artifactKey: Guid(ab537325d57186c4395a3239ac80cd18) Importer(2089858483,0ecaa5967403d082aa24f35e1b516d23)
Start importing Assets/ModernSupermarket/Prefabs/Props/Produce/Pumpkin_hjtgsa.prefab using Guid(ab537325d57186c4395a3239ac80cd18) Importer(2089858483,0ecaa5967403d082aa24f35e1b516d23) [PhysX] Initialized MultithreadedTaskDispatcher with 16 workers.
 -> (artifact id: '08138a9969b7bdcdc935fa4ac2c2abed') in 0.015492 seconds
Number of updated asset objects reloaded before import = 0
Number of asset objects unloaded after import = 8
========================================================================
Received Import Request.
  Time since last request: 0.000017 seconds.
  path: Assets/ModernSupermarket/Prefabs/Props/Products/CandyPack_qkmq5d_Pack01.prefab
  artifactKey: Guid(59cf28c41a7b8cf4b9b3b121ed211069) Importer(2089858483,0ecaa5967403d082aa24f35e1b516d23)
Start importing Assets/ModernSupermarket/Prefabs/Props/Products/CandyPack_qkmq5d_Pack01.prefab using Guid(59cf28c41a7b8cf4b9b3b121ed211069) Importer(2089858483,0ecaa5967403d082aa24f35e1b516d23) [PhysX] Initialized MultithreadedTaskDispatcher with 16 workers.
 -> (artifact id: '7214ee6490c534825c53e9c110d03d52') in 0.014720 seconds
Number of updated asset objects reloaded before import = 0
Number of asset objects unloaded after import = 8
========================================================================
Received Import Request.
  Time since last request: 0.000018 seconds.
  path: Assets/ModernSupermarket/Prefabs/Props/Produce/Apple_yf18nm_Pack01.prefab
  artifactKey: Guid(3506e97b27d1a4c42a37660554193a62) Importer(2089858483,0ecaa5967403d082aa24f35e1b516d23)
Start importing Assets/ModernSupermarket/Prefabs/Props/Produce/Apple_yf18nm_Pack01.prefab using Guid(3506e97b27d1a4c42a37660554193a62) Importer(2089858483,0ecaa5967403d082aa24f35e1b516d23) [PhysX] Initialized MultithreadedTaskDispatcher with 16 workers.
 -> (artifact id: 'be09f2ed695b494b0f5245dc262905bf') in 0.017174 seconds
Number of updated asset objects reloaded before import = 0
Number of asset objects unloaded after import = 8
========================================================================
Received Import Request.
  Time since last request: 0.000018 seconds.
  path: Assets/ModernSupermarket/Prefabs/Props/Products/CansPack_f98qxo_Pack01.prefab
  artifactKey: Guid(8f4c7f7f6f3f1fa4d9e4c1721d203ad7) Importer(2089858483,0ecaa5967403d082aa24f35e1b516d23)
Start importing Assets/ModernSupermarket/Prefabs/Props/Products/CansPack_f98qxo_Pack01.prefab using Guid(8f4c7f7f6f3f1fa4d9e4c1721d203ad7) Importer(2089858483,0ecaa5967403d082aa24f35e1b516d23) [PhysX] Initialized MultithreadedTaskDispatcher with 16 workers.
 -> (artifact id: 'd21d4617f27ca98c4d2c9228355d4200') in 0.015903 seconds
Number of updated asset objects reloaded before import = 0
Number of asset objects unloaded after import = 8
========================================================================
Received Import Request.
  Time since last request: 0.000018 seconds.
  path: Assets/ModernSupermarket/Prefabs/Props/Produce/Avocado_pd302k_Crate.prefab
  artifactKey: Guid(215ce2499c5edbd45b082b0782bbcffe) Importer(2089858483,0ecaa5967403d082aa24f35e1b516d23)
Start importing Assets/ModernSupermarket/Prefabs/Props/Produce/Avocado_pd302k_Crate.prefab using Guid(215ce2499c5edbd45b082b0782bbcffe) Importer(2089858483,0ecaa5967403d082aa24f35e1b516d23) [PhysX] Initialized MultithreadedTaskDispatcher with 16 workers.
 -> (artifact id: 'b6c372fdc3e2a6da41214afc749f6dfe') in 0.013594 seconds
Number of updated asset objects reloaded before import = 0
Number of asset objects unloaded after import = 16
========================================================================
Received Import Request.
  Time since last request: 0.000017 seconds.
  path: Assets/ModernSupermarket/Prefabs/Props/Produce/ChilliPeppers_w388hm_Var01.prefab
  artifactKey: Guid(9dd5addb8e31d1f4aba2178b0a1cf624) Importer(2089858483,0ecaa5967403d082aa24f35e1b516d23)
Start importing Assets/ModernSupermarket/Prefabs/Props/Produce/ChilliPeppers_w388hm_Var01.prefab using Guid(9dd5addb8e31d1f4aba2178b0a1cf624) Importer(2089858483,0ecaa5967403d082aa24f35e1b516d23) [PhysX] Initialized MultithreadedTaskDispatcher with 16 workers.
 -> (artifact id: '299bec297ccc9242630368265e075b5d') in 0.016795 seconds
Number of updated asset objects reloaded before import = 0
Number of asset objects unloaded after import = 8
========================================================================
Received Import Request.
  Time since last request: 0.000024 seconds.
  path: Assets/ModernSupermarket/Prefabs/Props/Produce/Clementine_7okhg9.prefab
  artifactKey: Guid(e7133c450268b184aae89057f00a9f0b) Importer(2089858483,0ecaa5967403d082aa24f35e1b516d23)
Start importing Assets/ModernSupermarket/Prefabs/Props/Produce/Clementine_7okhg9.prefab using Guid(e7133c450268b184aae89057f00a9f0b) Importer(2089858483,0ecaa5967403d082aa24f35e1b516d23) [PhysX] Initialized MultithreadedTaskDispatcher with 16 workers.
 -> (artifact id: '09b9a0144a20c2363d73cefc7974155d') in 0.013687 seconds
Number of updated asset objects reloaded before import = 0
Number of asset objects unloaded after import = 8
========================================================================
Received Import Request.
  Time since last request: 0.000026 seconds.
  path: Assets/ModernSupermarket/Prefabs/Props/Produce/Banana_zjs4oz_Crate.prefab
  artifactKey: Guid(27492f92e4da1b74bbcda5f634246a92) Importer(2089858483,0ecaa5967403d082aa24f35e1b516d23)
Start importing Assets/ModernSupermarket/Prefabs/Props/Produce/Banana_zjs4oz_Crate.prefab using Guid(27492f92e4da1b74bbcda5f634246a92) Importer(2089858483,0ecaa5967403d082aa24f35e1b516d23) [PhysX] Initialized MultithreadedTaskDispatcher with 16 workers.
 -> (artifact id: '8ea628e77e23896ec000a77129d7e48d') in 0.012783 seconds
Number of updated asset objects reloaded before import = 0
Number of asset objects unloaded after import = 16
========================================================================
Received Import Request.
  Time since last request: 0.000019 seconds.
  path: Assets/ModernSupermarket/Prefabs/Props/Produce/Mango_1xw10k.prefab
  artifactKey: Guid(16398fca7ee180640a06f9078e77ac23) Importer(2089858483,0ecaa5967403d082aa24f35e1b516d23)
Start importing Assets/ModernSupermarket/Prefabs/Props/Produce/Mango_1xw10k.prefab using Guid(16398fca7ee180640a06f9078e77ac23) Importer(2089858483,0ecaa5967403d082aa24f35e1b516d23) [PhysX] Initialized MultithreadedTaskDispatcher with 16 workers.
 -> (artifact id: 'a63e1741b1d01dd1e24c8283e7dc04c9') in 0.013587 seconds
Number of updated asset objects reloaded before import = 0
Number of asset objects unloaded after import = 8
========================================================================
Received Import Request.
  Time since last request: 0.000020 seconds.
  path: Assets/ModernSupermarket/Prefabs/Props/Products/BeerKeg_byk96e_Pack02.prefab
  artifactKey: Guid(bf2f75e1c5fd85f43bff852384581d47) Importer(2089858483,0ecaa5967403d082aa24f35e1b516d23)
Start importing Assets/ModernSupermarket/Prefabs/Props/Products/BeerKeg_byk96e_Pack02.prefab using Guid(bf2f75e1c5fd85f43bff852384581d47) Importer(2089858483,0ecaa5967403d082aa24f35e1b516d23) [PhysX] Initialized MultithreadedTaskDispatcher with 16 workers.
 -> (artifact id: 'f7cae9eb93934b26cfa85fb93e7606df') in 0.015995 seconds
Number of updated asset objects reloaded before import = 0
Number of asset objects unloaded after import = 8
========================================================================
Received Import Request.
  Time since last request: 0.000023 seconds.
  path: Assets/ModernSupermarket/Prefabs/Props/Produce/Banana_zjs4oz_Grape.prefab
  artifactKey: Guid(2b624d9f6b4506f42a08f4ba00ae89b6) Importer(2089858483,0ecaa5967403d082aa24f35e1b516d23)
Start importing Assets/ModernSupermarket/Prefabs/Props/Produce/Banana_zjs4oz_Grape.prefab using Guid(2b624d9f6b4506f42a08f4ba00ae89b6) Importer(2089858483,0ecaa5967403d082aa24f35e1b516d23) [PhysX] Initialized MultithreadedTaskDispatcher with 16 workers.
 -> (artifact id: '3a08200f44e28c6f2e7fd38f043eac8f') in 0.011794 seconds
Number of updated asset objects reloaded before import = 0
Number of asset objects unloaded after import = 25
========================================================================
Received Import Request.
  Time since last request: 0.000026 seconds.
  path: Assets/ModernSupermarket/Prefabs/Props/Products/Beer_lryra7_Var02_Pack01.prefab
  artifactKey: Guid(38e9a43e4a2f3934c831e233237e9676) Importer(2089858483,0ecaa5967403d082aa24f35e1b516d23)
Start importing Assets/ModernSupermarket/Prefabs/Props/Products/Beer_lryra7_Var02_Pack01.prefab using Guid(38e9a43e4a2f3934c831e233237e9676) Importer(2089858483,0ecaa5967403d082aa24f35e1b516d23) [PhysX] Initialized MultithreadedTaskDispatcher with 16 workers.
 -> (artifact id: '774430e3e1643f56780576d40e135ba7') in 0.016002 seconds
Number of updated asset objects reloaded before import = 0
Number of asset objects unloaded after import = 16
========================================================================
Received Import Request.
  Time since last request: 0.000020 seconds.
  path: Assets/ModernSupermarket/Prefabs/Props/Produce/Banana_zjs4oz.prefab
  artifactKey: Guid(b2ae0947009279d4196262682e7a6b89) Importer(2089858483,0ecaa5967403d082aa24f35e1b516d23)
Start importing Assets/ModernSupermarket/Prefabs/Props/Produce/Banana_zjs4oz.prefab using Guid(b2ae0947009279d4196262682e7a6b89) Importer(2089858483,0ecaa5967403d082aa24f35e1b516d23) [PhysX] Initialized MultithreadedTaskDispatcher with 16 workers.
 -> (artifact id: 'bc00707517a57bdb7cefb9eb3f694d60') in 0.014874 seconds
Number of updated asset objects reloaded before import = 0
Number of asset objects unloaded after import = 8
========================================================================
Received Import Request.
  Time since last request: 0.000021 seconds.
  path: Assets/ModernSupermarket/Prefabs/Props/Products/BeerKeg_byk96e.prefab
  artifactKey: Guid(db3023770e5f8e54592425aa7c047b79) Importer(2089858483,0ecaa5967403d082aa24f35e1b516d23)
Start importing Assets/ModernSupermarket/Prefabs/Props/Products/BeerKeg_byk96e.prefab using Guid(db3023770e5f8e54592425aa7c047b79) Importer(2089858483,0ecaa5967403d082aa24f35e1b516d23) [PhysX] Initialized MultithreadedTaskDispatcher with 16 workers.
 -> (artifact id: '8275c8009d74a77b06d3f46df40979e2') in 0.013213 seconds
Number of updated asset objects reloaded before import = 0
Number of asset objects unloaded after import = 8
========================================================================
Received Import Request.
  Time since last request: 0.000028 seconds.
  path: Assets/ModernSupermarket/Prefabs/Props/Produce/Lemon_ahopes.prefab
  artifactKey: Guid(1c17cd85681cf7f45a8ce715adc6c2a1) Importer(2089858483,0ecaa5967403d082aa24f35e1b516d23)
Start importing Assets/ModernSupermarket/Prefabs/Props/Produce/Lemon_ahopes.prefab using Guid(1c17cd85681cf7f45a8ce715adc6c2a1) Importer(2089858483,0ecaa5967403d082aa24f35e1b516d23) [PhysX] Initialized MultithreadedTaskDispatcher with 16 workers.
 -> (artifact id: '5b1d27000d260f4b54104f8a944d1e8f') in 0.016998 seconds
Number of updated asset objects reloaded before import = 0
Number of asset objects unloaded after import = 8
========================================================================
Received Import Request.
  Time since last request: 0.000019 seconds.
  path: Assets/ModernSupermarket/Prefabs/Props/Produce/Mango_1xw10k_Crate.prefab
  artifactKey: Guid(2c0d3201f4f5b9a43976d3f773e95845) Importer(2089858483,0ecaa5967403d082aa24f35e1b516d23)
Start importing Assets/ModernSupermarket/Prefabs/Props/Produce/Mango_1xw10k_Crate.prefab using Guid(2c0d3201f4f5b9a43976d3f773e95845) Importer(2089858483,0ecaa5967403d082aa24f35e1b516d23) [PhysX] Initialized MultithreadedTaskDispatcher with 16 workers.
 -> (artifact id: '3940a2e4f67f467a823951886853a9a4') in 0.014163 seconds
Number of updated asset objects reloaded before import = 0
Number of asset objects unloaded after import = 16
========================================================================
Received Import Request.
  Time since last request: 0.000018 seconds.
  path: Assets/ModernSupermarket/Prefabs/Props/Produce/Mushroom_43xvit.prefab
  artifactKey: Guid(adeacc36b4d293d4aa804fbbe8f67449) Importer(2089858483,0ecaa5967403d082aa24f35e1b516d23)
Start importing Assets/ModernSupermarket/Prefabs/Props/Produce/Mushroom_43xvit.prefab using Guid(adeacc36b4d293d4aa804fbbe8f67449) Importer(2089858483,0ecaa5967403d082aa24f35e1b516d23) [PhysX] Initialized MultithreadedTaskDispatcher with 16 workers.
 -> (artifact id: '0030d7761a98d4b95820e1cd9bcf9e8f') in 0.014866 seconds
Number of updated asset objects reloaded before import = 0
Number of asset objects unloaded after import = 8
========================================================================
Received Import Request.
  Time since last request: 0.000024 seconds.
  path: Assets/ModernSupermarket/Prefabs/Props/Products/BeerKeg_byk96e_Var02.prefab
  artifactKey: Guid(14c5876ee30f48f47b0bf1705b308e93) Importer(2089858483,0ecaa5967403d082aa24f35e1b516d23)
Start importing Assets/ModernSupermarket/Prefabs/Props/Products/BeerKeg_byk96e_Var02.prefab using Guid(14c5876ee30f48f47b0bf1705b308e93) Importer(2089858483,0ecaa5967403d082aa24f35e1b516d23) [PhysX] Initialized MultithreadedTaskDispatcher with 16 workers.
 -> (artifact id: 'f0712498f4b87ac12f5940210065c132') in 0.015905 seconds
Number of updated asset objects reloaded before import = 0
Number of asset objects unloaded after import = 8
========================================================================
Received Import Request.
  Time since last request: 1.737746 seconds.
  path: Assets/ModernSupermarket/Prefabs/Props/Products/Capsule_dchvzi.prefab
  artifactKey: Guid(2f000ac908c0fe84dbcd690233c13080) Importer(2089858483,0ecaa5967403d082aa24f35e1b516d23)
Start importing Assets/ModernSupermarket/Prefabs/Props/Products/Capsule_dchvzi.prefab using Guid(2f000ac908c0fe84dbcd690233c13080) Importer(2089858483,0ecaa5967403d082aa24f35e1b516d23) [PhysX] Initialized MultithreadedTaskDispatcher with 16 workers.
 -> (artifact id: '195db6ff9b00c55b285762b26a129617') in 0.017061 seconds
Number of updated asset objects reloaded before import = 0
Number of asset objects unloaded after import = 8
========================================================================
Received Import Request.
  Time since last request: 0.000019 seconds.
  path: Assets/ModernSupermarket/Prefabs/Props/Products/Soda_7gwg2t_Pack01_Var02.prefab
  artifactKey: Guid(bbc3f7bc82b4391428fbdbf3f4064cb9) Importer(2089858483,0ecaa5967403d082aa24f35e1b516d23)
Start importing Assets/ModernSupermarket/Prefabs/Props/Products/Soda_7gwg2t_Pack01_Var02.prefab using Guid(bbc3f7bc82b4391428fbdbf3f4064cb9) Importer(2089858483,0ecaa5967403d082aa24f35e1b516d23) [PhysX] Initialized MultithreadedTaskDispatcher with 16 workers.
 -> (artifact id: '8821e498273c3cf7cd41ffbb3026b586') in 0.016735 seconds
Number of updated asset objects reloaded before import = 0
Number of asset objects unloaded after import = 15
========================================================================
Received Import Request.
  Time since last request: 0.000030 seconds.
  path: Assets/ModernSupermarket/Prefabs/Props/Products/Cheese_bn26cq.prefab
  artifactKey: Guid(4e4e5e8d73802ce4a9f026cf5a1c3400) Importer(2089858483,0ecaa5967403d082aa24f35e1b516d23)
Start importing Assets/ModernSupermarket/Prefabs/Props/Products/Cheese_bn26cq.prefab using Guid(4e4e5e8d73802ce4a9f026cf5a1c3400) Importer(2089858483,0ecaa5967403d082aa24f35e1b516d23) [PhysX] Initialized MultithreadedTaskDispatcher with 16 workers.
 -> (artifact id: '085e586d7ca20f61abb8966167a1e541') in 0.014938 seconds
Number of updated asset objects reloaded before import = 0
Number of asset objects unloaded after import = 8
========================================================================
Received Import Request.
  Time since last request: 0.000036 seconds.
  path: Assets/ModernSupermarket/Prefabs/Props/Products/Pasta_9duit_Pack01.prefab
  artifactKey: Guid(62542657d00669343aadfb726011a48a) Importer(2089858483,0ecaa5967403d082aa24f35e1b516d23)
Start importing Assets/ModernSupermarket/Prefabs/Props/Products/Pasta_9duit_Pack01.prefab using Guid(62542657d00669343aadfb726011a48a) Importer(2089858483,0ecaa5967403d082aa24f35e1b516d23) [PhysX] Initialized MultithreadedTaskDispatcher with 16 workers.
 -> (artifact id: '84da8c78a8f305bc61029c1d913e9a2a') in 0.016052 seconds
Number of updated asset objects reloaded before import = 0
Number of asset objects unloaded after import = 8
========================================================================
Received Import Request.
  Time since last request: 0.000021 seconds.
  path: Assets/ModernSupermarket/Prefabs/Props/Products/Soap_eegrv7_Pack01_Var01.prefab
  artifactKey: Guid(9f53b5ef2887e8d4d957972b5e0f97e5) Importer(2089858483,0ecaa5967403d082aa24f35e1b516d23)
Start importing Assets/ModernSupermarket/Prefabs/Props/Products/Soap_eegrv7_Pack01_Var01.prefab using Guid(9f53b5ef2887e8d4d957972b5e0f97e5) Importer(2089858483,0ecaa5967403d082aa24f35e1b516d23) [PhysX] Initialized MultithreadedTaskDispatcher with 16 workers.
 -> (artifact id: 'd3cdf5ea2c4b197b27c5394dcdd884d6') in 0.016097 seconds
Number of updated asset objects reloaded before import = 0
Number of asset objects unloaded after import = 15
========================================================================
Received Import Request.
  Time since last request: 0.000021 seconds.
  path: Assets/ModernSupermarket/Prefabs/Props/Products/Cleanser_o964qg_Pack01.prefab
  artifactKey: Guid(9c039f663d5475240b04c3df7809489c) Importer(2089858483,0ecaa5967403d082aa24f35e1b516d23)
Start importing Assets/ModernSupermarket/Prefabs/Props/Products/Cleanser_o964qg_Pack01.prefab using Guid(9c039f663d5475240b04c3df7809489c) Importer(2089858483,0ecaa5967403d082aa24f35e1b516d23) [PhysX] Initialized MultithreadedTaskDispatcher with 16 workers.
 -> (artifact id: 'b2fc1663f99744ae6f345f04256d1c8e') in 0.017565 seconds
Number of updated asset objects reloaded before import = 0
Number of asset objects unloaded after import = 8
========================================================================
Received Import Request.
  Time since last request: 0.000042 seconds.
  path: Assets/ModernSupermarket/Prefabs/Props/Products/Soda_7gwg2t.prefab
  artifactKey: Guid(7658121868a96654eaaf8d5dadf2fc5a) Importer(2089858483,0ecaa5967403d082aa24f35e1b516d23)
Start importing Assets/ModernSupermarket/Prefabs/Props/Products/Soda_7gwg2t.prefab using Guid(7658121868a96654eaaf8d5dadf2fc5a) Importer(2089858483,0ecaa5967403d082aa24f35e1b516d23) [PhysX] Initialized MultithreadedTaskDispatcher with 16 workers.
 -> (artifact id: '154ccca53ed815fa8118f6003b6f77ec') in 0.016390 seconds
Number of updated asset objects reloaded before import = 0
Number of asset objects unloaded after import = 8
========================================================================
Received Import Request.
  Time since last request: 0.000019 seconds.
  path: Assets/ModernSupermarket/Prefabs/Props/Products/Shampoo_lvhjkn_Var01.prefab
  artifactKey: Guid(da774e2e03c20004e89b8421af5b1c95) Importer(2089858483,0ecaa5967403d082aa24f35e1b516d23)
Start importing Assets/ModernSupermarket/Prefabs/Props/Products/Shampoo_lvhjkn_Var01.prefab using Guid(da774e2e03c20004e89b8421af5b1c95) Importer(2089858483,0ecaa5967403d082aa24f35e1b516d23) [PhysX] Initialized MultithreadedTaskDispatcher with 16 workers.
 -> (artifact id: 'bafb0270d3238b6e848ff6b094944b98') in 0.015194 seconds
Number of updated asset objects reloaded before import = 0
Number of asset objects unloaded after import = 15
========================================================================
Received Import Request.
  Time since last request: 0.000017 seconds.
  path: Assets/ModernSupermarket/Prefabs/Props/Products/FrozenPack_t7wenh_Pack01_Var04.prefab
  artifactKey: Guid(2d2b86b085c47144e888fedbe7142f35) Importer(2089858483,0ecaa5967403d082aa24f35e1b516d23)
Start importing Assets/ModernSupermarket/Prefabs/Props/Products/FrozenPack_t7wenh_Pack01_Var04.prefab using Guid(2d2b86b085c47144e888fedbe7142f35) Importer(2089858483,0ecaa5967403d082aa24f35e1b516d23) [PhysX] Initialized MultithreadedTaskDispatcher with 16 workers.
 -> (artifact id: '41c47ca429ea231eaff08752033542b8') in 0.013728 seconds
Number of updated asset objects reloaded before import = 0
Number of asset objects unloaded after import = 15
========================================================================
Received Import Request.
  Time since last request: 0.000022 seconds.
  path: Assets/ModernSupermarket/Prefabs/Props/Products/MeatTray_bbcwdq.prefab
  artifactKey: Guid(574e781899880564bb086fcc34223bc2) Importer(2089858483,0ecaa5967403d082aa24f35e1b516d23)
Start importing Assets/ModernSupermarket/Prefabs/Props/Products/MeatTray_bbcwdq.prefab using Guid(574e781899880564bb086fcc34223bc2) Importer(2089858483,0ecaa5967403d082aa24f35e1b516d23) [PhysX] Initialized MultithreadedTaskDispatcher with 16 workers.
 -> (artifact id: 'dc4e15fb8dbb8a70769391fa3840ab9a') in 0.015035 seconds
Number of updated asset objects reloaded before import = 0
Number of asset objects unloaded after import = 8
========================================================================
Received Import Request.
  Time since last request: 0.000016 seconds.
  path: Assets/ModernSupermarket/Prefabs/Props/Products/Cereals_me9j99.prefab
  artifactKey: Guid(727381a80c9ddc14e844acb429a552e2) Importer(2089858483,0ecaa5967403d082aa24f35e1b516d23)
Start importing Assets/ModernSupermarket/Prefabs/Props/Products/Cereals_me9j99.prefab using Guid(727381a80c9ddc14e844acb429a552e2) Importer(2089858483,0ecaa5967403d082aa24f35e1b516d23) [PhysX] Initialized MultithreadedTaskDispatcher with 16 workers.
 -> (artifact id: '8e6582116273f75ea123773b83df4adb') in 0.016689 seconds
Number of updated asset objects reloaded before import = 0
Number of asset objects unloaded after import = 8
========================================================================
Received Import Request.
  Time since last request: 0.000018 seconds.
  path: Assets/ModernSupermarket/Prefabs/Props/Products/Shampoo_lvhjkn_Pack01.prefab
  artifactKey: Guid(a7a4cf7d1a28c9a4d8491e371543881d) Importer(2089858483,0ecaa5967403d082aa24f35e1b516d23)
Start importing Assets/ModernSupermarket/Prefabs/Props/Products/Shampoo_lvhjkn_Pack01.prefab using Guid(a7a4cf7d1a28c9a4d8491e371543881d) Importer(2089858483,0ecaa5967403d082aa24f35e1b516d23) [PhysX] Initialized MultithreadedTaskDispatcher with 16 workers.
 -> (artifact id: '0daf31c4251928a5184f924469a30007') in 0.014535 seconds
Number of updated asset objects reloaded before import = 0
Number of asset objects unloaded after import = 8
========================================================================
Received Import Request.
  Time since last request: 0.000016 seconds.
  path: Assets/ModernSupermarket/Prefabs/Props/Products/Soda_d7rdw9_Pack01_Var01.prefab
  artifactKey: Guid(2db64532c7c817a4c82371fdbaee5ccd) Importer(2089858483,0ecaa5967403d082aa24f35e1b516d23)
Start importing Assets/ModernSupermarket/Prefabs/Props/Products/Soda_d7rdw9_Pack01_Var01.prefab using Guid(2db64532c7c817a4c82371fdbaee5ccd) Importer(2089858483,0ecaa5967403d082aa24f35e1b516d23) [PhysX] Initialized MultithreadedTaskDispatcher with 16 workers.
 -> (artifact id: '1d5786c1c465198423fd2a50a1bbf474') in 0.016432 seconds
Number of updated asset objects reloaded before import = 0
Number of asset objects unloaded after import = 16
========================================================================
Received Import Request.
  Time since last request: 0.000017 seconds.
  path: Assets/ModernSupermarket/Prefabs/Props/Products/Ham_wplnxm_Var02.prefab
  artifactKey: Guid(375e58feb62549d4cb8df050fa0f8a77) Importer(2089858483,0ecaa5967403d082aa24f35e1b516d23)
Start importing Assets/ModernSupermarket/Prefabs/Props/Products/Ham_wplnxm_Var02.prefab using Guid(375e58feb62549d4cb8df050fa0f8a77) Importer(2089858483,0ecaa5967403d082aa24f35e1b516d23) [PhysX] Initialized MultithreadedTaskDispatcher with 16 workers.
 -> (artifact id: 'c48f8e49f31e1cf2bcc6a09c2b0292ee') in 0.018508 seconds
Number of updated asset objects reloaded before import = 0
Number of asset objects unloaded after import = 15
========================================================================
Received Import Request.
  Time since last request: 0.000023 seconds.
  path: Assets/ModernSupermarket/Prefabs/Props/Products/Soap_eegrv7_Pack01.prefab
  artifactKey: Guid(f009abec21abc8043a30ed98e297ee49) Importer(2089858483,0ecaa5967403d082aa24f35e1b516d23)
Start importing Assets/ModernSupermarket/Prefabs/Props/Products/Soap_eegrv7_Pack01.prefab using Guid(f009abec21abc8043a30ed98e297ee49) Importer(2089858483,0ecaa5967403d082aa24f35e1b516d23) [PhysX] Initialized MultithreadedTaskDispatcher with 16 workers.
 -> (artifact id: 'adc44fc55cd57d645a9f03b4f686efd3') in 0.016289 seconds
Number of updated asset objects reloaded before import = 0
Number of asset objects unloaded after import = 8
========================================================================
Received Import Request.
  Time since last request: 0.000017 seconds.
  path: Assets/ModernSupermarket/Prefabs/Props/Products/Pizza_ehb1pe_Pack01.prefab
  artifactKey: Guid(fc692986c3cdeba4b95d9a1043521ffa) Importer(2089858483,0ecaa5967403d082aa24f35e1b516d23)
Start importing Assets/ModernSupermarket/Prefabs/Props/Products/Pizza_ehb1pe_Pack01.prefab using Guid(fc692986c3cdeba4b95d9a1043521ffa) Importer(2089858483,0ecaa5967403d082aa24f35e1b516d23) [PhysX] Initialized MultithreadedTaskDispatcher with 16 workers.
 -> (artifact id: 'd17642b5f2a934374c9ea042f1971f4c') in 0.015354 seconds
Number of updated asset objects reloaded before import = 0
Number of asset objects unloaded after import = 8
========================================================================
Received Import Request.
  Time since last request: 0.000019 seconds.
  path: Assets/ModernSupermarket/Prefabs/Props/Products/Pasta_9duit_Pack02.prefab
  artifactKey: Guid(886cd00c29f2e644fa16fa180ae4937e) Importer(2089858483,0ecaa5967403d082aa24f35e1b516d23)
Start importing Assets/ModernSupermarket/Prefabs/Props/Products/Pasta_9duit_Pack02.prefab using Guid(886cd00c29f2e644fa16fa180ae4937e) Importer(2089858483,0ecaa5967403d082aa24f35e1b516d23) [PhysX] Initialized MultithreadedTaskDispatcher with 16 workers.
 -> (artifact id: 'be85601f1a865e2b7d71f3297e8c37fb') in 0.018784 seconds
Number of updated asset objects reloaded before import = 0
Number of asset objects unloaded after import = 8
========================================================================
Received Import Request.
  Time since last request: 0.000034 seconds.
  path: Assets/ModernSupermarket/Prefabs/Props/Products/Shampoo_u15m67_Pack01_Var03.prefab
  artifactKey: Guid(50c6c36d0f574234299dca24bdb7c6d3) Importer(2089858483,0ecaa5967403d082aa24f35e1b516d23)
Start importing Assets/ModernSupermarket/Prefabs/Props/Products/Shampoo_u15m67_Pack01_Var03.prefab using Guid(50c6c36d0f574234299dca24bdb7c6d3) Importer(2089858483,0ecaa5967403d082aa24f35e1b516d23) [PhysX] Initialized MultithreadedTaskDispatcher with 16 workers.
 -> (artifact id: '5e3a81ef92b7e47aed2033bad639aadf') in 0.015949 seconds
Number of updated asset objects reloaded before import = 0
Number of asset objects unloaded after import = 15
========================================================================
Received Import Request.
  Time since last request: 0.000024 seconds.
  path: Assets/ModernSupermarket/Prefabs/Props/Products/CrabSticks_mu7h0i_Pack01.prefab
  artifactKey: Guid(5495751fcf6f4e54ab62607953031383) Importer(2089858483,0ecaa5967403d082aa24f35e1b516d23)
Start importing Assets/ModernSupermarket/Prefabs/Props/Products/CrabSticks_mu7h0i_Pack01.prefab using Guid(5495751fcf6f4e54ab62607953031383) Importer(2089858483,0ecaa5967403d082aa24f35e1b516d23) [PhysX] Initialized MultithreadedTaskDispatcher with 16 workers.
 -> (artifact id: '489ddf3180e086f19a766fcad501ac84') in 0.015584 seconds
Number of updated asset objects reloaded before import = 0
Number of asset objects unloaded after import = 8
========================================================================
Received Import Request.
  Time since last request: 0.000018 seconds.
  path: Assets/ModernSupermarket/Prefabs/Props/Products/Chips_w4tja8.prefab
  artifactKey: Guid(c4ed65979e053b942afaeac7a2ef5524) Importer(2089858483,0ecaa5967403d082aa24f35e1b516d23)
Start importing Assets/ModernSupermarket/Prefabs/Props/Products/Chips_w4tja8.prefab using Guid(c4ed65979e053b942afaeac7a2ef5524) Importer(2089858483,0ecaa5967403d082aa24f35e1b516d23) [PhysX] Initialized MultithreadedTaskDispatcher with 16 workers.
 -> (artifact id: '29d26acf53b626fa70a3766a1668080a') in 0.015366 seconds
Number of updated asset objects reloaded before import = 0
Number of asset objects unloaded after import = 8
========================================================================
Received Import Request.
  Time since last request: 0.000036 seconds.
  path: Assets/ModernSupermarket/Prefabs/Props/Products/ChocolateBox_b94wj0_Var01.prefab
  artifactKey: Guid(17c73ddd0fbcac243a467132ee0a8891) Importer(2089858483,0ecaa5967403d082aa24f35e1b516d23)
Start importing Assets/ModernSupermarket/Prefabs/Props/Products/ChocolateBox_b94wj0_Var01.prefab using Guid(17c73ddd0fbcac243a467132ee0a8891) Importer(2089858483,0ecaa5967403d082aa24f35e1b516d23) [PhysX] Initialized MultithreadedTaskDispatcher with 16 workers.
 -> (artifact id: '00d363470f3cfb0bd36128643f3870b6') in 0.014344 seconds
Number of updated asset objects reloaded before import = 0
Number of asset objects unloaded after import = 15
========================================================================
Received Import Request.
  Time since last request: 0.000016 seconds.
  path: Assets/ModernSupermarket/Prefabs/Props/Products/Cereals_me9j99_Var02.prefab
  artifactKey: Guid(e000e9fd918b8894483ee077c8b4c760) Importer(2089858483,0ecaa5967403d082aa24f35e1b516d23)
Start importing Assets/ModernSupermarket/Prefabs/Props/Products/Cereals_me9j99_Var02.prefab using Guid(e000e9fd918b8894483ee077c8b4c760) Importer(2089858483,0ecaa5967403d082aa24f35e1b516d23) [PhysX] Initialized MultithreadedTaskDispatcher with 16 workers.
 -> (artifact id: '25f125b36f08b8f86af9782db6d29b00') in 0.014153 seconds
Number of updated asset objects reloaded before import = 0
Number of asset objects unloaded after import = 15
========================================================================
Received Import Request.
  Time since last request: 0.000024 seconds.
  path: Assets/ModernSupermarket/Prefabs/Props/Products/Soda_d7rdw9.prefab
  artifactKey: Guid(a8060259b91f63a40ab20819639ae045) Importer(2089858483,0ecaa5967403d082aa24f35e1b516d23)
Start importing Assets/ModernSupermarket/Prefabs/Props/Products/Soda_d7rdw9.prefab using Guid(a8060259b91f63a40ab20819639ae045) Importer(2089858483,0ecaa5967403d082aa24f35e1b516d23) [PhysX] Initialized MultithreadedTaskDispatcher with 16 workers.
 -> (artifact id: 'dfd4a0f85687da2e48912e1c5942de04') in 0.014914 seconds
Number of updated asset objects reloaded before import = 0
Number of asset objects unloaded after import = 8
========================================================================
Received Import Request.
  Time since last request: 0.000015 seconds.
  path: Assets/ModernSupermarket/Prefabs/Props/Products/MashPotatoe_3n44xc_Pack01.prefab
  artifactKey: Guid(632862b46c7ba544f80e54da2351d9f2) Importer(2089858483,0ecaa5967403d082aa24f35e1b516d23)
Start importing Assets/ModernSupermarket/Prefabs/Props/Products/MashPotatoe_3n44xc_Pack01.prefab using Guid(632862b46c7ba544f80e54da2351d9f2) Importer(2089858483,0ecaa5967403d082aa24f35e1b516d23) [PhysX] Initialized MultithreadedTaskDispatcher with 16 workers.
 -> (artifact id: '5f960672fd0fddf5feff2b0452c6b17d') in 0.015519 seconds
Number of updated asset objects reloaded before import = 0
Number of asset objects unloaded after import = 8
========================================================================
Received Import Request.
  Time since last request: 0.000017 seconds.
  path: Assets/ModernSupermarket/Prefabs/Props/Products/FrozenBox_vhvpd4_Pack04.prefab
  artifactKey: Guid(135a7cab58438ff41ad8e1675bcceeb7) Importer(2089858483,0ecaa5967403d082aa24f35e1b516d23)
Start importing Assets/ModernSupermarket/Prefabs/Props/Products/FrozenBox_vhvpd4_Pack04.prefab using Guid(135a7cab58438ff41ad8e1675bcceeb7) Importer(2089858483,0ecaa5967403d082aa24f35e1b516d23) [PhysX] Initialized MultithreadedTaskDispatcher with 16 workers.
 -> (artifact id: '47dd07e79d74259b3fdc58a972f83ac1') in 0.014532 seconds
Number of updated asset objects reloaded before import = 0
Number of asset objects unloaded after import = 8
========================================================================
Received Import Request.
  Time since last request: 0.000017 seconds.
  path: Assets/ModernSupermarket/Prefabs/Props/Products/FrozenBox_vhvpd4_Pack03.prefab
  artifactKey: Guid(2b64c1aab74bf0d47ac3532a95d3ceb7) Importer(2089858483,0ecaa5967403d082aa24f35e1b516d23)
Start importing Assets/ModernSupermarket/Prefabs/Props/Products/FrozenBox_vhvpd4_Pack03.prefab using Guid(2b64c1aab74bf0d47ac3532a95d3ceb7) Importer(2089858483,0ecaa5967403d082aa24f35e1b516d23) [PhysX] Initialized MultithreadedTaskDispatcher with 16 workers.
 -> (artifact id: '9dab288ec080a79a6a5b74d99058fd49') in 0.014556 seconds
Number of updated asset objects reloaded before import = 0
Number of asset objects unloaded after import = 8
========================================================================
Received Import Request.
  Time since last request: 0.000021 seconds.
  path: Assets/ModernSupermarket/Prefabs/Props/Products/MeatTray_fbw8xf_Pack01.prefab
  artifactKey: Guid(fced27e9ce320ee45a49ecbd04810174) Importer(2089858483,0ecaa5967403d082aa24f35e1b516d23)
Start importing Assets/ModernSupermarket/Prefabs/Props/Products/MeatTray_fbw8xf_Pack01.prefab using Guid(fced27e9ce320ee45a49ecbd04810174) Importer(2089858483,0ecaa5967403d082aa24f35e1b516d23) [PhysX] Initialized MultithreadedTaskDispatcher with 16 workers.
 -> (artifact id: '6b1507bf50da7e1c678e53738c5ce6c5') in 0.016552 seconds
Number of updated asset objects reloaded before import = 0
Number of asset objects unloaded after import = 8
========================================================================
Received Import Request.
  Time since last request: 0.000020 seconds.
  path: Assets/ModernSupermarket/Prefabs/Props/Products/FrozenPack_xp713y_Pack01_Var02.prefab
  artifactKey: Guid(b9bff70b67db3cd4ea3b240d09b5e3e8) Importer(2089858483,0ecaa5967403d082aa24f35e1b516d23)
Start importing Assets/ModernSupermarket/Prefabs/Props/Products/FrozenPack_xp713y_Pack01_Var02.prefab using Guid(b9bff70b67db3cd4ea3b240d09b5e3e8) Importer(2089858483,0ecaa5967403d082aa24f35e1b516d23) [PhysX] Initialized MultithreadedTaskDispatcher with 16 workers.
 -> (artifact id: 'b0d017ac02083b4aabe31628ce59c864') in 0.016928 seconds
Number of updated asset objects reloaded before import = 0
Number of asset objects unloaded after import = 15
========================================================================
Received Import Request.
  Time since last request: 0.000027 seconds.
  path: Assets/ModernSupermarket/Prefabs/Props/Products/OldMetalBox_edzkm9.prefab
  artifactKey: Guid(1adcdff5512bb3640ae65758b5a6a916) Importer(2089858483,0ecaa5967403d082aa24f35e1b516d23)
Start importing Assets/ModernSupermarket/Prefabs/Props/Products/OldMetalBox_edzkm9.prefab using Guid(1adcdff5512bb3640ae65758b5a6a916) Importer(2089858483,0ecaa5967403d082aa24f35e1b516d23) [PhysX] Initialized MultithreadedTaskDispatcher with 16 workers.
 -> (artifact id: '367b722bd18ab6b2703fdee2ec6781e0') in 0.015159 seconds
Number of updated asset objects reloaded before import = 0
Number of asset objects unloaded after import = 8
========================================================================
Received Import Request.
  Time since last request: 0.000028 seconds.
  path: Assets/ModernSupermarket/Prefabs/Props/Products/Cream_jatl5h_Pack01_Var02.prefab
  artifactKey: Guid(1ec8c44744cd22045a3f40041f253ad8) Importer(2089858483,0ecaa5967403d082aa24f35e1b516d23)
Start importing Assets/ModernSupermarket/Prefabs/Props/Products/Cream_jatl5h_Pack01_Var02.prefab using Guid(1ec8c44744cd22045a3f40041f253ad8) Importer(2089858483,0ecaa5967403d082aa24f35e1b516d23) [PhysX] Initialized MultithreadedTaskDispatcher with 16 workers.
 -> (artifact id: '252e95f14ef764ed3c3d1ca2654ffd10') in 0.015545 seconds
Number of updated asset objects reloaded before import = 0
Number of asset objects unloaded after import = 15
========================================================================
Received Import Request.
  Time since last request: 0.000020 seconds.
  path: Assets/ModernSupermarket/Prefabs/Props/Products/ChocolateSpread_xhkyij_Var02.prefab
  artifactKey: Guid(52a3e1be1152f484fa987ec81a4c0ad9) Importer(2089858483,0ecaa5967403d082aa24f35e1b516d23)
Start importing Assets/ModernSupermarket/Prefabs/Props/Products/ChocolateSpread_xhkyij_Var02.prefab using Guid(52a3e1be1152f484fa987ec81a4c0ad9) Importer(2089858483,0ecaa5967403d082aa24f35e1b516d23) [PhysX] Initialized MultithreadedTaskDispatcher with 16 workers.
 -> (artifact id: '4ad335bdd3bff17390eab8908da92227') in 0.016697 seconds
Number of updated asset objects reloaded before import = 0
Number of asset objects unloaded after import = 15
========================================================================
Received Import Request.
  Time since last request: 0.000038 seconds.
  path: Assets/ModernSupermarket/Prefabs/Props/Products/Cleanser_o964qg_Pack01_Var02.prefab
  artifactKey: Guid(1ad05622693368f49b87a376882ea10d) Importer(2089858483,0ecaa5967403d082aa24f35e1b516d23)
Start importing Assets/ModernSupermarket/Prefabs/Props/Products/Cleanser_o964qg_Pack01_Var02.prefab using Guid(1ad05622693368f49b87a376882ea10d) Importer(2089858483,0ecaa5967403d082aa24f35e1b516d23) [PhysX] Initialized MultithreadedTaskDispatcher with 16 workers.
 -> (artifact id: '59a85b1fc9f7e721bf5fee98ecab3900') in 0.016037 seconds
Number of updated asset objects reloaded before import = 0
Number of asset objects unloaded after import = 15
========================================================================
Received Import Request.
  Time since last request: 0.000016 seconds.
  path: Assets/ModernSupermarket/Prefabs/Props/Products/Laundry_mm7gx5_Pack01_Var02.prefab
  artifactKey: Guid(c30a2a8e0ac67774fb3b3f88b4072e12) Importer(2089858483,0ecaa5967403d082aa24f35e1b516d23)
Start importing Assets/ModernSupermarket/Prefabs/Props/Products/Laundry_mm7gx5_Pack01_Var02.prefab using Guid(c30a2a8e0ac67774fb3b3f88b4072e12) Importer(2089858483,0ecaa5967403d082aa24f35e1b516d23) [PhysX] Initialized MultithreadedTaskDispatcher with 16 workers.
 -> (artifact id: '21479154c49f2b65b359f7430078482c') in 0.016615 seconds
Number of updated asset objects reloaded before import = 0
Number of asset objects unloaded after import = 15
========================================================================
Received Import Request.
  Time since last request: 0.000017 seconds.
  path: Assets/ModernSupermarket/Prefabs/Props/Products/Shampoo_lvhjkn_Var02.prefab
  artifactKey: Guid(412529a781f99a34ba02c5f0a6b4b924) Importer(2089858483,0ecaa5967403d082aa24f35e1b516d23)
Start importing Assets/ModernSupermarket/Prefabs/Props/Products/Shampoo_lvhjkn_Var02.prefab using Guid(412529a781f99a34ba02c5f0a6b4b924) Importer(2089858483,0ecaa5967403d082aa24f35e1b516d23) [PhysX] Initialized MultithreadedTaskDispatcher with 16 workers.
 -> (artifact id: 'a8f8d1dbc6f51afc391f84d747732b9b') in 0.013623 seconds
Number of updated asset objects reloaded before import = 0
Number of asset objects unloaded after import = 15
========================================================================
Received Import Request.
  Time since last request: 0.000025 seconds.
  path: Assets/ModernSupermarket/Prefabs/Props/Products/Laundry_mm7gx5_Var01.prefab
  artifactKey: Guid(8dfbde47ea311814ead96920c7144cf5) Importer(2089858483,0ecaa5967403d082aa24f35e1b516d23)
Start importing Assets/ModernSupermarket/Prefabs/Props/Products/Laundry_mm7gx5_Var01.prefab using Guid(8dfbde47ea311814ead96920c7144cf5) Importer(2089858483,0ecaa5967403d082aa24f35e1b516d23) [PhysX] Initialized MultithreadedTaskDispatcher with 16 workers.
 -> (artifact id: '64da98d6662344b5e05ac08b04c71c22') in 0.015433 seconds
Number of updated asset objects reloaded before import = 0
Number of asset objects unloaded after import = 15
========================================================================
Received Import Request.
  Time since last request: 0.000017 seconds.
  path: Assets/ModernSupermarket/Prefabs/Props/Products/Cheese_ipc281_Pack01.prefab
  artifactKey: Guid(dca0cc266ba87f1428e0520cb17d59da) Importer(2089858483,0ecaa5967403d082aa24f35e1b516d23)
Start importing Assets/ModernSupermarket/Prefabs/Props/Products/Cheese_ipc281_Pack01.prefab using Guid(dca0cc266ba87f1428e0520cb17d59da) Importer(2089858483,0ecaa5967403d082aa24f35e1b516d23) [PhysX] Initialized MultithreadedTaskDispatcher with 16 workers.
 -> (artifact id: 'bbc52a3eb769cb9511499088b298de55') in 0.015236 seconds
Number of updated asset objects reloaded before import = 0
Number of asset objects unloaded after import = 8
========================================================================
Received Import Request.
  Time since last request: 0.000022 seconds.
  path: Assets/ModernSupermarket/Prefabs/Props/Products/Oil_751tp2.prefab
  artifactKey: Guid(a52fcbc7343948e4e8d553d1897db902) Importer(2089858483,0ecaa5967403d082aa24f35e1b516d23)
Start importing Assets/ModernSupermarket/Prefabs/Props/Products/Oil_751tp2.prefab using Guid(a52fcbc7343948e4e8d553d1897db902) Importer(2089858483,0ecaa5967403d082aa24f35e1b516d23) [PhysX] Initialized MultithreadedTaskDispatcher with 16 workers.
 -> (artifact id: 'e65a3321f8d37143ec054d59cf7af98c') in 0.015987 seconds
Number of updated asset objects reloaded before import = 0
Number of asset objects unloaded after import = 8
========================================================================
Received Import Request.
  Time since last request: 0.000016 seconds.
  path: Assets/ModernSupermarket/Prefabs/Props/Products/FrozenPack_t7wenh_Pack01_Var01.prefab
  artifactKey: Guid(d2724a8fbe9b3ba4db5fa2f01b6d37aa) Importer(2089858483,0ecaa5967403d082aa24f35e1b516d23)
Start importing Assets/ModernSupermarket/Prefabs/Props/Products/FrozenPack_t7wenh_Pack01_Var01.prefab using Guid(d2724a8fbe9b3ba4db5fa2f01b6d37aa) Importer(2089858483,0ecaa5967403d082aa24f35e1b516d23) [PhysX] Initialized MultithreadedTaskDispatcher with 16 workers.
 -> (artifact id: '2b9cc364172e651cabf287369e3e6d32') in 0.016325 seconds
Number of updated asset objects reloaded before import = 0
Number of asset objects unloaded after import = 15
========================================================================
Received Import Request.
  Time since last request: 0.000025 seconds.
  path: Assets/ModernSupermarket/Prefabs/Props/Products/Frozen_vhvpd4.prefab
  artifactKey: Guid(2003d1c96c98c1248b1016bdea165bb9) Importer(2089858483,0ecaa5967403d082aa24f35e1b516d23)
Start importing Assets/ModernSupermarket/Prefabs/Props/Products/Frozen_vhvpd4.prefab using Guid(2003d1c96c98c1248b1016bdea165bb9) Importer(2089858483,0ecaa5967403d082aa24f35e1b516d23) [PhysX] Initialized MultithreadedTaskDispatcher with 16 workers.
 -> (artifact id: '4338d5a04af4b7c3a5fc8546d6b8a28b') in 0.022138 seconds
Number of updated asset objects reloaded before import = 0
Number of asset objects unloaded after import = 8
========================================================================
Received Import Request.
  Time since last request: 0.000018 seconds.
  path: Assets/ModernSupermarket/Prefabs/Props/Products/Oil_751tp2_Pack01.prefab
  artifactKey: Guid(4a1bf02f281469444b8a8c5dd839b7d0) Importer(2089858483,0ecaa5967403d082aa24f35e1b516d23)
Start importing Assets/ModernSupermarket/Prefabs/Props/Products/Oil_751tp2_Pack01.prefab using Guid(4a1bf02f281469444b8a8c5dd839b7d0) Importer(2089858483,0ecaa5967403d082aa24f35e1b516d23) [PhysX] Initialized MultithreadedTaskDispatcher with 16 workers.
 -> (artifact id: '1ed7f72f05db9a151ec0f4c0d545cd70') in 0.016332 seconds
Number of updated asset objects reloaded before import = 0
Number of asset objects unloaded after import = 8
========================================================================
Received Import Request.
  Time since last request: 0.000017 seconds.
  path: Assets/ModernSupermarket/Prefabs/Props/Products/Laundry_mm7gx5_Pack01.prefab
  artifactKey: Guid(c6ad079f21bdd214ea3afd2f56b5e1ab) Importer(2089858483,0ecaa5967403d082aa24f35e1b516d23)
Start importing Assets/ModernSupermarket/Prefabs/Props/Products/Laundry_mm7gx5_Pack01.prefab using Guid(c6ad079f21bdd214ea3afd2f56b5e1ab) Importer(2089858483,0ecaa5967403d082aa24f35e1b516d23) [PhysX] Initialized MultithreadedTaskDispatcher with 16 workers.
 -> (artifact id: '9adcede71721e2c2a3adc5aaa6696e75') in 0.018452 seconds
Number of updated asset objects reloaded before import = 0
Number of asset objects unloaded after import = 8
========================================================================
Received Import Request.
  Time since last request: 0.000017 seconds.
  path: Assets/ModernSupermarket/Prefabs/Props/Products/Cheese_ipc281_Var01.prefab
  artifactKey: Guid(0b6686be9c5de654faa639d04e5fcbf3) Importer(2089858483,0ecaa5967403d082aa24f35e1b516d23)
Start importing Assets/ModernSupermarket/Prefabs/Props/Products/Cheese_ipc281_Var01.prefab using Guid(0b6686be9c5de654faa639d04e5fcbf3) Importer(2089858483,0ecaa5967403d082aa24f35e1b516d23) [PhysX] Initialized MultithreadedTaskDispatcher with 16 workers.
 -> (artifact id: 'f0457d8d931f1656aa24676946a3f697') in 0.017051 seconds
Number of updated asset objects reloaded before import = 0
Number of asset objects unloaded after import = 14
========================================================================
Received Import Request.
  Time since last request: 0.000023 seconds.
  path: Assets/ModernSupermarket/Prefabs/Props/Products/Cheese_bn26cq_Pack01.prefab
  artifactKey: Guid(ea9faba1517d15342a82b09c500c3301) Importer(2089858483,0ecaa5967403d082aa24f35e1b516d23)
Start importing Assets/ModernSupermarket/Prefabs/Props/Products/Cheese_bn26cq_Pack01.prefab using Guid(ea9faba1517d15342a82b09c500c3301) Importer(2089858483,0ecaa5967403d082aa24f35e1b516d23) [PhysX] Initialized MultithreadedTaskDispatcher with 16 workers.
 -> (artifact id: 'd40ea0408821a5dd162908f2a1456f30') in 0.016478 seconds
Number of updated asset objects reloaded before import = 0
Number of asset objects unloaded after import = 8
========================================================================
Received Import Request.
  Time since last request: 0.000021 seconds.
  path: Assets/ModernSupermarket/Prefabs/Props/Products/FrozenPack_t7wenh_Pack01_Var02.prefab
  artifactKey: Guid(5656735f0c1489a48b958f93420be2fc) Importer(2089858483,0ecaa5967403d082aa24f35e1b516d23)
Start importing Assets/ModernSupermarket/Prefabs/Props/Products/FrozenPack_t7wenh_Pack01_Var02.prefab using Guid(5656735f0c1489a48b958f93420be2fc) Importer(2089858483,0ecaa5967403d082aa24f35e1b516d23) [PhysX] Initialized MultithreadedTaskDispatcher with 16 workers.
 -> (artifact id: '5472187c842ebf1b80cbeff251a17739') in 0.017944 seconds
Number of updated asset objects reloaded before import = 0
Number of asset objects unloaded after import = 15
========================================================================
Received Import Request.
  Time since last request: 0.000029 seconds.
  path: Assets/ModernSupermarket/Prefabs/Props/Products/Oil_nutmjk.prefab
  artifactKey: Guid(47ba07d56bfa8b443a299232b8c4a588) Importer(2089858483,0ecaa5967403d082aa24f35e1b516d23)
Start importing Assets/ModernSupermarket/Prefabs/Props/Products/Oil_nutmjk.prefab using Guid(47ba07d56bfa8b443a299232b8c4a588) Importer(2089858483,0ecaa5967403d082aa24f35e1b516d23) [PhysX] Initialized MultithreadedTaskDispatcher with 16 workers.
 -> (artifact id: '551146fa5b4c18cb315c0b385e5f136a') in 0.017672 seconds
Number of updated asset objects reloaded before import = 0
Number of asset objects unloaded after import = 8
========================================================================
Received Import Request.
  Time since last request: 0.000015 seconds.
  path: Assets/ModernSupermarket/Prefabs/Props/Products/MashPotatoe_3n44xc.prefab
  artifactKey: Guid(e5da85f5478d52348a78c2d95774c12f) Importer(2089858483,0ecaa5967403d082aa24f35e1b516d23)
Start importing Assets/ModernSupermarket/Prefabs/Props/Products/MashPotatoe_3n44xc.prefab using Guid(e5da85f5478d52348a78c2d95774c12f) Importer(2089858483,0ecaa5967403d082aa24f35e1b516d23) [PhysX] Initialized MultithreadedTaskDispatcher with 16 workers.
 -> (artifact id: 'ac4a49877c66e49a3ce4293f6438c0e4') in 0.015190 seconds
Number of updated asset objects reloaded before import = 0
Number of asset objects unloaded after import = 8
========================================================================
Received Import Request.
  Time since last request: 0.000016 seconds.
  path: Assets/ModernSupermarket/Prefabs/Props/Products/Shampoo_u15m67_Var01.prefab
  artifactKey: Guid(d5aeb169a768aeb4b9bf948f51c0b957) Importer(2089858483,0ecaa5967403d082aa24f35e1b516d23)
Start importing Assets/ModernSupermarket/Prefabs/Props/Products/Shampoo_u15m67_Var01.prefab using Guid(d5aeb169a768aeb4b9bf948f51c0b957) Importer(2089858483,0ecaa5967403d082aa24f35e1b516d23) [PhysX] Initialized MultithreadedTaskDispatcher with 16 workers.
 -> (artifact id: '971982ad9c8e56ff23fa06996a36b37f') in 0.017448 seconds
Number of updated asset objects reloaded before import = 0
Number of asset objects unloaded after import = 15
========================================================================
Received Import Request.
  Time since last request: 0.000019 seconds.
  path: Assets/ModernSupermarket/Prefabs/Props/Products/MeatTray_dbf1nh.prefab
  artifactKey: Guid(59ae1c1d4d1694946afcf4b03278689c) Importer(2089858483,0ecaa5967403d082aa24f35e1b516d23)
Start importing Assets/ModernSupermarket/Prefabs/Props/Products/MeatTray_dbf1nh.prefab using Guid(59ae1c1d4d1694946afcf4b03278689c) Importer(2089858483,0ecaa5967403d082aa24f35e1b516d23) [PhysX] Initialized MultithreadedTaskDispatcher with 16 workers.
 -> (artifact id: '55d24c405c3c38ead04a0d8d79c0e19e') in 0.014063 seconds
Number of updated asset objects reloaded before import = 0
Number of asset objects unloaded after import = 8
========================================================================
Received Import Request.
  Time since last request: 0.000017 seconds.
  path: Assets/ModernSupermarket/Prefabs/Props/Products/FrozenPack_xp713y_Pack01_Var01.prefab
  artifactKey: Guid(7bfedd1127b17274792ae1487d4d3838) Importer(2089858483,0ecaa5967403d082aa24f35e1b516d23)
Start importing Assets/ModernSupermarket/Prefabs/Props/Products/FrozenPack_xp713y_Pack01_Var01.prefab using Guid(7bfedd1127b17274792ae1487d4d3838) Importer(2089858483,0ecaa5967403d082aa24f35e1b516d23) [PhysX] Initialized MultithreadedTaskDispatcher with 16 workers.
 -> (artifact id: '90063a6bbe1964586a1fc9cd12f205bc') in 0.014861 seconds
Number of updated asset objects reloaded before import = 0
Number of asset objects unloaded after import = 15
========================================================================
Received Import Request.
  Time since last request: 0.000027 seconds.
  path: Assets/ModernSupermarket/Prefabs/Props/Products/Cleanser_o964qg.prefab
  artifactKey: Guid(034980f0bab40a54fb7f4b8942ffb90b) Importer(2089858483,0ecaa5967403d082aa24f35e1b516d23)
Start importing Assets/ModernSupermarket/Prefabs/Props/Products/Cleanser_o964qg.prefab using Guid(034980f0bab40a54fb7f4b8942ffb90b) Importer(2089858483,0ecaa5967403d082aa24f35e1b516d23) [PhysX] Initialized MultithreadedTaskDispatcher with 16 workers.
 -> (artifact id: '85ea2fabe64117838fcc0bb053329030') in 0.014202 seconds
Number of updated asset objects reloaded before import = 0
Number of asset objects unloaded after import = 8
========================================================================
Received Import Request.
  Time since last request: 0.000019 seconds.
  path: Assets/ModernSupermarket/Prefabs/Props/Products/RicePack_rewt3q_Var01.prefab
  artifactKey: Guid(30428d206ac30d7439f48b1b69b46585) Importer(2089858483,0ecaa5967403d082aa24f35e1b516d23)
Start importing Assets/ModernSupermarket/Prefabs/Props/Products/RicePack_rewt3q_Var01.prefab using Guid(30428d206ac30d7439f48b1b69b46585) Importer(2089858483,0ecaa5967403d082aa24f35e1b516d23) [PhysX] Initialized MultithreadedTaskDispatcher with 16 workers.
 -> (artifact id: 'cb618d034d8944620142fead265f34be') in 0.015494 seconds
Number of updated asset objects reloaded before import = 0
Number of asset objects unloaded after import = 15
========================================================================
Received Import Request.
  Time since last request: 0.000022 seconds.
  path: Assets/ModernSupermarket/Prefabs/Props/Products/Pasta_g87jtq_Var01.prefab
  artifactKey: Guid(2c6f5c3c4e5a84f47852a9d0103bfe3e) Importer(2089858483,0ecaa5967403d082aa24f35e1b516d23)
Start importing Assets/ModernSupermarket/Prefabs/Props/Products/Pasta_g87jtq_Var01.prefab using Guid(2c6f5c3c4e5a84f47852a9d0103bfe3e) Importer(2089858483,0ecaa5967403d082aa24f35e1b516d23) [PhysX] Initialized MultithreadedTaskDispatcher with 16 workers.
 -> (artifact id: '6aa0cf317cbe4a243ed0432e33746834') in 0.015626 seconds
Number of updated asset objects reloaded before import = 0
Number of asset objects unloaded after import = 15
========================================================================
Received Import Request.
  Time since last request: 0.000022 seconds.
  path: Assets/ModernSupermarket/Prefabs/Props/Products/Chips_w4tja8_Var02.prefab
  artifactKey: Guid(c1a88614e57ccb7408cd17be8bbb5569) Importer(2089858483,0ecaa5967403d082aa24f35e1b516d23)
Start importing Assets/ModernSupermarket/Prefabs/Props/Products/Chips_w4tja8_Var02.prefab using Guid(c1a88614e57ccb7408cd17be8bbb5569) Importer(2089858483,0ecaa5967403d082aa24f35e1b516d23) [PhysX] Initialized MultithreadedTaskDispatcher with 16 workers.
 -> (artifact id: 'c45341371b9c7501d41c4f1a8b8a9da6') in 0.015075 seconds
Number of updated asset objects reloaded before import = 0
Number of asset objects unloaded after import = 15
========================================================================
Received Import Request.
  Time since last request: 0.000020 seconds.
  path: Assets/ModernSupermarket/Prefabs/Props/Products/ChocolateSpread_xhkyij_Pack01_Var02.prefab
  artifactKey: Guid(fdaed859ebc8fe046ae8e4a8f070bdc7) Importer(2089858483,0ecaa5967403d082aa24f35e1b516d23)
Start importing Assets/ModernSupermarket/Prefabs/Props/Products/ChocolateSpread_xhkyij_Pack01_Var02.prefab using Guid(fdaed859ebc8fe046ae8e4a8f070bdc7) Importer(2089858483,0ecaa5967403d082aa24f35e1b516d23) [PhysX] Initialized MultithreadedTaskDispatcher with 16 workers.
 -> (artifact id: '6f57baa6209cd8b84b544a476932eb1d') in 0.019078 seconds
Number of updated asset objects reloaded before import = 0
Number of asset objects unloaded after import = 15
========================================================================
Received Import Request.
  Time since last request: 0.000019 seconds.
  path: Assets/ModernSupermarket/Prefabs/Props/Products/Pasta_g87jtq_Var02.prefab
  artifactKey: Guid(6b0616f44556a8448bc66b583dc3e8d8) Importer(2089858483,0ecaa5967403d082aa24f35e1b516d23)
Start importing Assets/ModernSupermarket/Prefabs/Props/Products/Pasta_g87jtq_Var02.prefab using Guid(6b0616f44556a8448bc66b583dc3e8d8) Importer(2089858483,0ecaa5967403d082aa24f35e1b516d23) [PhysX] Initialized MultithreadedTaskDispatcher with 16 workers.
 -> (artifact id: 'd3cdc0203e9bd4db82855d8b015dad75') in 0.014643 seconds
Number of updated asset objects reloaded before import = 0
Number of asset objects unloaded after import = 15
========================================================================
Received Import Request.
  Time since last request: 0.000019 seconds.
  path: Assets/ModernSupermarket/Prefabs/Props/Products/Cleanser_7dsib5.prefab
  artifactKey: Guid(9311eb6a71fba1f469d0761af0447c1a) Importer(2089858483,0ecaa5967403d082aa24f35e1b516d23)
Start importing Assets/ModernSupermarket/Prefabs/Props/Products/Cleanser_7dsib5.prefab using Guid(9311eb6a71fba1f469d0761af0447c1a) Importer(2089858483,0ecaa5967403d082aa24f35e1b516d23) [PhysX] Initialized MultithreadedTaskDispatcher with 16 workers.
 -> (artifact id: '8c62021546783de7e118b1c82a833ae6') in 0.018040 seconds
Number of updated asset objects reloaded before import = 0
Number of asset objects unloaded after import = 8
========================================================================
Received Import Request.
  Time since last request: 1.256489 seconds.
  path: Assets/ModernSupermarket/Prefabs/Props/Products/Sugar_ffc568.prefab
  artifactKey: Guid(396af82a144847e408e8cc126d1d3ece) Importer(2089858483,0ecaa5967403d082aa24f35e1b516d23)
Start importing Assets/ModernSupermarket/Prefabs/Props/Products/Sugar_ffc568.prefab using Guid(396af82a144847e408e8cc126d1d3ece) Importer(2089858483,0ecaa5967403d082aa24f35e1b516d23) [PhysX] Initialized MultithreadedTaskDispatcher with 16 workers.
 -> (artifact id: 'b7ba62c06919f690e7d23938dce5c700') in 0.024587 seconds
Number of updated asset objects reloaded before import = 0
Number of asset objects unloaded after import = 8
========================================================================
Received Import Request.
  Time since last request: 0.000021 seconds.
  path: Assets/Packages/Microsoft.Bcl.AsyncInterfaces.8.0.0/buildTransitive/net462/_._
  artifactKey: Guid(356c2296a243b32419331674d52fd642) Importer(2089858483,0ecaa5967403d082aa24f35e1b516d23)
Start importing Assets/Packages/Microsoft.Bcl.AsyncInterfaces.8.0.0/buildTransitive/net462/_._ using Guid(356c2296a243b32419331674d52fd642) Importer(2089858483,0ecaa5967403d082aa24f35e1b516d23) [PhysX] Initialized MultithreadedTaskDispatcher with 16 workers.
 -> (artifact id: '6f1b9517e0b8d64f96f2a80b832a32cd') in 0.012202 seconds
Number of updated asset objects reloaded before import = 0
Number of asset objects unloaded after import = 1
========================================================================
Received Import Request.
  Time since last request: 0.000022 seconds.
  path: Assets/Packages/System.Runtime.CompilerServices.Unsafe.6.0.0/buildTransitive/netcoreapp3.1/_._
  artifactKey: Guid(206effdff2b4a434891db38fb6dcfd44) Importer(2089858483,0ecaa5967403d082aa24f35e1b516d23)
Start importing Assets/Packages/System.Runtime.CompilerServices.Unsafe.6.0.0/buildTransitive/netcoreapp3.1/_._ using Guid(206effdff2b4a434891db38fb6dcfd44) Importer(2089858483,0ecaa5967403d082aa24f35e1b516d23) [PhysX] Initialized MultithreadedTaskDispatcher with 16 workers.
 -> (artifact id: '79d577888b8841519249a13d3e549faa') in 0.023853 seconds
Number of updated asset objects reloaded before import = 0
Number of asset objects unloaded after import = 1
========================================================================
Received Import Request.
  Time since last request: 0.000025 seconds.
  path: Assets/SpeechSDK/Plugins/Android/libs/Microsoft.CognitiveServices.Speech.csharp.dll
  artifactKey: Guid(4199ec4624f61d84981e1cdaa7a49811) Importer(2089858483,0ecaa5967403d082aa24f35e1b516d23)
Start importing Assets/SpeechSDK/Plugins/Android/libs/Microsoft.CognitiveServices.Speech.csharp.dll using Guid(4199ec4624f61d84981e1cdaa7a49811) Importer(2089858483,0ecaa5967403d082aa24f35e1b516d23) [PhysX] Initialized MultithreadedTaskDispatcher with 16 workers.
 -> (artifact id: 'a82213f2b8fb176f861e774f357d5d16') in 0.018971 seconds
Number of updated asset objects reloaded before import = 0
Number of asset objects unloaded after import = 1
========================================================================
Received Import Request.
  Time since last request: 0.000022 seconds.
  path: Assets/ModernSupermarket/Prefabs/Props/Products/Sugar_prsmvy.prefab
  artifactKey: Guid(b9ea5c95e24a94142a2983b811b920f8) Importer(2089858483,0ecaa5967403d082aa24f35e1b516d23)
Start importing Assets/ModernSupermarket/Prefabs/Props/Products/Sugar_prsmvy.prefab using Guid(b9ea5c95e24a94142a2983b811b920f8) Importer(2089858483,0ecaa5967403d082aa24f35e1b516d23) [PhysX] Initialized MultithreadedTaskDispatcher with 16 workers.
 -> (artifact id: 'bcaee9bc1ad4815cf6413606ee0f238c') in 0.016343 seconds
Number of updated asset objects reloaded before import = 0
Number of asset objects unloaded after import = 8
========================================================================
Received Import Request.
  Time since last request: 0.000026 seconds.
  path: Assets/ModernSupermarket/Scenes/Scene_Prefabs/Scene_Prefabs/Lightmap-0_comp_light.exr
  artifactKey: Guid(23da5f41f31f80e459d6c281c43547b3) Importer(2089858483,0ecaa5967403d082aa24f35e1b516d23)
Start importing Assets/ModernSupermarket/Scenes/Scene_Prefabs/Scene_Prefabs/Lightmap-0_comp_light.exr using Guid(23da5f41f31f80e459d6c281c43547b3) Importer(2089858483,0ecaa5967403d082aa24f35e1b516d23) [PhysX] Initialized MultithreadedTaskDispatcher with 16 workers.
 -> (artifact id: 'adc7daa0989c8e5f1953082d9411bc36') in 0.019914 seconds
Number of updated asset objects reloaded before import = 0
Number of asset objects unloaded after import = 1
========================================================================
Received Import Request.
  Time since last request: 0.000020 seconds.
  path: Assets/ModernSupermarket/Prefabs/Props/Products/Vase_x3wysg_03_Var01.prefab
  artifactKey: Guid(a5a703c74a5a2fe4abb386cc827cb6c6) Importer(2089858483,0ecaa5967403d082aa24f35e1b516d23)
Start importing Assets/ModernSupermarket/Prefabs/Props/Products/Vase_x3wysg_03_Var01.prefab using Guid(a5a703c74a5a2fe4abb386cc827cb6c6) Importer(2089858483,0ecaa5967403d082aa24f35e1b516d23) [PhysX] Initialized MultithreadedTaskDispatcher with 16 workers.
 -> (artifact id: 'a537f308fa7cd2be7745e6a2256c9d24') in 0.023601 seconds
Number of updated asset objects reloaded before import = 0
Number of asset objects unloaded after import = 16
========================================================================
Received Import Request.
  Time since last request: 0.000032 seconds.
  path: Assets/SpeechSDK/Plugins/WSA/ARM64/Microsoft.CognitiveServices.Speech.core.dll
  artifactKey: Guid(e145d1c2321b90f4685b6a3f86c7fd7d) Importer(2089858483,0ecaa5967403d082aa24f35e1b516d23)
Start importing Assets/SpeechSDK/Plugins/WSA/ARM64/Microsoft.CognitiveServices.Speech.core.dll using Guid(e145d1c2321b90f4685b6a3f86c7fd7d) Importer(2089858483,0ecaa5967403d082aa24f35e1b516d23) [PhysX] Initialized MultithreadedTaskDispatcher with 16 workers.
 -> (artifact id: '32e05d696857e6451c7831dad4391990') in 0.019546 seconds
Number of updated asset objects reloaded before import = 0
Number of asset objects unloaded after import = 1
========================================================================
Received Import Request.
  Time since last request: 0.000020 seconds.
  path: Assets/ModernSupermarket/Textures/Surfaces/Concrete_nlqhws/Concrete_nlqhws_a.png
  artifactKey: Guid(986b0833d53aec1449b32b1c6d0f02fc) Importer(2089858483,0ecaa5967403d082aa24f35e1b516d23)
Start importing Assets/ModernSupermarket/Textures/Surfaces/Concrete_nlqhws/Concrete_nlqhws_a.png using Guid(986b0833d53aec1449b32b1c6d0f02fc) Importer(2089858483,0ecaa5967403d082aa24f35e1b516d23) [PhysX] Initialized MultithreadedTaskDispatcher with 16 workers.
 -> (artifact id: 'a1162d56a4f9de6cbdd97ceb1ac08916') in 0.020558 seconds
Number of updated asset objects reloaded before import = 0
Number of asset objects unloaded after import = 1
========================================================================
Received Import Request.
  Time since last request: 0.000026 seconds.
  path: Assets/ModernSupermarket/Prefabs/Props/Utility/Crate_3m39yz.prefab
  artifactKey: Guid(a109db0239edfe44391d58c1eeb657b7) Importer(2089858483,0ecaa5967403d082aa24f35e1b516d23)
Start importing Assets/ModernSupermarket/Prefabs/Props/Utility/Crate_3m39yz.prefab using Guid(a109db0239edfe44391d58c1eeb657b7) Importer(2089858483,0ecaa5967403d082aa24f35e1b516d23) [PhysX] Initialized MultithreadedTaskDispatcher with 16 workers.
 -> (artifact id: 'b7aae465da31e5ec4c1d715347ad0565') in 0.017356 seconds
Number of updated asset objects reloaded before import = 0
Number of asset objects unloaded after import = 8
========================================================================
Received Import Request.
  Time since last request: 0.000036 seconds.
  path: Assets/ModernSupermarket/Prefabs/Props/Products/TinCan_60afsy_01_Var01.prefab
  artifactKey: Guid(4039d50018a5897488d65f73f733f2e0) Importer(2089858483,0ecaa5967403d082aa24f35e1b516d23)
Start importing Assets/ModernSupermarket/Prefabs/Props/Products/TinCan_60afsy_01_Var01.prefab using Guid(4039d50018a5897488d65f73f733f2e0) Importer(2089858483,0ecaa5967403d082aa24f35e1b516d23) [PhysX] Initialized MultithreadedTaskDispatcher with 16 workers.
 -> (artifact id: '7c0cb342d5f222cf0e68933abe59154d') in 0.017222 seconds
Number of updated asset objects reloaded before import = 0
Number of asset objects unloaded after import = 15
========================================================================
Received Import Request.
  Time since last request: 0.000023 seconds.
  path: Assets/Packages/Microsoft.Extensions.DependencyInjection.Abstractions.8.0.2/buildTransitive/net6.0/_._
  artifactKey: Guid(3b4efb4c49000584896a0cd2febc0ab2) Importer(2089858483,0ecaa5967403d082aa24f35e1b516d23)
Start importing Assets/Packages/Microsoft.Extensions.DependencyInjection.Abstractions.8.0.2/buildTransitive/net6.0/_._ using Guid(3b4efb4c49000584896a0cd2febc0ab2) Importer(2089858483,0ecaa5967403d082aa24f35e1b516d23) [PhysX] Initialized MultithreadedTaskDispatcher with 16 workers.
 -> (artifact id: 'a45b37da3e78cbbd2e8bcd4f2c261a6a') in 0.010031 seconds
Number of updated asset objects reloaded before import = 0
Number of asset objects unloaded after import = 1
========================================================================
Received Import Request.
  Time since last request: 0.000017 seconds.
  path: Assets/ModernSupermarket/Prefabs/Props/Products/Sushis_jtvduo_Pack01.prefab
  artifactKey: Guid(948db9144f46f3c438b16981bd683711) Importer(2089858483,0ecaa5967403d082aa24f35e1b516d23)
Start importing Assets/ModernSupermarket/Prefabs/Props/Products/Sushis_jtvduo_Pack01.prefab using Guid(948db9144f46f3c438b16981bd683711) Importer(2089858483,0ecaa5967403d082aa24f35e1b516d23) [PhysX] Initialized MultithreadedTaskDispatcher with 16 workers.
 -> (artifact id: '453ce441aca0dc55b59832fb134d570d') in 0.016788 seconds
Number of updated asset objects reloaded before import = 0
Number of asset objects unloaded after import = 8
========================================================================
Received Import Request.
  Time since last request: 0.000018 seconds.
  path: Assets/ModernSupermarket/Prefabs/Props/Products/Vase_x3wysg_03.prefab
  artifactKey: Guid(129d1f23835cf444f88da9fdb5225c79) Importer(2089858483,0ecaa5967403d082aa24f35e1b516d23)
Start importing Assets/ModernSupermarket/Prefabs/Props/Products/Vase_x3wysg_03.prefab using Guid(129d1f23835cf444f88da9fdb5225c79) Importer(2089858483,0ecaa5967403d082aa24f35e1b516d23) [PhysX] Initialized MultithreadedTaskDispatcher with 16 workers.
 -> (artifact id: '9e43df59cf0636057fa4bdded150f6f3') in 0.028383 seconds
Number of updated asset objects reloaded before import = 0
Number of asset objects unloaded after import = 8
========================================================================
Received Import Request.
  Time since last request: 0.000034 seconds.
  path: Assets/ModernSupermarket/Prefabs/Props/Products/ToiletPaper_tunz3i_Pack02.prefab
  artifactKey: Guid(1a2ba8f338e28994fb26b447e4a5568b) Importer(2089858483,0ecaa5967403d082aa24f35e1b516d23)
Start importing Assets/ModernSupermarket/Prefabs/Props/Products/ToiletPaper_tunz3i_Pack02.prefab using Guid(1a2ba8f338e28994fb26b447e4a5568b) Importer(2089858483,0ecaa5967403d082aa24f35e1b516d23) [PhysX] Initialized MultithreadedTaskDispatcher with 16 workers.
 -> (artifact id: '9dc72121d50419c6a103cfc2529fff71') in 0.017288 seconds
Number of updated asset objects reloaded before import = 0
Number of asset objects unloaded after import = 8
========================================================================
Received Import Request.
  Time since last request: 0.000021 seconds.
  path: Assets/Packages/Microsoft.Extensions.DependencyInjection.Abstractions.8.0.2/lib/netstandard2.1/Microsoft.Extensions.DependencyInjection.Abstractions.dll
  artifactKey: Guid(6bb93f4b8753d384590d3403e9960f5e) Importer(2089858483,0ecaa5967403d082aa24f35e1b516d23)
Start importing Assets/Packages/Microsoft.Extensions.DependencyInjection.Abstractions.8.0.2/lib/netstandard2.1/Microsoft.Extensions.DependencyInjection.Abstractions.dll using Guid(6bb93f4b8753d384590d3403e9960f5e) Importer(2089858483,0ecaa5967403d082aa24f35e1b516d23) [PhysX] Initialized MultithreadedTaskDispatcher with 16 workers.
 -> (artifact id: '601457b56f3249ddf5c3ff7a3fe69f09') in 0.012811 seconds
Number of updated asset objects reloaded before import = 0
Number of asset objects unloaded after import = 1
========================================================================
Received Import Request.
  Time since last request: 0.000018 seconds.
  path: Assets/ModernSupermarket/Prefabs/Props/Products/Teabox_l5w9ll_Var01.prefab
  artifactKey: Guid(f3e9b10945c91ba43b2be7374f6e14fd) Importer(2089858483,0ecaa5967403d082aa24f35e1b516d23)
Start importing Assets/ModernSupermarket/Prefabs/Props/Products/Teabox_l5w9ll_Var01.prefab using Guid(f3e9b10945c91ba43b2be7374f6e14fd) Importer(2089858483,0ecaa5967403d082aa24f35e1b516d23) [PhysX] Initialized MultithreadedTaskDispatcher with 16 workers.
 -> (artifact id: 'db993d7f87aaaf3380890d0f3fc1f2b0') in 0.015111 seconds
Number of updated asset objects reloaded before import = 0
Number of asset objects unloaded after import = 15
========================================================================
Received Import Request.
  Time since last request: 0.000018 seconds.
  path: Assets/ModernSupermarket/Prefabs/Props/Utility/CashMachine_lazhgf.prefab
  artifactKey: Guid(82af2b73bcb53e341aec2538113c742c) Importer(2089858483,0ecaa5967403d082aa24f35e1b516d23)
Start importing Assets/ModernSupermarket/Prefabs/Props/Utility/CashMachine_lazhgf.prefab using Guid(82af2b73bcb53e341aec2538113c742c) Importer(2089858483,0ecaa5967403d082aa24f35e1b516d23) [PhysX] Initialized MultithreadedTaskDispatcher with 16 workers.
 -> (artifact id: 'be15f8dbae128aa7050ee77ee96a92c7') in 0.016368 seconds
Number of updated asset objects reloaded before import = 0
Number of asset objects unloaded after import = 15
========================================================================
Received Import Request.
  Time since last request: 0.000020 seconds.
  path: Assets/Packages/System.Text.Encodings.Web.8.0.0/buildTransitive/net6.0/_._
  artifactKey: Guid(ddefbccd910817140bbd8ee29784667b) Importer(2089858483,0ecaa5967403d082aa24f35e1b516d23)
Start importing Assets/Packages/System.Text.Encodings.Web.8.0.0/buildTransitive/net6.0/_._ using Guid(ddefbccd910817140bbd8ee29784667b) Importer(2089858483,0ecaa5967403d082aa24f35e1b516d23) [PhysX] Initialized MultithreadedTaskDispatcher with 16 workers.
 -> (artifact id: 'b42fd7c1d072b7582903b2c4e0ed9cfe') in 0.010798 seconds
Number of updated asset objects reloaded before import = 0
Number of asset objects unloaded after import = 1
========================================================================
Received Import Request.
  Time since last request: 0.000025 seconds.
  path: Assets/ModernSupermarket/Prefabs/Props/Utility/Stool_6jdl8x.prefab
  artifactKey: Guid(9f762af9995a18a42887fd6eb1c98571) Importer(2089858483,0ecaa5967403d082aa24f35e1b516d23)
Start importing Assets/ModernSupermarket/Prefabs/Props/Utility/Stool_6jdl8x.prefab using Guid(9f762af9995a18a42887fd6eb1c98571) Importer(2089858483,0ecaa5967403d082aa24f35e1b516d23) [PhysX] Initialized MultithreadedTaskDispatcher with 16 workers.
 -> (artifact id: '039e26b9dcedfadadbfa090a9735f9c0') in 0.017011 seconds
Number of updated asset objects reloaded before import = 0
Number of asset objects unloaded after import = 8
========================================================================
Received Import Request.
  Time since last request: 0.000019 seconds.
  path: Assets/ModernSupermarket/Prefabs/Props/Products/WineBottle_2b6kjh_Pack01_Var01.prefab
  artifactKey: Guid(148f1e1dc80bf6347a0f65403bedaa44) Importer(2089858483,0ecaa5967403d082aa24f35e1b516d23)
Start importing Assets/ModernSupermarket/Prefabs/Props/Products/WineBottle_2b6kjh_Pack01_Var01.prefab using Guid(148f1e1dc80bf6347a0f65403bedaa44) Importer(2089858483,0ecaa5967403d082aa24f35e1b516d23) [PhysX] Initialized MultithreadedTaskDispatcher with 16 workers.
 -> (artifact id: 'd6efc22e171ca3ac038b56767985aa6e') in 0.017552 seconds
Number of updated asset objects reloaded before import = 0
Number of asset objects unloaded after import = 15
========================================================================
Received Import Request.
  Time since last request: 0.000017 seconds.
  path: Assets/ModernSupermarket/Prefabs/Props/Products/WineBottle_2b6kjh.prefab
  artifactKey: Guid(090a9654f84d0684d87812a19d8e7698) Importer(2089858483,0ecaa5967403d082aa24f35e1b516d23)
Start importing Assets/ModernSupermarket/Prefabs/Props/Products/WineBottle_2b6kjh.prefab using Guid(090a9654f84d0684d87812a19d8e7698) Importer(2089858483,0ecaa5967403d082aa24f35e1b516d23) [PhysX] Initialized MultithreadedTaskDispatcher with 16 workers.
 -> (artifact id: 'bee6eae8a5c9ed04fd68fb75594ff9f1') in 0.016042 seconds
Number of updated asset objects reloaded before import = 0
Number of asset objects unloaded after import = 8
========================================================================
Received Import Request.
  Time since last request: 0.000021 seconds.
  path: Assets/ModernSupermarket/Prefabs/Props/Products/YoghurtPack_rk7lsf_Pack01.prefab
  artifactKey: Guid(514d452b275924b47905b21db17de341) Importer(2089858483,0ecaa5967403d082aa24f35e1b516d23)
Start importing Assets/ModernSupermarket/Prefabs/Props/Products/YoghurtPack_rk7lsf_Pack01.prefab using Guid(514d452b275924b47905b21db17de341) Importer(2089858483,0ecaa5967403d082aa24f35e1b516d23) [PhysX] Initialized MultithreadedTaskDispatcher with 16 workers.
 -> (artifact id: '1fec986ac4b810854a034afb68da701f') in 0.016990 seconds
Number of updated asset objects reloaded before import = 0
Number of asset objects unloaded after import = 8
========================================================================
Received Import Request.
  Time since last request: 0.000021 seconds.
  path: Assets/Packages/System.Text.Encodings.Web.8.0.0/buildTransitive/netcoreapp2.0/System.Text.Encodings.Web.targets
  artifactKey: Guid(c21b2c44784302546a9939d3c72cab8f) Importer(2089858483,0ecaa5967403d082aa24f35e1b516d23)
Start importing Assets/Packages/System.Text.Encodings.Web.8.0.0/buildTransitive/netcoreapp2.0/System.Text.Encodings.Web.targets using Guid(c21b2c44784302546a9939d3c72cab8f) Importer(2089858483,0ecaa5967403d082aa24f35e1b516d23) [PhysX] Initialized MultithreadedTaskDispatcher with 16 workers.
 -> (artifact id: '664a230f7fdb771a549d49017341be8a') in 0.013706 seconds
Number of updated asset objects reloaded before import = 0
Number of asset objects unloaded after import = 1
========================================================================
Received Import Request.
  Time since last request: 0.000046 seconds.
  path: Assets/ModernSupermarket/Textures/Surfaces/Plaster_dwf9f5/Plaster_dwf9f5_m.png
  artifactKey: Guid(ee4a23eb436486f4da4de47005ed54b5) Importer(2089858483,0ecaa5967403d082aa24f35e1b516d23)
Start importing Assets/ModernSupermarket/Textures/Surfaces/Plaster_dwf9f5/Plaster_dwf9f5_m.png using Guid(ee4a23eb436486f4da4de47005ed54b5) Importer(2089858483,0ecaa5967403d082aa24f35e1b516d23) [PhysX] Initialized MultithreadedTaskDispatcher with 16 workers.
 -> (artifact id: 'c606858b8f8897c38e7351d12039080e') in 0.023824 seconds
Number of updated asset objects reloaded before import = 0
Number of asset objects unloaded after import = 1
========================================================================
Received Import Request.
  Time since last request: 0.000016 seconds.
  path: Assets/ModernSupermarket/Prefabs/Props/Products/Sugar_o0f6pn.prefab
  artifactKey: Guid(8e356eef40e7f8140a0fc6883563a2db) Importer(2089858483,0ecaa5967403d082aa24f35e1b516d23)
Start importing Assets/ModernSupermarket/Prefabs/Props/Products/Sugar_o0f6pn.prefab using Guid(8e356eef40e7f8140a0fc6883563a2db) Importer(2089858483,0ecaa5967403d082aa24f35e1b516d23) [PhysX] Initialized MultithreadedTaskDispatcher with 16 workers.
 -> (artifact id: '9fe7aea22a32f3ac871266aba5862186') in 0.014812 seconds
Number of updated asset objects reloaded before import = 0
Number of asset objects unloaded after import = 8
========================================================================
Received Import Request.
  Time since last request: 0.000023 seconds.
  path: Assets/ModernSupermarket/Scenes/Scene_Supermarket/Supermarket/LightingData.asset
  artifactKey: Guid(5614b5a8ee5e20e47a51df2ed5d23600) Importer(2089858483,0ecaa5967403d082aa24f35e1b516d23)
Start importing Assets/ModernSupermarket/Scenes/Scene_Supermarket/Supermarket/LightingData.asset using Guid(5614b5a8ee5e20e47a51df2ed5d23600) Importer(2089858483,0ecaa5967403d082aa24f35e1b516d23) [PhysX] Initialized MultithreadedTaskDispatcher with 16 workers.
 -> (artifact id: 'c59cc2308a90ac32e6e01c98bbace020') in 0.010995 seconds
Number of updated asset objects reloaded before import = 0
Number of asset objects unloaded after import = 2
========================================================================
Received Import Request.
  Time since last request: 0.000017 seconds.
  path: Assets/ModernSupermarket/Textures/Surfaces/Concrete_nlqhws/Concrete_nlqhws_n.png
  artifactKey: Guid(677fd2ed25155c44187777669f63d048) Importer(2089858483,0ecaa5967403d082aa24f35e1b516d23)
Start importing Assets/ModernSupermarket/Textures/Surfaces/Concrete_nlqhws/Concrete_nlqhws_n.png using Guid(677fd2ed25155c44187777669f63d048) Importer(2089858483,0ecaa5967403d082aa24f35e1b516d23) [PhysX] Initialized MultithreadedTaskDispatcher with 16 workers.
 -> (artifact id: '92b7579cfd2b1b9c310ed2a09ab5f748') in 0.021780 seconds
Number of updated asset objects reloaded before import = 0
Number of asset objects unloaded after import = 1
========================================================================
Received Import Request.
  Time since last request: 0.000020 seconds.
  path: Assets/ModernSupermarket/Textures/Surfaces/TileFloor_j8qkl9/TileFloor_j8qkl9_a.png
  artifactKey: Guid(10c4abbd350e31641a2ff67b4e13d967) Importer(2089858483,0ecaa5967403d082aa24f35e1b516d23)
Start importing Assets/ModernSupermarket/Textures/Surfaces/TileFloor_j8qkl9/TileFloor_j8qkl9_a.png using Guid(10c4abbd350e31641a2ff67b4e13d967) Importer(2089858483,0ecaa5967403d082aa24f35e1b516d23) [PhysX] Initialized MultithreadedTaskDispatcher with 16 workers.
 -> (artifact id: 'b5a7c21f09fbb8c56a6b7085a364e928') in 0.036959 seconds
Number of updated asset objects reloaded before import = 0
Number of asset objects unloaded after import = 1
========================================================================
Received Import Request.
  Time since last request: 0.000025 seconds.
  path: Assets/Packages/Azure.Core.1.46.2/lib/netstandard2.0/Azure.Core.dll
  artifactKey: Guid(befd4f1d57d0679419bb45e5a4e881ae) Importer(2089858483,0ecaa5967403d082aa24f35e1b516d23)
Start importing Assets/Packages/Azure.Core.1.46.2/lib/netstandard2.0/Azure.Core.dll using Guid(befd4f1d57d0679419bb45e5a4e881ae) Importer(2089858483,0ecaa5967403d082aa24f35e1b516d23) [PhysX] Initialized MultithreadedTaskDispatcher with 16 workers.
 -> (artifact id: 'fe91f660a00cbdbeb27ca7c4019d489f') in 0.013202 seconds
Number of updated asset objects reloaded before import = 0
Number of asset objects unloaded after import = 1
========================================================================
Received Import Request.
  Time since last request: 0.000022 seconds.
  path: Assets/ModernSupermarket/Scenes/Scene_Supermarket/Supermarket/Lightmap-2_comp_dir.png
  artifactKey: Guid(e49015b35993890409884da703541a09) Importer(2089858483,0ecaa5967403d082aa24f35e1b516d23)
Start importing Assets/ModernSupermarket/Scenes/Scene_Supermarket/Supermarket/Lightmap-2_comp_dir.png using Guid(e49015b35993890409884da703541a09) Importer(2089858483,0ecaa5967403d082aa24f35e1b516d23) [PhysX] Initialized MultithreadedTaskDispatcher with 16 workers.
 -> (artifact id: '4f7e9f4c09034afe8a0349e2c3b5088e') in 0.041975 seconds
Number of updated asset objects reloaded before import = 0
Number of asset objects unloaded after import = 1
========================================================================
Received Import Request.
  Time since last request: 0.000020 seconds.
  path: Assets/Packages/System.Runtime.CompilerServices.Unsafe.6.0.0/lib/netstandard2.0/System.Runtime.CompilerServices.Unsafe.dll
  artifactKey: Guid(54970bc2975258e43b5f8723266063ff) Importer(2089858483,0ecaa5967403d082aa24f35e1b516d23)
Start importing Assets/Packages/System.Runtime.CompilerServices.Unsafe.6.0.0/lib/netstandard2.0/System.Runtime.CompilerServices.Unsafe.dll using Guid(54970bc2975258e43b5f8723266063ff) Importer(2089858483,0ecaa5967403d082aa24f35e1b516d23) [PhysX] Initialized MultithreadedTaskDispatcher with 16 workers.
 -> (artifact id: '101f0f8d89d5e7f37d4ba604af584797') in 0.012726 seconds
Number of updated asset objects reloaded before import = 0
Number of asset objects unloaded after import = 1
========================================================================
Received Import Request.
  Time since last request: 0.000022 seconds.
  path: Assets/SpeechSDK/Plugins/WSA/x86/Microsoft.CognitiveServices.Speech.extension.kws.dll
  artifactKey: Guid(5f878b5c261f8b841b79c8d9db703d90) Importer(2089858483,0ecaa5967403d082aa24f35e1b516d23)
Start importing Assets/SpeechSDK/Plugins/WSA/x86/Microsoft.CognitiveServices.Speech.extension.kws.dll using Guid(5f878b5c261f8b841b79c8d9db703d90) Importer(2089858483,0ecaa5967403d082aa24f35e1b516d23) [PhysX] Initialized MultithreadedTaskDispatcher with 16 workers.
 -> (artifact id: 'd59471153c43a2b0daa938f5863246af') in 0.013898 seconds
Number of updated asset objects reloaded before import = 0
Number of asset objects unloaded after import = 1
========================================================================
Received Import Request.
  Time since last request: 0.000030 seconds.
  path: Assets/ModernSupermarket/Prefabs/Props/Products/YoghurtPack_kjd150.prefab
  artifactKey: Guid(a7f09ccc2d3a442489dcb7abaa467ffd) Importer(2089858483,0ecaa5967403d082aa24f35e1b516d23)
Start importing Assets/ModernSupermarket/Prefabs/Props/Products/YoghurtPack_kjd150.prefab using Guid(a7f09ccc2d3a442489dcb7abaa467ffd) Importer(2089858483,0ecaa5967403d082aa24f35e1b516d23) [PhysX] Initialized MultithreadedTaskDispatcher with 16 workers.
 -> (artifact id: '159b23618c39bd90f8d5c828c140cc9b') in 0.017738 seconds
Number of updated asset objects reloaded before import = 0
Number of asset objects unloaded after import = 8
========================================================================
Received Import Request.
  Time since last request: 0.000036 seconds.
  path: Assets/ModernSupermarket/Prefabs/Props/Products/TinCan_60afsy_02_Var01.prefab
  artifactKey: Guid(480ac4db1301e3046b3fcd90828a33a9) Importer(2089858483,0ecaa5967403d082aa24f35e1b516d23)
Start importing Assets/ModernSupermarket/Prefabs/Props/Products/TinCan_60afsy_02_Var01.prefab using Guid(480ac4db1301e3046b3fcd90828a33a9) Importer(2089858483,0ecaa5967403d082aa24f35e1b516d23) [PhysX] Initialized MultithreadedTaskDispatcher with 16 workers.
 -> (artifact id: '5bed362047af128164ba7804f55b35f8') in 0.016532 seconds
Number of updated asset objects reloaded before import = 0
Number of asset objects unloaded after import = 15
========================================================================
Received Import Request.
  Time since last request: 0.000029 seconds.
  path: Assets/ModernSupermarket/Prefabs/Props/Products/TinCan_60afsy_03_Var01.prefab
  artifactKey: Guid(b49e12c77eb3ecb4994cf005cd03033a) Importer(2089858483,0ecaa5967403d082aa24f35e1b516d23)
Start importing Assets/ModernSupermarket/Prefabs/Props/Products/TinCan_60afsy_03_Var01.prefab using Guid(b49e12c77eb3ecb4994cf005cd03033a) Importer(2089858483,0ecaa5967403d082aa24f35e1b516d23) [PhysX] Initialized MultithreadedTaskDispatcher with 16 workers.
 -> (artifact id: 'e248b8e3b2d242ca2035b4cf230f2fa6') in 0.017579 seconds
Number of updated asset objects reloaded before import = 0
Number of asset objects unloaded after import = 15
========================================================================
Received Import Request.
  Time since last request: 0.000021 seconds.
  path: Assets/ModernSupermarket/Prefabs/Props/Utility/Bag_my9wcp.prefab
  artifactKey: Guid(222ec86c11cd7844499fc99c8b50f7c5) Importer(2089858483,0ecaa5967403d082aa24f35e1b516d23)
Start importing Assets/ModernSupermarket/Prefabs/Props/Utility/Bag_my9wcp.prefab using Guid(222ec86c11cd7844499fc99c8b50f7c5) Importer(2089858483,0ecaa5967403d082aa24f35e1b516d23) [PhysX] Initialized MultithreadedTaskDispatcher with 16 workers.
 -> (artifact id: '5da3bcc97ecb941d2d493604d90046a8') in 0.015403 seconds
Number of updated asset objects reloaded before import = 0
Number of asset objects unloaded after import = 8
========================================================================
Received Import Request.
  Time since last request: 0.000022 seconds.
  path: Assets/ModernSupermarket/Prefabs/Props/Utility/Crate_7qf4hw.prefab
  artifactKey: Guid(6b96e1c342edbbe4190b03178f199220) Importer(2089858483,0ecaa5967403d082aa24f35e1b516d23)
Start importing Assets/ModernSupermarket/Prefabs/Props/Utility/Crate_7qf4hw.prefab using Guid(6b96e1c342edbbe4190b03178f199220) Importer(2089858483,0ecaa5967403d082aa24f35e1b516d23) [PhysX] Initialized MultithreadedTaskDispatcher with 16 workers.
 -> (artifact id: '90d95c1294bdf9268bccb9cb0a6a12dc') in 0.015364 seconds
Number of updated asset objects reloaded before import = 0
Number of asset objects unloaded after import = 8
========================================================================
Received Import Request.
  Time since last request: 0.000021 seconds.
  path: Assets/ModernSupermarket/Textures/Surfaces/Ceiling_ei180i/Ceiling_ei180i_o.png
  artifactKey: Guid(464c3ed115033284e9515e97099ef236) Importer(2089858483,0ecaa5967403d082aa24f35e1b516d23)
Start importing Assets/ModernSupermarket/Textures/Surfaces/Ceiling_ei180i/Ceiling_ei180i_o.png using Guid(464c3ed115033284e9515e97099ef236) Importer(2089858483,0ecaa5967403d082aa24f35e1b516d23) [PhysX] Initialized MultithreadedTaskDispatcher with 16 workers.
 -> (artifact id: 'baac33aed9d319497d908ee701a6b221') in 0.020633 seconds
Number of updated asset objects reloaded before import = 0
Number of asset objects unloaded after import = 1
========================================================================
Received Import Request.
  Time since last request: 0.000065 seconds.
  path: Assets/ModernSupermarket/Prefabs/Props/Products/TinCan_60afsy_03.prefab
  artifactKey: Guid(8abcb9608925b4b45adc69fe9cb9ec80) Importer(2089858483,0ecaa5967403d082aa24f35e1b516d23)
Start importing Assets/ModernSupermarket/Prefabs/Props/Products/TinCan_60afsy_03.prefab using Guid(8abcb9608925b4b45adc69fe9cb9ec80) Importer(2089858483,0ecaa5967403d082aa24f35e1b516d23) [PhysX] Initialized MultithreadedTaskDispatcher with 16 workers.
 -> (artifact id: 'd5fbb15a6f3a8236403839cc701b150f') in 0.013648 seconds
Number of updated asset objects reloaded before import = 0
Number of asset objects unloaded after import = 8
========================================================================
Received Import Request.
  Time since last request: 0.000023 seconds.
  path: Assets/Packages/System.Text.Encodings.Web.8.0.0/lib/netstandard2.0/System.Text.Encodings.Web.xml
  artifactKey: Guid(a1af8c74f7d705d4b89b46861c7ebcc7) Importer(2089858483,0ecaa5967403d082aa24f35e1b516d23)
Start importing Assets/Packages/System.Text.Encodings.Web.8.0.0/lib/netstandard2.0/System.Text.Encodings.Web.xml using Guid(a1af8c74f7d705d4b89b46861c7ebcc7) Importer(2089858483,0ecaa5967403d082aa24f35e1b516d23) [PhysX] Initialized MultithreadedTaskDispatcher with 16 workers.
 -> (artifact id: '2b03d648e8b15dc1ae7f1e577b174f65') in 0.012918 seconds
Number of updated asset objects reloaded before import = 0
Number of asset objects unloaded after import = 1
========================================================================
Received Import Request.
  Time since last request: 0.000025 seconds.
  path: Assets/ModernSupermarket/Prefabs/Props/Products/Sushis_r6r1w6_Pack01.prefab
  artifactKey: Guid(03120fe0067e41646aeef3bb7a078e97) Importer(2089858483,0ecaa5967403d082aa24f35e1b516d23)
Start importing Assets/ModernSupermarket/Prefabs/Props/Products/Sushis_r6r1w6_Pack01.prefab using Guid(03120fe0067e41646aeef3bb7a078e97) Importer(2089858483,0ecaa5967403d082aa24f35e1b516d23) [PhysX] Initialized MultithreadedTaskDispatcher with 16 workers.
 -> (artifact id: '0a03f7814b2f0955e46ab3d1d002b531') in 0.016498 seconds
Number of updated asset objects reloaded before import = 0
Number of asset objects unloaded after import = 8
========================================================================
Received Import Request.
  Time since last request: 0.000023 seconds.
  path: Assets/ModernSupermarket/Textures/Surfaces/TileFloor_n3y6kl/TileFloor_n3y6kl_n.png
  artifactKey: Guid(0f3aaabb65693be48a38d5b05d975021) Importer(2089858483,0ecaa5967403d082aa24f35e1b516d23)
Start importing Assets/ModernSupermarket/Textures/Surfaces/TileFloor_n3y6kl/TileFloor_n3y6kl_n.png using Guid(0f3aaabb65693be48a38d5b05d975021) Importer(2089858483,0ecaa5967403d082aa24f35e1b516d23) [PhysX] Initialized MultithreadedTaskDispatcher with 16 workers.
 -> (artifact id: '8115db34302ffd849f49a408f1fe6bef') in 0.051046 seconds
Number of updated asset objects reloaded before import = 0
Number of asset objects unloaded after import = 1
========================================================================
Received Import Request.
  Time since last request: 0.000020 seconds.
  path: Assets/ModernSupermarket/Prefabs/Props/Products/Vase_x3wysg_01.prefab
  artifactKey: Guid(19b578d096e35c44bb58b28b8c4613f7) Importer(2089858483,0ecaa5967403d082aa24f35e1b516d23)
Start importing Assets/ModernSupermarket/Prefabs/Props/Products/Vase_x3wysg_01.prefab using Guid(19b578d096e35c44bb58b28b8c4613f7) Importer(2089858483,0ecaa5967403d082aa24f35e1b516d23) [PhysX] Initialized MultithreadedTaskDispatcher with 16 workers.
 -> (artifact id: '022caa0f15806c31bb940080c90ac89c') in 0.020155 seconds
Number of updated asset objects reloaded before import = 0
Number of asset objects unloaded after import = 8
========================================================================
Received Import Request.
  Time since last request: 0.000024 seconds.
  path: Assets/Packages/System.Text.Encodings.Web.8.0.0/buildTransitive/net461/System.Text.Encodings.Web.targets
  artifactKey: Guid(be48de9fdda7152459f9e1514f67970b) Importer(2089858483,0ecaa5967403d082aa24f35e1b516d23)
Start importing Assets/Packages/System.Text.Encodings.Web.8.0.0/buildTransitive/net461/System.Text.Encodings.Web.targets using Guid(be48de9fdda7152459f9e1514f67970b) Importer(2089858483,0ecaa5967403d082aa24f35e1b516d23) [PhysX] Initialized MultithreadedTaskDispatcher with 16 workers.
 -> (artifact id: 'ed88e1e8d76d29a46e60dffd1777735a') in 0.037104 seconds
Number of updated asset objects reloaded before import = 0
Number of asset objects unloaded after import = 1
========================================================================
Received Import Request.
  Time since last request: 0.000027 seconds.
  path: Assets/ModernSupermarket/Prefabs/Props/Products/WineBottle_2b6kjh_Pack02_Var02.prefab
  artifactKey: Guid(4803e8d9408fba54985fea2281e34ea1) Importer(2089858483,0ecaa5967403d082aa24f35e1b516d23)
Start importing Assets/ModernSupermarket/Prefabs/Props/Products/WineBottle_2b6kjh_Pack02_Var02.prefab using Guid(4803e8d9408fba54985fea2281e34ea1) Importer(2089858483,0ecaa5967403d082aa24f35e1b516d23) [PhysX] Initialized MultithreadedTaskDispatcher with 16 workers.
 -> (artifact id: '84800b51676b462e9955e891cd7c5c56') in 0.017827 seconds
Number of updated asset objects reloaded before import = 0
Number of asset objects unloaded after import = 15
========================================================================
Received Import Request.
  Time since last request: 0.000034 seconds.
  path: Assets/ModernSupermarket/Scenes/Scene_Supermarket/Supermarket/Lightmap-1_comp_dir.png
  artifactKey: Guid(fe5f764627ee11345a66358497e4d28a) Importer(2089858483,0ecaa5967403d082aa24f35e1b516d23)
Start importing Assets/ModernSupermarket/Scenes/Scene_Supermarket/Supermarket/Lightmap-1_comp_dir.png using Guid(fe5f764627ee11345a66358497e4d28a) Importer(2089858483,0ecaa5967403d082aa24f35e1b516d23) [PhysX] Initialized MultithreadedTaskDispatcher with 16 workers.
 -> (artifact id: '17e8bdd50659ee274cd01ccf7450e415') in 0.030832 seconds
Number of updated asset objects reloaded before import = 0
Number of asset objects unloaded after import = 1
========================================================================
Received Import Request.
  Time since last request: 0.000020 seconds.
  path: Assets/SpeechSDK/Plugins/Linux/x64/libMicrosoft.CognitiveServices.Speech.extension.kws.so
  artifactKey: Guid(968462e77647c2f41a637ccb959a909f) Importer(2089858483,0ecaa5967403d082aa24f35e1b516d23)
Start importing Assets/SpeechSDK/Plugins/Linux/x64/libMicrosoft.CognitiveServices.Speech.extension.kws.so using Guid(968462e77647c2f41a637ccb959a909f) Importer(2089858483,0ecaa5967403d082aa24f35e1b516d23) [PhysX] Initialized MultithreadedTaskDispatcher with 16 workers.
 -> (artifact id: 'ae1604ac4142595b856309e6df121a88') in 0.015125 seconds
Number of updated asset objects reloaded before import = 0
Number of asset objects unloaded after import = 1
========================================================================
Received Import Request.
  Time since last request: 0.000023 seconds.
  path: Assets/ModernSupermarket/Prefabs/Props/Products/ToyCar_t5i4lw.prefab
  artifactKey: Guid(81fb66d5a565dc34c8f2933bcf64aedd) Importer(2089858483,0ecaa5967403d082aa24f35e1b516d23)
Start importing Assets/ModernSupermarket/Prefabs/Props/Products/ToyCar_t5i4lw.prefab using Guid(81fb66d5a565dc34c8f2933bcf64aedd) Importer(2089858483,0ecaa5967403d082aa24f35e1b516d23) [PhysX] Initialized MultithreadedTaskDispatcher with 16 workers.
 -> (artifact id: '8972de7898f018a696c58a15ba8fc17c') in 0.017679 seconds
Number of updated asset objects reloaded before import = 0
Number of asset objects unloaded after import = 8
========================================================================
Received Import Request.
  Time since last request: 0.000021 seconds.
  path: Assets/ModernSupermarket/Prefabs/Props/Products/Teabox_fhe54d_Pack01.prefab
  artifactKey: Guid(e01966c487a932e429530c427ea446ed) Importer(2089858483,0ecaa5967403d082aa24f35e1b516d23)
Start importing Assets/ModernSupermarket/Prefabs/Props/Products/Teabox_fhe54d_Pack01.prefab using Guid(e01966c487a932e429530c427ea446ed) Importer(2089858483,0ecaa5967403d082aa24f35e1b516d23) [PhysX] Initialized MultithreadedTaskDispatcher with 16 workers.
 -> (artifact id: '2de2f8c2f7c464cbae8f6592f5939bd5') in 0.016491 seconds
Number of updated asset objects reloaded before import = 0
Number of asset objects unloaded after import = 8
========================================================================
Received Import Request.
  Time since last request: 0.000026 seconds.
  path: Assets/ModernSupermarket/Textures/Surfaces/Plaster_dwf9f5/Plaster_dwf9f5_n.png
  artifactKey: Guid(78f556f6abcb57a409724c5564fce1e9) Importer(2089858483,0ecaa5967403d082aa24f35e1b516d23)
Start importing Assets/ModernSupermarket/Textures/Surfaces/Plaster_dwf9f5/Plaster_dwf9f5_n.png using Guid(78f556f6abcb57a409724c5564fce1e9) Importer(2089858483,0ecaa5967403d082aa24f35e1b516d23) [PhysX] Initialized MultithreadedTaskDispatcher with 16 workers.
 -> (artifact id: 'ab362f338afc5632519687199a5cc9f6') in 0.021638 seconds
Number of updated asset objects reloaded before import = 0
Number of asset objects unloaded after import = 1
========================================================================
Received Import Request.
  Time since last request: 0.000020 seconds.
  path: Assets/ModernSupermarket/Prefabs/Props/Utility/Rooflight_9ecem1.prefab
  artifactKey: Guid(f2da9aec35a7c4b439f1dbdbe1dcac4f) Importer(2089858483,0ecaa5967403d082aa24f35e1b516d23)
Start importing Assets/ModernSupermarket/Prefabs/Props/Utility/Rooflight_9ecem1.prefab using Guid(f2da9aec35a7c4b439f1dbdbe1dcac4f) Importer(2089858483,0ecaa5967403d082aa24f35e1b516d23) [PhysX] Initialized MultithreadedTaskDispatcher with 16 workers.
 -> (artifact id: 'fdd502c67ce32b74c2ca586ed725aaa6') in 0.013792 seconds
Number of updated asset objects reloaded before import = 0
Number of asset objects unloaded after import = 26
========================================================================
Received Import Request.
  Time since last request: 0.000021 seconds.
  path: Assets/Packages/System.Memory.Data.6.0.1/lib/netstandard2.0/System.Memory.Data.xml
  artifactKey: Guid(04c13169180d08f45ad73142691b73aa) Importer(2089858483,0ecaa5967403d082aa24f35e1b516d23)
Start importing Assets/Packages/System.Memory.Data.6.0.1/lib/netstandard2.0/System.Memory.Data.xml using Guid(04c13169180d08f45ad73142691b73aa) Importer(2089858483,0ecaa5967403d082aa24f35e1b516d23) [PhysX] Initialized MultithreadedTaskDispatcher with 16 workers.
 -> (artifact id: 'de64ab55cbcfe533747f914a239399e0') in 0.012356 seconds
Number of updated asset objects reloaded before import = 0
Number of asset objects unloaded after import = 1
========================================================================
Received Import Request.
  Time since last request: 0.000026 seconds.
  path: Assets/Packages/System.Memory.Data.6.0.1/lib/netstandard2.0/System.Memory.Data.dll
  artifactKey: Guid(6555712db0cea8f4a963d19d4bf03dff) Importer(2089858483,0ecaa5967403d082aa24f35e1b516d23)
Start importing Assets/Packages/System.Memory.Data.6.0.1/lib/netstandard2.0/System.Memory.Data.dll using Guid(6555712db0cea8f4a963d19d4bf03dff) Importer(2089858483,0ecaa5967403d082aa24f35e1b516d23) [PhysX] Initialized MultithreadedTaskDispatcher with 16 workers.
 -> (artifact id: '99f9f58d5399bbb26ca29443782c898b') in 0.013686 seconds
Number of updated asset objects reloaded before import = 0
Number of asset objects unloaded after import = 1
========================================================================
Received Import Request.
  Time since last request: 0.920133 seconds.
  path: Assets/TextMesh Pro/Examples & Extras/Resources/Color Gradient Presets/Blue to Purple - Vertical.asset
  artifactKey: Guid(479a66fa4b094512a62b0a8e553ad95a) Importer(2089858483,0ecaa5967403d082aa24f35e1b516d23)
Start importing Assets/TextMesh Pro/Examples & Extras/Resources/Color Gradient Presets/Blue to Purple - Vertical.asset using Guid(479a66fa4b094512a62b0a8e553ad95a) Importer(2089858483,0ecaa5967403d082aa24f35e1b516d23) [PhysX] Initialized MultithreadedTaskDispatcher with 16 workers.
 -> (artifact id: 'd40c272ac13e03dfb1fb561b8c0227a8') in 0.021823 seconds
Number of updated asset objects reloaded before import = 0
Number of asset objects unloaded after import = 1
========================================================================
Received Import Request.
  Time since last request: 0.000025 seconds.
  path: Assets/ModernSupermarket/Models/Furniture/Neon_dwd6wi/textures/Neon_dwd6wi_e.png
  artifactKey: Guid(8742e321e6627d247b9a95675718f94c) Importer(2089858483,0ecaa5967403d082aa24f35e1b516d23)
Start importing Assets/ModernSupermarket/Models/Furniture/Neon_dwd6wi/textures/Neon_dwd6wi_e.png using Guid(8742e321e6627d247b9a95675718f94c) Importer(2089858483,0ecaa5967403d082aa24f35e1b516d23) [PhysX] Initialized MultithreadedTaskDispatcher with 16 workers.
 -> (artifact id: 'f4f890d9b77e88404935bdebdf289250') in 0.017800 seconds
Number of updated asset objects reloaded before import = 0
Number of asset objects unloaded after import = 1
========================================================================
Received Import Request.
  Time since last request: 0.000019 seconds.
  path: Assets/ModernSupermarket/Models/Props/Products/EggBox4x_nbzek2/EggBox4x_nbzek2_Pack01.fbx
  artifactKey: Guid(be77b3cb0ffdd5f43acacafacdf95203) Importer(2089858483,0ecaa5967403d082aa24f35e1b516d23)
Start importing Assets/ModernSupermarket/Models/Props/Products/EggBox4x_nbzek2/EggBox4x_nbzek2_Pack01.fbx using Guid(be77b3cb0ffdd5f43acacafacdf95203) Importer(2089858483,0ecaa5967403d082aa24f35e1b516d23) [PhysX] Initialized MultithreadedTaskDispatcher with 16 workers.
 -> (artifact id: 'ba36f29bdf523ef22238a9783baa77f7') in 0.019590 seconds
Number of updated asset objects reloaded before import = 0
Number of asset objects unloaded after import = 7
========================================================================
Received Import Request.
  Time since last request: 0.000022 seconds.
  path: Assets/ModernSupermarket/Models/Props/Products/Coffee_5uj6zk/Coffee_5uj6zk_Pack01.fbx
  artifactKey: Guid(1633103443e868d4397db41ec60c2fca) Importer(2089858483,0ecaa5967403d082aa24f35e1b516d23)
Start importing Assets/ModernSupermarket/Models/Props/Products/Coffee_5uj6zk/Coffee_5uj6zk_Pack01.fbx using Guid(1633103443e868d4397db41ec60c2fca) Importer(2089858483,0ecaa5967403d082aa24f35e1b516d23) [PhysX] Initialized MultithreadedTaskDispatcher with 16 workers.
 -> (artifact id: '96f7a3f4af508c340ee4b28e7b6d5df9') in 0.023203 seconds
Number of updated asset objects reloaded before import = 0
Number of asset objects unloaded after import = 7
========================================================================
Received Import Request.
  Time since last request: 0.000021 seconds.
  path: Assets/ModernSupermarket/Models/Furniture/Vent_9y3yo/Textures/Vent_9y3yod_m.png
  artifactKey: Guid(019782878e763254da439902325d984a) Importer(2089858483,0ecaa5967403d082aa24f35e1b516d23)
Start importing Assets/ModernSupermarket/Models/Furniture/Vent_9y3yo/Textures/Vent_9y3yod_m.png using Guid(019782878e763254da439902325d984a) Importer(2089858483,0ecaa5967403d082aa24f35e1b516d23) [PhysX] Initialized MultithreadedTaskDispatcher with 16 workers.
 -> (artifact id: '6be9595c4634aef77da9b9c1a3c8ad8e') in 0.022319 seconds
Number of updated asset objects reloaded before import = 0
Number of asset objects unloaded after import = 1
========================================================================
Received Import Request.
  Time since last request: 0.000021 seconds.
  path: Assets/ModernSupermarket/Models/Furniture/Door_1jcm5g/Textures/Door_1jcm5g_m.png
  artifactKey: Guid(a40ef7537ff61b64c93c1a4cc40d12e4) Importer(2089858483,0ecaa5967403d082aa24f35e1b516d23)
Start importing Assets/ModernSupermarket/Models/Furniture/Door_1jcm5g/Textures/Door_1jcm5g_m.png using Guid(a40ef7537ff61b64c93c1a4cc40d12e4) Importer(2089858483,0ecaa5967403d082aa24f35e1b516d23) [PhysX] Initialized MultithreadedTaskDispatcher with 16 workers.
 -> (artifact id: '3a14634917ba2a4a7a91ccf549febff2') in 0.025949 seconds
Number of updated asset objects reloaded before import = 0
Number of asset objects unloaded after import = 1
========================================================================
Received Import Request.
  Time since last request: 0.000019 seconds.
  path: Assets/ModernSupermarket/Models/Props/Products/Cream_jatl5h/Cream_jatl5h_Pack01.fbx
  artifactKey: Guid(08314a05586d8e3469d1e888b0eed683) Importer(2089858483,0ecaa5967403d082aa24f35e1b516d23)
Start importing Assets/ModernSupermarket/Models/Props/Products/Cream_jatl5h/Cream_jatl5h_Pack01.fbx using Guid(08314a05586d8e3469d1e888b0eed683) Importer(2089858483,0ecaa5967403d082aa24f35e1b516d23) [PhysX] Initialized MultithreadedTaskDispatcher with 16 workers.
 -> (artifact id: 'edfc51d70e5ddb979c44eec470424eaa') in 0.018580 seconds
Number of updated asset objects reloaded before import = 0
Number of asset objects unloaded after import = 7
========================================================================
Received Import Request.
  Time since last request: 0.000024 seconds.
  path: Assets/ModernSupermarket/Models/Furniture/HeritageStall_0hvi4w/Textures/HeritageStall_0hvi4w_o.png
  artifactKey: Guid(5ad8d2fa38400f2459ce32c5d2610c94) Importer(2089858483,0ecaa5967403d082aa24f35e1b516d23)
Start importing Assets/ModernSupermarket/Models/Furniture/HeritageStall_0hvi4w/Textures/HeritageStall_0hvi4w_o.png using Guid(5ad8d2fa38400f2459ce32c5d2610c94) Importer(2089858483,0ecaa5967403d082aa24f35e1b516d23) [PhysX] Initialized MultithreadedTaskDispatcher with 16 workers.
 -> (artifact id: '0dd8577da2a27ad848f43baa864ae355') in 0.022412 seconds
Number of updated asset objects reloaded before import = 0
Number of asset objects unloaded after import = 1
========================================================================
Received Import Request.
  Time since last request: 0.000034 seconds.
  path: Assets/ModernSupermarket/Models/Props/Produce/ChilliPepper_w388hm/ChilliPeppers_w388hm_Var01.fbx
  artifactKey: Guid(9b673f152212edb44b5349f2a744c0cf) Importer(2089858483,0ecaa5967403d082aa24f35e1b516d23)
Start importing Assets/ModernSupermarket/Models/Props/Produce/ChilliPepper_w388hm/ChilliPeppers_w388hm_Var01.fbx using Guid(9b673f152212edb44b5349f2a744c0cf) Importer(2089858483,0ecaa5967403d082aa24f35e1b516d23) [PhysX] Initialized MultithreadedTaskDispatcher with 16 workers.
 -> (artifact id: '3df82b7bc48647caecc2fd89744a5ea2') in 0.021172 seconds
Number of updated asset objects reloaded before import = 0
Number of asset objects unloaded after import = 7
========================================================================
Received Import Request.
  Time since last request: 0.000023 seconds.
  path: Assets/ModernSupermarket/Models/Furniture/Stall_6f5bo1/Textures/Stall_6f5bo1_a.png
  artifactKey: Guid(5cb4863b335234241aff277955b37733) Importer(2089858483,0ecaa5967403d082aa24f35e1b516d23)
Start importing Assets/ModernSupermarket/Models/Furniture/Stall_6f5bo1/Textures/Stall_6f5bo1_a.png using Guid(5cb4863b335234241aff277955b37733) Importer(2089858483,0ecaa5967403d082aa24f35e1b516d23) [PhysX] Initialized MultithreadedTaskDispatcher with 16 workers.
 -> (artifact id: '4dbd52b581333fd7ea2ac089549bcc55') in 0.023044 seconds
Number of updated asset objects reloaded before import = 0
Number of asset objects unloaded after import = 1
========================================================================
Received Import Request.
  Time since last request: 0.000024 seconds.
  path: Assets/ModernSupermarket/Models/Furniture/Sign_9jlt52/Textures/Sign_9jlt52_Var01_a.png
  artifactKey: Guid(68b6f5f1e55a8184da766c436b66ad5a) Importer(2089858483,0ecaa5967403d082aa24f35e1b516d23)
Start importing Assets/ModernSupermarket/Models/Furniture/Sign_9jlt52/Textures/Sign_9jlt52_Var01_a.png using Guid(68b6f5f1e55a8184da766c436b66ad5a) Importer(2089858483,0ecaa5967403d082aa24f35e1b516d23) [PhysX] Initialized MultithreadedTaskDispatcher with 16 workers.
 -> (artifact id: '6ac8f7fc179e3474af83722c94ca5749') in 0.018052 seconds
Number of updated asset objects reloaded before import = 0
Number of asset objects unloaded after import = 1
========================================================================
Received Import Request.
  Time since last request: 0.000041 seconds.
  path: Assets/ModernSupermarket/Models/Props/Products/Cleanser_7dsib5/Cleanser_7dsib5.fbx
  artifactKey: Guid(84e45c7132945764e831bd13af12cd04) Importer(2089858483,0ecaa5967403d082aa24f35e1b516d23)
Start importing Assets/ModernSupermarket/Models/Props/Products/Cleanser_7dsib5/Cleanser_7dsib5.fbx using Guid(84e45c7132945764e831bd13af12cd04) Importer(2089858483,0ecaa5967403d082aa24f35e1b516d23) [PhysX] Initialized MultithreadedTaskDispatcher with 16 workers.
 -> (artifact id: 'ca8a73b8034d57801f026196ba581811') in 0.019572 seconds
Number of updated asset objects reloaded before import = 0
Number of asset objects unloaded after import = 7
========================================================================
Received Import Request.
  Time since last request: 0.000019 seconds.
  path: Assets/ModernSupermarket/Models/Props/Products/Cleanser_o964qg/Cleanser_o964qg.fbx
  artifactKey: Guid(739ece6cb3c03714da2c4a1faa816a15) Importer(2089858483,0ecaa5967403d082aa24f35e1b516d23)
Start importing Assets/ModernSupermarket/Models/Props/Products/Cleanser_o964qg/Cleanser_o964qg.fbx using Guid(739ece6cb3c03714da2c4a1faa816a15) Importer(2089858483,0ecaa5967403d082aa24f35e1b516d23) [PhysX] Initialized MultithreadedTaskDispatcher with 16 workers.
 -> (artifact id: '4a6f0d8672c00244478575b414cd42a9') in 0.017736 seconds
Number of updated asset objects reloaded before import = 0
Number of asset objects unloaded after import = 7
========================================================================
Received Import Request.
  Time since last request: 0.000039 seconds.
  path: Assets/ModernSupermarket/Models/Furniture/Sign_04h2fw/Textures/Sign_04h2fw_Water_a.png
  artifactKey: Guid(aac29d9de48066443a0ccce4930e092d) Importer(2089858483,0ecaa5967403d082aa24f35e1b516d23)
Start importing Assets/ModernSupermarket/Models/Furniture/Sign_04h2fw/Textures/Sign_04h2fw_Water_a.png using Guid(aac29d9de48066443a0ccce4930e092d) Importer(2089858483,0ecaa5967403d082aa24f35e1b516d23) [PhysX] Initialized MultithreadedTaskDispatcher with 16 workers.
 -> (artifact id: 'f2fe9f77adb5f747b713de75922febd8') in 0.034497 seconds
Number of updated asset objects reloaded before import = 0
Number of asset objects unloaded after import = 1
========================================================================
Received Import Request.
  Time since last request: 0.000018 seconds.
  path: Assets/ModernSupermarket/Models/Furniture/Checkout_gueqmj/Textures/Checkout_gueqmj_a.png
  artifactKey: Guid(1a0577e2e1485e741896b450a62d4103) Importer(2089858483,0ecaa5967403d082aa24f35e1b516d23)
Start importing Assets/ModernSupermarket/Models/Furniture/Checkout_gueqmj/Textures/Checkout_gueqmj_a.png using Guid(1a0577e2e1485e741896b450a62d4103) Importer(2089858483,0ecaa5967403d082aa24f35e1b516d23) [PhysX] Initialized MultithreadedTaskDispatcher with 16 workers.
 -> (artifact id: '1759d991ba75fedaf7dfd2fab764de87') in 0.022312 seconds
Number of updated asset objects reloaded before import = 0
Number of asset objects unloaded after import = 1
========================================================================
Received Import Request.
  Time since last request: 0.000020 seconds.
  path: Assets/ModernSupermarket/Models/Props/Produce/Avocado_pd302k/Avocado_pd302k_Pack01.fbx
  artifactKey: Guid(cfce5b21ef43f7040a0c86df2ed4caac) Importer(2089858483,0ecaa5967403d082aa24f35e1b516d23)
Start importing Assets/ModernSupermarket/Models/Props/Produce/Avocado_pd302k/Avocado_pd302k_Pack01.fbx using Guid(cfce5b21ef43f7040a0c86df2ed4caac) Importer(2089858483,0ecaa5967403d082aa24f35e1b516d23) [PhysX] Initialized MultithreadedTaskDispatcher with 16 workers.
 -> (artifact id: '89cec8ae3a599ebff76c2286f53539cc') in 0.017794 seconds
Number of updated asset objects reloaded before import = 0
Number of asset objects unloaded after import = 7
========================================================================
Received Import Request.
  Time since last request: 0.000014 seconds.
  path: Assets/ModernSupermarket/Models/Furniture/Counter_attlsv/Textures/Counter_attlsvVar01_n.png
  artifactKey: Guid(1c230d8d848ff8a4a895dfc1aeef26a3) Importer(2089858483,0ecaa5967403d082aa24f35e1b516d23)
Start importing Assets/ModernSupermarket/Models/Furniture/Counter_attlsv/Textures/Counter_attlsvVar01_n.png using Guid(1c230d8d848ff8a4a895dfc1aeef26a3) Importer(2089858483,0ecaa5967403d082aa24f35e1b516d23) [PhysX] Initialized MultithreadedTaskDispatcher with 16 workers.
 -> (artifact id: '47c7f81bacd306b1701310f28683289f') in 0.022940 seconds
Number of updated asset objects reloaded before import = 0
Number of asset objects unloaded after import = 1
========================================================================
Received Import Request.
  Time since last request: 0.000016 seconds.
  path: Assets/ModernSupermarket/Models/Props/Products/EggBox12x_7zw3j2/EggBox12x_7zw3j2.fbx
  artifactKey: Guid(25123d2aa3d943f4aba992e44a744e32) Importer(2089858483,0ecaa5967403d082aa24f35e1b516d23)
Start importing Assets/ModernSupermarket/Models/Props/Products/EggBox12x_7zw3j2/EggBox12x_7zw3j2.fbx using Guid(25123d2aa3d943f4aba992e44a744e32) Importer(2089858483,0ecaa5967403d082aa24f35e1b516d23) [PhysX] Initialized MultithreadedTaskDispatcher with 16 workers.
 -> (artifact id: '80a369c742b9b06843e0773d04ab73e3') in 0.018694 seconds
Number of updated asset objects reloaded before import = 0
Number of asset objects unloaded after import = 7
========================================================================
Received Import Request.
  Time since last request: 0.000034 seconds.
  path: Assets/TextMesh Pro/Examples & Extras/Resources/Fonts & Materials/Roboto-Bold SDF - Surface.mat
  artifactKey: Guid(e6b276ec991f467aa14ef1f3cc665993) Importer(2089858483,0ecaa5967403d082aa24f35e1b516d23)
Start importing Assets/TextMesh Pro/Examples & Extras/Resources/Fonts & Materials/Roboto-Bold SDF - Surface.mat using Guid(e6b276ec991f467aa14ef1f3cc665993) Importer(2089858483,0ecaa5967403d082aa24f35e1b516d23) [PhysX] Initialized MultithreadedTaskDispatcher with 16 workers.
 -> (artifact id: '6c87dda724a0e544801ac69ce8b313bb') in 0.014412 seconds
Number of updated asset objects reloaded before import = 0
Number of asset objects unloaded after import = 2
========================================================================
Received Import Request.
  Time since last request: 0.000036 seconds.
  path: Assets/ModernSupermarket/Models/Furniture/Sign_04h2fw/Textures/Sign_04h2fw_Produce_a.png
  artifactKey: Guid(f21ef1150518bf54994f7ecd371dc41b) Importer(2089858483,0ecaa5967403d082aa24f35e1b516d23)
Start importing Assets/ModernSupermarket/Models/Furniture/Sign_04h2fw/Textures/Sign_04h2fw_Produce_a.png using Guid(f21ef1150518bf54994f7ecd371dc41b) Importer(2089858483,0ecaa5967403d082aa24f35e1b516d23) [PhysX] Initialized MultithreadedTaskDispatcher with 16 workers.
 -> (artifact id: 'ca0746df4f88cb054333408922f6fa2b') in 0.019868 seconds
Number of updated asset objects reloaded before import = 0
Number of asset objects unloaded after import = 1
========================================================================
Received Import Request.
  Time since last request: 0.000039 seconds.
  path: Assets/ModernSupermarket/Models/Props/Produce/Avocado_pd302k/Avocado_pd302k.fbx
  artifactKey: Guid(2413cef3e37978e4cba58a781ae702e6) Importer(2089858483,0ecaa5967403d082aa24f35e1b516d23)
Start importing Assets/ModernSupermarket/Models/Props/Produce/Avocado_pd302k/Avocado_pd302k.fbx using Guid(2413cef3e37978e4cba58a781ae702e6) Importer(2089858483,0ecaa5967403d082aa24f35e1b516d23) [PhysX] Initialized MultithreadedTaskDispatcher with 16 workers.
 -> (artifact id: '6b34105d0b5cf7d29634e784cd386d72') in 0.017114 seconds
Number of updated asset objects reloaded before import = 0
Number of asset objects unloaded after import = 7
========================================================================
Received Import Request.
  Time since last request: 0.000049 seconds.
  path: Assets/ModernSupermarket/Models/Props/Products/MeatTray_bbcwdq/MeatTray_bbcwdq.fbx
  artifactKey: Guid(d4695bf655a62b44e9a995cefc69cd73) Importer(2089858483,0ecaa5967403d082aa24f35e1b516d23)
Start importing Assets/ModernSupermarket/Models/Props/Products/MeatTray_bbcwdq/MeatTray_bbcwdq.fbx using Guid(d4695bf655a62b44e9a995cefc69cd73) Importer(2089858483,0ecaa5967403d082aa24f35e1b516d23) [PhysX] Initialized MultithreadedTaskDispatcher with 16 workers.
 -> (artifact id: '66c5320d18dce1712d47f294c247ba7f') in 0.018631 seconds
Number of updated asset objects reloaded before import = 0
Number of asset objects unloaded after import = 7
========================================================================
Received Import Request.
  Time since last request: 0.000026 seconds.
  path: Assets/ModernSupermarket/Models/Props/Products/Oil_ nutmjk/Oil_ nutmjk.fbx
  artifactKey: Guid(6ecd5dcba59d4554b8e45bb286db6808) Importer(2089858483,0ecaa5967403d082aa24f35e1b516d23)
Start importing Assets/ModernSupermarket/Models/Props/Products/Oil_ nutmjk/Oil_ nutmjk.fbx using Guid(6ecd5dcba59d4554b8e45bb286db6808) Importer(2089858483,0ecaa5967403d082aa24f35e1b516d23) [PhysX] Initialized MultithreadedTaskDispatcher with 16 workers.
 -> (artifact id: '0a0bd839bb2193a91554517b26100ee3') in 0.018094 seconds
Number of updated asset objects reloaded before import = 0
Number of asset objects unloaded after import = 7
========================================================================
Received Import Request.
  Time since last request: 0.000017 seconds.
  path: Assets/ModernSupermarket/Models/Props/Products/Cream_jatl5h/Cream_jatl5h.fbx
  artifactKey: Guid(ff253a01cbb77704899cf014c7619e55) Importer(2089858483,0ecaa5967403d082aa24f35e1b516d23)
Start importing Assets/ModernSupermarket/Models/Props/Products/Cream_jatl5h/Cream_jatl5h.fbx using Guid(ff253a01cbb77704899cf014c7619e55) Importer(2089858483,0ecaa5967403d082aa24f35e1b516d23) [PhysX] Initialized MultithreadedTaskDispatcher with 16 workers.
 -> (artifact id: '949f49d8b0c028f9ff8a46dbf4f1dcc6') in 0.020621 seconds
Number of updated asset objects reloaded before import = 0
Number of asset objects unloaded after import = 7
========================================================================
Received Import Request.
  Time since last request: 0.000025 seconds.
  path: Assets/ModernSupermarket/Models/Props/Products/EggBox8x_2zgq4h/Eggbox8x_2zgq4h_Pack01.fbx
  artifactKey: Guid(a08f024826aa4114f9dedf63b3d5a2e8) Importer(2089858483,0ecaa5967403d082aa24f35e1b516d23)
Start importing Assets/ModernSupermarket/Models/Props/Products/EggBox8x_2zgq4h/Eggbox8x_2zgq4h_Pack01.fbx using Guid(a08f024826aa4114f9dedf63b3d5a2e8) Importer(2089858483,0ecaa5967403d082aa24f35e1b516d23) [PhysX] Initialized MultithreadedTaskDispatcher with 16 workers.
 -> (artifact id: 'fd47d29c05de2bbed92aec516f1f7263') in 0.021807 seconds
Number of updated asset objects reloaded before import = 0
Number of asset objects unloaded after import = 7
========================================================================
Received Import Request.
  Time since last request: 0.000022 seconds.
  path: Assets/ModernSupermarket/Models/Props/Products/Bleach_irrpnt/Bleach_irrpnt_Pack01.fbx
  artifactKey: Guid(51a3875053665ce458e4233872a6a69c) Importer(2089858483,0ecaa5967403d082aa24f35e1b516d23)
Start importing Assets/ModernSupermarket/Models/Props/Products/Bleach_irrpnt/Bleach_irrpnt_Pack01.fbx using Guid(51a3875053665ce458e4233872a6a69c) Importer(2089858483,0ecaa5967403d082aa24f35e1b516d23) [PhysX] Initialized MultithreadedTaskDispatcher with 16 workers.
 -> (artifact id: '1abeb6024a958e98c20ca14fca110409') in 0.021068 seconds
Number of updated asset objects reloaded before import = 0
Number of asset objects unloaded after import = 7
========================================================================
Received Import Request.
  Time since last request: 0.000020 seconds.
  path: Assets/ModernSupermarket/Models/Props/Produce/Banana_zjs4oz/Banana_zjs4oz.fbx
  artifactKey: Guid(f966d5372e29f6d4e9bc8efd0e5f2323) Importer(2089858483,0ecaa5967403d082aa24f35e1b516d23)
Start importing Assets/ModernSupermarket/Models/Props/Produce/Banana_zjs4oz/Banana_zjs4oz.fbx using Guid(f966d5372e29f6d4e9bc8efd0e5f2323) Importer(2089858483,0ecaa5967403d082aa24f35e1b516d23) [PhysX] Initialized MultithreadedTaskDispatcher with 16 workers.
 -> (artifact id: '13413906ffeab5b051dd41fcb6d2e113') in 0.018773 seconds
Number of updated asset objects reloaded before import = 0
Number of asset objects unloaded after import = 7
========================================================================
Received Import Request.
  Time since last request: 0.000019 seconds.
  path: Assets/ModernSupermarket/Models/Furniture/Fridge_f13xen/Textures/Fridge_f13xen_m.png
  artifactKey: Guid(c0214afc0a5f75349bc6c846000fc1a4) Importer(2089858483,0ecaa5967403d082aa24f35e1b516d23)
Start importing Assets/ModernSupermarket/Models/Furniture/Fridge_f13xen/Textures/Fridge_f13xen_m.png using Guid(c0214afc0a5f75349bc6c846000fc1a4) Importer(2089858483,0ecaa5967403d082aa24f35e1b516d23) [PhysX] Initialized MultithreadedTaskDispatcher with 16 workers.
 -> (artifact id: 'c01b2a1903ea2a4cb7704d6914d019f0') in 0.026077 seconds
Number of updated asset objects reloaded before import = 0
Number of asset objects unloaded after import = 1
========================================================================
Received Import Request.
  Time since last request: 0.000025 seconds.
  path: Assets/ModernSupermarket/Models/Furniture/Fridge_4ttiif/Textures/Fridge_4ttiif_sss.png
  artifactKey: Guid(931ec8d04407349428061edcbddb0522) Importer(2089858483,0ecaa5967403d082aa24f35e1b516d23)
Start importing Assets/ModernSupermarket/Models/Furniture/Fridge_4ttiif/Textures/Fridge_4ttiif_sss.png using Guid(931ec8d04407349428061edcbddb0522) Importer(2089858483,0ecaa5967403d082aa24f35e1b516d23) [PhysX] Initialized MultithreadedTaskDispatcher with 16 workers.
 -> (artifact id: '9e994ce787b8670bbfbaa1d7721529fc') in 0.022527 seconds
Number of updated asset objects reloaded before import = 0
Number of asset objects unloaded after import = 1
========================================================================
Received Import Request.
  Time since last request: 0.000020 seconds.
  path: Assets/ModernSupermarket/Models/Props/Products/Alcohol_qi7uqvr/Alcohol_qi7uqv.fbx
  artifactKey: Guid(45c83c041380baf44b6fa68b44d6ba10) Importer(2089858483,0ecaa5967403d082aa24f35e1b516d23)
Start importing Assets/ModernSupermarket/Models/Props/Products/Alcohol_qi7uqvr/Alcohol_qi7uqv.fbx using Guid(45c83c041380baf44b6fa68b44d6ba10) Importer(2089858483,0ecaa5967403d082aa24f35e1b516d23) [PhysX] Initialized MultithreadedTaskDispatcher with 16 workers.
 -> (artifact id: 'be5584dadc9dabde93baf6355e5ee205') in 0.018952 seconds
Number of updated asset objects reloaded before import = 0
Number of asset objects unloaded after import = 7
========================================================================
Received Import Request.
  Time since last request: 0.000028 seconds.
  path: Assets/ModernSupermarket/Models/Props/Products/Milk_l6slvx/Milk_l6slvx_Pack01.fbx
  artifactKey: Guid(f723d09b58811ab4999fe82f398516fc) Importer(2089858483,0ecaa5967403d082aa24f35e1b516d23)
Start importing Assets/ModernSupermarket/Models/Props/Products/Milk_l6slvx/Milk_l6slvx_Pack01.fbx using Guid(f723d09b58811ab4999fe82f398516fc) Importer(2089858483,0ecaa5967403d082aa24f35e1b516d23) [PhysX] Initialized MultithreadedTaskDispatcher with 16 workers.
 -> (artifact id: 'a021ad14517495c7af0d272046ef792c') in 0.019339 seconds
Number of updated asset objects reloaded before import = 0
Number of asset objects unloaded after import = 7
========================================================================
Received Import Request.
  Time since last request: 0.000160 seconds.
  path: Assets/ModernSupermarket/Models/Props/Produce/Clementine_7okhg9/Clementine_7okhg9_Pack01.fbx
  artifactKey: Guid(7376456b376d730408ad0120fd4087cc) Importer(2089858483,0ecaa5967403d082aa24f35e1b516d23)
Start importing Assets/ModernSupermarket/Models/Props/Produce/Clementine_7okhg9/Clementine_7okhg9_Pack01.fbx using Guid(7376456b376d730408ad0120fd4087cc) Importer(2089858483,0ecaa5967403d082aa24f35e1b516d23) [PhysX] Initialized MultithreadedTaskDispatcher with 16 workers.
 -> (artifact id: '0590129aea49c844508116a295d91586') in 0.021696 seconds
Number of updated asset objects reloaded before import = 0
Number of asset objects unloaded after import = 7
========================================================================
Received Import Request.
  Time since last request: 0.000028 seconds.
  path: Assets/ModernSupermarket/Models/Props/Produce/Melon_h6xrq4/Melon_h6xrq4.fbx
  artifactKey: Guid(4a2b0fcdcab60e2449171bc03bade85f) Importer(2089858483,0ecaa5967403d082aa24f35e1b516d23)
Start importing Assets/ModernSupermarket/Models/Props/Produce/Melon_h6xrq4/Melon_h6xrq4.fbx using Guid(4a2b0fcdcab60e2449171bc03bade85f) Importer(2089858483,0ecaa5967403d082aa24f35e1b516d23) [PhysX] Initialized MultithreadedTaskDispatcher with 16 workers.
 -> (artifact id: 'd76615da0b8d9af4065bf154171391e6') in 0.021229 seconds
Number of updated asset objects reloaded before import = 0
Number of asset objects unloaded after import = 7
========================================================================
Received Import Request.
  Time since last request: 0.000021 seconds.
  path: Assets/ModernSupermarket/Models/Props/Products/FrozenPack_t7wenh/FrozenPack_t7wenh_Pack01.fbx
  artifactKey: Guid(c19ccf966817a674ebdfc36516da16cd) Importer(2089858483,0ecaa5967403d082aa24f35e1b516d23)
Start importing Assets/ModernSupermarket/Models/Props/Products/FrozenPack_t7wenh/FrozenPack_t7wenh_Pack01.fbx using Guid(c19ccf966817a674ebdfc36516da16cd) Importer(2089858483,0ecaa5967403d082aa24f35e1b516d23) [PhysX] Initialized MultithreadedTaskDispatcher with 16 workers.
 -> (artifact id: '03778cc25009c0b8277161a2bd68845a') in 0.019955 seconds
Number of updated asset objects reloaded before import = 0
Number of asset objects unloaded after import = 7
========================================================================
Received Import Request.
  Time since last request: 0.000022 seconds.
  path: Assets/TextMesh Pro/Examples & Extras/Resources/Fonts & Materials/Anton SDF.asset
  artifactKey: Guid(8a89fa14b10d46a99122fd4f73fca9a2) Importer(2089858483,0ecaa5967403d082aa24f35e1b516d23)
Start importing Assets/TextMesh Pro/Examples & Extras/Resources/Fonts & Materials/Anton SDF.asset using Guid(8a89fa14b10d46a99122fd4f73fca9a2) Importer(2089858483,0ecaa5967403d082aa24f35e1b516d23) [PhysX] Initialized MultithreadedTaskDispatcher with 16 workers.
 -> (artifact id: '6d10dcd4f2def70cc16842064d1da733') in 0.037446 seconds
Number of updated asset objects reloaded before import = 0
Number of asset objects unloaded after import = 5
========================================================================
Received Import Request.
  Time since last request: 0.000017 seconds.
  path: Assets/ModernSupermarket/Models/Furniture/Shelf_kicg9f/Textures/Shelf_kicg9_m.png
  artifactKey: Guid(6ed462ff3e2590e418bcc929ddf1da26) Importer(2089858483,0ecaa5967403d082aa24f35e1b516d23)
Start importing Assets/ModernSupermarket/Models/Furniture/Shelf_kicg9f/Textures/Shelf_kicg9_m.png using Guid(6ed462ff3e2590e418bcc929ddf1da26) Importer(2089858483,0ecaa5967403d082aa24f35e1b516d23) [PhysX] Initialized MultithreadedTaskDispatcher with 16 workers.
 -> (artifact id: 'd8d8f1ea943ea157a529ce7fa9d9b2dd') in 0.020592 seconds
Number of updated asset objects reloaded before import = 0
Number of asset objects unloaded after import = 1
========================================================================
Received Import Request.
  Time since last request: 0.000018 seconds.
  path: Assets/ModernSupermarket/Models/Props/Products/FrozenBox_vhvpd4/FrozenBox_vhvpd4_Pack01.fbx
  artifactKey: Guid(5e5475bc32fd63c43b84a3216985ad18) Importer(2089858483,0ecaa5967403d082aa24f35e1b516d23)
Start importing Assets/ModernSupermarket/Models/Props/Products/FrozenBox_vhvpd4/FrozenBox_vhvpd4_Pack01.fbx using Guid(5e5475bc32fd63c43b84a3216985ad18) Importer(2089858483,0ecaa5967403d082aa24f35e1b516d23) [PhysX] Initialized MultithreadedTaskDispatcher with 16 workers.
 -> (artifact id: '6261b5dfc3db99bb31c7652617da0b87') in 0.018957 seconds
Number of updated asset objects reloaded before import = 0
Number of asset objects unloaded after import = 7
========================================================================
Received Import Request.
  Time since last request: 0.000022 seconds.
  path: Assets/ModernSupermarket/Models/Furniture/Door_o8w2gy/Textures/Door_o8w2gy_n.png
  artifactKey: Guid(bdb8a279ffe61d14ab6373767b7c5ef0) Importer(2089858483,0ecaa5967403d082aa24f35e1b516d23)
Start importing Assets/ModernSupermarket/Models/Furniture/Door_o8w2gy/Textures/Door_o8w2gy_n.png using Guid(bdb8a279ffe61d14ab6373767b7c5ef0) Importer(2089858483,0ecaa5967403d082aa24f35e1b516d23) [PhysX] Initialized MultithreadedTaskDispatcher with 16 workers.
 -> (artifact id: '95dca7c81415037580ebe213dfca750b') in 0.018935 seconds
Number of updated asset objects reloaded before import = 0
Number of asset objects unloaded after import = 1
========================================================================
Received Import Request.
  Time since last request: 0.000022 seconds.
  path: Assets/TextMesh Pro/Examples & Extras/Resources/Fonts & Materials/Roboto-Bold SDF.asset
  artifactKey: Guid(5302535af1044152a457ed104f1f4b91) Importer(2089858483,0ecaa5967403d082aa24f35e1b516d23)
Start importing Assets/TextMesh Pro/Examples & Extras/Resources/Fonts & Materials/Roboto-Bold SDF.asset using Guid(5302535af1044152a457ed104f1f4b91) Importer(2089858483,0ecaa5967403d082aa24f35e1b516d23) [PhysX] Initialized MultithreadedTaskDispatcher with 16 workers.
 -> (artifact id: 'd1ce9b26dfb57a817ccf3fef614b6b53') in 0.022571 seconds
Number of updated asset objects reloaded before import = 0
Number of asset objects unloaded after import = 5
========================================================================
Received Import Request.
  Time since last request: 0.000016 seconds.
  path: Assets/ModernSupermarket/Models/Props/Products/BeerPack_74mugc/BeerPack_74mugc.fbx
  artifactKey: Guid(e7f94372e9d128744bd71ac9ebe084b5) Importer(2089858483,0ecaa5967403d082aa24f35e1b516d23)
Start importing Assets/ModernSupermarket/Models/Props/Products/BeerPack_74mugc/BeerPack_74mugc.fbx using Guid(e7f94372e9d128744bd71ac9ebe084b5) Importer(2089858483,0ecaa5967403d082aa24f35e1b516d23) [PhysX] Initialized MultithreadedTaskDispatcher with 16 workers.
 -> (artifact id: '4eec4adca5c942c0c45c96a2e6aaa752') in 0.017729 seconds
Number of updated asset objects reloaded before import = 0
Number of asset objects unloaded after import = 7
========================================================================
Received Import Request.
  Time since last request: 0.000026 seconds.
  path: Assets/ModernSupermarket/Models/Props/Products/Cheese_bn26cq/Cheese_bn26cq.fbx
  artifactKey: Guid(334862f9002898e40ab9cf18e86ae289) Importer(2089858483,0ecaa5967403d082aa24f35e1b516d23)
Start importing Assets/ModernSupermarket/Models/Props/Products/Cheese_bn26cq/Cheese_bn26cq.fbx using Guid(334862f9002898e40ab9cf18e86ae289) Importer(2089858483,0ecaa5967403d082aa24f35e1b516d23) [PhysX] Initialized MultithreadedTaskDispatcher with 16 workers.
 -> (artifact id: 'e9a72a6e01d8d3a03c9908ef7b55c61d') in 0.018552 seconds
Number of updated asset objects reloaded before import = 0
Number of asset objects unloaded after import = 7
========================================================================
Received Import Request.
  Time since last request: 0.000060 seconds.
  path: Assets/ModernSupermarket/Models/Props/Products/Chicken_ozj6pn/Chicken_ozj6pn_Pack01.fbx
  artifactKey: Guid(ecf01e5b409af4c4ea51e29841c39980) Importer(2089858483,0ecaa5967403d082aa24f35e1b516d23)
Start importing Assets/ModernSupermarket/Models/Props/Products/Chicken_ozj6pn/Chicken_ozj6pn_Pack01.fbx using Guid(ecf01e5b409af4c4ea51e29841c39980) Importer(2089858483,0ecaa5967403d082aa24f35e1b516d23) [PhysX] Initialized MultithreadedTaskDispatcher with 16 workers.
 -> (artifact id: '1647954bd769be26ee8cbbe8eb5c7fc6') in 0.018743 seconds
Number of updated asset objects reloaded before import = 0
Number of asset objects unloaded after import = 7
========================================================================
Received Import Request.
  Time since last request: 0.000027 seconds.
  path: Assets/ModernSupermarket/Models/Furniture/Counter_wh1nba/Textures/Counter_wh1nba_m.png
  artifactKey: Guid(f7a778ef8d4107e459fdcc3c352c5dcc) Importer(2089858483,0ecaa5967403d082aa24f35e1b516d23)
Start importing Assets/ModernSupermarket/Models/Furniture/Counter_wh1nba/Textures/Counter_wh1nba_m.png using Guid(f7a778ef8d4107e459fdcc3c352c5dcc) Importer(2089858483,0ecaa5967403d082aa24f35e1b516d23) [PhysX] Initialized MultithreadedTaskDispatcher with 16 workers.
 -> (artifact id: '6189d44a941fee3c51f8234b5d5f8072') in 0.024669 seconds
Number of updated asset objects reloaded before import = 0
Number of asset objects unloaded after import = 1
========================================================================
Received Import Request.
  Time since last request: 0.000016 seconds.
  path: Assets/ModernSupermarket/Models/Props/Products/Milk_l6slvx/Milk_l6slvx.fbx
  artifactKey: Guid(a31b0e4e6b9fd6840b53533ad09e6787) Importer(2089858483,0ecaa5967403d082aa24f35e1b516d23)
Start importing Assets/ModernSupermarket/Models/Props/Products/Milk_l6slvx/Milk_l6slvx.fbx using Guid(a31b0e4e6b9fd6840b53533ad09e6787) Importer(2089858483,0ecaa5967403d082aa24f35e1b516d23) [PhysX] Initialized MultithreadedTaskDispatcher with 16 workers.
 -> (artifact id: '4f2aa8420d0d490b89a8ab1f71a0691b') in 0.016286 seconds
Number of updated asset objects reloaded before import = 0
Number of asset objects unloaded after import = 7
========================================================================
Received Import Request.
  Time since last request: 0.000019 seconds.
  path: Assets/ModernSupermarket/Models/Furniture/Checkout_4295b5/Textures/Checkout_4295b5_n.png
  artifactKey: Guid(d948d433b827c0a41b674edcf9cf43aa) Importer(2089858483,0ecaa5967403d082aa24f35e1b516d23)
Start importing Assets/ModernSupermarket/Models/Furniture/Checkout_4295b5/Textures/Checkout_4295b5_n.png using Guid(d948d433b827c0a41b674edcf9cf43aa) Importer(2089858483,0ecaa5967403d082aa24f35e1b516d23) [PhysX] Initialized MultithreadedTaskDispatcher with 16 workers.
 -> (artifact id: '1e8615d5f61bd0c69f965c837169629f') in 0.022748 seconds
Number of updated asset objects reloaded before import = 0
Number of asset objects unloaded after import = 1
========================================================================
Received Import Request.
  Time since last request: 0.000025 seconds.
  path: Assets/ModernSupermarket/Models/Props/Produce/Squash_0r6m5l/Squash_0r6m5l.fbx
  artifactKey: Guid(868345c533a9e194b97fae136c3094e5) Importer(2089858483,0ecaa5967403d082aa24f35e1b516d23)
Start importing Assets/ModernSupermarket/Models/Props/Produce/Squash_0r6m5l/Squash_0r6m5l.fbx using Guid(868345c533a9e194b97fae136c3094e5) Importer(2089858483,0ecaa5967403d082aa24f35e1b516d23) [PhysX] Initialized MultithreadedTaskDispatcher with 16 workers.
 -> (artifact id: '35f413d75bcb163152266bac45180fb8') in 0.015995 seconds
Number of updated asset objects reloaded before import = 0
Number of asset objects unloaded after import = 7
========================================================================
Received Import Request.
  Time since last request: 0.000019 seconds.
  path: Assets/ModernSupermarket/Models/Furniture/Fridge_f13xen/Textures/Fridge_f13xen_e.png
  artifactKey: Guid(ad4368e90a22f764885e9a7483f55984) Importer(2089858483,0ecaa5967403d082aa24f35e1b516d23)
Start importing Assets/ModernSupermarket/Models/Furniture/Fridge_f13xen/Textures/Fridge_f13xen_e.png using Guid(ad4368e90a22f764885e9a7483f55984) Importer(2089858483,0ecaa5967403d082aa24f35e1b516d23) [PhysX] Initialized MultithreadedTaskDispatcher with 16 workers.
 -> (artifact id: '359e312ac8db6f300dcfe0c04900b381') in 0.021684 seconds
Number of updated asset objects reloaded before import = 0
Number of asset objects unloaded after import = 1
========================================================================
Received Import Request.
  Time since last request: 0.000018 seconds.
  path: Assets/ModernSupermarket/Models/Furniture/Sign_04h2fw/Textures/Sign_04h2fw_Frozen_a.png
  artifactKey: Guid(0fa0e18674fe21d468aa7f7ddd9c9f36) Importer(2089858483,0ecaa5967403d082aa24f35e1b516d23)
Start importing Assets/ModernSupermarket/Models/Furniture/Sign_04h2fw/Textures/Sign_04h2fw_Frozen_a.png using Guid(0fa0e18674fe21d468aa7f7ddd9c9f36) Importer(2089858483,0ecaa5967403d082aa24f35e1b516d23) [PhysX] Initialized MultithreadedTaskDispatcher with 16 workers.
 -> (artifact id: 'c82697a89d11f2f747daaf8c25cf6f5b') in 0.018685 seconds
Number of updated asset objects reloaded before import = 0
Number of asset objects unloaded after import = 1
========================================================================
Received Import Request.
  Time since last request: 0.000021 seconds.
  path: Assets/ModernSupermarket/Models/Props/Products/Capsule_dchvzi/Capsule_dchvzi_Pack01.fbx
  artifactKey: Guid(09aa419e8507c6743ac95dbc8965d233) Importer(2089858483,0ecaa5967403d082aa24f35e1b516d23)
Start importing Assets/ModernSupermarket/Models/Props/Products/Capsule_dchvzi/Capsule_dchvzi_Pack01.fbx using Guid(09aa419e8507c6743ac95dbc8965d233) Importer(2089858483,0ecaa5967403d082aa24f35e1b516d23) [PhysX] Initialized MultithreadedTaskDispatcher with 16 workers.
 -> (artifact id: '484c629881f95467c599cf6048664f86') in 0.017398 seconds
Number of updated asset objects reloaded before import = 0
Number of asset objects unloaded after import = 7
========================================================================
Received Import Request.
  Time since last request: 0.000021 seconds.
  path: Assets/ModernSupermarket/Models/Props/Produce/Garlic_tkqeno/Garlic_tkqeno.fbx
  artifactKey: Guid(ed775dd2d6a64694e92332b28058e36c) Importer(2089858483,0ecaa5967403d082aa24f35e1b516d23)
Start importing Assets/ModernSupermarket/Models/Props/Produce/Garlic_tkqeno/Garlic_tkqeno.fbx using Guid(ed775dd2d6a64694e92332b28058e36c) Importer(2089858483,0ecaa5967403d082aa24f35e1b516d23) [PhysX] Initialized MultithreadedTaskDispatcher with 16 workers.
 -> (artifact id: '150861311c9d63a70b234189edfe2a68') in 0.016849 seconds
Number of updated asset objects reloaded before import = 0
Number of asset objects unloaded after import = 7
========================================================================
Received Import Request.
  Time since last request: 0.000029 seconds.
  path: Assets/ModernSupermarket/Models/Props/Products/Coffee_5uj6zk/Coffee_5uj6zk.fbx
  artifactKey: Guid(b6000627c8a0fb340a160529ea47a5fc) Importer(2089858483,0ecaa5967403d082aa24f35e1b516d23)
Start importing Assets/ModernSupermarket/Models/Props/Products/Coffee_5uj6zk/Coffee_5uj6zk.fbx using Guid(b6000627c8a0fb340a160529ea47a5fc) Importer(2089858483,0ecaa5967403d082aa24f35e1b516d23) [PhysX] Initialized MultithreadedTaskDispatcher with 16 workers.
 -> (artifact id: 'b8051a9b38b93296adde7bb9273f6dab') in 0.018395 seconds
Number of updated asset objects reloaded before import = 0
Number of asset objects unloaded after import = 7
========================================================================
Received Import Request.
  Time since last request: 0.000019 seconds.
  path: Assets/ModernSupermarket/Models/Props/Produce/Apple_k7nzrr/Apple_k7nzrr_Pack01.fbx
  artifactKey: Guid(d75e2ae9ddf167c4d97a1fb52a3eab42) Importer(2089858483,0ecaa5967403d082aa24f35e1b516d23)
Start importing Assets/ModernSupermarket/Models/Props/Produce/Apple_k7nzrr/Apple_k7nzrr_Pack01.fbx using Guid(d75e2ae9ddf167c4d97a1fb52a3eab42) Importer(2089858483,0ecaa5967403d082aa24f35e1b516d23) [PhysX] Initialized MultithreadedTaskDispatcher with 16 workers.
 -> (artifact id: '73b03c0b4f453ed11f281d3d09a11380') in 0.016155 seconds
Number of updated asset objects reloaded before import = 0
Number of asset objects unloaded after import = 7
========================================================================
Received Import Request.
  Time since last request: 0.000020 seconds.
  path: Assets/ModernSupermarket/Models/Furniture/Table_5ma72f/Textures/Table_5ma72f_a.png
  artifactKey: Guid(5346911d744dd074eb71e3b64d9fabcb) Importer(2089858483,0ecaa5967403d082aa24f35e1b516d23)
Start importing Assets/ModernSupermarket/Models/Furniture/Table_5ma72f/Textures/Table_5ma72f_a.png using Guid(5346911d744dd074eb71e3b64d9fabcb) Importer(2089858483,0ecaa5967403d082aa24f35e1b516d23) [PhysX] Initialized MultithreadedTaskDispatcher with 16 workers.
 -> (artifact id: '669790886b90a518214b58fcaa7c938d') in 0.017540 seconds
Number of updated asset objects reloaded before import = 0
Number of asset objects unloaded after import = 1
========================================================================
Received Import Request.
  Time since last request: 0.000034 seconds.
  path: Assets/ModernSupermarket/Models/Props/Produce/Lemon_ahopes/Lemon_ahopes_Pack01.fbx
  artifactKey: Guid(dae042f8a55f72141b62f541c873b237) Importer(2089858483,0ecaa5967403d082aa24f35e1b516d23)
Start importing Assets/ModernSupermarket/Models/Props/Produce/Lemon_ahopes/Lemon_ahopes_Pack01.fbx using Guid(dae042f8a55f72141b62f541c873b237) Importer(2089858483,0ecaa5967403d082aa24f35e1b516d23) [PhysX] Initialized MultithreadedTaskDispatcher with 16 workers.
 -> (artifact id: '4006fa4315e15905376673275029bc42') in 0.022423 seconds
Number of updated asset objects reloaded before import = 0
Number of asset objects unloaded after import = 7
========================================================================
Received Import Request.
  Time since last request: 0.000025 seconds.
  path: Assets/ModernSupermarket/Models/Props/Products/CandyPack_qkmq5d/CandyPack_qkmq5d_Pack01.fbx
  artifactKey: Guid(017bb31e2c1c2cf44912cd445416d4f3) Importer(2089858483,0ecaa5967403d082aa24f35e1b516d23)
Start importing Assets/ModernSupermarket/Models/Props/Products/CandyPack_qkmq5d/CandyPack_qkmq5d_Pack01.fbx using Guid(017bb31e2c1c2cf44912cd445416d4f3) Importer(2089858483,0ecaa5967403d082aa24f35e1b516d23) [PhysX] Initialized MultithreadedTaskDispatcher with 16 workers.
 -> (artifact id: '9b678ef1c6a384bb1f5456faccfe3aae') in 0.019318 seconds
Number of updated asset objects reloaded before import = 0
Number of asset objects unloaded after import = 7
========================================================================
Received Import Request.
  Time since last request: 0.000025 seconds.
  path: Assets/ModernSupermarket/Models/Props/Products/FrozenBox_vhvpd4/FrozenBox_vhvpd4_Pack03.fbx
  artifactKey: Guid(267083e8a007be4419ec901f7ab8f088) Importer(2089858483,0ecaa5967403d082aa24f35e1b516d23)
Start importing Assets/ModernSupermarket/Models/Props/Products/FrozenBox_vhvpd4/FrozenBox_vhvpd4_Pack03.fbx using Guid(267083e8a007be4419ec901f7ab8f088) Importer(2089858483,0ecaa5967403d082aa24f35e1b516d23) [PhysX] Initialized MultithreadedTaskDispatcher with 16 workers.
 -> (artifact id: '3f12e1ba177eb0451d531b3a3ed09ba8') in 0.016326 seconds
Number of updated asset objects reloaded before import = 0
Number of asset objects unloaded after import = 7
========================================================================
Received Import Request.
  Time since last request: 0.000020 seconds.
  path: Assets/ModernSupermarket/Models/Props/Products/ChocolatePowder_yqoigt/ChocolatePowder_yqoigt_Pack01.fbx
  artifactKey: Guid(cc45d0a625e99904a955e27348055f9f) Importer(2089858483,0ecaa5967403d082aa24f35e1b516d23)
Start importing Assets/ModernSupermarket/Models/Props/Products/ChocolatePowder_yqoigt/ChocolatePowder_yqoigt_Pack01.fbx using Guid(cc45d0a625e99904a955e27348055f9f) Importer(2089858483,0ecaa5967403d082aa24f35e1b516d23) [PhysX] Initialized MultithreadedTaskDispatcher with 16 workers.
 -> (artifact id: '68a00f1dd58a1ad520e9e549e9f114b9') in 0.017268 seconds
Number of updated asset objects reloaded before import = 0
Number of asset objects unloaded after import = 7
========================================================================
Received Import Request.
  Time since last request: 0.000017 seconds.
  path: Assets/ModernSupermarket/Models/Props/Products/Capsule_dchvzi/Capsule_dchvzi.fbx
  artifactKey: Guid(b7c7a4a9fd52b8c4892422fec18eede2) Importer(2089858483,0ecaa5967403d082aa24f35e1b516d23)
Start importing Assets/ModernSupermarket/Models/Props/Products/Capsule_dchvzi/Capsule_dchvzi.fbx using Guid(b7c7a4a9fd52b8c4892422fec18eede2) Importer(2089858483,0ecaa5967403d082aa24f35e1b516d23) [PhysX] Initialized MultithreadedTaskDispatcher with 16 workers.
 -> (artifact id: '7dc4cdaa08df0e72ea39ea01d507bfaa') in 0.018329 seconds
Number of updated asset objects reloaded before import = 0
Number of asset objects unloaded after import = 7
========================================================================
Received Import Request.
  Time since last request: 0.000023 seconds.
  path: Assets/ModernSupermarket/Models/Furniture/Shelf_hler4q/Textures/Shelf_hler4q_m.png
  artifactKey: Guid(fbb2c2a9d9cf03f4cb0b24fc3ef8976d) Importer(2089858483,0ecaa5967403d082aa24f35e1b516d23)
Start importing Assets/ModernSupermarket/Models/Furniture/Shelf_hler4q/Textures/Shelf_hler4q_m.png using Guid(fbb2c2a9d9cf03f4cb0b24fc3ef8976d) Importer(2089858483,0ecaa5967403d082aa24f35e1b516d23) [PhysX] Initialized MultithreadedTaskDispatcher with 16 workers.
 -> (artifact id: '805f7d8aeda896e668c8e977aca80da0') in 0.022919 seconds
Number of updated asset objects reloaded before import = 0
Number of asset objects unloaded after import = 1
========================================================================
Received Import Request.
  Time since last request: 0.000020 seconds.
  path: Assets/ModernSupermarket/Models/Furniture/Stall_6f5bo1/Textures/Stall_6f5bo1_m.png
  artifactKey: Guid(4390abdc07755844eb0ef1b74cfede1c) Importer(2089858483,0ecaa5967403d082aa24f35e1b516d23)
Start importing Assets/ModernSupermarket/Models/Furniture/Stall_6f5bo1/Textures/Stall_6f5bo1_m.png using Guid(4390abdc07755844eb0ef1b74cfede1c) Importer(2089858483,0ecaa5967403d082aa24f35e1b516d23) [PhysX] Initialized MultithreadedTaskDispatcher with 16 workers.
 -> (artifact id: 'f9e02624f54038566310897bc388151e') in 0.026222 seconds
Number of updated asset objects reloaded before import = 0
Number of asset objects unloaded after import = 1
========================================================================
Received Import Request.
  Time since last request: 0.000024 seconds.
  path: Assets/ModernSupermarket/Models/Props/Products/ChocolatePowder_yqoigt/ChocolatePowder_yqoigt.fbx
  artifactKey: Guid(36b7fc34f1101af48b28c7580993b63e) Importer(2089858483,0ecaa5967403d082aa24f35e1b516d23)
Start importing Assets/ModernSupermarket/Models/Props/Products/ChocolatePowder_yqoigt/ChocolatePowder_yqoigt.fbx using Guid(36b7fc34f1101af48b28c7580993b63e) Importer(2089858483,0ecaa5967403d082aa24f35e1b516d23) [PhysX] Initialized MultithreadedTaskDispatcher with 16 workers.
 -> (artifact id: 'be6a0b8d061163bc59c2ba1e3da62a48') in 0.027265 seconds
Number of updated asset objects reloaded before import = 0
Number of asset objects unloaded after import = 8
========================================================================
Received Import Request.
  Time since last request: 0.000016 seconds.
  path: Assets/ModernSupermarket/Models/Props/Products/JuiceBrick_6ljfy3/JuiceBrick_6ljfy3_Pack01.fbx
  artifactKey: Guid(128bef73fc89abf428d64881496b4350) Importer(2089858483,0ecaa5967403d082aa24f35e1b516d23)
Start importing Assets/ModernSupermarket/Models/Props/Products/JuiceBrick_6ljfy3/JuiceBrick_6ljfy3_Pack01.fbx using Guid(128bef73fc89abf428d64881496b4350) Importer(2089858483,0ecaa5967403d082aa24f35e1b516d23) [PhysX] Initialized MultithreadedTaskDispatcher with 16 workers.
 -> (artifact id: 'b04f5bcec76aa5708c66499719950291') in 0.020471 seconds
Number of updated asset objects reloaded before import = 0
Number of asset objects unloaded after import = 7
========================================================================
Received Import Request.
  Time since last request: 0.000020 seconds.
  path: Assets/ModernSupermarket/Models/Props/Produce/Potato_px2ht4/Potato_px2ht4_Pack01.fbx
  artifactKey: Guid(fb845a2734cb6d1409fa27761af2d805) Importer(2089858483,0ecaa5967403d082aa24f35e1b516d23)
Start importing Assets/ModernSupermarket/Models/Props/Produce/Potato_px2ht4/Potato_px2ht4_Pack01.fbx using Guid(fb845a2734cb6d1409fa27761af2d805) Importer(2089858483,0ecaa5967403d082aa24f35e1b516d23) [PhysX] Initialized MultithreadedTaskDispatcher with 16 workers.
 -> (artifact id: '596d8d2a06b01b3456b4e8aeae692f51') in 0.019847 seconds
Number of updated asset objects reloaded before import = 0
Number of asset objects unloaded after import = 7
========================================================================
Received Import Request.
  Time since last request: 0.000026 seconds.
  path: Assets/ModernSupermarket/Models/Props/Products/CandyPack_qkmq5d/CandyPack_qkmq5d.fbx
  artifactKey: Guid(2ea77d5e273d58b48b2a82c6d7879a39) Importer(2089858483,0ecaa5967403d082aa24f35e1b516d23)
Start importing Assets/ModernSupermarket/Models/Props/Products/CandyPack_qkmq5d/CandyPack_qkmq5d.fbx using Guid(2ea77d5e273d58b48b2a82c6d7879a39) Importer(2089858483,0ecaa5967403d082aa24f35e1b516d23) [PhysX] Initialized MultithreadedTaskDispatcher with 16 workers.
 -> (artifact id: '65f96ae82cb80eee8aaed74deac31ace') in 0.018548 seconds
Number of updated asset objects reloaded before import = 0
Number of asset objects unloaded after import = 7
========================================================================
Received Import Request.
  Time since last request: 0.000032 seconds.
  path: Assets/ModernSupermarket/Models/Props/Produce/Pineapple_c1vx80/Pineapple_c1vx80.fbx
  artifactKey: Guid(104755c2430016a469def82aa4c7e222) Importer(2089858483,0ecaa5967403d082aa24f35e1b516d23)
Start importing Assets/ModernSupermarket/Models/Props/Produce/Pineapple_c1vx80/Pineapple_c1vx80.fbx using Guid(104755c2430016a469def82aa4c7e222) Importer(2089858483,0ecaa5967403d082aa24f35e1b516d23) [PhysX] Initialized MultithreadedTaskDispatcher with 16 workers.
 -> (artifact id: 'b78b5c73eb54b072b297dd9ea81f1402') in 0.018673 seconds
Number of updated asset objects reloaded before import = 0
Number of asset objects unloaded after import = 7
========================================================================
Received Import Request.
  Time since last request: 0.000023 seconds.
  path: Assets/ModernSupermarket/Models/Props/Products/MilkBrick_e8foxc/MilkBrick_e8foxc.fbx
  artifactKey: Guid(7cf92c5185012c44c93fe6dfeff05c40) Importer(2089858483,0ecaa5967403d082aa24f35e1b516d23)
Start importing Assets/ModernSupermarket/Models/Props/Products/MilkBrick_e8foxc/MilkBrick_e8foxc.fbx using Guid(7cf92c5185012c44c93fe6dfeff05c40) Importer(2089858483,0ecaa5967403d082aa24f35e1b516d23) [PhysX] Initialized MultithreadedTaskDispatcher with 16 workers.
 -> (artifact id: '51d6582683125c731e445f7c864a9df4') in 0.021797 seconds
Number of updated asset objects reloaded before import = 0
Number of asset objects unloaded after import = 7
========================================================================
Received Import Request.
  Time since last request: 0.000024 seconds.
  path: Assets/ModernSupermarket/Models/Props/Products/Flour_ckgfmu/Flour_ckgfmu_Pack01.fbx
  artifactKey: Guid(68f6678268b3c934c97f57e8f6748fb5) Importer(2089858483,0ecaa5967403d082aa24f35e1b516d23)
Start importing Assets/ModernSupermarket/Models/Props/Products/Flour_ckgfmu/Flour_ckgfmu_Pack01.fbx using Guid(68f6678268b3c934c97f57e8f6748fb5) Importer(2089858483,0ecaa5967403d082aa24f35e1b516d23) [PhysX] Initialized MultithreadedTaskDispatcher with 16 workers.
 -> (artifact id: '98df9baa4abb9b97c13616e388c3f087') in 0.020282 seconds
Number of updated asset objects reloaded before import = 0
Number of asset objects unloaded after import = 7
========================================================================
Received Import Request.
  Time since last request: 0.000016 seconds.
  path: Assets/ModernSupermarket/Models/Furniture/Door_o8w2gy/Textures/Door_o8w2gy_o.png
  artifactKey: Guid(eb2d5fd5509f30b45b1749565be49a86) Importer(2089858483,0ecaa5967403d082aa24f35e1b516d23)
Start importing Assets/ModernSupermarket/Models/Furniture/Door_o8w2gy/Textures/Door_o8w2gy_o.png using Guid(eb2d5fd5509f30b45b1749565be49a86) Importer(2089858483,0ecaa5967403d082aa24f35e1b516d23) [PhysX] Initialized MultithreadedTaskDispatcher with 16 workers.
 -> (artifact id: 'cfcb77ea40741ee49f882b516a9b5e7b') in 0.018461 seconds
Number of updated asset objects reloaded before import = 0
Number of asset objects unloaded after import = 1
========================================================================
Received Import Request.
  Time since last request: 0.000020 seconds.
  path: Assets/ModernSupermarket/Models/Furniture/Checkout_gueqmj/Textures/Checkout_gueqmj_o.png
  artifactKey: Guid(e99580dbc173d59479658c5a0afd59b3) Importer(2089858483,0ecaa5967403d082aa24f35e1b516d23)
Start importing Assets/ModernSupermarket/Models/Furniture/Checkout_gueqmj/Textures/Checkout_gueqmj_o.png using Guid(e99580dbc173d59479658c5a0afd59b3) Importer(2089858483,0ecaa5967403d082aa24f35e1b516d23) [PhysX] Initialized MultithreadedTaskDispatcher with 16 workers.
 -> (artifact id: '949172452dcab7bc96a9df9a12343e7b') in 0.020097 seconds
Number of updated asset objects reloaded before import = 0
Number of asset objects unloaded after import = 1
========================================================================
Received Import Request.
  Time since last request: 0.000018 seconds.
  path: Assets/ModernSupermarket/Models/Furniture/Shelf_kicg9f/Textures/Shelf_kicg9f_o.png
  artifactKey: Guid(250e1dbf3226d1f44b42812ada2b08c3) Importer(2089858483,0ecaa5967403d082aa24f35e1b516d23)
Start importing Assets/ModernSupermarket/Models/Furniture/Shelf_kicg9f/Textures/Shelf_kicg9f_o.png using Guid(250e1dbf3226d1f44b42812ada2b08c3) Importer(2089858483,0ecaa5967403d082aa24f35e1b516d23) [PhysX] Initialized MultithreadedTaskDispatcher with 16 workers.
 -> (artifact id: '1554af72c01e6da60e015fb2dce650df') in 0.020322 seconds
Number of updated asset objects reloaded before import = 0
Number of asset objects unloaded after import = 1
========================================================================
Received Import Request.
  Time since last request: 0.000022 seconds.
  path: Assets/ModernSupermarket/Models/Props/Products/ChocolateBox_b94wj0/ChocolateBox_b94wj0_Pack01.fbx
  artifactKey: Guid(525f411b77d310c49b226004eddb0dbe) Importer(2089858483,0ecaa5967403d082aa24f35e1b516d23)
Start importing Assets/ModernSupermarket/Models/Props/Products/ChocolateBox_b94wj0/ChocolateBox_b94wj0_Pack01.fbx using Guid(525f411b77d310c49b226004eddb0dbe) Importer(2089858483,0ecaa5967403d082aa24f35e1b516d23) [PhysX] Initialized MultithreadedTaskDispatcher with 16 workers.
 -> (artifact id: 'd59bbbe23dfddd1c9a41218c0e76a8a3') in 0.018171 seconds
Number of updated asset objects reloaded before import = 0
Number of asset objects unloaded after import = 7
========================================================================
Received Import Request.
  Time since last request: 0.000028 seconds.
  path: Assets/ModernSupermarket/Models/Props/Produce/Mango_1xw10k/Mango_1xw10k_Pack01.fbx
  artifactKey: Guid(4c3383e7422eaf04191afb5317e43cc5) Importer(2089858483,0ecaa5967403d082aa24f35e1b516d23)
Start importing Assets/ModernSupermarket/Models/Props/Produce/Mango_1xw10k/Mango_1xw10k_Pack01.fbx using Guid(4c3383e7422eaf04191afb5317e43cc5) Importer(2089858483,0ecaa5967403d082aa24f35e1b516d23) [PhysX] Initialized MultithreadedTaskDispatcher with 16 workers.
 -> (artifact id: 'be5c41673e27caac57a0b4ad9fcb607e') in 0.017309 seconds
Number of updated asset objects reloaded before import = 0
Number of asset objects unloaded after import = 7
========================================================================
Received Import Request.
  Time since last request: 0.000022 seconds.
  path: Assets/ModernSupermarket/Models/Furniture/Vent_9y3yo/Textures/Vent_9y3yod_o.png
  artifactKey: Guid(b0ed977708f25e34fb9dc0eb3b736d69) Importer(2089858483,0ecaa5967403d082aa24f35e1b516d23)
Start importing Assets/ModernSupermarket/Models/Furniture/Vent_9y3yo/Textures/Vent_9y3yod_o.png using Guid(b0ed977708f25e34fb9dc0eb3b736d69) Importer(2089858483,0ecaa5967403d082aa24f35e1b516d23) [PhysX] Initialized MultithreadedTaskDispatcher with 16 workers.
 -> (artifact id: '0fe2e13a9510e46793f19125fcac9205') in 0.017377 seconds
Number of updated asset objects reloaded before import = 0
Number of asset objects unloaded after import = 1
========================================================================
Received Import Request.
  Time since last request: 0.000021 seconds.
  path: Assets/ModernSupermarket/Models/Furniture/Checkout_gueqmj/Textures/Checkout_gueqmj_n.png
  artifactKey: Guid(fae6c4244793e0f49b87ef1bb013d295) Importer(2089858483,0ecaa5967403d082aa24f35e1b516d23)
Start importing Assets/ModernSupermarket/Models/Furniture/Checkout_gueqmj/Textures/Checkout_gueqmj_n.png using Guid(fae6c4244793e0f49b87ef1bb013d295) Importer(2089858483,0ecaa5967403d082aa24f35e1b516d23) [PhysX] Initialized MultithreadedTaskDispatcher with 16 workers.
 -> (artifact id: 'fbc745bb33197112b25557f8db692968') in 0.022061 seconds
Number of updated asset objects reloaded before import = 0
Number of asset objects unloaded after import = 1
========================================================================
Received Import Request.
  Time since last request: 0.000165 seconds.
  path: Assets/ModernSupermarket/Models/Furniture/Slate_t3iq3t/Textures/Slate_t3iq3t_n.png
  artifactKey: Guid(dfbbb77b2619b82489c8c1fff1872dc9) Importer(2089858483,0ecaa5967403d082aa24f35e1b516d23)
Start importing Assets/ModernSupermarket/Models/Furniture/Slate_t3iq3t/Textures/Slate_t3iq3t_n.png using Guid(dfbbb77b2619b82489c8c1fff1872dc9) Importer(2089858483,0ecaa5967403d082aa24f35e1b516d23) [PhysX] Initialized MultithreadedTaskDispatcher with 16 workers.
 -> (artifact id: 'd24269022112110a1b68bbf6f54cdc03') in 0.016976 seconds
Number of updated asset objects reloaded before import = 0
Number of asset objects unloaded after import = 1
========================================================================
Received Import Request.
  Time since last request: 0.000020 seconds.
  path: Assets/ModernSupermarket/Models/Furniture/Freezer_9olxw5/Textures/Freezer_9olxw5_a.png
  artifactKey: Guid(3b0351c75a59a704cb7d2b9ae743a2d4) Importer(2089858483,0ecaa5967403d082aa24f35e1b516d23)
Start importing Assets/ModernSupermarket/Models/Furniture/Freezer_9olxw5/Textures/Freezer_9olxw5_a.png using Guid(3b0351c75a59a704cb7d2b9ae743a2d4) Importer(2089858483,0ecaa5967403d082aa24f35e1b516d23) [PhysX] Initialized MultithreadedTaskDispatcher with 16 workers.
 -> (artifact id: '85a1c34d86c5755186c6c9a2731e43a3') in 0.023702 seconds
Number of updated asset objects reloaded before import = 0
Number of asset objects unloaded after import = 1
========================================================================
Received Import Request.
  Time since last request: 0.000031 seconds.
  path: Assets/TextMesh Pro/Examples & Extras/Resources/Fonts & Materials/LiberationSans SDF - Overlay.mat
  artifactKey: Guid(9ad269c99dcf42b7aedefd83dd5a7b9d) Importer(2089858483,0ecaa5967403d082aa24f35e1b516d23)
Start importing Assets/TextMesh Pro/Examples & Extras/Resources/Fonts & Materials/LiberationSans SDF - Overlay.mat using Guid(9ad269c99dcf42b7aedefd83dd5a7b9d) Importer(2089858483,0ecaa5967403d082aa24f35e1b516d23) [PhysX] Initialized MultithreadedTaskDispatcher with 16 workers.
 -> (artifact id: 'c9391ad1710140f42ebbbf7e7982a36c') in 0.024704 seconds
Number of updated asset objects reloaded before import = 0
Number of asset objects unloaded after import = 2
========================================================================
Received Import Request.
  Time since last request: 0.000023 seconds.
  path: Assets/TextMesh Pro/Examples & Extras/Resources/Fonts & Materials/Anton SDF - Outline.mat
  artifactKey: Guid(a00013af81304728b2be1f4309ee2433) Importer(2089858483,0ecaa5967403d082aa24f35e1b516d23)
Start importing Assets/TextMesh Pro/Examples & Extras/Resources/Fonts & Materials/Anton SDF - Outline.mat using Guid(a00013af81304728b2be1f4309ee2433) Importer(2089858483,0ecaa5967403d082aa24f35e1b516d23) [PhysX] Initialized MultithreadedTaskDispatcher with 16 workers.
 -> (artifact id: 'a5c6ea48fae36970fc39de82784fa27f') in 0.015619 seconds
Number of updated asset objects reloaded before import = 0
Number of asset objects unloaded after import = 2
========================================================================
Received Import Request.
  Time since last request: 0.000021 seconds.
  path: Assets/ModernSupermarket/Models/Props/Products/Alcohol_eoojba/Alcohol_eoojba_Pack01.fbx
  artifactKey: Guid(638e7179bd00e6b45b037ef982a775ef) Importer(2089858483,0ecaa5967403d082aa24f35e1b516d23)
Start importing Assets/ModernSupermarket/Models/Props/Products/Alcohol_eoojba/Alcohol_eoojba_Pack01.fbx using Guid(638e7179bd00e6b45b037ef982a775ef) Importer(2089858483,0ecaa5967403d082aa24f35e1b516d23) [PhysX] Initialized MultithreadedTaskDispatcher with 16 workers.
 -> (artifact id: 'fa324331752c3835eed2db9ec36c8c9a') in 0.020871 seconds
Number of updated asset objects reloaded before import = 0
Number of asset objects unloaded after import = 7
========================================================================
Received Import Request.
  Time since last request: 0.000021 seconds.
  path: Assets/ModernSupermarket/Models/Furniture/HeritageBuffet_wkjvvg/Textures/HeritageBuffet_wkjvvg_m.png
  artifactKey: Guid(0c6016336f3599e44b5624a5f8c90e1d) Importer(2089858483,0ecaa5967403d082aa24f35e1b516d23)
Start importing Assets/ModernSupermarket/Models/Furniture/HeritageBuffet_wkjvvg/Textures/HeritageBuffet_wkjvvg_m.png using Guid(0c6016336f3599e44b5624a5f8c90e1d) Importer(2089858483,0ecaa5967403d082aa24f35e1b516d23) [PhysX] Initialized MultithreadedTaskDispatcher with 16 workers.
 -> (artifact id: '3893f8b46398b5e0cea716c002e94d2d') in 0.019895 seconds
Number of updated asset objects reloaded before import = 0
Number of asset objects unloaded after import = 1
========================================================================
Received Import Request.
  Time since last request: 0.000016 seconds.
  path: Assets/ModernSupermarket/Models/Props/Products/Ham_wplnxm/Ham_wplnxm_Pack02.fbx
  artifactKey: Guid(8d250a526bb97474eab30812743d2aa4) Importer(2089858483,0ecaa5967403d082aa24f35e1b516d23)
Start importing Assets/ModernSupermarket/Models/Props/Products/Ham_wplnxm/Ham_wplnxm_Pack02.fbx using Guid(8d250a526bb97474eab30812743d2aa4) Importer(2089858483,0ecaa5967403d082aa24f35e1b516d23) [PhysX] Initialized MultithreadedTaskDispatcher with 16 workers.
 -> (artifact id: '5aa6494595680a87e43ff9b8a1a80be2') in 0.022702 seconds
Number of updated asset objects reloaded before import = 0
Number of asset objects unloaded after import = 7
========================================================================
Received Import Request.
  Time since last request: 0.000022 seconds.
  path: Assets/TextMesh Pro/Examples & Extras/Resources/Fonts & Materials/Roboto-Bold SDF - Drop Shadow.mat
  artifactKey: Guid(b246c4190f4e46ec9352fe15a7b09ce0) Importer(2089858483,0ecaa5967403d082aa24f35e1b516d23)
Start importing Assets/TextMesh Pro/Examples & Extras/Resources/Fonts & Materials/Roboto-Bold SDF - Drop Shadow.mat using Guid(b246c4190f4e46ec9352fe15a7b09ce0) Importer(2089858483,0ecaa5967403d082aa24f35e1b516d23) [PhysX] Initialized MultithreadedTaskDispatcher with 16 workers.
 -> (artifact id: 'da3c02d3e23b57d4731528c4cee9c3c0') in 0.013982 seconds
Number of updated asset objects reloaded before import = 0
Number of asset objects unloaded after import = 2
========================================================================
Received Import Request.
  Time since last request: 0.000025 seconds.
  path: Assets/ModernSupermarket/Models/Props/Products/Oil_ nutmjk/Oil_ nutmjk_Pack01.fbx
  artifactKey: Guid(5d695b666e45db64ea34ff8eb4ca29e6) Importer(2089858483,0ecaa5967403d082aa24f35e1b516d23)
Start importing Assets/ModernSupermarket/Models/Props/Products/Oil_ nutmjk/Oil_ nutmjk_Pack01.fbx using Guid(5d695b666e45db64ea34ff8eb4ca29e6) Importer(2089858483,0ecaa5967403d082aa24f35e1b516d23) [PhysX] Initialized MultithreadedTaskDispatcher with 16 workers.
 -> (artifact id: '67524bc1d9e645c31f167e4e45c2ab6e') in 0.018947 seconds
Number of updated asset objects reloaded before import = 0
Number of asset objects unloaded after import = 7
========================================================================
Received Import Request.
  Time since last request: 0.000021 seconds.
  path: Assets/ModernSupermarket/Models/Props/Products/EggBox4x_nbzek2/EggBox4x_nbzek2.fbx
  artifactKey: Guid(85a034998e1b5054eb14a2c8160f35d6) Importer(2089858483,0ecaa5967403d082aa24f35e1b516d23)
Start importing Assets/ModernSupermarket/Models/Props/Products/EggBox4x_nbzek2/EggBox4x_nbzek2.fbx using Guid(85a034998e1b5054eb14a2c8160f35d6) Importer(2089858483,0ecaa5967403d082aa24f35e1b516d23) [PhysX] Initialized MultithreadedTaskDispatcher with 16 workers.
 -> (artifact id: '1dff8482c9d90602d1b32815a98a5fa7') in 0.017979 seconds
Number of updated asset objects reloaded before import = 0
Number of asset objects unloaded after import = 7
========================================================================
Received Import Request.
  Time since last request: 0.000014 seconds.
  path: Assets/ModernSupermarket/Models/Props/Products/Sauce_cfrew8/Sauce_cfrew8.fbx
  artifactKey: Guid(543e2704914a7e74ca9a724363c0e81e) Importer(2089858483,0ecaa5967403d082aa24f35e1b516d23)
Start importing Assets/ModernSupermarket/Models/Props/Products/Sauce_cfrew8/Sauce_cfrew8.fbx using Guid(543e2704914a7e74ca9a724363c0e81e) Importer(2089858483,0ecaa5967403d082aa24f35e1b516d23) [PhysX] Initialized MultithreadedTaskDispatcher with 16 workers.
 -> (artifact id: 'fdab8560d0439a685045ec3390b21307') in 0.016938 seconds
Number of updated asset objects reloaded before import = 0
Number of asset objects unloaded after import = 7
========================================================================
Received Import Request.
  Time since last request: 0.000019 seconds.
  path: Assets/ModernSupermarket/Models/Props/Produce/Mushroom_43xvit/Textures/Mushroom_43xvit_m.png
  artifactKey: Guid(8019dac44b70d0e4faa36abca32bdc39) Importer(2089858483,0ecaa5967403d082aa24f35e1b516d23)
Start importing Assets/ModernSupermarket/Models/Props/Produce/Mushroom_43xvit/Textures/Mushroom_43xvit_m.png using Guid(8019dac44b70d0e4faa36abca32bdc39) Importer(2089858483,0ecaa5967403d082aa24f35e1b516d23) [PhysX] Initialized MultithreadedTaskDispatcher with 16 workers.
 -> (artifact id: 'd954c31a3291c5f42c99c43829af3b3c') in 0.019088 seconds
Number of updated asset objects reloaded before import = 0
Number of asset objects unloaded after import = 1
========================================================================
Received Import Request.
  Time since last request: 0.000024 seconds.
  path: Assets/ModernSupermarket/Models/Props/Products/WaterPack_mqmuh7/WaterBottle_cbaimv.fbx
  artifactKey: Guid(e2edde20d76eb914497bd8f16e516117) Importer(2089858483,0ecaa5967403d082aa24f35e1b516d23)
Start importing Assets/ModernSupermarket/Models/Props/Products/WaterPack_mqmuh7/WaterBottle_cbaimv.fbx using Guid(e2edde20d76eb914497bd8f16e516117) Importer(2089858483,0ecaa5967403d082aa24f35e1b516d23) [PhysX] Initialized MultithreadedTaskDispatcher with 16 workers.
 -> (artifact id: 'bab54089e1edd7d94dd9acbb071ab34e') in 0.018576 seconds
Number of updated asset objects reloaded before import = 0
Number of asset objects unloaded after import = 7
========================================================================
Received Import Request.
  Time since last request: 0.000023 seconds.
  path: Assets/ModernSupermarket/Models/Props/Products/Bag_s45li3/Textures/Bag_s45li3_Var01_a.png
  artifactKey: Guid(e0ca16117ac59624e9d7e152e0edafd6) Importer(2089858483,0ecaa5967403d082aa24f35e1b516d23)
Start importing Assets/ModernSupermarket/Models/Props/Products/Bag_s45li3/Textures/Bag_s45li3_Var01_a.png using Guid(e0ca16117ac59624e9d7e152e0edafd6) Importer(2089858483,0ecaa5967403d082aa24f35e1b516d23) [PhysX] Initialized MultithreadedTaskDispatcher with 16 workers.
 -> (artifact id: '9857c99e1792494bfd7a8b2ea186f575') in 0.019065 seconds
Number of updated asset objects reloaded before import = 0
Number of asset objects unloaded after import = 1
========================================================================
Received Import Request.
  Time since last request: 0.000032 seconds.
  path: Assets/ModernSupermarket/Models/Props/Produce/Onion_mut7xz/Textures/Onion_mut7xz_n.png
  artifactKey: Guid(d8d655968d8967c42ade70c61e15dd0f) Importer(2089858483,0ecaa5967403d082aa24f35e1b516d23)
Start importing Assets/ModernSupermarket/Models/Props/Produce/Onion_mut7xz/Textures/Onion_mut7xz_n.png using Guid(d8d655968d8967c42ade70c61e15dd0f) Importer(2089858483,0ecaa5967403d082aa24f35e1b516d23) [PhysX] Initialized MultithreadedTaskDispatcher with 16 workers.
 -> (artifact id: 'fcc10d07f94571a5e38d5fbe7317a179') in 0.017397 seconds
Number of updated asset objects reloaded before import = 0
Number of asset objects unloaded after import = 1
========================================================================
Received Import Request.
  Time since last request: 0.000017 seconds.
  path: Assets/ModernSupermarket/Models/Props/Products/SweetJar_alnwix/SweetJar_alnwix_Pack01.fbx
  artifactKey: Guid(ed42c501051731a4e84a34666a3e6827) Importer(2089858483,0ecaa5967403d082aa24f35e1b516d23)
Start importing Assets/ModernSupermarket/Models/Props/Products/SweetJar_alnwix/SweetJar_alnwix_Pack01.fbx using Guid(ed42c501051731a4e84a34666a3e6827) Importer(2089858483,0ecaa5967403d082aa24f35e1b516d23) [PhysX] Initialized MultithreadedTaskDispatcher with 16 workers.
 -> (artifact id: 'dc13fcfad65639b8f6050a1db4964579') in 0.017074 seconds
Number of updated asset objects reloaded before import = 0
Number of asset objects unloaded after import = 7
========================================================================
Received Import Request.
  Time since last request: 0.000021 seconds.
  path: Assets/ModernSupermarket/Models/Props/Products/Shampoo_u15m67/Shampoo_u15m67_Pack01.fbx
  artifactKey: Guid(69fe6f636583e564d934d9c9ec954415) Importer(2089858483,0ecaa5967403d082aa24f35e1b516d23)
Start importing Assets/ModernSupermarket/Models/Props/Products/Shampoo_u15m67/Shampoo_u15m67_Pack01.fbx using Guid(69fe6f636583e564d934d9c9ec954415) Importer(2089858483,0ecaa5967403d082aa24f35e1b516d23) [PhysX] Initialized MultithreadedTaskDispatcher with 16 workers.
 -> (artifact id: 'ef1e34c8acf557d2c2e3e6aac588826b') in 0.017895 seconds
Number of updated asset objects reloaded before import = 0
Number of asset objects unloaded after import = 7
========================================================================
Received Import Request.
  Time since last request: 0.000023 seconds.
  path: Assets/ModernSupermarket/Models/Props/Produce/Melon_h6xrq4/Textures/Melon_h6xrq4_m.png
  artifactKey: Guid(200bcbb320adf714494e9409248b1358) Importer(2089858483,0ecaa5967403d082aa24f35e1b516d23)
Start importing Assets/ModernSupermarket/Models/Props/Produce/Melon_h6xrq4/Textures/Melon_h6xrq4_m.png using Guid(200bcbb320adf714494e9409248b1358) Importer(2089858483,0ecaa5967403d082aa24f35e1b516d23) [PhysX] Initialized MultithreadedTaskDispatcher with 16 workers.
 -> (artifact id: '8ca8db114498377d8f2b07ea096851f2') in 0.017743 seconds
Number of updated asset objects reloaded before import = 0
Number of asset objects unloaded after import = 1
========================================================================
Received Import Request.
  Time since last request: 0.000024 seconds.
  path: Assets/ModernSupermarket/Models/Furniture/Sign_04h2fw/Textures/Materials/Sign_04h2fw_Frozen.mat
  artifactKey: Guid(26ce3efba0bd46849bd8113a567fdb0d) Importer(2089858483,0ecaa5967403d082aa24f35e1b516d23)
Start importing Assets/ModernSupermarket/Models/Furniture/Sign_04h2fw/Textures/Materials/Sign_04h2fw_Frozen.mat using Guid(26ce3efba0bd46849bd8113a567fdb0d) Importer(2089858483,0ecaa5967403d082aa24f35e1b516d23) [PhysX] Initialized MultithreadedTaskDispatcher with 16 workers.
 -> (artifact id: '6a87f6f2651006d4ad792488587aba31') in 0.024312 seconds
Number of updated asset objects reloaded before import = 0
Number of asset objects unloaded after import = 5
========================================================================
Received Import Request.
  Time since last request: 0.000023 seconds.
  path: Assets/ModernSupermarket/Models/Props/Produce/Garlic_tkqeno/Textures/Garlic_tkqeno_m.png
  artifactKey: Guid(3793db2b07b5c4848887317fc5574f41) Importer(2089858483,0ecaa5967403d082aa24f35e1b516d23)
Start importing Assets/ModernSupermarket/Models/Props/Produce/Garlic_tkqeno/Textures/Garlic_tkqeno_m.png using Guid(3793db2b07b5c4848887317fc5574f41) Importer(2089858483,0ecaa5967403d082aa24f35e1b516d23) [PhysX] Initialized MultithreadedTaskDispatcher with 16 workers.
 -> (artifact id: '33121b29dc67918c57de8dee8990c6e0') in 0.015684 seconds
Number of updated asset objects reloaded before import = 0
Number of asset objects unloaded after import = 1
========================================================================
Received Import Request.
  Time since last request: 0.000018 seconds.
  path: Assets/ModernSupermarket/Models/Furniture/Neon_dwd6wi/textures/Materials/Neon_dwd6wi.mat
  artifactKey: Guid(1fd29e65fbb1f494799c586e30ec489f) Importer(2089858483,0ecaa5967403d082aa24f35e1b516d23)
Start importing Assets/ModernSupermarket/Models/Furniture/Neon_dwd6wi/textures/Materials/Neon_dwd6wi.mat using Guid(1fd29e65fbb1f494799c586e30ec489f) Importer(2089858483,0ecaa5967403d082aa24f35e1b516d23) [PhysX] Initialized MultithreadedTaskDispatcher with 16 workers.
 -> (artifact id: 'ba558e53d16237fc461425a1a73df6f5') in 0.016863 seconds
Number of updated asset objects reloaded before import = 0
Number of asset objects unloaded after import = 5
========================================================================
Received Import Request.
  Time since last request: 0.000029 seconds.
  path: Assets/ModernSupermarket/Models/Props/Produce/Clementine_7okhg9/Textures/Clementine_7okhg9_a.png
  artifactKey: Guid(8437cd136756cc2469373dcce847240d) Importer(2089858483,0ecaa5967403d082aa24f35e1b516d23)
Start importing Assets/ModernSupermarket/Models/Props/Produce/Clementine_7okhg9/Textures/Clementine_7okhg9_a.png using Guid(8437cd136756cc2469373dcce847240d) Importer(2089858483,0ecaa5967403d082aa24f35e1b516d23) [PhysX] Initialized MultithreadedTaskDispatcher with 16 workers.
 -> (artifact id: '418970a0f77fe7704ecefe5885b38e65') in 0.018484 seconds
Number of updated asset objects reloaded before import = 0
Number of asset objects unloaded after import = 1
========================================================================
Received Import Request.
  Time since last request: 0.000022 seconds.
  path: Assets/ModernSupermarket/Models/Props/Produce/Carrot_i2roww/Textures/Carrot_i2roww_n.png
  artifactKey: Guid(4ad2c5a99bdde8047b09537cccd4197a) Importer(2089858483,0ecaa5967403d082aa24f35e1b516d23)
Start importing Assets/ModernSupermarket/Models/Props/Produce/Carrot_i2roww/Textures/Carrot_i2roww_n.png using Guid(4ad2c5a99bdde8047b09537cccd4197a) Importer(2089858483,0ecaa5967403d082aa24f35e1b516d23) [PhysX] Initialized MultithreadedTaskDispatcher with 16 workers.
 -> (artifact id: '890c22de339c4dcad6013ad7063e4a14') in 0.016821 seconds
Number of updated asset objects reloaded before import = 0
Number of asset objects unloaded after import = 1
========================================================================
Received Import Request.
  Time since last request: 0.000019 seconds.
  path: Assets/ModernSupermarket/Models/Props/Products/Teabox_l5w9ll/Teabox_l5w9ll_Pack01.fbx
  artifactKey: Guid(c7082310269835c45b1f1d3705badbe8) Importer(2089858483,0ecaa5967403d082aa24f35e1b516d23)
Start importing Assets/ModernSupermarket/Models/Props/Products/Teabox_l5w9ll/Teabox_l5w9ll_Pack01.fbx using Guid(c7082310269835c45b1f1d3705badbe8) Importer(2089858483,0ecaa5967403d082aa24f35e1b516d23) [PhysX] Initialized MultithreadedTaskDispatcher with 16 workers.
 -> (artifact id: '90b6cd68074d678b7e59d29222a4d18b') in 0.017573 seconds
Number of updated asset objects reloaded before import = 0
Number of asset objects unloaded after import = 7
========================================================================
Received Import Request.
  Time since last request: 0.000023 seconds.
  path: Assets/ModernSupermarket/Models/Props/Products/Alcohol_ao62w4/Textures/Alcool_ao62w4_a.png
  artifactKey: Guid(f30b2a4c806593244a2922ed15a491e2) Importer(2089858483,0ecaa5967403d082aa24f35e1b516d23)
Start importing Assets/ModernSupermarket/Models/Props/Products/Alcohol_ao62w4/Textures/Alcool_ao62w4_a.png using Guid(f30b2a4c806593244a2922ed15a491e2) Importer(2089858483,0ecaa5967403d082aa24f35e1b516d23) [PhysX] Initialized MultithreadedTaskDispatcher with 16 workers.
 -> (artifact id: '745ae0a14d70066df8fbec686f03d223') in 0.020338 seconds
Number of updated asset objects reloaded before import = 0
Number of asset objects unloaded after import = 1
========================================================================
Received Import Request.
  Time since last request: 0.000040 seconds.
  path: Assets/ModernSupermarket/Models/Props/Products/BeerKeg_byk96e/Textures/BeerKeg_byk96e_Var02_a.png
  artifactKey: Guid(a10c624b2a29f73498f171aa8ecc52c0) Importer(2089858483,0ecaa5967403d082aa24f35e1b516d23)
Start importing Assets/ModernSupermarket/Models/Props/Products/BeerKeg_byk96e/Textures/BeerKeg_byk96e_Var02_a.png using Guid(a10c624b2a29f73498f171aa8ecc52c0) Importer(2089858483,0ecaa5967403d082aa24f35e1b516d23) [PhysX] Initialized MultithreadedTaskDispatcher with 16 workers.
 -> (artifact id: 'dd5865948817f0dcb92b70893edb9174') in 0.016039 seconds
Number of updated asset objects reloaded before import = 0
Number of asset objects unloaded after import = 1
========================================================================
Received Import Request.
  Time since last request: 0.000025 seconds.
  path: Assets/ModernSupermarket/Models/Props/Products/SlicedBread_tp7aom/SlicedBread_tp7aom.fbx
  artifactKey: Guid(49ac507c3d5aeae42b3ed61f814278f7) Importer(2089858483,0ecaa5967403d082aa24f35e1b516d23)
Start importing Assets/ModernSupermarket/Models/Props/Products/SlicedBread_tp7aom/SlicedBread_tp7aom.fbx using Guid(49ac507c3d5aeae42b3ed61f814278f7) Importer(2089858483,0ecaa5967403d082aa24f35e1b516d23) [PhysX] Initialized MultithreadedTaskDispatcher with 16 workers.
 -> (artifact id: 'e614a0b0c391113b13f8b7cc3b4a639d') in 0.018986 seconds
Number of updated asset objects reloaded before import = 0
Number of asset objects unloaded after import = 7
========================================================================
Received Import Request.
  Time since last request: 0.000030 seconds.
  path: Assets/ModernSupermarket/Models/Props/Products/Sugar_o0f6pn/Sugar_o0f6pn.fbx
  artifactKey: Guid(a7ea8752612a1ab4a901083757fa977a) Importer(2089858483,0ecaa5967403d082aa24f35e1b516d23)
Start importing Assets/ModernSupermarket/Models/Props/Products/Sugar_o0f6pn/Sugar_o0f6pn.fbx using Guid(a7ea8752612a1ab4a901083757fa977a) Importer(2089858483,0ecaa5967403d082aa24f35e1b516d23) [PhysX] Initialized MultithreadedTaskDispatcher with 16 workers.
 -> (artifact id: 'f9006ae5e9fd0f9958372f2d1521f469') in 0.021993 seconds
Number of updated asset objects reloaded before import = 0
Number of asset objects unloaded after import = 7
========================================================================
Received Import Request.
  Time since last request: 0.000026 seconds.
  path: Assets/ModernSupermarket/Models/Props/Produce/Tomato_u9ceyc/Textures/Tomato_u9ceyc_o.png
  artifactKey: Guid(c1ddc1a718626de4fbd1272cac857782) Importer(2089858483,0ecaa5967403d082aa24f35e1b516d23)
Start importing Assets/ModernSupermarket/Models/Props/Produce/Tomato_u9ceyc/Textures/Tomato_u9ceyc_o.png using Guid(c1ddc1a718626de4fbd1272cac857782) Importer(2089858483,0ecaa5967403d082aa24f35e1b516d23) [PhysX] Initialized MultithreadedTaskDispatcher with 16 workers.
 -> (artifact id: '4f5fd70c832699e61cf8dd88ab9caea6') in 0.020202 seconds
Number of updated asset objects reloaded before import = 0
Number of asset objects unloaded after import = 1
========================================================================
Received Import Request.
  Time since last request: 0.000019 seconds.
  path: Assets/ModernSupermarket/Models/Furniture/Freezer_9olxw5/Textures/Materials/Freezer_9olxw5.mat
  artifactKey: Guid(32ef1c30e31af5446b9109e7a4cdc727) Importer(2089858483,0ecaa5967403d082aa24f35e1b516d23)
Start importing Assets/ModernSupermarket/Models/Furniture/Freezer_9olxw5/Textures/Materials/Freezer_9olxw5.mat using Guid(32ef1c30e31af5446b9109e7a4cdc727) Importer(2089858483,0ecaa5967403d082aa24f35e1b516d23) [PhysX] Initialized MultithreadedTaskDispatcher with 16 workers.
 -> (artifact id: 'cbe48214daac8880eae6155ce7645218') in 0.022842 seconds
Number of updated asset objects reloaded before import = 0
Number of asset objects unloaded after import = 5
========================================================================
Received Import Request.
  Time since last request: 0.000021 seconds.
  path: Assets/ModernSupermarket/Models/Furniture/Door_1jcm5g/Textures/Materials/Door_1jcm5g_a.mat
  artifactKey: Guid(a8be50d49f7bfe843a08a92604c190f8) Importer(2089858483,0ecaa5967403d082aa24f35e1b516d23)
Start importing Assets/ModernSupermarket/Models/Furniture/Door_1jcm5g/Textures/Materials/Door_1jcm5g_a.mat using Guid(a8be50d49f7bfe843a08a92604c190f8) Importer(2089858483,0ecaa5967403d082aa24f35e1b516d23) [PhysX] Initialized MultithreadedTaskDispatcher with 16 workers.
 -> (artifact id: '9cbcefdfcbd1c82ea9b0c3b8d49b8ebf') in 0.021728 seconds
Number of updated asset objects reloaded before import = 0
Number of asset objects unloaded after import = 5
========================================================================
Received Import Request.
  Time since last request: 0.000018 seconds.
  path: Assets/ModernSupermarket/Models/Props/Products/YoghurtPack_kjd150/YoghurtPack_rk7lsf_Pack01.fbx
  artifactKey: Guid(aa8c2d6a1b7eb1b40b1bb96d4889f0a6) Importer(2089858483,0ecaa5967403d082aa24f35e1b516d23)
Start importing Assets/ModernSupermarket/Models/Props/Products/YoghurtPack_kjd150/YoghurtPack_rk7lsf_Pack01.fbx using Guid(aa8c2d6a1b7eb1b40b1bb96d4889f0a6) Importer(2089858483,0ecaa5967403d082aa24f35e1b516d23) [PhysX] Initialized MultithreadedTaskDispatcher with 16 workers.
 -> (artifact id: '4d0a5c66baea846d4fb55a23d30e423c') in 0.024201 seconds
Number of updated asset objects reloaded before import = 0
Number of asset objects unloaded after import = 7
========================================================================
Received Import Request.
  Time since last request: 0.000019 seconds.
  path: Assets/ModernSupermarket/Models/Props/Products/WhippedCream_wm5t5v/WhippedCream_wm5t5v_Pack01.fbx
  artifactKey: Guid(2a5fe9b9a2a7d89409e3c4311650c90a) Importer(2089858483,0ecaa5967403d082aa24f35e1b516d23)
Start importing Assets/ModernSupermarket/Models/Props/Products/WhippedCream_wm5t5v/WhippedCream_wm5t5v_Pack01.fbx using Guid(2a5fe9b9a2a7d89409e3c4311650c90a) Importer(2089858483,0ecaa5967403d082aa24f35e1b516d23) [PhysX] Initialized MultithreadedTaskDispatcher with 16 workers.
 -> (artifact id: 'ab56526ba8320440cfdc4398a0c58999') in 0.019649 seconds
Number of updated asset objects reloaded before import = 0
Number of asset objects unloaded after import = 7
========================================================================
Received Import Request.
  Time since last request: 0.000021 seconds.
  path: Assets/ModernSupermarket/Models/Props/Products/BeerKeg_byk96e/Textures/BeerKeg_byk96e_o.png
  artifactKey: Guid(3e28bc96635bf55498d3bf434bb07cbd) Importer(2089858483,0ecaa5967403d082aa24f35e1b516d23)
Start importing Assets/ModernSupermarket/Models/Props/Products/BeerKeg_byk96e/Textures/BeerKeg_byk96e_o.png using Guid(3e28bc96635bf55498d3bf434bb07cbd) Importer(2089858483,0ecaa5967403d082aa24f35e1b516d23) [PhysX] Initialized MultithreadedTaskDispatcher with 16 workers.
 -> (artifact id: 'cfa0608a7b27b1c87d1dd0690d40719b') in 0.018077 seconds
Number of updated asset objects reloaded before import = 0
Number of asset objects unloaded after import = 1
========================================================================
Received Import Request.
  Time since last request: 0.000051 seconds.
  path: Assets/ModernSupermarket/Models/Props/Products/Sugar_prsmvy/Sugar_prsmvy.fbx
  artifactKey: Guid(c6caf597be613e645aa3e39b0f8b860d) Importer(2089858483,0ecaa5967403d082aa24f35e1b516d23)
Start importing Assets/ModernSupermarket/Models/Props/Products/Sugar_prsmvy/Sugar_prsmvy.fbx using Guid(c6caf597be613e645aa3e39b0f8b860d) Importer(2089858483,0ecaa5967403d082aa24f35e1b516d23) [PhysX] Initialized MultithreadedTaskDispatcher with 16 workers.
 -> (artifact id: '8cd591ff318cfa69ae42290e1715c9cf') in 0.020410 seconds
Number of updated asset objects reloaded before import = 0
Number of asset objects unloaded after import = 7
========================================================================
Received Import Request.
  Time since last request: 0.000027 seconds.
  path: Assets/ModernSupermarket/Models/Props/Utility/Crate_omgea6/Crate_omgea6.fbx
  artifactKey: Guid(873a8cb3908dc364285092e516b1c806) Importer(2089858483,0ecaa5967403d082aa24f35e1b516d23)
Start importing Assets/ModernSupermarket/Models/Props/Utility/Crate_omgea6/Crate_omgea6.fbx using Guid(873a8cb3908dc364285092e516b1c806) Importer(2089858483,0ecaa5967403d082aa24f35e1b516d23) [PhysX] Initialized MultithreadedTaskDispatcher with 16 workers.
 -> (artifact id: '26b384f9b2c414fc4be9364b586a11b2') in 0.030340 seconds
Number of updated asset objects reloaded before import = 0
Number of asset objects unloaded after import = 19
========================================================================
Received Import Request.
  Time since last request: 0.000028 seconds.
  path: Assets/ModernSupermarket/Models/Props/Produce/Tomato_u9ceyc/Textures/Tomato_u9ceyc_m.png
  artifactKey: Guid(f456b6423b8a93c45b436b69fb4e0539) Importer(2089858483,0ecaa5967403d082aa24f35e1b516d23)
Start importing Assets/ModernSupermarket/Models/Props/Produce/Tomato_u9ceyc/Textures/Tomato_u9ceyc_m.png using Guid(f456b6423b8a93c45b436b69fb4e0539) Importer(2089858483,0ecaa5967403d082aa24f35e1b516d23) [PhysX] Initialized MultithreadedTaskDispatcher with 16 workers.
 -> (artifact id: '0e68f41c99e00bade39f97bacf3ed4d4') in 0.017462 seconds
Number of updated asset objects reloaded before import = 0
Number of asset objects unloaded after import = 1
========================================================================
Received Import Request.
  Time since last request: 0.000029 seconds.
  path: Assets/ModernSupermarket/Models/Furniture/Sign_04h2fw/Textures/Materials/Sign_04h2fw_Dairy.mat
  artifactKey: Guid(67610a4fbe9788a4d9cd7d8d466f5362) Importer(2089858483,0ecaa5967403d082aa24f35e1b516d23)
Start importing Assets/ModernSupermarket/Models/Furniture/Sign_04h2fw/Textures/Materials/Sign_04h2fw_Dairy.mat using Guid(67610a4fbe9788a4d9cd7d8d466f5362) Importer(2089858483,0ecaa5967403d082aa24f35e1b516d23) [PhysX] Initialized MultithreadedTaskDispatcher with 16 workers.
 -> (artifact id: '6af4a139d9d3b3ffd33b0a6a7f2bc5c1') in 0.020816 seconds
Number of updated asset objects reloaded before import = 0
Number of asset objects unloaded after import = 5
========================================================================
Received Import Request.
  Time since last request: 0.000018 seconds.
  path: Assets/ModernSupermarket/Models/Props/Produce/Banana_zjs4oz/Textures/Banana_zjs4oz_n.png
  artifactKey: Guid(f6b960e58f4689147aaebd0b077e6ba6) Importer(2089858483,0ecaa5967403d082aa24f35e1b516d23)
Start importing Assets/ModernSupermarket/Models/Props/Produce/Banana_zjs4oz/Textures/Banana_zjs4oz_n.png using Guid(f6b960e58f4689147aaebd0b077e6ba6) Importer(2089858483,0ecaa5967403d082aa24f35e1b516d23) [PhysX] Initialized MultithreadedTaskDispatcher with 16 workers.
 -> (artifact id: 'e073f7f322404b8f17228fa09e229bdb') in 0.019106 seconds
Number of updated asset objects reloaded before import = 0
Number of asset objects unloaded after import = 1
========================================================================
Received Import Request.
  Time since last request: 0.000030 seconds.
  path: Assets/ModernSupermarket/Models/Props/Produce/Apple_yf18nm/Textures/Apple_yf18nm_n.png
  artifactKey: Guid(17ba10d94d31f63479d0c8f225cfb366) Importer(2089858483,0ecaa5967403d082aa24f35e1b516d23)
Start importing Assets/ModernSupermarket/Models/Props/Produce/Apple_yf18nm/Textures/Apple_yf18nm_n.png using Guid(17ba10d94d31f63479d0c8f225cfb366) Importer(2089858483,0ecaa5967403d082aa24f35e1b516d23) [PhysX] Initialized MultithreadedTaskDispatcher with 16 workers.
 -> (artifact id: '3a94fdc4e0f42b847343efbdb1e2325b') in 0.017466 seconds
Number of updated asset objects reloaded before import = 0
Number of asset objects unloaded after import = 1
========================================================================
Received Import Request.
  Time since last request: 0.000017 seconds.
  path: Assets/ModernSupermarket/Models/Props/Products/Soda_f6b9gw/Soda_f6b9gw_Pack01.fbx
  artifactKey: Guid(eca399c5d34cb2f4b8ef752766c884de) Importer(2089858483,0ecaa5967403d082aa24f35e1b516d23)
Start importing Assets/ModernSupermarket/Models/Props/Products/Soda_f6b9gw/Soda_f6b9gw_Pack01.fbx using Guid(eca399c5d34cb2f4b8ef752766c884de) Importer(2089858483,0ecaa5967403d082aa24f35e1b516d23) [PhysX] Initialized MultithreadedTaskDispatcher with 16 workers.
 -> (artifact id: '368ee1d0209f1d95ccf59cfbc0913817') in 0.018355 seconds
Number of updated asset objects reloaded before import = 0
Number of asset objects unloaded after import = 7
========================================================================
Received Import Request.
  Time since last request: 0.000020 seconds.
  path: Assets/ModernSupermarket/Models/Props/Produce/Grapefruit_mrfrpw/Textures/Grapefruit_mrfrpw_a.png
  artifactKey: Guid(e5c4bb0dfbc43444c81acd7e36441dda) Importer(2089858483,0ecaa5967403d082aa24f35e1b516d23)
Start importing Assets/ModernSupermarket/Models/Props/Produce/Grapefruit_mrfrpw/Textures/Grapefruit_mrfrpw_a.png using Guid(e5c4bb0dfbc43444c81acd7e36441dda) Importer(2089858483,0ecaa5967403d082aa24f35e1b516d23) [PhysX] Initialized MultithreadedTaskDispatcher with 16 workers.
 -> (artifact id: '4cab8829729d1ba6783b099c98b4e3f6') in 0.013891 seconds
Number of updated asset objects reloaded before import = 0
Number of asset objects unloaded after import = 1
========================================================================
Received Import Request.
  Time since last request: 0.000018 seconds.
  path: Assets/ModernSupermarket/Models/Props/Produce/ChilliPepper_w388hm/Textures/ChilliPeppers_w388hm_o.png
  artifactKey: Guid(e5828fba0cede9a4cbe2c0e8155ffafe) Importer(2089858483,0ecaa5967403d082aa24f35e1b516d23)
Start importing Assets/ModernSupermarket/Models/Props/Produce/ChilliPepper_w388hm/Textures/ChilliPeppers_w388hm_o.png using Guid(e5828fba0cede9a4cbe2c0e8155ffafe) Importer(2089858483,0ecaa5967403d082aa24f35e1b516d23) [PhysX] Initialized MultithreadedTaskDispatcher with 16 workers.
 -> (artifact id: 'a294242a316674307d449a2d8475b7b6') in 0.021160 seconds
Number of updated asset objects reloaded before import = 0
Number of asset objects unloaded after import = 1
========================================================================
Received Import Request.
  Time since last request: 0.000023 seconds.
  path: Assets/ModernSupermarket/Models/Props/Products/Salt_9we170/Salt_9we170.fbx
  artifactKey: Guid(89cb8f0e794b91244a12880d41fadaa6) Importer(2089858483,0ecaa5967403d082aa24f35e1b516d23)
Start importing Assets/ModernSupermarket/Models/Props/Products/Salt_9we170/Salt_9we170.fbx using Guid(89cb8f0e794b91244a12880d41fadaa6) Importer(2089858483,0ecaa5967403d082aa24f35e1b516d23) [PhysX] Initialized MultithreadedTaskDispatcher with 16 workers.
 -> (artifact id: 'fa67fac9d80008bb92628a8af89ea958') in 0.019256 seconds
Number of updated asset objects reloaded before import = 0
Number of asset objects unloaded after import = 8
========================================================================
Received Import Request.
  Time since last request: 0.000020 seconds.
  path: Assets/ModernSupermarket/Models/Props/Products/Alcohol_ao62w4/Textures/Alcool_ao62w4_o_Var01.png
  artifactKey: Guid(94e078b4b0ef16646bdf4c957ed01d8e) Importer(2089858483,0ecaa5967403d082aa24f35e1b516d23)
Start importing Assets/ModernSupermarket/Models/Props/Products/Alcohol_ao62w4/Textures/Alcool_ao62w4_o_Var01.png using Guid(94e078b4b0ef16646bdf4c957ed01d8e) Importer(2089858483,0ecaa5967403d082aa24f35e1b516d23) [PhysX] Initialized MultithreadedTaskDispatcher with 16 workers.
 -> (artifact id: 'bf4eeca8795cc71501af6128e3b32280') in 0.019807 seconds
Number of updated asset objects reloaded before import = 0
Number of asset objects unloaded after import = 1
========================================================================
Received Import Request.
  Time since last request: 0.000031 seconds.
  path: Assets/ModernSupermarket/Models/Props/Produce/Pineapple_c1vx80/Textures/Pineapple_c1vx80_n.png
  artifactKey: Guid(14c9242f0043b84418d3a862445db171) Importer(2089858483,0ecaa5967403d082aa24f35e1b516d23)
Start importing Assets/ModernSupermarket/Models/Props/Produce/Pineapple_c1vx80/Textures/Pineapple_c1vx80_n.png using Guid(14c9242f0043b84418d3a862445db171) Importer(2089858483,0ecaa5967403d082aa24f35e1b516d23) [PhysX] Initialized MultithreadedTaskDispatcher with 16 workers.
 -> (artifact id: 'ee11fa8ac73e70273cd6b4070ef4494f') in 0.019272 seconds
Number of updated asset objects reloaded before import = 0
Number of asset objects unloaded after import = 1
========================================================================
Received Import Request.
  Time since last request: 0.000050 seconds.
  path: Assets/ModernSupermarket/Models/Furniture/Fridge_f13xen/Textures/Materials/Fridge_f13xen_Glass.mat
  artifactKey: Guid(79e9c16500e3f2740b02daebf00d8ac9) Importer(2089858483,0ecaa5967403d082aa24f35e1b516d23)
Start importing Assets/ModernSupermarket/Models/Furniture/Fridge_f13xen/Textures/Materials/Fridge_f13xen_Glass.mat using Guid(79e9c16500e3f2740b02daebf00d8ac9) Importer(2089858483,0ecaa5967403d082aa24f35e1b516d23) [PhysX] Initialized MultithreadedTaskDispatcher with 16 workers.
 -> (artifact id: 'd68c4779bcf7cc82b473efc1a0a35eee') in 0.020801 seconds
Number of updated asset objects reloaded before import = 0
Number of asset objects unloaded after import = 5
========================================================================
Received Import Request.
  Time since last request: 0.000027 seconds.
  path: Assets/ModernSupermarket/Models/Props/Products/Bag_s45li3/Textures/Bag_s45li3_m.png
  artifactKey: Guid(08e39400c41e4e745956d0ab2c5b49a4) Importer(2089858483,0ecaa5967403d082aa24f35e1b516d23)
Start importing Assets/ModernSupermarket/Models/Props/Products/Bag_s45li3/Textures/Bag_s45li3_m.png using Guid(08e39400c41e4e745956d0ab2c5b49a4) Importer(2089858483,0ecaa5967403d082aa24f35e1b516d23) [PhysX] Initialized MultithreadedTaskDispatcher with 16 workers.
 -> (artifact id: '6efdea0afe3f6788ee75e0bf31cc9e0c') in 0.017003 seconds
Number of updated asset objects reloaded before import = 0
Number of asset objects unloaded after import = 1
========================================================================
Received Import Request.
  Time since last request: 0.000025 seconds.
  path: Assets/ModernSupermarket/Models/Props/Products/Teabox_fhe54d/Teabox_fhe54d.fbx
  artifactKey: Guid(0150ef2823a50954b9ab8601bb2869d7) Importer(2089858483,0ecaa5967403d082aa24f35e1b516d23)
Start importing Assets/ModernSupermarket/Models/Props/Products/Teabox_fhe54d/Teabox_fhe54d.fbx using Guid(0150ef2823a50954b9ab8601bb2869d7) Importer(2089858483,0ecaa5967403d082aa24f35e1b516d23) [PhysX] Initialized MultithreadedTaskDispatcher with 16 workers.
 -> (artifact id: '2e64792623b013ee5ca9ac641b09ac1b') in 0.019964 seconds
Number of updated asset objects reloaded before import = 0
Number of asset objects unloaded after import = 7
========================================================================
Received Import Request.
  Time since last request: 0.000030 seconds.
  path: Assets/ModernSupermarket/Models/Props/Products/Alcohol_ao62w4/Textures/Alcool_ao62w4_m.png
  artifactKey: Guid(63f9d819e8b7b4f469c31dff6fc6ddc0) Importer(2089858483,0ecaa5967403d082aa24f35e1b516d23)
Start importing Assets/ModernSupermarket/Models/Props/Products/Alcohol_ao62w4/Textures/Alcool_ao62w4_m.png using Guid(63f9d819e8b7b4f469c31dff6fc6ddc0) Importer(2089858483,0ecaa5967403d082aa24f35e1b516d23) [PhysX] Initialized MultithreadedTaskDispatcher with 16 workers.
 -> (artifact id: 'c6fb62523a4f22b219c3b488e6af2bd4') in 0.018596 seconds
Number of updated asset objects reloaded before import = 0
Number of asset objects unloaded after import = 1
========================================================================
Received Import Request.
  Time since last request: 0.000024 seconds.
  path: Assets/ModernSupermarket/Models/Props/Utility/Basket_x5gi0j/Basket_x5gi0j.fbx
  artifactKey: Guid(fab92417d99526d49b9df3e4a8bfcd08) Importer(2089858483,0ecaa5967403d082aa24f35e1b516d23)
Start importing Assets/ModernSupermarket/Models/Props/Utility/Basket_x5gi0j/Basket_x5gi0j.fbx using Guid(fab92417d99526d49b9df3e4a8bfcd08) Importer(2089858483,0ecaa5967403d082aa24f35e1b516d23) [PhysX] Initialized MultithreadedTaskDispatcher with 16 workers.
 -> (artifact id: '89eb6dd227bc523f9d6f4c692b0e8b51') in 0.023703 seconds
Number of updated asset objects reloaded before import = 0
Number of asset objects unloaded after import = 14
========================================================================
Received Import Request.
  Time since last request: 0.000022 seconds.
  path: Assets/ModernSupermarket/Models/Props/Products/BeerKeg_byk96e/Textures/BeerKeg_byk96e_n.png
  artifactKey: Guid(c47d02d70acf97042b4a855b4b7ca178) Importer(2089858483,0ecaa5967403d082aa24f35e1b516d23)
Start importing Assets/ModernSupermarket/Models/Props/Products/BeerKeg_byk96e/Textures/BeerKeg_byk96e_n.png using Guid(c47d02d70acf97042b4a855b4b7ca178) Importer(2089858483,0ecaa5967403d082aa24f35e1b516d23) [PhysX] Initialized MultithreadedTaskDispatcher with 16 workers.
 -> (artifact id: '712224832556247897a33621e17c008d') in 0.018712 seconds
Number of updated asset objects reloaded before import = 0
Number of asset objects unloaded after import = 1
========================================================================
Received Import Request.
  Time since last request: 0.000023 seconds.
  path: Assets/ModernSupermarket/Models/Props/Produce/Artichoke_fdde0u/Textures/Artichoke_fdde0u_a.png
  artifactKey: Guid(592f0355769f1e342a4012e68ec3443b) Importer(2089858483,0ecaa5967403d082aa24f35e1b516d23)
Start importing Assets/ModernSupermarket/Models/Props/Produce/Artichoke_fdde0u/Textures/Artichoke_fdde0u_a.png using Guid(592f0355769f1e342a4012e68ec3443b) Importer(2089858483,0ecaa5967403d082aa24f35e1b516d23) [PhysX] Initialized MultithreadedTaskDispatcher with 16 workers.
 -> (artifact id: '8d2b30b3427b0083e5b907c7fb1a056d') in 0.019936 seconds
Number of updated asset objects reloaded before import = 0
Number of asset objects unloaded after import = 1
========================================================================
Received Import Request.
  Time since last request: 0.000030 seconds.
  path: Assets/SpeechSDK/Plugins/Android/libs/x86/libMicrosoft.CognitiveServices.Speech.core.so
  artifactKey: Guid(332059f8356e4cb47bbdfb208caf47c9) Importer(2089858483,0ecaa5967403d082aa24f35e1b516d23)
Start importing Assets/SpeechSDK/Plugins/Android/libs/x86/libMicrosoft.CognitiveServices.Speech.core.so using Guid(332059f8356e4cb47bbdfb208caf47c9) Importer(2089858483,0ecaa5967403d082aa24f35e1b516d23) [PhysX] Initialized MultithreadedTaskDispatcher with 16 workers.
 -> (artifact id: 'e98ed15d16f4b14065d90571d175c26f') in 0.015008 seconds
Number of updated asset objects reloaded before import = 0
Number of asset objects unloaded after import = 1
========================================================================
Received Import Request.
  Time since last request: 0.000017 seconds.
  path: Assets/ModernSupermarket/Models/Props/Products/Pepper_ybmiq9/Pepper_ybmiq9_Pack01.fbx
  artifactKey: Guid(1e03f7d68c2056b46a545685a82672da) Importer(2089858483,0ecaa5967403d082aa24f35e1b516d23)
Start importing Assets/ModernSupermarket/Models/Props/Products/Pepper_ybmiq9/Pepper_ybmiq9_Pack01.fbx using Guid(1e03f7d68c2056b46a545685a82672da) Importer(2089858483,0ecaa5967403d082aa24f35e1b516d23) [PhysX] Initialized MultithreadedTaskDispatcher with 16 workers.
 -> (artifact id: '8c21b0b03d34aa5ea3aaee90eb34de8b') in 0.019363 seconds
Number of updated asset objects reloaded before import = 0
Number of asset objects unloaded after import = 7
========================================================================
Received Import Request.
  Time since last request: 0.000020 seconds.
  path: Assets/ModernSupermarket/Models/Furniture/HeritageStall_0hvi4w/Textures/Materials/HeritageStall_0hvi4w.mat
  artifactKey: Guid(f590a352fd8f6a44a964e02159fb3d47) Importer(2089858483,0ecaa5967403d082aa24f35e1b516d23)
Start importing Assets/ModernSupermarket/Models/Furniture/HeritageStall_0hvi4w/Textures/Materials/HeritageStall_0hvi4w.mat using Guid(f590a352fd8f6a44a964e02159fb3d47) Importer(2089858483,0ecaa5967403d082aa24f35e1b516d23) [PhysX] Initialized MultithreadedTaskDispatcher with 16 workers.
 -> (artifact id: 'e57c533d6e610641794fb1f0386c2816') in 0.026774 seconds
Number of updated asset objects reloaded before import = 0
Number of asset objects unloaded after import = 5
========================================================================
Received Import Request.
  Time since last request: 0.000021 seconds.
  path: Assets/ModernSupermarket/Models/Props/Produce/Lemon_ahopes/Textures/Lemon_ahopes_m.png
  artifactKey: Guid(8de8858e5503e34479cc4927f4a2205d) Importer(2089858483,0ecaa5967403d082aa24f35e1b516d23)
Start importing Assets/ModernSupermarket/Models/Props/Produce/Lemon_ahopes/Textures/Lemon_ahopes_m.png using Guid(8de8858e5503e34479cc4927f4a2205d) Importer(2089858483,0ecaa5967403d082aa24f35e1b516d23) [PhysX] Initialized MultithreadedTaskDispatcher with 16 workers.
 -> (artifact id: 'e7d211d03b056e2db61b5f4511c92674') in 0.016905 seconds
Number of updated asset objects reloaded before import = 0
Number of asset objects unloaded after import = 1
========================================================================
Received Import Request.
  Time since last request: 0.000017 seconds.
  path: Assets/ModernSupermarket/Models/Props/Products/Rice_rewt3q/Rice_rewt3q_Pack01.fbx
  artifactKey: Guid(4217bf89994300248b5f5432b8a3a16c) Importer(2089858483,0ecaa5967403d082aa24f35e1b516d23)
Start importing Assets/ModernSupermarket/Models/Props/Products/Rice_rewt3q/Rice_rewt3q_Pack01.fbx using Guid(4217bf89994300248b5f5432b8a3a16c) Importer(2089858483,0ecaa5967403d082aa24f35e1b516d23) [PhysX] Initialized MultithreadedTaskDispatcher with 16 workers.
 -> (artifact id: 'f3fc257413628016d4fc6a663f25e5e3') in 0.019167 seconds
Number of updated asset objects reloaded before import = 0
Number of asset objects unloaded after import = 7
========================================================================
Received Import Request.
  Time since last request: 0.000028 seconds.
  path: Assets/ModernSupermarket/Models/Props/Products/Sushis_jtvduo/Sushis_jtvduo.fbx
  artifactKey: Guid(c60e3ae281347f84c97d4597f4bde99a) Importer(2089858483,0ecaa5967403d082aa24f35e1b516d23)
Start importing Assets/ModernSupermarket/Models/Props/Products/Sushis_jtvduo/Sushis_jtvduo.fbx using Guid(c60e3ae281347f84c97d4597f4bde99a) Importer(2089858483,0ecaa5967403d082aa24f35e1b516d23) [PhysX] Initialized MultithreadedTaskDispatcher with 16 workers.
 -> (artifact id: '74eeee83eb62b586fc61113baca08d97') in 0.019422 seconds
Number of updated asset objects reloaded before import = 0
Number of asset objects unloaded after import = 7
========================================================================
Received Import Request.
  Time since last request: 0.000023 seconds.
  path: Assets/ModernSupermarket/Models/Props/Products/Pizza_ehb1pe/Pizza_ehb1pe_Pack01.fbx
  artifactKey: Guid(d3997f2bc6909184eb33d628ce3e45cb) Importer(2089858483,0ecaa5967403d082aa24f35e1b516d23)
Start importing Assets/ModernSupermarket/Models/Props/Products/Pizza_ehb1pe/Pizza_ehb1pe_Pack01.fbx using Guid(d3997f2bc6909184eb33d628ce3e45cb) Importer(2089858483,0ecaa5967403d082aa24f35e1b516d23) [PhysX] Initialized MultithreadedTaskDispatcher with 16 workers.
 -> (artifact id: '8204dfbec3f5583a7f58fae33e15f7b2') in 0.017470 seconds
Number of updated asset objects reloaded before import = 0
Number of asset objects unloaded after import = 7
========================================================================
Received Import Request.
  Time since last request: 0.000026 seconds.
  path: Assets/ModernSupermarket/Models/Props/Produce/Mango_1xw10k/Textures/Mango_1xw10k_m.png
  artifactKey: Guid(45031e9ca605d8a49b40d72247a2fccd) Importer(2089858483,0ecaa5967403d082aa24f35e1b516d23)
Start importing Assets/ModernSupermarket/Models/Props/Produce/Mango_1xw10k/Textures/Mango_1xw10k_m.png using Guid(45031e9ca605d8a49b40d72247a2fccd) Importer(2089858483,0ecaa5967403d082aa24f35e1b516d23) [PhysX] Initialized MultithreadedTaskDispatcher with 16 workers.
 -> (artifact id: '7d05dd5514f784f79ec1144628299946') in 0.014140 seconds
Number of updated asset objects reloaded before import = 0
Number of asset objects unloaded after import = 1
========================================================================
Received Import Request.
  Time since last request: 0.000018 seconds.
  path: Assets/ModernSupermarket/Models/Props/Produce/Mushroom_43xvit/Textures/Mushroom_43xvit_o.png
  artifactKey: Guid(8dac688abc4a8724daf09e63fdc679b7) Importer(2089858483,0ecaa5967403d082aa24f35e1b516d23)
Start importing Assets/ModernSupermarket/Models/Props/Produce/Mushroom_43xvit/Textures/Mushroom_43xvit_o.png using Guid(8dac688abc4a8724daf09e63fdc679b7) Importer(2089858483,0ecaa5967403d082aa24f35e1b516d23) [PhysX] Initialized MultithreadedTaskDispatcher with 16 workers.
 -> (artifact id: '3d19c281c765f36a3b99864e1dd427c1') in 0.016421 seconds
Number of updated asset objects reloaded before import = 0
Number of asset objects unloaded after import = 1
========================================================================
Received Import Request.
  Time since last request: 0.000045 seconds.
  path: Assets/ModernSupermarket/Models/Props/Products/ToiletPaper_tunz3i/ToiletPaper_tunz3i_Pack01.fbx
  artifactKey: Guid(29f71a85e3aefb847b2935a5e324c52c) Importer(2089858483,0ecaa5967403d082aa24f35e1b516d23)
Start importing Assets/ModernSupermarket/Models/Props/Products/ToiletPaper_tunz3i/ToiletPaper_tunz3i_Pack01.fbx using Guid(29f71a85e3aefb847b2935a5e324c52c) Importer(2089858483,0ecaa5967403d082aa24f35e1b516d23) [PhysX] Initialized MultithreadedTaskDispatcher with 16 workers.
 -> (artifact id: 'e9ccb9717ad511df984335db0e9ba84e') in 0.016265 seconds
Number of updated asset objects reloaded before import = 0
Number of asset objects unloaded after import = 7
========================================================================
Received Import Request.
  Time since last request: 0.000025 seconds.
  path: Assets/ModernSupermarket/Models/Props/Products/YoghurtPack_kjd150/YoghurtPack_rk7lsf.fbx
  artifactKey: Guid(a5c1d427760efbb4b8e60412f6861e2a) Importer(2089858483,0ecaa5967403d082aa24f35e1b516d23)
Start importing Assets/ModernSupermarket/Models/Props/Products/YoghurtPack_kjd150/YoghurtPack_rk7lsf.fbx using Guid(a5c1d427760efbb4b8e60412f6861e2a) Importer(2089858483,0ecaa5967403d082aa24f35e1b516d23) [PhysX] Initialized MultithreadedTaskDispatcher with 16 workers.
 -> (artifact id: 'd4c98e1c27d06d6e1051d68bf8c5176a') in 0.017538 seconds
Number of updated asset objects reloaded before import = 0
Number of asset objects unloaded after import = 7
========================================================================
Received Import Request.
  Time since last request: 0.000018 seconds.
  path: Assets/ModernSupermarket/Models/Props/Products/Toothpaste_duqkf2/Toothpaste_duqkf2_Pack01.fbx
  artifactKey: Guid(d9e40fd4cf2e1fc4b90a7ff3144c1fe3) Importer(2089858483,0ecaa5967403d082aa24f35e1b516d23)
Start importing Assets/ModernSupermarket/Models/Props/Products/Toothpaste_duqkf2/Toothpaste_duqkf2_Pack01.fbx using Guid(d9e40fd4cf2e1fc4b90a7ff3144c1fe3) Importer(2089858483,0ecaa5967403d082aa24f35e1b516d23) [PhysX] Initialized MultithreadedTaskDispatcher with 16 workers.
 -> (artifact id: '5f16efd45fb6d9e56cc575cae558133f') in 0.025236 seconds
Number of updated asset objects reloaded before import = 0
Number of asset objects unloaded after import = 7
========================================================================
Received Import Request.
  Time since last request: 0.000031 seconds.
  path: Assets/Packages/System.ClientModel.1.4.2/analyzers/dotnet/cs/System.ClientModel.SourceGeneration.dll
  artifactKey: Guid(c5ff7435a63d64240a6011ac175b211d) Importer(2089858483,0ecaa5967403d082aa24f35e1b516d23)
Start importing Assets/Packages/System.ClientModel.1.4.2/analyzers/dotnet/cs/System.ClientModel.SourceGeneration.dll using Guid(c5ff7435a63d64240a6011ac175b211d) Importer(2089858483,0ecaa5967403d082aa24f35e1b516d23) [PhysX] Initialized MultithreadedTaskDispatcher with 16 workers.
 -> (artifact id: '181993bc5ed1d5729e7dc757de2afb82') in 0.014238 seconds
Number of updated asset objects reloaded before import = 0
Number of asset objects unloaded after import = 1
========================================================================
Received Import Request.
  Time since last request: 0.000020 seconds.
  path: Assets/ModernSupermarket/Models/Props/Products/Pepper_ybmiq9/Pepper_ybmiq9.fbx
  artifactKey: Guid(5684d8743cbff794ba41d8877290b4d8) Importer(2089858483,0ecaa5967403d082aa24f35e1b516d23)
Start importing Assets/ModernSupermarket/Models/Props/Products/Pepper_ybmiq9/Pepper_ybmiq9.fbx using Guid(5684d8743cbff794ba41d8877290b4d8) Importer(2089858483,0ecaa5967403d082aa24f35e1b516d23) [PhysX] Initialized MultithreadedTaskDispatcher with 16 workers.
 -> (artifact id: '33dd37dc4684bf5e612d3d4995a30495') in 0.021221 seconds
Number of updated asset objects reloaded before import = 0
Number of asset objects unloaded after import = 7
========================================================================
Received Import Request.
  Time since last request: 0.000024 seconds.
  path: Assets/ModernSupermarket/Models/Props/Products/Rooflight_9ecem1/Rooflight_9ecem1.fbx
  artifactKey: Guid(5a4a99a00a34eb841b8ae2ef52adc8cd) Importer(2089858483,0ecaa5967403d082aa24f35e1b516d23)
Start importing Assets/ModernSupermarket/Models/Props/Products/Rooflight_9ecem1/Rooflight_9ecem1.fbx using Guid(5a4a99a00a34eb841b8ae2ef52adc8cd) Importer(2089858483,0ecaa5967403d082aa24f35e1b516d23) [PhysX] Initialized MultithreadedTaskDispatcher with 16 workers.
 -> (artifact id: '537cea15f370c2379b67f4001e62ddd8') in 0.020708 seconds
Number of updated asset objects reloaded before import = 0
Number of asset objects unloaded after import = 16
========================================================================
Received Import Request.
  Time since last request: 0.000021 seconds.
  path: Assets/ModernSupermarket/Models/Props/Products/SlicedBread_6zus31/SlicedBread_6zus31.fbx
  artifactKey: Guid(94035fd5f18016349b1ffdc769c1de9c) Importer(2089858483,0ecaa5967403d082aa24f35e1b516d23)
Start importing Assets/ModernSupermarket/Models/Props/Products/SlicedBread_6zus31/SlicedBread_6zus31.fbx using Guid(94035fd5f18016349b1ffdc769c1de9c) Importer(2089858483,0ecaa5967403d082aa24f35e1b516d23) [PhysX] Initialized MultithreadedTaskDispatcher with 16 workers.
 -> (artifact id: 'b4930507da0f685e083cb02cd398fc8f') in 0.020521 seconds
Number of updated asset objects reloaded before import = 0
Number of asset objects unloaded after import = 7
========================================================================
Received Import Request.
  Time since last request: 0.000023 seconds.
  path: Assets/ModernSupermarket/Models/Props/Products/Shampoo_lvhjkn/Shampoo_lvhjkn.fbx
  artifactKey: Guid(355bcdb72f2ef654188d3991e3f415dd) Importer(2089858483,0ecaa5967403d082aa24f35e1b516d23)
Start importing Assets/ModernSupermarket/Models/Props/Products/Shampoo_lvhjkn/Shampoo_lvhjkn.fbx using Guid(355bcdb72f2ef654188d3991e3f415dd) Importer(2089858483,0ecaa5967403d082aa24f35e1b516d23) [PhysX] Initialized MultithreadedTaskDispatcher with 16 workers.
 -> (artifact id: 'b24e591f3823ed9db936c9c6e5f003dc') in 0.019323 seconds
Number of updated asset objects reloaded before import = 0
Number of asset objects unloaded after import = 7
========================================================================
Received Import Request.
  Time since last request: 0.000021 seconds.
  path: Assets/ModernSupermarket/Models/Props/Products/Sushis_r6r1w6/Sushis_r6r1w6_Pack01.fbx
  artifactKey: Guid(a1353b82246fb254e8f94848141c6fa7) Importer(2089858483,0ecaa5967403d082aa24f35e1b516d23)
Start importing Assets/ModernSupermarket/Models/Props/Products/Sushis_r6r1w6/Sushis_r6r1w6_Pack01.fbx using Guid(a1353b82246fb254e8f94848141c6fa7) Importer(2089858483,0ecaa5967403d082aa24f35e1b516d23) [PhysX] Initialized MultithreadedTaskDispatcher with 16 workers.
 -> (artifact id: '823638aa43cdd80955b9f9589cd8c23f') in 0.018135 seconds
Number of updated asset objects reloaded before import = 0
Number of asset objects unloaded after import = 7
========================================================================
Received Import Request.
  Time since last request: 0.000024 seconds.
  path: Assets/ModernSupermarket/Models/Props/Products/Soda_d7rdw9/Soda_d7rdw9_Pack02.fbx
  artifactKey: Guid(b7c0bbb49c014f34abedbe4741b18e89) Importer(2089858483,0ecaa5967403d082aa24f35e1b516d23)
Start importing Assets/ModernSupermarket/Models/Props/Products/Soda_d7rdw9/Soda_d7rdw9_Pack02.fbx using Guid(b7c0bbb49c014f34abedbe4741b18e89) Importer(2089858483,0ecaa5967403d082aa24f35e1b516d23) [PhysX] Initialized MultithreadedTaskDispatcher with 16 workers.
 -> (artifact id: '5f401b4020a0338ecbae4ec7bb510a1a') in 0.024109 seconds
Number of updated asset objects reloaded before import = 0
Number of asset objects unloaded after import = 7
========================================================================
Received Import Request.
  Time since last request: 0.000037 seconds.
  path: Assets/ModernSupermarket/Models/Furniture/Stall_6f5bo1/Textures/Materials/Stall_6f5bo1.mat
  artifactKey: Guid(4086003219c9ed348914f11c907659b2) Importer(2089858483,0ecaa5967403d082aa24f35e1b516d23)
Start importing Assets/ModernSupermarket/Models/Furniture/Stall_6f5bo1/Textures/Materials/Stall_6f5bo1.mat using Guid(4086003219c9ed348914f11c907659b2) Importer(2089858483,0ecaa5967403d082aa24f35e1b516d23) [PhysX] Initialized MultithreadedTaskDispatcher with 16 workers.
 -> (artifact id: 'f39cf16c33fce0720c5eb72cddaf3b5e') in 0.019793 seconds
Number of updated asset objects reloaded before import = 0
Number of asset objects unloaded after import = 5
========================================================================
Received Import Request.
  Time since last request: 0.000029 seconds.
  path: Assets/ModernSupermarket/Models/Props/Produce/Pineapple_c1vx80/Textures/Pineapple_c1vx80_a.png
  artifactKey: Guid(711f19111c2c0bc468bb2ca08bfe1b9d) Importer(2089858483,0ecaa5967403d082aa24f35e1b516d23)
Start importing Assets/ModernSupermarket/Models/Props/Produce/Pineapple_c1vx80/Textures/Pineapple_c1vx80_a.png using Guid(711f19111c2c0bc468bb2ca08bfe1b9d) Importer(2089858483,0ecaa5967403d082aa24f35e1b516d23) [PhysX] Initialized MultithreadedTaskDispatcher with 16 workers.
 -> (artifact id: 'a5ee2ff97e3b061ba102dafd69adf5e0') in 0.020313 seconds
Number of updated asset objects reloaded before import = 0
Number of asset objects unloaded after import = 1
========================================================================
Received Import Request.
  Time since last request: 0.000026 seconds.
  path: Assets/ModernSupermarket/Models/Props/Products/Alcohol_eoojba/Textures/Whisky_eoojba_n.png
  artifactKey: Guid(b2eb1a29961c8e244a9fb6bc3d885b94) Importer(2089858483,0ecaa5967403d082aa24f35e1b516d23)
Start importing Assets/ModernSupermarket/Models/Props/Products/Alcohol_eoojba/Textures/Whisky_eoojba_n.png using Guid(b2eb1a29961c8e244a9fb6bc3d885b94) Importer(2089858483,0ecaa5967403d082aa24f35e1b516d23) [PhysX] Initialized MultithreadedTaskDispatcher with 16 workers.
 -> (artifact id: 'c9f884576fdd414deccb7ee6ffb71239') in 0.024691 seconds
Number of updated asset objects reloaded before import = 0
Number of asset objects unloaded after import = 1
========================================================================
Received Import Request.
  Time since last request: 0.000028 seconds.
  path: Assets/ModernSupermarket/Models/Props/Utility/CashMachine_lazhgf/CashMachine_lazhgf.fbx
  artifactKey: Guid(8152faa5318be7b4ba386c08c82e0ba4) Importer(2089858483,0ecaa5967403d082aa24f35e1b516d23)
Start importing Assets/ModernSupermarket/Models/Props/Utility/CashMachine_lazhgf/CashMachine_lazhgf.fbx using Guid(8152faa5318be7b4ba386c08c82e0ba4) Importer(2089858483,0ecaa5967403d082aa24f35e1b516d23) [PhysX] Initialized MultithreadedTaskDispatcher with 16 workers.
 -> (artifact id: '65b103a5fbc9334692d3995ddf9e5967') in 0.016523 seconds
Number of updated asset objects reloaded before import = 0
Number of asset objects unloaded after import = 14
========================================================================
Received Import Request.
  Time since last request: 0.000022 seconds.
  path: Assets/ModernSupermarket/Models/Props/Produce/Onion_mut7xz/Textures/Onion_mut7xz_a.png
  artifactKey: Guid(47877d51004723d43ace105deeb794a8) Importer(2089858483,0ecaa5967403d082aa24f35e1b516d23)
Start importing Assets/ModernSupermarket/Models/Props/Produce/Onion_mut7xz/Textures/Onion_mut7xz_a.png using Guid(47877d51004723d43ace105deeb794a8) Importer(2089858483,0ecaa5967403d082aa24f35e1b516d23) [PhysX] Initialized MultithreadedTaskDispatcher with 16 workers.
 -> (artifact id: '010728b790b63a5f59f0e8ce70e8995e') in 0.019306 seconds
Number of updated asset objects reloaded before import = 0
Number of asset objects unloaded after import = 1
========================================================================
Received Import Request.
  Time since last request: 0.000020 seconds.
  path: Assets/SpeechSDK/Plugins/Android/libs/armeabi-v7a/libMicrosoft.CognitiveServices.Speech.extension.audio.sys.so
  artifactKey: Guid(c2805158c29b01e459cd7929eec432ed) Importer(2089858483,0ecaa5967403d082aa24f35e1b516d23)
Start importing Assets/SpeechSDK/Plugins/Android/libs/armeabi-v7a/libMicrosoft.CognitiveServices.Speech.extension.audio.sys.so using Guid(c2805158c29b01e459cd7929eec432ed) Importer(2089858483,0ecaa5967403d082aa24f35e1b516d23) [PhysX] Initialized MultithreadedTaskDispatcher with 16 workers.
 -> (artifact id: 'b03a5977c8f4c68f86322679562ef008') in 0.014238 seconds
Number of updated asset objects reloaded before import = 0
Number of asset objects unloaded after import = 1
========================================================================
Received Import Request.
  Time since last request: 0.000018 seconds.
  path: Assets/ModernSupermarket/Models/Props/Products/TinCan_60afsy/TinCan_60afsy_Pack03.fbx
  artifactKey: Guid(100082833e2b1484091704308832aec3) Importer(2089858483,0ecaa5967403d082aa24f35e1b516d23)
Start importing Assets/ModernSupermarket/Models/Props/Products/TinCan_60afsy/TinCan_60afsy_Pack03.fbx using Guid(100082833e2b1484091704308832aec3) Importer(2089858483,0ecaa5967403d082aa24f35e1b516d23) [PhysX] Initialized MultithreadedTaskDispatcher with 16 workers.
 -> (artifact id: 'cccf75ba2fc3b40298133a091e7509dd') in 0.015639 seconds
Number of updated asset objects reloaded before import = 0
Number of asset objects unloaded after import = 7
========================================================================
Received Import Request.
  Time since last request: 0.000023 seconds.
  path: Assets/ModernSupermarket/Models/Props/Produce/Clementine_7okhg9/Textures/Clementine_7okhg9_m.png
  artifactKey: Guid(e2cafb2d5e3d6e343a0120fa2b139e18) Importer(2089858483,0ecaa5967403d082aa24f35e1b516d23)
Start importing Assets/ModernSupermarket/Models/Props/Produce/Clementine_7okhg9/Textures/Clementine_7okhg9_m.png using Guid(e2cafb2d5e3d6e343a0120fa2b139e18) Importer(2089858483,0ecaa5967403d082aa24f35e1b516d23) [PhysX] Initialized MultithreadedTaskDispatcher with 16 workers.
 -> (artifact id: '1e2ce16e72ce4378f718a1466c3d93ac') in 0.018094 seconds
Number of updated asset objects reloaded before import = 0
Number of asset objects unloaded after import = 1
========================================================================
Received Import Request.
  Time since last request: 0.000022 seconds.
  path: Assets/ModernSupermarket/Models/Props/Produce/Artichoke_fdde0u/Textures/Artichoke_fdde0u_n.png
  artifactKey: Guid(b65ef3620a0a44043b5fa2265546ed8c) Importer(2089858483,0ecaa5967403d082aa24f35e1b516d23)
Start importing Assets/ModernSupermarket/Models/Props/Produce/Artichoke_fdde0u/Textures/Artichoke_fdde0u_n.png using Guid(b65ef3620a0a44043b5fa2265546ed8c) Importer(2089858483,0ecaa5967403d082aa24f35e1b516d23) [PhysX] Initialized MultithreadedTaskDispatcher with 16 workers.
 -> (artifact id: 'a04eeb12a11a984b47e5e83537d69b67') in 0.016254 seconds
Number of updated asset objects reloaded before import = 0
Number of asset objects unloaded after import = 1
========================================================================
Received Import Request.
  Time since last request: 0.000018 seconds.
  path: Assets/ModernSupermarket/Models/Props/Products/Rooflight_ll6qt0/RoofLight_ll6qt0.fbx
  artifactKey: Guid(10be883f9da539a43862e043717b8548) Importer(2089858483,0ecaa5967403d082aa24f35e1b516d23)
Start importing Assets/ModernSupermarket/Models/Props/Products/Rooflight_ll6qt0/RoofLight_ll6qt0.fbx using Guid(10be883f9da539a43862e043717b8548) Importer(2089858483,0ecaa5967403d082aa24f35e1b516d23) [PhysX] Initialized MultithreadedTaskDispatcher with 16 workers.
 -> (artifact id: 'ef3f48a6a592e96212696c8bedc196b2') in 0.022317 seconds
Number of updated asset objects reloaded before import = 0
Number of asset objects unloaded after import = 9
========================================================================
Received Import Request.
  Time since last request: 0.000033 seconds.
  path: Assets/ModernSupermarket/Models/Props/Products/Capsule_xrahaz/Textures/Capsule_xrahaz_m.png
  artifactKey: Guid(f87c5de918ed21543b6a463cede7eb23) Importer(2089858483,0ecaa5967403d082aa24f35e1b516d23)
Start importing Assets/ModernSupermarket/Models/Props/Products/Capsule_xrahaz/Textures/Capsule_xrahaz_m.png using Guid(f87c5de918ed21543b6a463cede7eb23) Importer(2089858483,0ecaa5967403d082aa24f35e1b516d23) [PhysX] Initialized MultithreadedTaskDispatcher with 16 workers.
 -> (artifact id: '7924f05e81076bab9730e84deb6a69f2') in 0.021686 seconds
Number of updated asset objects reloaded before import = 0
Number of asset objects unloaded after import = 1
========================================================================
Received Import Request.
  Time since last request: 0.000027 seconds.
  path: Assets/ModernSupermarket/Models/Props/Products/MeatTray_qm4z4l/Textures/MeatTray_qm4z4l_Meat_a.png
  artifactKey: Guid(3e3d2fe5b9498284a9cf810b2cba7a23) Importer(2089858483,0ecaa5967403d082aa24f35e1b516d23)
Start importing Assets/ModernSupermarket/Models/Props/Products/MeatTray_qm4z4l/Textures/MeatTray_qm4z4l_Meat_a.png using Guid(3e3d2fe5b9498284a9cf810b2cba7a23) Importer(2089858483,0ecaa5967403d082aa24f35e1b516d23) [PhysX] Initialized MultithreadedTaskDispatcher with 16 workers.
 -> (artifact id: 'bda56f82fecaf2c7f8ca07d5d6820f6d') in 0.018783 seconds
Number of updated asset objects reloaded before import = 0
Number of asset objects unloaded after import = 1
========================================================================
Received Import Request.
  Time since last request: 0.000030 seconds.
  path: Assets/ModernSupermarket/Models/Props/Products/Chips_w4tja8/Textures/Chips_w4tja8_n.png
  artifactKey: Guid(5024015c12daf0b4f85415544910ad74) Importer(2089858483,0ecaa5967403d082aa24f35e1b516d23)
Start importing Assets/ModernSupermarket/Models/Props/Products/Chips_w4tja8/Textures/Chips_w4tja8_n.png using Guid(5024015c12daf0b4f85415544910ad74) Importer(2089858483,0ecaa5967403d082aa24f35e1b516d23) [PhysX] Initialized MultithreadedTaskDispatcher with 16 workers.
 -> (artifact id: 'dad4f187ec18f60b39daf281883c856f') in 0.016088 seconds
Number of updated asset objects reloaded before import = 0
Number of asset objects unloaded after import = 1
========================================================================
Received Import Request.
  Time since last request: 0.000026 seconds.
  path: Assets/ModernSupermarket/Models/Props/Products/Cleanser_7dsib5/Textures/Cleanser_7dsib5_a.png
  artifactKey: Guid(e3f16214eba6f6846b90b1b08741e8ed) Importer(2089858483,0ecaa5967403d082aa24f35e1b516d23)
Start importing Assets/ModernSupermarket/Models/Props/Products/Cleanser_7dsib5/Textures/Cleanser_7dsib5_a.png using Guid(e3f16214eba6f6846b90b1b08741e8ed) Importer(2089858483,0ecaa5967403d082aa24f35e1b516d23) [PhysX] Initialized MultithreadedTaskDispatcher with 16 workers.
 -> (artifact id: 'c25fa165dd5dc2ac1336e4c6df056845') in 0.016332 seconds
Number of updated asset objects reloaded before import = 0
Number of asset objects unloaded after import = 1
========================================================================
Received Import Request.
  Time since last request: 0.000019 seconds.
  path: Assets/ModernSupermarket/Models/Props/Products/EggBox4x_nbzek2/Textures/EggBox4x_nbzek2_o.png
  artifactKey: Guid(0057f3b4207c1a54fa002fd9fca6dd38) Importer(2089858483,0ecaa5967403d082aa24f35e1b516d23)
Start importing Assets/ModernSupermarket/Models/Props/Products/EggBox4x_nbzek2/Textures/EggBox4x_nbzek2_o.png using Guid(0057f3b4207c1a54fa002fd9fca6dd38) Importer(2089858483,0ecaa5967403d082aa24f35e1b516d23) [PhysX] Initialized MultithreadedTaskDispatcher with 16 workers.
 -> (artifact id: '7fe7115394fcd87d1aaaf9cf8c99c41e') in 0.015856 seconds
Number of updated asset objects reloaded before import = 0
Number of asset objects unloaded after import = 1
========================================================================
Received Import Request.
  Time since last request: 0.000016 seconds.
  path: Assets/ModernSupermarket/Models/Props/Products/ChocolatePowder_yqoigt/Textures/ChocolatePowder_yqoigt_a.png
  artifactKey: Guid(9d2ca1215af02af429d471daac86545a) Importer(2089858483,0ecaa5967403d082aa24f35e1b516d23)
Start importing Assets/ModernSupermarket/Models/Props/Products/ChocolatePowder_yqoigt/Textures/ChocolatePowder_yqoigt_a.png using Guid(9d2ca1215af02af429d471daac86545a) Importer(2089858483,0ecaa5967403d082aa24f35e1b516d23) [PhysX] Initialized MultithreadedTaskDispatcher with 16 workers.
 -> (artifact id: '7fe38ddf4d048139713c27735a4de8e3') in 0.016183 seconds
Number of updated asset objects reloaded before import = 0
Number of asset objects unloaded after import = 1
========================================================================
Received Import Request.
  Time since last request: 0.000018 seconds.
  path: Assets/ModernSupermarket/Models/Props/Products/Bleach_c6nm2t/Textures/Can_Bleach_c6nm2t_n.png
  artifactKey: Guid(ef021c291c94fb140a39534a38705b0f) Importer(2089858483,0ecaa5967403d082aa24f35e1b516d23)
Start importing Assets/ModernSupermarket/Models/Props/Products/Bleach_c6nm2t/Textures/Can_Bleach_c6nm2t_n.png using Guid(ef021c291c94fb140a39534a38705b0f) Importer(2089858483,0ecaa5967403d082aa24f35e1b516d23) [PhysX] Initialized MultithreadedTaskDispatcher with 16 workers.
 -> (artifact id: '7dc1eed6a49f69e24178c0c12d448b76') in 0.016862 seconds
Number of updated asset objects reloaded before import = 0
Number of asset objects unloaded after import = 1
========================================================================
Received Import Request.
  Time since last request: 0.000018 seconds.
  path: Assets/ModernSupermarket/Models/Props/Products/Ham_wplnxm/Textures/Ham_wplnxm_Var02_o.png
  artifactKey: Guid(3aebc6d103928e448867a19ff9b0414e) Importer(2089858483,0ecaa5967403d082aa24f35e1b516d23)
Start importing Assets/ModernSupermarket/Models/Props/Products/Ham_wplnxm/Textures/Ham_wplnxm_Var02_o.png using Guid(3aebc6d103928e448867a19ff9b0414e) Importer(2089858483,0ecaa5967403d082aa24f35e1b516d23) [PhysX] Initialized MultithreadedTaskDispatcher with 16 workers.
 -> (artifact id: '260ab44f2ab778d1b2805ba00b5e1e46') in 0.014801 seconds
Number of updated asset objects reloaded before import = 0
Number of asset objects unloaded after import = 1
========================================================================
Received Import Request.
  Time since last request: 0.000017 seconds.
  path: Assets/ModernSupermarket/Models/Props/Products/Flour_ckgfmu/Textures/FlourPack_ckgfmu_Var02_a.png
  artifactKey: Guid(c9e094924c6f2664a9e8b9b6b1d9a8e4) Importer(2089858483,0ecaa5967403d082aa24f35e1b516d23)
Start importing Assets/ModernSupermarket/Models/Props/Products/Flour_ckgfmu/Textures/FlourPack_ckgfmu_Var02_a.png using Guid(c9e094924c6f2664a9e8b9b6b1d9a8e4) Importer(2089858483,0ecaa5967403d082aa24f35e1b516d23) [PhysX] Initialized MultithreadedTaskDispatcher with 16 workers.
 -> (artifact id: 'c070a7976ded20eac94ec453f6baf9f6') in 0.017458 seconds
Number of updated asset objects reloaded before import = 0
Number of asset objects unloaded after import = 1
========================================================================
Received Import Request.
  Time since last request: 0.000036 seconds.
  path: Assets/ModernSupermarket/Models/Props/Products/MilkBrick_e8foxc/Textures/MilkBrick_e8foxc_n.png
  artifactKey: Guid(97dce88422c7a6141b2f7b16f240935e) Importer(2089858483,0ecaa5967403d082aa24f35e1b516d23)
Start importing Assets/ModernSupermarket/Models/Props/Products/MilkBrick_e8foxc/Textures/MilkBrick_e8foxc_n.png using Guid(97dce88422c7a6141b2f7b16f240935e) Importer(2089858483,0ecaa5967403d082aa24f35e1b516d23) [PhysX] Initialized MultithreadedTaskDispatcher with 16 workers.
 -> (artifact id: 'db920f4276d3fcbd71ce27554125ad99') in 0.015331 seconds
Number of updated asset objects reloaded before import = 0
Number of asset objects unloaded after import = 1
========================================================================
Received Import Request.
  Time since last request: 0.000017 seconds.
  path: Assets/ModernSupermarket/Models/Props/Products/MilkBrick_e8foxc/Textures/MilkBrick_e8foxc_m.png
  artifactKey: Guid(f35b8a0d171450a429b83e7e706f94e3) Importer(2089858483,0ecaa5967403d082aa24f35e1b516d23)
Start importing Assets/ModernSupermarket/Models/Props/Products/MilkBrick_e8foxc/Textures/MilkBrick_e8foxc_m.png using Guid(f35b8a0d171450a429b83e7e706f94e3) Importer(2089858483,0ecaa5967403d082aa24f35e1b516d23) [PhysX] Initialized MultithreadedTaskDispatcher with 16 workers.
 -> (artifact id: '33b5b62d041d54bf034da79f60edbb90') in 0.014255 seconds
Number of updated asset objects reloaded before import = 0
Number of asset objects unloaded after import = 1
========================================================================
Received Import Request.
  Time since last request: 0.000019 seconds.
  path: Assets/ModernSupermarket/Models/Props/Products/Coffee_5uj6zk/Textures/Coffee_5uj6zk_Var01_a.png
  artifactKey: Guid(d6c2d9c0baabf8e4cb4de0b0c33cd32e) Importer(2089858483,0ecaa5967403d082aa24f35e1b516d23)
Start importing Assets/ModernSupermarket/Models/Props/Products/Coffee_5uj6zk/Textures/Coffee_5uj6zk_Var01_a.png using Guid(d6c2d9c0baabf8e4cb4de0b0c33cd32e) Importer(2089858483,0ecaa5967403d082aa24f35e1b516d23) [PhysX] Initialized MultithreadedTaskDispatcher with 16 workers.
 -> (artifact id: '6cea8638fdbcb04a9d788e5413ada233') in 0.015752 seconds
Number of updated asset objects reloaded before import = 0
Number of asset objects unloaded after import = 1
========================================================================
Received Import Request.
  Time since last request: 0.000029 seconds.
  path: Assets/ModernSupermarket/Models/Props/Products/Cheese_ipc281/Textures/Cheese_ipc281_o.png
  artifactKey: Guid(a27c2fc847cef834594d788e29a7bf63) Importer(2089858483,0ecaa5967403d082aa24f35e1b516d23)
Start importing Assets/ModernSupermarket/Models/Props/Products/Cheese_ipc281/Textures/Cheese_ipc281_o.png using Guid(a27c2fc847cef834594d788e29a7bf63) Importer(2089858483,0ecaa5967403d082aa24f35e1b516d23) [PhysX] Initialized MultithreadedTaskDispatcher with 16 workers.
 -> (artifact id: '71f627ebab33053d051324789455c41e') in 0.017106 seconds
Number of updated asset objects reloaded before import = 0
Number of asset objects unloaded after import = 1
========================================================================
Received Import Request.
  Time since last request: 0.000016 seconds.
  path: Assets/ModernSupermarket/Models/Props/Products/Flour_ckgfmu/Textures/FlourPack_ckgfmu_Var01_n.png
  artifactKey: Guid(c01410273f4a9bd49b7cbb9521d5fdd2) Importer(2089858483,0ecaa5967403d082aa24f35e1b516d23)
Start importing Assets/ModernSupermarket/Models/Props/Products/Flour_ckgfmu/Textures/FlourPack_ckgfmu_Var01_n.png using Guid(c01410273f4a9bd49b7cbb9521d5fdd2) Importer(2089858483,0ecaa5967403d082aa24f35e1b516d23) [PhysX] Initialized MultithreadedTaskDispatcher with 16 workers.
 -> (artifact id: '2c02cb6bec353dd2ccea91301086bf9c') in 0.016455 seconds
Number of updated asset objects reloaded before import = 0
Number of asset objects unloaded after import = 1
========================================================================
Received Import Request.
  Time since last request: 0.000017 seconds.
  path: Assets/ModernSupermarket/Models/Props/Products/Capsule_xrahaz/Textures/Capsule_xrahaz_o.png
  artifactKey: Guid(6ea471438a8168a479ca593e0466fff2) Importer(2089858483,0ecaa5967403d082aa24f35e1b516d23)
Start importing Assets/ModernSupermarket/Models/Props/Products/Capsule_xrahaz/Textures/Capsule_xrahaz_o.png using Guid(6ea471438a8168a479ca593e0466fff2) Importer(2089858483,0ecaa5967403d082aa24f35e1b516d23) [PhysX] Initialized MultithreadedTaskDispatcher with 16 workers.
 -> (artifact id: '70b45244ac973bf31acf085f993b83ba') in 0.015432 seconds
Number of updated asset objects reloaded before import = 0
Number of asset objects unloaded after import = 1
========================================================================
Received Import Request.
  Time since last request: 0.000023 seconds.
  path: Assets/ModernSupermarket/Models/Props/Products/Cream_jatl5h/Textures/Cream_jatl5h_o.png
  artifactKey: Guid(be195e64f5145bc45830afa9a90e4fca) Importer(2089858483,0ecaa5967403d082aa24f35e1b516d23)
Start importing Assets/ModernSupermarket/Models/Props/Products/Cream_jatl5h/Textures/Cream_jatl5h_o.png using Guid(be195e64f5145bc45830afa9a90e4fca) Importer(2089858483,0ecaa5967403d082aa24f35e1b516d23) [PhysX] Initialized MultithreadedTaskDispatcher with 16 workers.
 -> (artifact id: '5748872fee7a40e4572d35e853414ddb') in 0.016037 seconds
Number of updated asset objects reloaded before import = 0
Number of asset objects unloaded after import = 1
========================================================================
Received Import Request.
  Time since last request: 0.000029 seconds.
  path: Assets/ModernSupermarket/Models/Props/Products/Cleanser_7dsib5/Textures/Cleanser_7dsib5_m.png
  artifactKey: Guid(a9c090a3d52caa34c881f99b481dac6f) Importer(2089858483,0ecaa5967403d082aa24f35e1b516d23)
Start importing Assets/ModernSupermarket/Models/Props/Products/Cleanser_7dsib5/Textures/Cleanser_7dsib5_m.png using Guid(a9c090a3d52caa34c881f99b481dac6f) Importer(2089858483,0ecaa5967403d082aa24f35e1b516d23) [PhysX] Initialized MultithreadedTaskDispatcher with 16 workers.
 -> (artifact id: '7f37623ece94ac3d0ad9477f515d05d0') in 0.016411 seconds
Number of updated asset objects reloaded before import = 0
Number of asset objects unloaded after import = 1
========================================================================
Received Import Request.
  Time since last request: 0.000022 seconds.
  path: Assets/ModernSupermarket/Models/Props/Products/MeatTray_dbf1nh/Textures/MeatTray_fbw8xf_a.png
  artifactKey: Guid(33bbd82dc1a9261448dcbf43397d6338) Importer(2089858483,0ecaa5967403d082aa24f35e1b516d23)
Start importing Assets/ModernSupermarket/Models/Props/Products/MeatTray_dbf1nh/Textures/MeatTray_fbw8xf_a.png using Guid(33bbd82dc1a9261448dcbf43397d6338) Importer(2089858483,0ecaa5967403d082aa24f35e1b516d23) [PhysX] Initialized MultithreadedTaskDispatcher with 16 workers.
 -> (artifact id: '8cb44bcdc0f650c3300dd0cb3811d638') in 0.016218 seconds
Number of updated asset objects reloaded before import = 0
Number of asset objects unloaded after import = 1
========================================================================
Received Import Request.
  Time since last request: 0.000017 seconds.
  path: Assets/ModernSupermarket/Models/Props/Products/FrozenPack_t7wenh/Textures/FrozenPack_t7wenh_Var02_a.png
  artifactKey: Guid(157580dec11cad843a852bde5c05e558) Importer(2089858483,0ecaa5967403d082aa24f35e1b516d23)
Start importing Assets/ModernSupermarket/Models/Props/Products/FrozenPack_t7wenh/Textures/FrozenPack_t7wenh_Var02_a.png using Guid(157580dec11cad843a852bde5c05e558) Importer(2089858483,0ecaa5967403d082aa24f35e1b516d23) [PhysX] Initialized MultithreadedTaskDispatcher with 16 workers.
 -> (artifact id: '2ae7629077e0080bf82eb3f6bc9ac19d') in 0.016421 seconds
Number of updated asset objects reloaded before import = 0
Number of asset objects unloaded after import = 1
========================================================================
Received Import Request.
  Time since last request: 0.000022 seconds.
  path: Assets/ModernSupermarket/Models/Props/Products/JuiceBrick_6ljfy3/Textures/JuiceBrick_6ljfy3_Var01_a.png
  artifactKey: Guid(69d9fb97bbdf95b418a424f1dbba63a7) Importer(2089858483,0ecaa5967403d082aa24f35e1b516d23)
Start importing Assets/ModernSupermarket/Models/Props/Products/JuiceBrick_6ljfy3/Textures/JuiceBrick_6ljfy3_Var01_a.png using Guid(69d9fb97bbdf95b418a424f1dbba63a7) Importer(2089858483,0ecaa5967403d082aa24f35e1b516d23) [PhysX] Initialized MultithreadedTaskDispatcher with 16 workers.
 -> (artifact id: '797e240804bc8f4fe2fca67cbd342222') in 0.016602 seconds
Number of updated asset objects reloaded before import = 0
Number of asset objects unloaded after import = 1
========================================================================
Received Import Request.
  Time since last request: 0.000021 seconds.
  path: Assets/ModernSupermarket/Models/Props/Products/Ham_wplnxm/Textures/Ham_wplnxm_n.png
  artifactKey: Guid(2ea66d1d1deceee4197843d04077a757) Importer(2089858483,0ecaa5967403d082aa24f35e1b516d23)
Start importing Assets/ModernSupermarket/Models/Props/Products/Ham_wplnxm/Textures/Ham_wplnxm_n.png using Guid(2ea66d1d1deceee4197843d04077a757) Importer(2089858483,0ecaa5967403d082aa24f35e1b516d23) [PhysX] Initialized MultithreadedTaskDispatcher with 16 workers.
 -> (artifact id: '468cbda59c00cc5170d67a1a0c079fbd') in 0.021351 seconds
Number of updated asset objects reloaded before import = 0
Number of asset objects unloaded after import = 1
========================================================================
Received Import Request.
  Time since last request: 0.000023 seconds.
  path: Assets/ModernSupermarket/Models/Props/Products/MashPotatoe_3n44xc/Textures/MashPotatoe_3n44xc_o.png
  artifactKey: Guid(52824678c3f41ac47acc20f726a117a6) Importer(2089858483,0ecaa5967403d082aa24f35e1b516d23)
Start importing Assets/ModernSupermarket/Models/Props/Products/MashPotatoe_3n44xc/Textures/MashPotatoe_3n44xc_o.png using Guid(52824678c3f41ac47acc20f726a117a6) Importer(2089858483,0ecaa5967403d082aa24f35e1b516d23) [PhysX] Initialized MultithreadedTaskDispatcher with 16 workers.
 -> (artifact id: '112fc025ec439e0134564d9c91a0ba82') in 0.018145 seconds
Number of updated asset objects reloaded before import = 0
Number of asset objects unloaded after import = 1
========================================================================
Received Import Request.
  Time since last request: 0.000018 seconds.
  path: Assets/ModernSupermarket/Models/Props/Products/ChocolatePowder_yqoigt/Textures/ChocolatePowder_yqoigt_m.png
  artifactKey: Guid(c6d0cf987a6efaa4abb52e1520a8c98a) Importer(2089858483,0ecaa5967403d082aa24f35e1b516d23)
Start importing Assets/ModernSupermarket/Models/Props/Products/ChocolatePowder_yqoigt/Textures/ChocolatePowder_yqoigt_m.png using Guid(c6d0cf987a6efaa4abb52e1520a8c98a) Importer(2089858483,0ecaa5967403d082aa24f35e1b516d23) [PhysX] Initialized MultithreadedTaskDispatcher with 16 workers.
 -> (artifact id: 'f2475a608103a6fdc0ce669e3ce38936') in 0.017246 seconds
Number of updated asset objects reloaded before import = 0
Number of asset objects unloaded after import = 1
========================================================================
Received Import Request.
  Time since last request: 0.000023 seconds.
  path: Assets/ModernSupermarket/Models/Props/Products/MeatTray_fbw8xf/Textures/MeatTray_fbw8xf_a.png
  artifactKey: Guid(9e843e169e6b110468f072c3226c2166) Importer(2089858483,0ecaa5967403d082aa24f35e1b516d23)
Start importing Assets/ModernSupermarket/Models/Props/Products/MeatTray_fbw8xf/Textures/MeatTray_fbw8xf_a.png using Guid(9e843e169e6b110468f072c3226c2166) Importer(2089858483,0ecaa5967403d082aa24f35e1b516d23) [PhysX] Initialized MultithreadedTaskDispatcher with 16 workers.
 -> (artifact id: 'fd3c679f2f38f72f82df9c962ff4bd88') in 0.018426 seconds
Number of updated asset objects reloaded before import = 0
Number of asset objects unloaded after import = 1
========================================================================
Received Import Request.
  Time since last request: 0.000017 seconds.
  path: Assets/ModernSupermarket/Models/Props/Products/Cake_a3h87k/Textures/Cake_a3h87k.png
  artifactKey: Guid(b03c8e39d1d716a47ad6a0b6b9ff9b1f) Importer(2089858483,0ecaa5967403d082aa24f35e1b516d23)
Start importing Assets/ModernSupermarket/Models/Props/Products/Cake_a3h87k/Textures/Cake_a3h87k.png using Guid(b03c8e39d1d716a47ad6a0b6b9ff9b1f) Importer(2089858483,0ecaa5967403d082aa24f35e1b516d23) [PhysX] Initialized MultithreadedTaskDispatcher with 16 workers.
 -> (artifact id: '0c74d216835fadc7c94b4ff83345cdf6') in 0.017265 seconds
Number of updated asset objects reloaded before import = 0
Number of asset objects unloaded after import = 1
========================================================================
Received Import Request.
  Time since last request: 0.000016 seconds.
  path: Assets/ModernSupermarket/Models/Props/Products/MeatTray_qm4z4l/Textures/MeatTray_qm4z4l_Meat_m.png
  artifactKey: Guid(1f9ec02fd1072a844a980060331d00bf) Importer(2089858483,0ecaa5967403d082aa24f35e1b516d23)
Start importing Assets/ModernSupermarket/Models/Props/Products/MeatTray_qm4z4l/Textures/MeatTray_qm4z4l_Meat_m.png using Guid(1f9ec02fd1072a844a980060331d00bf) Importer(2089858483,0ecaa5967403d082aa24f35e1b516d23) [PhysX] Initialized MultithreadedTaskDispatcher with 16 workers.
 -> (artifact id: '4345ebfd5801c3a47908bd38735be18d') in 0.018925 seconds
Number of updated asset objects reloaded before import = 0
Number of asset objects unloaded after import = 1
========================================================================
Received Import Request.
  Time since last request: 0.000018 seconds.
  path: Assets/ModernSupermarket/Models/Props/Products/Laundry_mm7gx5/Textures/Laundry_mm7gx5_Var01_a.png
  artifactKey: Guid(47018770cb54cb644a37aea1c5810d97) Importer(2089858483,0ecaa5967403d082aa24f35e1b516d23)
Start importing Assets/ModernSupermarket/Models/Props/Products/Laundry_mm7gx5/Textures/Laundry_mm7gx5_Var01_a.png using Guid(47018770cb54cb644a37aea1c5810d97) Importer(2089858483,0ecaa5967403d082aa24f35e1b516d23) [PhysX] Initialized MultithreadedTaskDispatcher with 16 workers.
 -> (artifact id: 'dac00a14d89af7ade73b55141bcd78fe') in 0.018804 seconds
Number of updated asset objects reloaded before import = 0
Number of asset objects unloaded after import = 1
========================================================================
Received Import Request.
  Time since last request: 0.000018 seconds.
  path: Assets/ModernSupermarket/Models/Props/Products/Bleach_irrpnt/Textures/Bleach_irrpnt_n.png
  artifactKey: Guid(402eefa10aefc3e40bf1eec21dfc6dcc) Importer(2089858483,0ecaa5967403d082aa24f35e1b516d23)
Start importing Assets/ModernSupermarket/Models/Props/Products/Bleach_irrpnt/Textures/Bleach_irrpnt_n.png using Guid(402eefa10aefc3e40bf1eec21dfc6dcc) Importer(2089858483,0ecaa5967403d082aa24f35e1b516d23) [PhysX] Initialized MultithreadedTaskDispatcher with 16 workers.
 -> (artifact id: 'd2eb27c19bf9519557d83b6047637748') in 0.017579 seconds
Number of updated asset objects reloaded before import = 0
Number of asset objects unloaded after import = 1
========================================================================
Received Import Request.
  Time since last request: 0.000022 seconds.
  path: Assets/ModernSupermarket/Models/Props/Products/Cake_p6lebj/Textures/BoxCake_p6lebj_a.png
  artifactKey: Guid(fe72dba1875fe1c4e924e8acbbbefbd6) Importer(2089858483,0ecaa5967403d082aa24f35e1b516d23)
Start importing Assets/ModernSupermarket/Models/Props/Products/Cake_p6lebj/Textures/BoxCake_p6lebj_a.png using Guid(fe72dba1875fe1c4e924e8acbbbefbd6) Importer(2089858483,0ecaa5967403d082aa24f35e1b516d23) [PhysX] Initialized MultithreadedTaskDispatcher with 16 workers.
 -> (artifact id: '3c1d3b0fd9179b3483630798d15cdf3e') in 0.015311 seconds
Number of updated asset objects reloaded before import = 0
Number of asset objects unloaded after import = 1
========================================================================
Received Import Request.
  Time since last request: 0.000034 seconds.
  path: Assets/ModernSupermarket/Models/Props/Products/CandyPack_qkmq5d/Textures/CandyPack_qkmq5d_m.png
  artifactKey: Guid(1fc1ed743fb5c584d984d65534bab840) Importer(2089858483,0ecaa5967403d082aa24f35e1b516d23)
Start importing Assets/ModernSupermarket/Models/Props/Products/CandyPack_qkmq5d/Textures/CandyPack_qkmq5d_m.png using Guid(1fc1ed743fb5c584d984d65534bab840) Importer(2089858483,0ecaa5967403d082aa24f35e1b516d23) [PhysX] Initialized MultithreadedTaskDispatcher with 16 workers.
 -> (artifact id: '07fe7ffb9de5e33cbfa1c913e5f23578') in 0.017456 seconds
Number of updated asset objects reloaded before import = 0
Number of asset objects unloaded after import = 1
========================================================================
Received Import Request.
  Time since last request: 0.000015 seconds.
  path: Assets/ModernSupermarket/Models/Props/Products/FrozenPack_xp713y/Textures/FrozenPack_xp713y_m.png
  artifactKey: Guid(50cac6732a90a184b90f1f1ac4719678) Importer(2089858483,0ecaa5967403d082aa24f35e1b516d23)
Start importing Assets/ModernSupermarket/Models/Props/Products/FrozenPack_xp713y/Textures/FrozenPack_xp713y_m.png using Guid(50cac6732a90a184b90f1f1ac4719678) Importer(2089858483,0ecaa5967403d082aa24f35e1b516d23) [PhysX] Initialized MultithreadedTaskDispatcher with 16 workers.
 -> (artifact id: '7594ddaad3fdd84699338463741b370d') in 0.015371 seconds
Number of updated asset objects reloaded before import = 0
Number of asset objects unloaded after import = 1
========================================================================
Received Import Request.
  Time since last request: 0.000020 seconds.
  path: Assets/ModernSupermarket/Models/Props/Products/FrozenPack_xp713y/Textures/FrozenPack_xp713y_o.png
  artifactKey: Guid(c8f874cd5a59f2f4f9a51ab91f566c2a) Importer(2089858483,0ecaa5967403d082aa24f35e1b516d23)
Start importing Assets/ModernSupermarket/Models/Props/Products/FrozenPack_xp713y/Textures/FrozenPack_xp713y_o.png using Guid(c8f874cd5a59f2f4f9a51ab91f566c2a) Importer(2089858483,0ecaa5967403d082aa24f35e1b516d23) [PhysX] Initialized MultithreadedTaskDispatcher with 16 workers.
 -> (artifact id: '5e78482f3c9ec6641202efd5ec16c193') in 0.015616 seconds
Number of updated asset objects reloaded before import = 0
Number of asset objects unloaded after import = 1
========================================================================
Received Import Request.
  Time since last request: 0.000021 seconds.
  path: Assets/ModernSupermarket/Models/Props/Products/Cake_a3h87k/Textures/Cake_a3h87k_Var02.png
  artifactKey: Guid(4e51720f9517f0d45a14646a95639a43) Importer(2089858483,0ecaa5967403d082aa24f35e1b516d23)
Start importing Assets/ModernSupermarket/Models/Props/Products/Cake_a3h87k/Textures/Cake_a3h87k_Var02.png using Guid(4e51720f9517f0d45a14646a95639a43) Importer(2089858483,0ecaa5967403d082aa24f35e1b516d23) [PhysX] Initialized MultithreadedTaskDispatcher with 16 workers.
 -> (artifact id: '32d8c83cd092533063c24300f4484ea1') in 0.014252 seconds
Number of updated asset objects reloaded before import = 0
Number of asset objects unloaded after import = 1
========================================================================
Received Import Request.
  Time since last request: 0.000020 seconds.
  path: Assets/ModernSupermarket/Models/Props/Products/MeatTray_bbcwdq/Textures/MeatTray_bbcwdq_Meat_a.png
  artifactKey: Guid(8777ba2b3b01a304aaba6c62d2fea9ed) Importer(2089858483,0ecaa5967403d082aa24f35e1b516d23)
Start importing Assets/ModernSupermarket/Models/Props/Products/MeatTray_bbcwdq/Textures/MeatTray_bbcwdq_Meat_a.png using Guid(8777ba2b3b01a304aaba6c62d2fea9ed) Importer(2089858483,0ecaa5967403d082aa24f35e1b516d23) [PhysX] Initialized MultithreadedTaskDispatcher with 16 workers.
 -> (artifact id: 'c7f822e42be6f8af0ed1608ec834a0ca') in 0.015044 seconds
Number of updated asset objects reloaded before import = 0
Number of asset objects unloaded after import = 1
========================================================================
Received Import Request.
  Time since last request: 0.000017 seconds.
  path: Assets/ModernSupermarket/Models/Props/Products/Ham_wplnxm/Textures/Ham_wplnxm_Var01_o.png
  artifactKey: Guid(90e0ca31b81952a4887112b4ebed4dbb) Importer(2089858483,0ecaa5967403d082aa24f35e1b516d23)
Start importing Assets/ModernSupermarket/Models/Props/Products/Ham_wplnxm/Textures/Ham_wplnxm_Var01_o.png using Guid(90e0ca31b81952a4887112b4ebed4dbb) Importer(2089858483,0ecaa5967403d082aa24f35e1b516d23) [PhysX] Initialized MultithreadedTaskDispatcher with 16 workers.
 -> (artifact id: '84963a454e1adafb9343de3c018916a5') in 0.016717 seconds
Number of updated asset objects reloaded before import = 0
Number of asset objects unloaded after import = 1
========================================================================
Received Import Request.
  Time since last request: 0.000017 seconds.
  path: Assets/ModernSupermarket/Models/Props/Products/FrozenPack_t7wenh/Textures/FrozenPack_t7wenh_Var05_a.png
  artifactKey: Guid(4daa6876d71bd914c810977a6319e285) Importer(2089858483,0ecaa5967403d082aa24f35e1b516d23)
Start importing Assets/ModernSupermarket/Models/Props/Products/FrozenPack_t7wenh/Textures/FrozenPack_t7wenh_Var05_a.png using Guid(4daa6876d71bd914c810977a6319e285) Importer(2089858483,0ecaa5967403d082aa24f35e1b516d23) [PhysX] Initialized MultithreadedTaskDispatcher with 16 workers.
 -> (artifact id: '6ee2738b966449fddff190c489f7d7e4') in 0.015480 seconds
Number of updated asset objects reloaded before import = 0
Number of asset objects unloaded after import = 1
========================================================================
Received Import Request.
  Time since last request: 0.000017 seconds.
  path: Assets/ModernSupermarket/Models/Props/Products/Laundry_mm7gx5/Textures/Laundry_mm7gx5_a.png
  artifactKey: Guid(a031cc4441f434a4c87f43749e3a058a) Importer(2089858483,0ecaa5967403d082aa24f35e1b516d23)
Start importing Assets/ModernSupermarket/Models/Props/Products/Laundry_mm7gx5/Textures/Laundry_mm7gx5_a.png using Guid(a031cc4441f434a4c87f43749e3a058a) Importer(2089858483,0ecaa5967403d082aa24f35e1b516d23) [PhysX] Initialized MultithreadedTaskDispatcher with 16 workers.
 -> (artifact id: '01f440e05a49c88a2995694b3df2472e') in 0.015826 seconds
Number of updated asset objects reloaded before import = 0
Number of asset objects unloaded after import = 1
========================================================================
Received Import Request.
  Time since last request: 0.000019 seconds.
  path: Assets/ModernSupermarket/Models/Props/Products/Cheese_ipc281/Textures/Cheese_ipc281_Var01_a.png
  artifactKey: Guid(af9de6aa34c7b2449903954f7bbe6927) Importer(2089858483,0ecaa5967403d082aa24f35e1b516d23)
Start importing Assets/ModernSupermarket/Models/Props/Products/Cheese_ipc281/Textures/Cheese_ipc281_Var01_a.png using Guid(af9de6aa34c7b2449903954f7bbe6927) Importer(2089858483,0ecaa5967403d082aa24f35e1b516d23) [PhysX] Initialized MultithreadedTaskDispatcher with 16 workers.
 -> (artifact id: '9de4bbf2c5ca7e898d00f3230e3fdf0f') in 0.018279 seconds
Number of updated asset objects reloaded before import = 0
Number of asset objects unloaded after import = 1
========================================================================
Received Import Request.
  Time since last request: 0.000015 seconds.
  path: Assets/ModernSupermarket/Models/Props/Products/FrozenBox_vhvpd4/Textures/FrozenBox_vhvpd4_a.png
  artifactKey: Guid(1011b3e0cc4e9eb40b469c6cfe121249) Importer(2089858483,0ecaa5967403d082aa24f35e1b516d23)
Start importing Assets/ModernSupermarket/Models/Props/Products/FrozenBox_vhvpd4/Textures/FrozenBox_vhvpd4_a.png using Guid(1011b3e0cc4e9eb40b469c6cfe121249) Importer(2089858483,0ecaa5967403d082aa24f35e1b516d23) [PhysX] Initialized MultithreadedTaskDispatcher with 16 workers.
 -> (artifact id: 'b0211234f420eed879f4bc6ab0b7817f') in 0.014825 seconds
Number of updated asset objects reloaded before import = 0
Number of asset objects unloaded after import = 1
========================================================================
Received Import Request.
  Time since last request: 0.000020 seconds.
  path: Assets/ModernSupermarket/Models/Props/Products/Butter_5ttny6/Textures/Butters_5ttny6_low_n.png
  artifactKey: Guid(cc4efb5ec4b5bf74188b8b9e8c6a955b) Importer(2089858483,0ecaa5967403d082aa24f35e1b516d23)
Start importing Assets/ModernSupermarket/Models/Props/Products/Butter_5ttny6/Textures/Butters_5ttny6_low_n.png using Guid(cc4efb5ec4b5bf74188b8b9e8c6a955b) Importer(2089858483,0ecaa5967403d082aa24f35e1b516d23) [PhysX] Initialized MultithreadedTaskDispatcher with 16 workers.
 -> (artifact id: 'a3f618bd52b187e27cd8f0e1a67be943') in 0.017480 seconds
Number of updated asset objects reloaded before import = 0
Number of asset objects unloaded after import = 1
========================================================================
Received Import Request.
  Time since last request: 0.000024 seconds.
  path: Assets/ModernSupermarket/Models/Props/Products/CandyPack_qkmq5d/Textures/CandyPack_qkmq5d_Var01_m.png
  artifactKey: Guid(f3bb1963464db154a8d4bb634b848414) Importer(2089858483,0ecaa5967403d082aa24f35e1b516d23)
Start importing Assets/ModernSupermarket/Models/Props/Products/CandyPack_qkmq5d/Textures/CandyPack_qkmq5d_Var01_m.png using Guid(f3bb1963464db154a8d4bb634b848414) Importer(2089858483,0ecaa5967403d082aa24f35e1b516d23) [PhysX] Initialized MultithreadedTaskDispatcher with 16 workers.
 -> (artifact id: 'd3c6afe48d11944bdd347bea88d0fc30') in 0.017572 seconds
Number of updated asset objects reloaded before import = 0
Number of asset objects unloaded after import = 1
========================================================================
Received Import Request.
  Time since last request: 0.000020 seconds.
  path: Assets/ModernSupermarket/Models/Props/Products/ChocolateBox_b94wj0/Textures/ChocolatBox_b94wj0_a.png
  artifactKey: Guid(8ecbffe406e0d0f4e9385cef4cbd163a) Importer(2089858483,0ecaa5967403d082aa24f35e1b516d23)
Start importing Assets/ModernSupermarket/Models/Props/Products/ChocolateBox_b94wj0/Textures/ChocolatBox_b94wj0_a.png using Guid(8ecbffe406e0d0f4e9385cef4cbd163a) Importer(2089858483,0ecaa5967403d082aa24f35e1b516d23) [PhysX] Initialized MultithreadedTaskDispatcher with 16 workers.
 -> (artifact id: '96a48bc90e9d2d211e30b386660ad5d5') in 0.015575 seconds
Number of updated asset objects reloaded before import = 0
Number of asset objects unloaded after import = 1
========================================================================
Received Import Request.
  Time since last request: 0.000028 seconds.
  path: Assets/ModernSupermarket/Models/Props/Products/Oil_ nutmjk/Textures/Oil_nutmjk_n.png
  artifactKey: Guid(a5f1b31c7f26c0147b85c492524f74e8) Importer(2089858483,0ecaa5967403d082aa24f35e1b516d23)
Start importing Assets/ModernSupermarket/Models/Props/Products/Oil_ nutmjk/Textures/Oil_nutmjk_n.png using Guid(a5f1b31c7f26c0147b85c492524f74e8) Importer(2089858483,0ecaa5967403d082aa24f35e1b516d23) [PhysX] Initialized MultithreadedTaskDispatcher with 16 workers.
 -> (artifact id: 'a4c11c4ea1170128ab6781961baa5a37') in 0.016972 seconds
Number of updated asset objects reloaded before import = 0
Number of asset objects unloaded after import = 1
========================================================================
Received Import Request.
  Time since last request: 0.000019 seconds.
  path: Assets/ModernSupermarket/Models/Props/Products/MeatTray_bbcwdq/Textures/MeatTray_qm4z4l_m.png
  artifactKey: Guid(eb06488e5c66ca045859a35e1bde52f3) Importer(2089858483,0ecaa5967403d082aa24f35e1b516d23)
Start importing Assets/ModernSupermarket/Models/Props/Products/MeatTray_bbcwdq/Textures/MeatTray_qm4z4l_m.png using Guid(eb06488e5c66ca045859a35e1bde52f3) Importer(2089858483,0ecaa5967403d082aa24f35e1b516d23) [PhysX] Initialized MultithreadedTaskDispatcher with 16 workers.
 -> (artifact id: 'ba28aab0a3994c8310fcb22f8a4e2bc0') in 0.017577 seconds
Number of updated asset objects reloaded before import = 0
Number of asset objects unloaded after import = 1
========================================================================
Received Import Request.
  Time since last request: 0.000022 seconds.
  path: Assets/ModernSupermarket/Models/Props/Products/PaperTowel_b8o0yi/Textures/PaperTowel_b8o0yi_o.png
  artifactKey: Guid(24dc8c52fc2b0674a8ead34aecafb707) Importer(2089858483,0ecaa5967403d082aa24f35e1b516d23)
Start importing Assets/ModernSupermarket/Models/Props/Products/PaperTowel_b8o0yi/Textures/PaperTowel_b8o0yi_o.png using Guid(24dc8c52fc2b0674a8ead34aecafb707) Importer(2089858483,0ecaa5967403d082aa24f35e1b516d23) [PhysX] Initialized MultithreadedTaskDispatcher with 16 workers.
 -> (artifact id: '6ab46ad21c0086da9f8118909fa892cd') in 0.016506 seconds
Number of updated asset objects reloaded before import = 0
Number of asset objects unloaded after import = 1
========================================================================
Received Import Request.
  Time since last request: 0.000018 seconds.
  path: Assets/ModernSupermarket/Models/Props/Products/Capsule_rk7lsf/Textures/Capsule_rk7lsf_o.png
  artifactKey: Guid(670f2dcef47eb4a4ab0c4531e04ed146) Importer(2089858483,0ecaa5967403d082aa24f35e1b516d23)
Start importing Assets/ModernSupermarket/Models/Props/Products/Capsule_rk7lsf/Textures/Capsule_rk7lsf_o.png using Guid(670f2dcef47eb4a4ab0c4531e04ed146) Importer(2089858483,0ecaa5967403d082aa24f35e1b516d23) [PhysX] Initialized MultithreadedTaskDispatcher with 16 workers.
 -> (artifact id: 'b660213778a24918a87ec1afd2c7007d') in 0.017896 seconds
Number of updated asset objects reloaded before import = 0
Number of asset objects unloaded after import = 1
========================================================================
Received Import Request.
  Time since last request: 0.000018 seconds.
  path: Assets/ModernSupermarket/Models/Props/Products/Coffee_5uj6zk/Textures/Coffee_5uj6zk_n.png
  artifactKey: Guid(29518e45f7f6b754d94545fa90d33e33) Importer(2089858483,0ecaa5967403d082aa24f35e1b516d23)
Start importing Assets/ModernSupermarket/Models/Props/Products/Coffee_5uj6zk/Textures/Coffee_5uj6zk_n.png using Guid(29518e45f7f6b754d94545fa90d33e33) Importer(2089858483,0ecaa5967403d082aa24f35e1b516d23) [PhysX] Initialized MultithreadedTaskDispatcher with 16 workers.
 -> (artifact id: '3022585a1544a36546a7a0b3bd333f99') in 0.016384 seconds
Number of updated asset objects reloaded before import = 0
Number of asset objects unloaded after import = 1
========================================================================
Received Import Request.
  Time since last request: 0.000017 seconds.
  path: Assets/ModernSupermarket/Models/Props/Products/Books_bpxngl/Textures/Books_bpxngl_n.png
  artifactKey: Guid(4abebf6e89a46564da35a91fdbcdcbce) Importer(2089858483,0ecaa5967403d082aa24f35e1b516d23)
Start importing Assets/ModernSupermarket/Models/Props/Products/Books_bpxngl/Textures/Books_bpxngl_n.png using Guid(4abebf6e89a46564da35a91fdbcdcbce) Importer(2089858483,0ecaa5967403d082aa24f35e1b516d23) [PhysX] Initialized MultithreadedTaskDispatcher with 16 workers.
 -> (artifact id: '9593f033c0c03546d06f1b448db7e411') in 0.019537 seconds
Number of updated asset objects reloaded before import = 0
Number of asset objects unloaded after import = 1
========================================================================
Received Import Request.
  Time since last request: 0.000022 seconds.
  path: Assets/ModernSupermarket/Models/Props/Products/EggBox12x_7zw3j2/Textures/EggBox12x_7zw3j2_mask.png
  artifactKey: Guid(c40e0ef31c98f554f988e9cd8bf64185) Importer(2089858483,0ecaa5967403d082aa24f35e1b516d23)
Start importing Assets/ModernSupermarket/Models/Props/Products/EggBox12x_7zw3j2/Textures/EggBox12x_7zw3j2_mask.png using Guid(c40e0ef31c98f554f988e9cd8bf64185) Importer(2089858483,0ecaa5967403d082aa24f35e1b516d23) [PhysX] Initialized MultithreadedTaskDispatcher with 16 workers.
 -> (artifact id: 'a3f65130d13578b03d7f76f817e33a86') in 0.014711 seconds
Number of updated asset objects reloaded before import = 0
Number of asset objects unloaded after import = 1
========================================================================
Received Import Request.
  Time since last request: 0.000022 seconds.
  path: Assets/ModernSupermarket/Models/Props/Products/Beer_lryra7/Textures/BeerBottle_fdde0u_m.png
  artifactKey: Guid(ceaf64f4468fdb2439c02951b5eda138) Importer(2089858483,0ecaa5967403d082aa24f35e1b516d23)
Start importing Assets/ModernSupermarket/Models/Props/Products/Beer_lryra7/Textures/BeerBottle_fdde0u_m.png using Guid(ceaf64f4468fdb2439c02951b5eda138) Importer(2089858483,0ecaa5967403d082aa24f35e1b516d23) [PhysX] Initialized MultithreadedTaskDispatcher with 16 workers.
 -> (artifact id: '31f26ea7f8656df83f1f6fbcb456de66') in 0.015908 seconds
Number of updated asset objects reloaded before import = 0
Number of asset objects unloaded after import = 1
========================================================================
Received Import Request.
  Time since last request: 0.000022 seconds.
  path: Assets/ModernSupermarket/Models/Props/Products/JuiceBrick_6ljfy3/Textures/JuiceBrick_6ljfy3_a.png
  artifactKey: Guid(862b538967c6cb94887c67d166e7c46d) Importer(2089858483,0ecaa5967403d082aa24f35e1b516d23)
Start importing Assets/ModernSupermarket/Models/Props/Products/JuiceBrick_6ljfy3/Textures/JuiceBrick_6ljfy3_a.png using Guid(862b538967c6cb94887c67d166e7c46d) Importer(2089858483,0ecaa5967403d082aa24f35e1b516d23) [PhysX] Initialized MultithreadedTaskDispatcher with 16 workers.
 -> (artifact id: 'd078c2d82a2c88e622305114a1b003e6') in 0.017084 seconds
Number of updated asset objects reloaded before import = 0
Number of asset objects unloaded after import = 1
========================================================================
Received Import Request.
  Time since last request: 0.000017 seconds.
  path: Assets/ModernSupermarket/Models/Props/Products/Flour_ckgfmu/Textures/FlourPack_ckgfmu_o.png
  artifactKey: Guid(2f735b372bf479d429922ce80a620021) Importer(2089858483,0ecaa5967403d082aa24f35e1b516d23)
Start importing Assets/ModernSupermarket/Models/Props/Products/Flour_ckgfmu/Textures/FlourPack_ckgfmu_o.png using Guid(2f735b372bf479d429922ce80a620021) Importer(2089858483,0ecaa5967403d082aa24f35e1b516d23) [PhysX] Initialized MultithreadedTaskDispatcher with 16 workers.
 -> (artifact id: 'b6b6550398b183fdbcc11017b98e9d18') in 0.015935 seconds
Number of updated asset objects reloaded before import = 0
Number of asset objects unloaded after import = 1
========================================================================
Received Import Request.
  Time since last request: 0.000021 seconds.
  path: Assets/ModernSupermarket/Models/Props/Products/FrozenPack_t7wenh/Textures/FrozenPack_t7wenh_o.png
  artifactKey: Guid(9980ceee737b526409b89d66e57f9fe7) Importer(2089858483,0ecaa5967403d082aa24f35e1b516d23)
Start importing Assets/ModernSupermarket/Models/Props/Products/FrozenPack_t7wenh/Textures/FrozenPack_t7wenh_o.png using Guid(9980ceee737b526409b89d66e57f9fe7) Importer(2089858483,0ecaa5967403d082aa24f35e1b516d23) [PhysX] Initialized MultithreadedTaskDispatcher with 16 workers.
 -> (artifact id: '1febf31343fd66e8bb9accfdc5d03260') in 0.016470 seconds
Number of updated asset objects reloaded before import = 0
Number of asset objects unloaded after import = 1
========================================================================
Received Import Request.
  Time since last request: 0.000023 seconds.
  path: Assets/ModernSupermarket/Models/Props/Products/Flour_ckgfmu/Textures/FlourPack_ckgfmu_n.png
  artifactKey: Guid(0ce6b1b6c2ee9d84896425ee32018797) Importer(2089858483,0ecaa5967403d082aa24f35e1b516d23)
Start importing Assets/ModernSupermarket/Models/Props/Products/Flour_ckgfmu/Textures/FlourPack_ckgfmu_n.png using Guid(0ce6b1b6c2ee9d84896425ee32018797) Importer(2089858483,0ecaa5967403d082aa24f35e1b516d23) [PhysX] Initialized MultithreadedTaskDispatcher with 16 workers.
 -> (artifact id: '1f920481b7f198bb930034eef0ceb0dc') in 0.015883 seconds
Number of updated asset objects reloaded before import = 0
Number of asset objects unloaded after import = 1
========================================================================
Received Import Request.
  Time since last request: 0.000023 seconds.
  path: Assets/ModernSupermarket/Models/Props/Products/CansPack_f98qxo/Textures/CansPack_f98qxo_Var02_a.png
  artifactKey: Guid(fb1237e2d77daa34a815ded832ce4399) Importer(2089858483,0ecaa5967403d082aa24f35e1b516d23)
Start importing Assets/ModernSupermarket/Models/Props/Products/CansPack_f98qxo/Textures/CansPack_f98qxo_Var02_a.png using Guid(fb1237e2d77daa34a815ded832ce4399) Importer(2089858483,0ecaa5967403d082aa24f35e1b516d23) [PhysX] Initialized MultithreadedTaskDispatcher with 16 workers.
 -> (artifact id: 'a63d5b9faaa2a21e731d81e1ce85bdb8') in 0.017305 seconds
Number of updated asset objects reloaded before import = 0
Number of asset objects unloaded after import = 1
========================================================================
Received Import Request.
  Time since last request: 0.000033 seconds.
  path: Assets/ModernSupermarket/Models/Props/Products/MeatTray_dbf1nh/Textures/MeatTray_fbw8xf_o.png
  artifactKey: Guid(3bac0f5b88dd1124990603822e69bbb1) Importer(2089858483,0ecaa5967403d082aa24f35e1b516d23)
Start importing Assets/ModernSupermarket/Models/Props/Products/MeatTray_dbf1nh/Textures/MeatTray_fbw8xf_o.png using Guid(3bac0f5b88dd1124990603822e69bbb1) Importer(2089858483,0ecaa5967403d082aa24f35e1b516d23) [PhysX] Initialized MultithreadedTaskDispatcher with 16 workers.
 -> (artifact id: '80c387544714374bdc9897b7763e2be9') in 0.016237 seconds
Number of updated asset objects reloaded before import = 0
Number of asset objects unloaded after import = 1
========================================================================
Received Import Request.
  Time since last request: 0.000017 seconds.
  path: Assets/ModernSupermarket/Models/Props/Products/Cheese_bn26cq/Textures/Cheese_bn26cq_a.png
  artifactKey: Guid(5f379957160b1f9438ed09e758f0d911) Importer(2089858483,0ecaa5967403d082aa24f35e1b516d23)
Start importing Assets/ModernSupermarket/Models/Props/Products/Cheese_bn26cq/Textures/Cheese_bn26cq_a.png using Guid(5f379957160b1f9438ed09e758f0d911) Importer(2089858483,0ecaa5967403d082aa24f35e1b516d23) [PhysX] Initialized MultithreadedTaskDispatcher with 16 workers.
 -> (artifact id: '0c5b2c3a748a3013df3ed36544747b1d') in 0.016119 seconds
Number of updated asset objects reloaded before import = 0
Number of asset objects unloaded after import = 1
========================================================================
Received Import Request.
  Time since last request: 0.000016 seconds.
  path: Assets/ModernSupermarket/Models/Props/Products/MilkBrick_e8foxc/Textures/MilkBrick_e8foxc_o.png
  artifactKey: Guid(8f2683cd8d0760746b0ac776fd4ae379) Importer(2089858483,0ecaa5967403d082aa24f35e1b516d23)
Start importing Assets/ModernSupermarket/Models/Props/Products/MilkBrick_e8foxc/Textures/MilkBrick_e8foxc_o.png using Guid(8f2683cd8d0760746b0ac776fd4ae379) Importer(2089858483,0ecaa5967403d082aa24f35e1b516d23) [PhysX] Initialized MultithreadedTaskDispatcher with 16 workers.
 -> (artifact id: '6318d5a05694fb1320974a04adaa415b') in 0.016033 seconds
Number of updated asset objects reloaded before import = 0
Number of asset objects unloaded after import = 1
========================================================================
Received Import Request.
  Time since last request: 0.000017 seconds.
  path: Assets/ModernSupermarket/Models/Props/Products/MashPotatoe_3n44xc/Textures/MashPotatoe_3n44xc_a.png
  artifactKey: Guid(87670d66a2d33224585d2c19da0ae2ab) Importer(2089858483,0ecaa5967403d082aa24f35e1b516d23)
Start importing Assets/ModernSupermarket/Models/Props/Products/MashPotatoe_3n44xc/Textures/MashPotatoe_3n44xc_a.png using Guid(87670d66a2d33224585d2c19da0ae2ab) Importer(2089858483,0ecaa5967403d082aa24f35e1b516d23) [PhysX] Initialized MultithreadedTaskDispatcher with 16 workers.
 -> (artifact id: 'ed7e2e43e0a7762117383d330c76d97d') in 0.016060 seconds
Number of updated asset objects reloaded before import = 0
Number of asset objects unloaded after import = 1
========================================================================
Received Import Request.
  Time since last request: 0.000021 seconds.
  path: Assets/ModernSupermarket/Models/Props/Products/Chips_w4tja8/Textures/Chips_w4tja8_Var01_a.png
  artifactKey: Guid(1d8918dbb0b48a14d80f523c0015237f) Importer(2089858483,0ecaa5967403d082aa24f35e1b516d23)
Start importing Assets/ModernSupermarket/Models/Props/Products/Chips_w4tja8/Textures/Chips_w4tja8_Var01_a.png using Guid(1d8918dbb0b48a14d80f523c0015237f) Importer(2089858483,0ecaa5967403d082aa24f35e1b516d23) [PhysX] Initialized MultithreadedTaskDispatcher with 16 workers.
 -> (artifact id: '7504f34aea65377201464a80a9e13e45') in 0.016049 seconds
Number of updated asset objects reloaded before import = 0
Number of asset objects unloaded after import = 1
========================================================================
Received Import Request.
  Time since last request: 0.000020 seconds.
  path: Assets/ModernSupermarket/Models/Props/Products/Chips_w4tja8/Textures/Chips_w4tja8_Var02_a.png
  artifactKey: Guid(58dffccf473c6bd4d8f93a8d9c526459) Importer(2089858483,0ecaa5967403d082aa24f35e1b516d23)
Start importing Assets/ModernSupermarket/Models/Props/Products/Chips_w4tja8/Textures/Chips_w4tja8_Var02_a.png using Guid(58dffccf473c6bd4d8f93a8d9c526459) Importer(2089858483,0ecaa5967403d082aa24f35e1b516d23) [PhysX] Initialized MultithreadedTaskDispatcher with 16 workers.
 -> (artifact id: '0a41bc41fbc67078ab12f9c90fb6fb25') in 0.016309 seconds
Number of updated asset objects reloaded before import = 0
Number of asset objects unloaded after import = 1
========================================================================
Received Import Request.
  Time since last request: 0.000020 seconds.
  path: Assets/ModernSupermarket/Models/Props/Products/Coffee_5uj6zk/Textures/Coffee_5uj6zk_a.png
  artifactKey: Guid(2cbe6b1162faac34ca33038601c07144) Importer(2089858483,0ecaa5967403d082aa24f35e1b516d23)
Start importing Assets/ModernSupermarket/Models/Props/Products/Coffee_5uj6zk/Textures/Coffee_5uj6zk_a.png using Guid(2cbe6b1162faac34ca33038601c07144) Importer(2089858483,0ecaa5967403d082aa24f35e1b516d23) [PhysX] Initialized MultithreadedTaskDispatcher with 16 workers.
 -> (artifact id: '84c9ad023e0d5155094116bea6a0914f') in 0.017871 seconds
Number of updated asset objects reloaded before import = 0
Number of asset objects unloaded after import = 1
========================================================================
Received Import Request.
  Time since last request: 0.000051 seconds.
  path: Assets/ModernSupermarket/Models/Props/Products/Coffee_5uj6zk/Textures/Coffee_5uj6zk_o.png
  artifactKey: Guid(7c994cc816aa2164ca9bf1ee7cd7c40c) Importer(2089858483,0ecaa5967403d082aa24f35e1b516d23)
Start importing Assets/ModernSupermarket/Models/Props/Products/Coffee_5uj6zk/Textures/Coffee_5uj6zk_o.png using Guid(7c994cc816aa2164ca9bf1ee7cd7c40c) Importer(2089858483,0ecaa5967403d082aa24f35e1b516d23) [PhysX] Initialized MultithreadedTaskDispatcher with 16 workers.
 -> (artifact id: 'e65ca6292d136eca4702f7276d9a8e75') in 0.014996 seconds
Number of updated asset objects reloaded before import = 0
Number of asset objects unloaded after import = 1
========================================================================
Received Import Request.
  Time since last request: 0.000065 seconds.
  path: Assets/ModernSupermarket/Models/Props/Products/Flour_ckgfmu/Textures/FlourPack_ckgfmu_m.png
  artifactKey: Guid(cd93097dc0d8d764dba3d4ff02d456fb) Importer(2089858483,0ecaa5967403d082aa24f35e1b516d23)
Start importing Assets/ModernSupermarket/Models/Props/Products/Flour_ckgfmu/Textures/FlourPack_ckgfmu_m.png using Guid(cd93097dc0d8d764dba3d4ff02d456fb) Importer(2089858483,0ecaa5967403d082aa24f35e1b516d23) [PhysX] Initialized MultithreadedTaskDispatcher with 16 workers.
 -> (artifact id: 'c2ce78b38c8f908bac47fd35f2119457') in 0.015782 seconds
Number of updated asset objects reloaded before import = 0
Number of asset objects unloaded after import = 1
========================================================================
Received Import Request.
  Time since last request: 0.000022 seconds.
  path: Assets/ModernSupermarket/Models/Props/Products/EggBox8x_2zgq4h/Textures/EggBox8x_2zgq4h_n.png
  artifactKey: Guid(8aa2c32ffd70a4d428384d37f0d1b61b) Importer(2089858483,0ecaa5967403d082aa24f35e1b516d23)
Start importing Assets/ModernSupermarket/Models/Props/Products/EggBox8x_2zgq4h/Textures/EggBox8x_2zgq4h_n.png using Guid(8aa2c32ffd70a4d428384d37f0d1b61b) Importer(2089858483,0ecaa5967403d082aa24f35e1b516d23) [PhysX] Initialized MultithreadedTaskDispatcher with 16 workers.
 -> (artifact id: 'c2ba76d1854c914fd20f6b9888d844ea') in 0.018452 seconds
Number of updated asset objects reloaded before import = 0
Number of asset objects unloaded after import = 1
========================================================================
Received Import Request.
  Time since last request: 0.000017 seconds.
  path: Assets/ModernSupermarket/Models/Props/Products/Paintings_wmgwnw/Textures/Paintings_wmgwnw_m.png
  artifactKey: Guid(4e4af7065c39cae42b5b81d4fb6f1ac5) Importer(2089858483,0ecaa5967403d082aa24f35e1b516d23)
Start importing Assets/ModernSupermarket/Models/Props/Products/Paintings_wmgwnw/Textures/Paintings_wmgwnw_m.png using Guid(4e4af7065c39cae42b5b81d4fb6f1ac5) Importer(2089858483,0ecaa5967403d082aa24f35e1b516d23) [PhysX] Initialized MultithreadedTaskDispatcher with 16 workers.
 -> (artifact id: '7214fa2fa50dc1c79368805dc52563b8') in 0.016096 seconds
Number of updated asset objects reloaded before import = 0
Number of asset objects unloaded after import = 1
========================================================================
Received Import Request.
  Time since last request: 0.000016 seconds.
  path: Assets/ModernSupermarket/Models/Props/Products/Rooflight_ll6qt0/textures/RoofLight_ll6qt0_m.png
  artifactKey: Guid(36bd2e0247971eb4d9f02ea805dde06b) Importer(2089858483,0ecaa5967403d082aa24f35e1b516d23)
Start importing Assets/ModernSupermarket/Models/Props/Products/Rooflight_ll6qt0/textures/RoofLight_ll6qt0_m.png using Guid(36bd2e0247971eb4d9f02ea805dde06b) Importer(2089858483,0ecaa5967403d082aa24f35e1b516d23) [PhysX] Initialized MultithreadedTaskDispatcher with 16 workers.
 -> (artifact id: 'f9b733fda0c26778cc313291584ffc48') in 0.017607 seconds
Number of updated asset objects reloaded before import = 0
Number of asset objects unloaded after import = 1
========================================================================
Received Import Request.
  Time since last request: 0.000019 seconds.
  path: Assets/ModernSupermarket/Models/Props/Products/Pizza_ehb1pe/Textures/Pizza_ehb1pe_a.png
  artifactKey: Guid(929ab1de6d31d5846b8fe89f8c5adaf9) Importer(2089858483,0ecaa5967403d082aa24f35e1b516d23)
Start importing Assets/ModernSupermarket/Models/Props/Products/Pizza_ehb1pe/Textures/Pizza_ehb1pe_a.png using Guid(929ab1de6d31d5846b8fe89f8c5adaf9) Importer(2089858483,0ecaa5967403d082aa24f35e1b516d23) [PhysX] Initialized MultithreadedTaskDispatcher with 16 workers.
 -> (artifact id: '6789318d9a646086d4696d3c02f9d2d6') in 0.015642 seconds
Number of updated asset objects reloaded before import = 0
Number of asset objects unloaded after import = 1
========================================================================
Received Import Request.
  Time since last request: 0.000021 seconds.
  path: Assets/ModernSupermarket/Models/Props/Products/SlicedBread_tp7aom/Textures/SlicedBread_tp7aom_Bread_m.png
  artifactKey: Guid(fbf8371bb13c7b84d8bde81f7898ed9a) Importer(2089858483,0ecaa5967403d082aa24f35e1b516d23)
Start importing Assets/ModernSupermarket/Models/Props/Products/SlicedBread_tp7aom/Textures/SlicedBread_tp7aom_Bread_m.png using Guid(fbf8371bb13c7b84d8bde81f7898ed9a) Importer(2089858483,0ecaa5967403d082aa24f35e1b516d23) [PhysX] Initialized MultithreadedTaskDispatcher with 16 workers.
 -> (artifact id: 'ac3e73d327dc9fba9c993e85b64792dd') in 0.016247 seconds
Number of updated asset objects reloaded before import = 0
Number of asset objects unloaded after import = 1
========================================================================
Received Import Request.
  Time since last request: 0.000030 seconds.
  path: Assets/ModernSupermarket/Models/Props/Products/SlicedBread_6zus31/Textures/SliceBread_6zus31_Bread_a.png
  artifactKey: Guid(f05312162ce7ff54686afd5681d8a09b) Importer(2089858483,0ecaa5967403d082aa24f35e1b516d23)
Start importing Assets/ModernSupermarket/Models/Props/Products/SlicedBread_6zus31/Textures/SliceBread_6zus31_Bread_a.png using Guid(f05312162ce7ff54686afd5681d8a09b) Importer(2089858483,0ecaa5967403d082aa24f35e1b516d23) [PhysX] Initialized MultithreadedTaskDispatcher with 16 workers.
 -> (artifact id: 'fb6015a88b6bd4cb96792de3b8a8bb22') in 0.017342 seconds
Number of updated asset objects reloaded before import = 0
Number of asset objects unloaded after import = 1
========================================================================
Received Import Request.
  Time since last request: 0.000025 seconds.
  path: Assets/ModernSupermarket/Models/Props/Products/Soda_7gwg2t/Textures/Soda_7gwg2t_a_Var01.png
  artifactKey: Guid(e23608b8decbaf248b90ce075c7982b8) Importer(2089858483,0ecaa5967403d082aa24f35e1b516d23)
Start importing Assets/ModernSupermarket/Models/Props/Products/Soda_7gwg2t/Textures/Soda_7gwg2t_a_Var01.png using Guid(e23608b8decbaf248b90ce075c7982b8) Importer(2089858483,0ecaa5967403d082aa24f35e1b516d23) [PhysX] Initialized MultithreadedTaskDispatcher with 16 workers.
 -> (artifact id: '6b7473770aa31d89e3e4cf969ffc88b2') in 0.016167 seconds
Number of updated asset objects reloaded before import = 0
Number of asset objects unloaded after import = 1
========================================================================
Received Import Request.
  Time since last request: 0.000017 seconds.
  path: Assets/ModernSupermarket/Models/Props/Products/Soda_f6b9gw/Textures/Soda_f6b9gw_o.png
  artifactKey: Guid(6a53332cc9b888140a797679763b4ec9) Importer(2089858483,0ecaa5967403d082aa24f35e1b516d23)
Start importing Assets/ModernSupermarket/Models/Props/Products/Soda_f6b9gw/Textures/Soda_f6b9gw_o.png using Guid(6a53332cc9b888140a797679763b4ec9) Importer(2089858483,0ecaa5967403d082aa24f35e1b516d23) [PhysX] Initialized MultithreadedTaskDispatcher with 16 workers.
 -> (artifact id: '0c8a162428458b397a1fc8ce27c071d6') in 0.015990 seconds
Number of updated asset objects reloaded before import = 0
Number of asset objects unloaded after import = 1
========================================================================
Received Import Request.
  Time since last request: 0.000021 seconds.
  path: Assets/ModernSupermarket/Models/Props/Products/SweetJar_alnwix/Textures/SweetJar_alnwix_a.png
  artifactKey: Guid(74fe0a41c3e3c2e459466989afece721) Importer(2089858483,0ecaa5967403d082aa24f35e1b516d23)
Start importing Assets/ModernSupermarket/Models/Props/Products/SweetJar_alnwix/Textures/SweetJar_alnwix_a.png using Guid(74fe0a41c3e3c2e459466989afece721) Importer(2089858483,0ecaa5967403d082aa24f35e1b516d23) [PhysX] Initialized MultithreadedTaskDispatcher with 16 workers.
 -> (artifact id: '005ff29997d1f6caf232d1ab75e7ca13') in 0.017888 seconds
Number of updated asset objects reloaded before import = 0
Number of asset objects unloaded after import = 1
========================================================================
Received Import Request.
  Time since last request: 0.000023 seconds.
  path: Assets/ModernSupermarket/Models/Props/Products/WhippedCream_wm5t5v/Textures/WhippedCream_wm5t5v_m.png
  artifactKey: Guid(0c93ac47fbf919043a21e621feedbc00) Importer(2089858483,0ecaa5967403d082aa24f35e1b516d23)
Start importing Assets/ModernSupermarket/Models/Props/Products/WhippedCream_wm5t5v/Textures/WhippedCream_wm5t5v_m.png using Guid(0c93ac47fbf919043a21e621feedbc00) Importer(2089858483,0ecaa5967403d082aa24f35e1b516d23) [PhysX] Initialized MultithreadedTaskDispatcher with 16 workers.
 -> (artifact id: '793add26dff7880d083ab56dcdc2b85e') in 0.017252 seconds
Number of updated asset objects reloaded before import = 0
Number of asset objects unloaded after import = 1
========================================================================
Received Import Request.
  Time since last request: 0.000018 seconds.
  path: Assets/ModernSupermarket/Models/Props/Products/Soda_d7rdw9/Textures/Soda_d7rdw9_a.png
  artifactKey: Guid(0cf3242d80b7c7b45976d6c6a8953fe6) Importer(2089858483,0ecaa5967403d082aa24f35e1b516d23)
Start importing Assets/ModernSupermarket/Models/Props/Products/Soda_d7rdw9/Textures/Soda_d7rdw9_a.png using Guid(0cf3242d80b7c7b45976d6c6a8953fe6) Importer(2089858483,0ecaa5967403d082aa24f35e1b516d23) [PhysX] Initialized MultithreadedTaskDispatcher with 16 workers.
 -> (artifact id: 'e146783acda6c47321c71b438f2a484b') in 0.016751 seconds
Number of updated asset objects reloaded before import = 0
Number of asset objects unloaded after import = 1
========================================================================
Received Import Request.
  Time since last request: 0.000021 seconds.
  path: Assets/ModernSupermarket/Models/Props/Products/Salt_9we170/Textures/Salt_9we170_m.png
  artifactKey: Guid(45a559e19b18fdd419cc83c6cb6fed37) Importer(2089858483,0ecaa5967403d082aa24f35e1b516d23)
Start importing Assets/ModernSupermarket/Models/Props/Products/Salt_9we170/Textures/Salt_9we170_m.png using Guid(45a559e19b18fdd419cc83c6cb6fed37) Importer(2089858483,0ecaa5967403d082aa24f35e1b516d23) [PhysX] Initialized MultithreadedTaskDispatcher with 16 workers.
 -> (artifact id: '3b72996096099c44887a6994fc82821e') in 0.024187 seconds
Number of updated asset objects reloaded before import = 0
Number of asset objects unloaded after import = 1
========================================================================
Received Import Request.
  Time since last request: 0.000019 seconds.
  path: Assets/ModernSupermarket/Models/Props/Products/Vase_0p0iky/Textures/Vase_0p0iky_Var01_o.png
  artifactKey: Guid(47f545601be0ff24aa50dafb06823d03) Importer(2089858483,0ecaa5967403d082aa24f35e1b516d23)
Start importing Assets/ModernSupermarket/Models/Props/Products/Vase_0p0iky/Textures/Vase_0p0iky_Var01_o.png using Guid(47f545601be0ff24aa50dafb06823d03) Importer(2089858483,0ecaa5967403d082aa24f35e1b516d23) [PhysX] Initialized MultithreadedTaskDispatcher with 16 workers.
 -> (artifact id: '43421d7931409c304ff26344edc7934a') in 0.018128 seconds
Number of updated asset objects reloaded before import = 0
Number of asset objects unloaded after import = 1
========================================================================
Received Import Request.
  Time since last request: 0.000021 seconds.
  path: Assets/ModernSupermarket/Models/Props/Products/Soap_eegrv7/Textures/Soap_eegrv7_n.png
  artifactKey: Guid(a39b1d643f2544c4d87ef0c9a156efb8) Importer(2089858483,0ecaa5967403d082aa24f35e1b516d23)
Start importing Assets/ModernSupermarket/Models/Props/Products/Soap_eegrv7/Textures/Soap_eegrv7_n.png using Guid(a39b1d643f2544c4d87ef0c9a156efb8) Importer(2089858483,0ecaa5967403d082aa24f35e1b516d23) [PhysX] Initialized MultithreadedTaskDispatcher with 16 workers.
 -> (artifact id: 'ca2824fb40661d5a9621ff5ba4417e45') in 0.018105 seconds
Number of updated asset objects reloaded before import = 0
Number of asset objects unloaded after import = 1
========================================================================
Received Import Request.
  Time since last request: 0.000024 seconds.
  path: Assets/ModernSupermarket/Models/Props/Products/Vase_x3wysg/Textures/Vase_x3wysg_n.png
  artifactKey: Guid(f7402cd1400b3c144938d61c38c6999a) Importer(2089858483,0ecaa5967403d082aa24f35e1b516d23)
Start importing Assets/ModernSupermarket/Models/Props/Products/Vase_x3wysg/Textures/Vase_x3wysg_n.png using Guid(f7402cd1400b3c144938d61c38c6999a) Importer(2089858483,0ecaa5967403d082aa24f35e1b516d23) [PhysX] Initialized MultithreadedTaskDispatcher with 16 workers.
 -> (artifact id: '136b2926c5ab3998cf888e8691a5cc9c') in 0.019311 seconds
Number of updated asset objects reloaded before import = 0
Number of asset objects unloaded after import = 1
========================================================================
Received Import Request.
  Time since last request: 0.000022 seconds.
  path: Assets/ModernSupermarket/Models/Props/Products/SweetJar_alnwix/Textures/SweetJar_alnwix_o.png
  artifactKey: Guid(3d6d54e0123981842a11699dc53c3190) Importer(2089858483,0ecaa5967403d082aa24f35e1b516d23)
Start importing Assets/ModernSupermarket/Models/Props/Products/SweetJar_alnwix/Textures/SweetJar_alnwix_o.png using Guid(3d6d54e0123981842a11699dc53c3190) Importer(2089858483,0ecaa5967403d082aa24f35e1b516d23) [PhysX] Initialized MultithreadedTaskDispatcher with 16 workers.
 -> (artifact id: '02b11a452662d91ecdd5a6eb0fb53681') in 0.020215 seconds
Number of updated asset objects reloaded before import = 0
Number of asset objects unloaded after import = 1
========================================================================
Received Import Request.
  Time since last request: 0.000021 seconds.
  path: Assets/ModernSupermarket/Models/Props/Products/Soda_d7rdw9/Textures/Soda_d7rdw9_Var01_a.png
  artifactKey: Guid(779eaa6d5230d134583c510b7f76f3a5) Importer(2089858483,0ecaa5967403d082aa24f35e1b516d23)
Start importing Assets/ModernSupermarket/Models/Props/Products/Soda_d7rdw9/Textures/Soda_d7rdw9_Var01_a.png using Guid(779eaa6d5230d134583c510b7f76f3a5) Importer(2089858483,0ecaa5967403d082aa24f35e1b516d23) [PhysX] Initialized MultithreadedTaskDispatcher with 16 workers.
 -> (artifact id: '6989ec843e610964ff0bf1484753eedc') in 0.020071 seconds
Number of updated asset objects reloaded before import = 0
Number of asset objects unloaded after import = 1
========================================================================
Received Import Request.
  Time since last request: 0.000026 seconds.
  path: Assets/ModernSupermarket/Models/Props/Products/ToyCar_t5i4lw/Textures/ToyCar_t5i4lw_o.png
  artifactKey: Guid(bfac1c1e48b1574489962e68e2c3f4ef) Importer(2089858483,0ecaa5967403d082aa24f35e1b516d23)
Start importing Assets/ModernSupermarket/Models/Props/Products/ToyCar_t5i4lw/Textures/ToyCar_t5i4lw_o.png using Guid(bfac1c1e48b1574489962e68e2c3f4ef) Importer(2089858483,0ecaa5967403d082aa24f35e1b516d23) [PhysX] Initialized MultithreadedTaskDispatcher with 16 workers.
 -> (artifact id: 'fc3d77406b29889542cf9656ebed27cb') in 0.018636 seconds
Number of updated asset objects reloaded before import = 0
Number of asset objects unloaded after import = 1
========================================================================
Received Import Request.
  Time since last request: 0.000028 seconds.
  path: Assets/ModernSupermarket/Models/Props/Products/TinCan_60afsy/Textures/TinCan_60afsy_m.png
  artifactKey: Guid(d78909c8e997e57418eb3fe506fb7183) Importer(2089858483,0ecaa5967403d082aa24f35e1b516d23)
Start importing Assets/ModernSupermarket/Models/Props/Products/TinCan_60afsy/Textures/TinCan_60afsy_m.png using Guid(d78909c8e997e57418eb3fe506fb7183) Importer(2089858483,0ecaa5967403d082aa24f35e1b516d23) [PhysX] Initialized MultithreadedTaskDispatcher with 16 workers.
 -> (artifact id: '9a7d183d0c786f77212bb8afc66aa40c') in 0.015864 seconds
Number of updated asset objects reloaded before import = 0
Number of asset objects unloaded after import = 1
========================================================================
Received Import Request.
  Time since last request: 0.000018 seconds.
  path: Assets/ModernSupermarket/Models/Props/Products/Vase_0p0iky/Textures/Vase_0p0iky_Var01_n.png
  artifactKey: Guid(06fc08e9ff326704f828263098062fee) Importer(2089858483,0ecaa5967403d082aa24f35e1b516d23)
Start importing Assets/ModernSupermarket/Models/Props/Products/Vase_0p0iky/Textures/Vase_0p0iky_Var01_n.png using Guid(06fc08e9ff326704f828263098062fee) Importer(2089858483,0ecaa5967403d082aa24f35e1b516d23) [PhysX] Initialized MultithreadedTaskDispatcher with 16 workers.
 -> (artifact id: '47c723392518de0aec2d5813880ffea2') in 0.016017 seconds
Number of updated asset objects reloaded before import = 0
Number of asset objects unloaded after import = 1
========================================================================
Received Import Request.
  Time since last request: 0.000016 seconds.
  path: Assets/ModernSupermarket/Models/Props/Products/Shampoo_vimakk/Textures/Shampoo_vimakk_a_Var01.png
  artifactKey: Guid(fd362d89113db9949bbd8968b7e6e344) Importer(2089858483,0ecaa5967403d082aa24f35e1b516d23)
Start importing Assets/ModernSupermarket/Models/Props/Products/Shampoo_vimakk/Textures/Shampoo_vimakk_a_Var01.png using Guid(fd362d89113db9949bbd8968b7e6e344) Importer(2089858483,0ecaa5967403d082aa24f35e1b516d23) [PhysX] Initialized MultithreadedTaskDispatcher with 16 workers.
 -> (artifact id: '98539a079881f2647acb90d194dacd65') in 0.020733 seconds
Number of updated asset objects reloaded before import = 0
Number of asset objects unloaded after import = 1
========================================================================
Received Import Request.
  Time since last request: 0.000018 seconds.
  path: Assets/ModernSupermarket/Models/Props/Products/Vase_enq19o/Textures/Vase_enq19o_n.png
  artifactKey: Guid(0c6a2c09be1be60438a427a60ec52cc8) Importer(2089858483,0ecaa5967403d082aa24f35e1b516d23)
Start importing Assets/ModernSupermarket/Models/Props/Products/Vase_enq19o/Textures/Vase_enq19o_n.png using Guid(0c6a2c09be1be60438a427a60ec52cc8) Importer(2089858483,0ecaa5967403d082aa24f35e1b516d23) [PhysX] Initialized MultithreadedTaskDispatcher with 16 workers.
 -> (artifact id: 'a8757b583ba198a8c56acad9b3552da7') in 0.017843 seconds
Number of updated asset objects reloaded before import = 0
Number of asset objects unloaded after import = 1
========================================================================
Received Import Request.
  Time since last request: 0.000022 seconds.
  path: Assets/ModernSupermarket/Models/Props/Utility/Bag_my9wcp/Textures/Bag_my9wcp_a.png
  artifactKey: Guid(3c951af6aedc748478eee462fcea812e) Importer(2089858483,0ecaa5967403d082aa24f35e1b516d23)
Start importing Assets/ModernSupermarket/Models/Props/Utility/Bag_my9wcp/Textures/Bag_my9wcp_a.png using Guid(3c951af6aedc748478eee462fcea812e) Importer(2089858483,0ecaa5967403d082aa24f35e1b516d23) [PhysX] Initialized MultithreadedTaskDispatcher with 16 workers.
 -> (artifact id: 'f589e7716c753cdbe00a4253bcf5c744') in 0.016724 seconds
Number of updated asset objects reloaded before import = 0
Number of asset objects unloaded after import = 1
========================================================================
Received Import Request.
  Time since last request: 0.000023 seconds.
  path: Assets/ModernSupermarket/Models/Props/Products/Pasta_9duit2/Textures/PastaPack_9duit2_Farfalle_a.png
  artifactKey: Guid(b2e03be522ff6df48b5a2e60fc40d48f) Importer(2089858483,0ecaa5967403d082aa24f35e1b516d23)
Start importing Assets/ModernSupermarket/Models/Props/Products/Pasta_9duit2/Textures/PastaPack_9duit2_Farfalle_a.png using Guid(b2e03be522ff6df48b5a2e60fc40d48f) Importer(2089858483,0ecaa5967403d082aa24f35e1b516d23) [PhysX] Initialized MultithreadedTaskDispatcher with 16 workers.
 -> (artifact id: '4938f3d05a645168bb12d9730cf6adcc') in 0.017643 seconds
Number of updated asset objects reloaded before import = 0
Number of asset objects unloaded after import = 1
========================================================================
Received Import Request.
  Time since last request: 0.000026 seconds.
  path: Assets/ModernSupermarket/Models/Props/Products/Shampoo_vimakk/Textures/Shampoo_vimakk_n.png
  artifactKey: Guid(410c121510e680242aa2aec4447041f1) Importer(2089858483,0ecaa5967403d082aa24f35e1b516d23)
Start importing Assets/ModernSupermarket/Models/Props/Products/Shampoo_vimakk/Textures/Shampoo_vimakk_n.png using Guid(410c121510e680242aa2aec4447041f1) Importer(2089858483,0ecaa5967403d082aa24f35e1b516d23) [PhysX] Initialized MultithreadedTaskDispatcher with 16 workers.
 -> (artifact id: '6e9edc78e44c01b8e43621393da4244c') in 0.022438 seconds
Number of updated asset objects reloaded before import = 0
Number of asset objects unloaded after import = 1
========================================================================
Received Import Request.
  Time since last request: 0.000016 seconds.
  path: Assets/ModernSupermarket/Models/Props/Products/Soda_f6b9gw/Textures/Soda_f6b9gw_n.png
  artifactKey: Guid(d0a08e790c559cd4a9a812498f657aa1) Importer(2089858483,0ecaa5967403d082aa24f35e1b516d23)
Start importing Assets/ModernSupermarket/Models/Props/Products/Soda_f6b9gw/Textures/Soda_f6b9gw_n.png using Guid(d0a08e790c559cd4a9a812498f657aa1) Importer(2089858483,0ecaa5967403d082aa24f35e1b516d23) [PhysX] Initialized MultithreadedTaskDispatcher with 16 workers.
 -> (artifact id: '2201515c4858b126a78f617534fe51e1') in 0.015744 seconds
Number of updated asset objects reloaded before import = 0
Number of asset objects unloaded after import = 1
========================================================================
Received Import Request.
  Time since last request: 0.000017 seconds.
  path: Assets/ModernSupermarket/Models/Props/Products/Vase_enq19o/Textures/Vase_enq19o_m.png
  artifactKey: Guid(d2b3f76e14cd7674f85cf1409979b4f6) Importer(2089858483,0ecaa5967403d082aa24f35e1b516d23)
Start importing Assets/ModernSupermarket/Models/Props/Products/Vase_enq19o/Textures/Vase_enq19o_m.png using Guid(d2b3f76e14cd7674f85cf1409979b4f6) Importer(2089858483,0ecaa5967403d082aa24f35e1b516d23) [PhysX] Initialized MultithreadedTaskDispatcher with 16 workers.
 -> (artifact id: 'f8d5051cb84bb96cbf725f4db9d79aa6') in 0.017347 seconds
Number of updated asset objects reloaded before import = 0
Number of asset objects unloaded after import = 1
========================================================================
Received Import Request.
  Time since last request: 0.000016 seconds.
  path: Assets/ModernSupermarket/Models/Props/Products/Pasta_9duit2/Textures/PastaPack_9duit2_n.png
  artifactKey: Guid(8e3524800fad9304d92690c32040b30c) Importer(2089858483,0ecaa5967403d082aa24f35e1b516d23)
Start importing Assets/ModernSupermarket/Models/Props/Products/Pasta_9duit2/Textures/PastaPack_9duit2_n.png using Guid(8e3524800fad9304d92690c32040b30c) Importer(2089858483,0ecaa5967403d082aa24f35e1b516d23) [PhysX] Initialized MultithreadedTaskDispatcher with 16 workers.
 -> (artifact id: '857c40a5166411b9f7cee34bcd6a32bf') in 0.017767 seconds
Number of updated asset objects reloaded before import = 0
Number of asset objects unloaded after import = 1
========================================================================
Received Import Request.
  Time since last request: 0.000030 seconds.
  path: Assets/ModernSupermarket/Models/Props/Products/Teabox_5oq0ki/Textures/Teabox_5oq0ki_a.png
  artifactKey: Guid(610916af4e626ab4c86f51d571cc746b) Importer(2089858483,0ecaa5967403d082aa24f35e1b516d23)
Start importing Assets/ModernSupermarket/Models/Props/Products/Teabox_5oq0ki/Textures/Teabox_5oq0ki_a.png using Guid(610916af4e626ab4c86f51d571cc746b) Importer(2089858483,0ecaa5967403d082aa24f35e1b516d23) [PhysX] Initialized MultithreadedTaskDispatcher with 16 workers.
 -> (artifact id: 'f588407d0d9b34404f85ccc7a4bba1da') in 0.015245 seconds
Number of updated asset objects reloaded before import = 0
Number of asset objects unloaded after import = 1
========================================================================
Received Import Request.
  Time since last request: 0.000025 seconds.
  path: Assets/ModernSupermarket/Models/Props/Products/PotatoBag_gcx3y2/Textures/PotatoeBag_gcx3y2_a.png
  artifactKey: Guid(5924fa1e69f0f904f9926abaeb16c747) Importer(2089858483,0ecaa5967403d082aa24f35e1b516d23)
Start importing Assets/ModernSupermarket/Models/Props/Products/PotatoBag_gcx3y2/Textures/PotatoeBag_gcx3y2_a.png using Guid(5924fa1e69f0f904f9926abaeb16c747) Importer(2089858483,0ecaa5967403d082aa24f35e1b516d23) [PhysX] Initialized MultithreadedTaskDispatcher with 16 workers.
 -> (artifact id: '5fd7123e02c164d35c954a08aa1c831e') in 0.016466 seconds
Number of updated asset objects reloaded before import = 0
Number of asset objects unloaded after import = 1
========================================================================
Received Import Request.
  Time since last request: 0.000016 seconds.
  path: Assets/ModernSupermarket/Models/Props/Products/WaterPack_mqmuh7/Textures/WaterPack_mqmuh7_a.png
  artifactKey: Guid(f7e80e69180214543b263ec5e6b9ad00) Importer(2089858483,0ecaa5967403d082aa24f35e1b516d23)
Start importing Assets/ModernSupermarket/Models/Props/Products/WaterPack_mqmuh7/Textures/WaterPack_mqmuh7_a.png using Guid(f7e80e69180214543b263ec5e6b9ad00) Importer(2089858483,0ecaa5967403d082aa24f35e1b516d23) [PhysX] Initialized MultithreadedTaskDispatcher with 16 workers.
 -> (artifact id: '4b8ea526fc731d252c0cc463fff3c075') in 0.016155 seconds
Number of updated asset objects reloaded before import = 0
Number of asset objects unloaded after import = 1
========================================================================
Received Import Request.
  Time since last request: 0.000038 seconds.
  path: Assets/ModernSupermarket/Models/Props/Products/Soda_7gwg2t/Textures/Soda_7gwg2t_a.png
  artifactKey: Guid(7e81941e8470ff04f9e707a445e5ecfc) Importer(2089858483,0ecaa5967403d082aa24f35e1b516d23)
Start importing Assets/ModernSupermarket/Models/Props/Products/Soda_7gwg2t/Textures/Soda_7gwg2t_a.png using Guid(7e81941e8470ff04f9e707a445e5ecfc) Importer(2089858483,0ecaa5967403d082aa24f35e1b516d23) [PhysX] Initialized MultithreadedTaskDispatcher with 16 workers.
 -> (artifact id: '9b4278c2cdf4515c92ed857414796367') in 0.016131 seconds
Number of updated asset objects reloaded before import = 0
Number of asset objects unloaded after import = 1
========================================================================
Received Import Request.
  Time since last request: 0.000019 seconds.
  path: Assets/ModernSupermarket/Models/Props/Products/Pasta_9duit2/Textures/PastaPack_9duit2_Penne_m.png
  artifactKey: Guid(b2dfaccb80829ff459009204faa4774a) Importer(2089858483,0ecaa5967403d082aa24f35e1b516d23)
Start importing Assets/ModernSupermarket/Models/Props/Products/Pasta_9duit2/Textures/PastaPack_9duit2_Penne_m.png using Guid(b2dfaccb80829ff459009204faa4774a) Importer(2089858483,0ecaa5967403d082aa24f35e1b516d23) [PhysX] Initialized MultithreadedTaskDispatcher with 16 workers.
 -> (artifact id: '86d1c6e817eafb26da43906080c69812') in 0.015841 seconds
Number of updated asset objects reloaded before import = 0
Number of asset objects unloaded after import = 1
========================================================================
Received Import Request.
  Time since last request: 0.000016 seconds.
  path: Assets/ModernSupermarket/Models/Props/Products/Teabox_fhe54d/Textures/Teabox_fhe54d_a.png
  artifactKey: Guid(58a27afb775a04e41add3978fe2e3fd9) Importer(2089858483,0ecaa5967403d082aa24f35e1b516d23)
Start importing Assets/ModernSupermarket/Models/Props/Products/Teabox_fhe54d/Textures/Teabox_fhe54d_a.png using Guid(58a27afb775a04e41add3978fe2e3fd9) Importer(2089858483,0ecaa5967403d082aa24f35e1b516d23) [PhysX] Initialized MultithreadedTaskDispatcher with 16 workers.
 -> (artifact id: '121d4f63e0f346e944d2ece79e0d63cf') in 0.017056 seconds
Number of updated asset objects reloaded before import = 0
Number of asset objects unloaded after import = 1
========================================================================
Received Import Request.
  Time since last request: 0.000016 seconds.
  path: Assets/ModernSupermarket/Models/Props/Products/Shampoo_u15m67/Textures/Shampoo_u15m67_Var04.png
  artifactKey: Guid(7daa243e57452e947aeaaed76052852d) Importer(2089858483,0ecaa5967403d082aa24f35e1b516d23)
Start importing Assets/ModernSupermarket/Models/Props/Products/Shampoo_u15m67/Textures/Shampoo_u15m67_Var04.png using Guid(7daa243e57452e947aeaaed76052852d) Importer(2089858483,0ecaa5967403d082aa24f35e1b516d23) [PhysX] Initialized MultithreadedTaskDispatcher with 16 workers.
 -> (artifact id: '58d07a2403faa2fd6ef90dc2e4cad508') in 0.015840 seconds
Number of updated asset objects reloaded before import = 0
Number of asset objects unloaded after import = 1
========================================================================
Received Import Request.
  Time since last request: 0.000017 seconds.
  path: Assets/ModernSupermarket/Models/Props/Products/ToyCar_t5i4lw/Textures/ToyCar_t5i4lw_mask.png
  artifactKey: Guid(17863b4ff5c6a0f4dadedbf5517985cf) Importer(2089858483,0ecaa5967403d082aa24f35e1b516d23)
Start importing Assets/ModernSupermarket/Models/Props/Products/ToyCar_t5i4lw/Textures/ToyCar_t5i4lw_mask.png using Guid(17863b4ff5c6a0f4dadedbf5517985cf) Importer(2089858483,0ecaa5967403d082aa24f35e1b516d23) [PhysX] Initialized MultithreadedTaskDispatcher with 16 workers.
 -> (artifact id: '30b9fe386eb9446ec7f238032263a42e') in 0.019582 seconds
Number of updated asset objects reloaded before import = 0
Number of asset objects unloaded after import = 1
========================================================================
Received Import Request.
  Time since last request: 0.000017 seconds.
  path: Assets/ModernSupermarket/Models/Props/Products/Pepper_ybmiq9/Textures/Pepper_ybmiq9_m.png
  artifactKey: Guid(9dfe9b72c8d2caf4c8b57784b9752840) Importer(2089858483,0ecaa5967403d082aa24f35e1b516d23)
Start importing Assets/ModernSupermarket/Models/Props/Products/Pepper_ybmiq9/Textures/Pepper_ybmiq9_m.png using Guid(9dfe9b72c8d2caf4c8b57784b9752840) Importer(2089858483,0ecaa5967403d082aa24f35e1b516d23) [PhysX] Initialized MultithreadedTaskDispatcher with 16 workers.
 -> (artifact id: '010b252c2b1c58ef327214f6a2d6801d') in 0.017753 seconds
Number of updated asset objects reloaded before import = 0
Number of asset objects unloaded after import = 1
========================================================================
Received Import Request.
  Time since last request: 0.000018 seconds.
  path: Assets/ModernSupermarket/Models/Props/Products/SlicedBread_6zus31/Textures/SliceBread_6zus31_a.png
  artifactKey: Guid(fb51c41845af12d438165f2007d6d37e) Importer(2089858483,0ecaa5967403d082aa24f35e1b516d23)
Start importing Assets/ModernSupermarket/Models/Props/Products/SlicedBread_6zus31/Textures/SliceBread_6zus31_a.png using Guid(fb51c41845af12d438165f2007d6d37e) Importer(2089858483,0ecaa5967403d082aa24f35e1b516d23) [PhysX] Initialized MultithreadedTaskDispatcher with 16 workers.
 -> (artifact id: '6f6dcb5b8ab156a61c4a0a23bc17bab8') in 0.016336 seconds
Number of updated asset objects reloaded before import = 0
Number of asset objects unloaded after import = 1
========================================================================
Received Import Request.
  Time since last request: 0.000019 seconds.
  path: Assets/ModernSupermarket/Models/Props/Products/Teabox_5oq0ki/Textures/Teabox_5oq0ki_n.png
  artifactKey: Guid(767f5d6d0aa943b4d836f252204bf7ec) Importer(2089858483,0ecaa5967403d082aa24f35e1b516d23)
Start importing Assets/ModernSupermarket/Models/Props/Products/Teabox_5oq0ki/Textures/Teabox_5oq0ki_n.png using Guid(767f5d6d0aa943b4d836f252204bf7ec) Importer(2089858483,0ecaa5967403d082aa24f35e1b516d23) [PhysX] Initialized MultithreadedTaskDispatcher with 16 workers.
 -> (artifact id: '6510a684b4dbf4eb84fe888b43c019d6') in 0.020324 seconds
Number of updated asset objects reloaded before import = 0
Number of asset objects unloaded after import = 1
========================================================================
Received Import Request.
  Time since last request: 0.000017 seconds.
  path: Assets/ModernSupermarket/Models/Props/Products/Teabox_l5w9ll/Textures/Teabox_l5w9ll_m.png
  artifactKey: Guid(d14521d82b6ee274abdab2e72fea5ab2) Importer(2089858483,0ecaa5967403d082aa24f35e1b516d23)
Start importing Assets/ModernSupermarket/Models/Props/Products/Teabox_l5w9ll/Textures/Teabox_l5w9ll_m.png using Guid(d14521d82b6ee274abdab2e72fea5ab2) Importer(2089858483,0ecaa5967403d082aa24f35e1b516d23) [PhysX] Initialized MultithreadedTaskDispatcher with 16 workers.
 -> (artifact id: '0e7dab275db8d2ce566514a5af3e93a8') in 0.014576 seconds
Number of updated asset objects reloaded before import = 0
Number of asset objects unloaded after import = 1
========================================================================
Received Import Request.
  Time since last request: 0.000027 seconds.
  path: Assets/ModernSupermarket/Models/Props/Products/Sugar_ffc568/Textures/Sugar_ffc568_a_Var02.png
  artifactKey: Guid(ce5b26f6f59e04b489e80a6b58a590f7) Importer(2089858483,0ecaa5967403d082aa24f35e1b516d23)
Start importing Assets/ModernSupermarket/Models/Props/Products/Sugar_ffc568/Textures/Sugar_ffc568_a_Var02.png using Guid(ce5b26f6f59e04b489e80a6b58a590f7) Importer(2089858483,0ecaa5967403d082aa24f35e1b516d23) [PhysX] Initialized MultithreadedTaskDispatcher with 16 workers.
 -> (artifact id: '0af7cd819424caa867868e97e1c156c1') in 0.017226 seconds
Number of updated asset objects reloaded before import = 0
Number of asset objects unloaded after import = 1
========================================================================
Received Import Request.
  Time since last request: 0.000019 seconds.
  path: Assets/ModernSupermarket/Models/Props/Products/SlicedBread_6zus31/Textures/SliceBread_6zus31_Bread_o.png
  artifactKey: Guid(81eb41e0ec3f9fc48afa40dcfdfadebc) Importer(2089858483,0ecaa5967403d082aa24f35e1b516d23)
Start importing Assets/ModernSupermarket/Models/Props/Products/SlicedBread_6zus31/Textures/SliceBread_6zus31_Bread_o.png using Guid(81eb41e0ec3f9fc48afa40dcfdfadebc) Importer(2089858483,0ecaa5967403d082aa24f35e1b516d23) [PhysX] Initialized MultithreadedTaskDispatcher with 16 workers.
 -> (artifact id: 'aded3e76a83bd1438e205f3237bddd2d') in 0.017414 seconds
Number of updated asset objects reloaded before import = 0
Number of asset objects unloaded after import = 1
========================================================================
Received Import Request.
  Time since last request: 0.000031 seconds.
  path: Assets/ModernSupermarket/Models/Props/Products/Soda_f6b9gw/Materials/Soda_7gwg2t_a_Var01.mat
  artifactKey: Guid(a5e6d0feeeaa91547bbbaf1dae227ba2) Importer(2089858483,0ecaa5967403d082aa24f35e1b516d23)
Start importing Assets/ModernSupermarket/Models/Props/Products/Soda_f6b9gw/Materials/Soda_7gwg2t_a_Var01.mat using Guid(a5e6d0feeeaa91547bbbaf1dae227ba2) Importer(2089858483,0ecaa5967403d082aa24f35e1b516d23) [PhysX] Initialized MultithreadedTaskDispatcher with 16 workers.
 -> (artifact id: '80bb544ff88171cc8c3eb1d4bb6ebdc6') in 0.014020 seconds
Number of updated asset objects reloaded before import = 0
Number of asset objects unloaded after import = 2
========================================================================
Received Import Request.
  Time since last request: 0.000023 seconds.
  path: Assets/ModernSupermarket/Models/Props/Products/ToiletPaper_tunz3i/Textures/ToiletPaper_tunz3i_a.png
  artifactKey: Guid(65f5395b5e2026643b56ad8d64497a4b) Importer(2089858483,0ecaa5967403d082aa24f35e1b516d23)
Start importing Assets/ModernSupermarket/Models/Props/Products/ToiletPaper_tunz3i/Textures/ToiletPaper_tunz3i_a.png using Guid(65f5395b5e2026643b56ad8d64497a4b) Importer(2089858483,0ecaa5967403d082aa24f35e1b516d23) [PhysX] Initialized MultithreadedTaskDispatcher with 16 workers.
 -> (artifact id: '05572d2e32cb8ebac58986c5533b2d07') in 0.018954 seconds
Number of updated asset objects reloaded before import = 0
Number of asset objects unloaded after import = 1
========================================================================
Received Import Request.
  Time since last request: 0.000020 seconds.
  path: Assets/ModernSupermarket/Models/Props/Products/Pasta_9duit2/Textures/PastaPack_9duit2_a.png
  artifactKey: Guid(295881fb2a4a89944b4f738405a7b1e2) Importer(2089858483,0ecaa5967403d082aa24f35e1b516d23)
Start importing Assets/ModernSupermarket/Models/Props/Products/Pasta_9duit2/Textures/PastaPack_9duit2_a.png using Guid(295881fb2a4a89944b4f738405a7b1e2) Importer(2089858483,0ecaa5967403d082aa24f35e1b516d23) [PhysX] Initialized MultithreadedTaskDispatcher with 16 workers.
 -> (artifact id: 'b6e270490cdcc23ccb9149a0707d8b0e') in 0.018057 seconds
Number of updated asset objects reloaded before import = 0
Number of asset objects unloaded after import = 1
========================================================================
Received Import Request.
  Time since last request: 0.000023 seconds.
  path: Assets/ModernSupermarket/Models/Props/Products/Pasta_g87jtq/Textures/PastaPack_g87jtq_m.png
  artifactKey: Guid(930efaacf63bed543af8cd17fa355edb) Importer(2089858483,0ecaa5967403d082aa24f35e1b516d23)
Start importing Assets/ModernSupermarket/Models/Props/Products/Pasta_g87jtq/Textures/PastaPack_g87jtq_m.png using Guid(930efaacf63bed543af8cd17fa355edb) Importer(2089858483,0ecaa5967403d082aa24f35e1b516d23) [PhysX] Initialized MultithreadedTaskDispatcher with 16 workers.
 -> (artifact id: '8e4f2689f51d38e083823c6e0325ed51') in 0.016295 seconds
Number of updated asset objects reloaded before import = 0
Number of asset objects unloaded after import = 1
========================================================================
Received Import Request.
  Time since last request: 0.000022 seconds.
  path: Assets/ModernSupermarket/Models/Props/Products/PetFood_3pjwif/Textures/PetFood_3pjwif_m.png
  artifactKey: Guid(1d72e53100b0a0e4a9618d9fb3e4644b) Importer(2089858483,0ecaa5967403d082aa24f35e1b516d23)
Start importing Assets/ModernSupermarket/Models/Props/Products/PetFood_3pjwif/Textures/PetFood_3pjwif_m.png using Guid(1d72e53100b0a0e4a9618d9fb3e4644b) Importer(2089858483,0ecaa5967403d082aa24f35e1b516d23) [PhysX] Initialized MultithreadedTaskDispatcher with 16 workers.
 -> (artifact id: 'acd77bf4060ae0183c3157a1a9febfc5') in 0.018328 seconds
Number of updated asset objects reloaded before import = 0
Number of asset objects unloaded after import = 1
========================================================================
Received Import Request.
  Time since last request: 0.000018 seconds.
  path: Assets/ModernSupermarket/Models/Props/Products/Soap_1rcsb1/Textures/Soap_1rcsb1_m.png
  artifactKey: Guid(a8542a164c860b24db832752f79a1cb7) Importer(2089858483,0ecaa5967403d082aa24f35e1b516d23)
Start importing Assets/ModernSupermarket/Models/Props/Products/Soap_1rcsb1/Textures/Soap_1rcsb1_m.png using Guid(a8542a164c860b24db832752f79a1cb7) Importer(2089858483,0ecaa5967403d082aa24f35e1b516d23) [PhysX] Initialized MultithreadedTaskDispatcher with 16 workers.
 -> (artifact id: '48261270a5a4d1e5f58fb3027a870503') in 0.016648 seconds
Number of updated asset objects reloaded before import = 0
Number of asset objects unloaded after import = 1
========================================================================
Received Import Request.
  Time since last request: 0.000019 seconds.
  path: Assets/ModernSupermarket/Models/Props/Products/Shampoo_u15m67/Textures/Shampoo_u15m67_Var01.png
  artifactKey: Guid(aee2e6ed1a6c4394c8e60a22c28ac27c) Importer(2089858483,0ecaa5967403d082aa24f35e1b516d23)
Start importing Assets/ModernSupermarket/Models/Props/Products/Shampoo_u15m67/Textures/Shampoo_u15m67_Var01.png using Guid(aee2e6ed1a6c4394c8e60a22c28ac27c) Importer(2089858483,0ecaa5967403d082aa24f35e1b516d23) [PhysX] Initialized MultithreadedTaskDispatcher with 16 workers.
 -> (artifact id: 'bf42d29102f6c95e4a4715ab87703ebf') in 0.015444 seconds
Number of updated asset objects reloaded before import = 0
Number of asset objects unloaded after import = 1
========================================================================
Received Import Request.
  Time since last request: 0.000019 seconds.
  path: Assets/ModernSupermarket/Models/Props/Utility/Bag_j5sec2/Textures/Bag_j5sec2_a.png
  artifactKey: Guid(96dca5e81ffb32f4aa370a3b163c2913) Importer(2089858483,0ecaa5967403d082aa24f35e1b516d23)
Start importing Assets/ModernSupermarket/Models/Props/Utility/Bag_j5sec2/Textures/Bag_j5sec2_a.png using Guid(96dca5e81ffb32f4aa370a3b163c2913) Importer(2089858483,0ecaa5967403d082aa24f35e1b516d23) [PhysX] Initialized MultithreadedTaskDispatcher with 16 workers.
 -> (artifact id: '6554b7fc0b8e0a5c9849229e657b09df') in 0.017954 seconds
Number of updated asset objects reloaded before import = 0
Number of asset objects unloaded after import = 1
========================================================================
Received Import Request.
  Time since last request: 0.000020 seconds.
  path: Assets/ModernSupermarket/Models/Props/Products/Soda_d7rdw9/Textures/Soda_d7rdw9_n.png
  artifactKey: Guid(be97c950a0c62424bbae14ba8a3cf46f) Importer(2089858483,0ecaa5967403d082aa24f35e1b516d23)
Start importing Assets/ModernSupermarket/Models/Props/Products/Soda_d7rdw9/Textures/Soda_d7rdw9_n.png using Guid(be97c950a0c62424bbae14ba8a3cf46f) Importer(2089858483,0ecaa5967403d082aa24f35e1b516d23) [PhysX] Initialized MultithreadedTaskDispatcher with 16 workers.
 -> (artifact id: '1322494f96e1a9083a7912aeb1cf7253') in 0.018162 seconds
Number of updated asset objects reloaded before import = 0
Number of asset objects unloaded after import = 1
========================================================================
Received Import Request.
  Time since last request: 0.000037 seconds.
  path: Assets/ModernSupermarket/Models/Props/Products/Soap_eegrv7/Textures/Soap_eegrv7_a.png
  artifactKey: Guid(08bac6de3951f6f46ae50e781ceaaf1b) Importer(2089858483,0ecaa5967403d082aa24f35e1b516d23)
Start importing Assets/ModernSupermarket/Models/Props/Products/Soap_eegrv7/Textures/Soap_eegrv7_a.png using Guid(08bac6de3951f6f46ae50e781ceaaf1b) Importer(2089858483,0ecaa5967403d082aa24f35e1b516d23) [PhysX] Initialized MultithreadedTaskDispatcher with 16 workers.
 -> (artifact id: '88b9e1173d8d1f65a193f5bf83bd40a6') in 0.015732 seconds
Number of updated asset objects reloaded before import = 0
Number of asset objects unloaded after import = 1
========================================================================
Received Import Request.
  Time since last request: 0.000022 seconds.
  path: Assets/ModernSupermarket/Models/Props/Products/Beer_lryra7/Textures/BeerBottle_fdde0u_n.png
  artifactKey: Guid(8556e4b9ed4a06e43b56a2e79363f0c1) Importer(2089858483,0ecaa5967403d082aa24f35e1b516d23)
Start importing Assets/ModernSupermarket/Models/Props/Products/Beer_lryra7/Textures/BeerBottle_fdde0u_n.png using Guid(8556e4b9ed4a06e43b56a2e79363f0c1) Importer(2089858483,0ecaa5967403d082aa24f35e1b516d23) [PhysX] Initialized MultithreadedTaskDispatcher with 16 workers.
 -> (artifact id: '8d76ad73b712ee94f50fcad8577667d0') in 0.019560 seconds
Number of updated asset objects reloaded before import = 0
Number of asset objects unloaded after import = 1
========================================================================
Received Import Request.
  Time since last request: 0.000022 seconds.
  path: Assets/ModernSupermarket/Models/Props/Produce/Banana_zjs4oz/Textures/Materials/Banana_zjs4oz.mat
  artifactKey: Guid(2635c6db7f2f7be4fa07fb8cfc02c0b4) Importer(2089858483,0ecaa5967403d082aa24f35e1b516d23)
Start importing Assets/ModernSupermarket/Models/Props/Produce/Banana_zjs4oz/Textures/Materials/Banana_zjs4oz.mat using Guid(2635c6db7f2f7be4fa07fb8cfc02c0b4) Importer(2089858483,0ecaa5967403d082aa24f35e1b516d23) [PhysX] Initialized MultithreadedTaskDispatcher with 16 workers.
 -> (artifact id: '3496a88dbb728c7ca90b0b3f5a834b31') in 0.017096 seconds
Number of updated asset objects reloaded before import = 0
Number of asset objects unloaded after import = 5
========================================================================
Received Import Request.
  Time since last request: 0.000021 seconds.
  path: Assets/ModernSupermarket/Models/Props/Products/Beer_lryra7/Textures/Materials/BeerBottle_fdde0u_Label_Var02.mat
  artifactKey: Guid(5915ad29d69403f439d6f9ad1f9ac4f2) Importer(2089858483,0ecaa5967403d082aa24f35e1b516d23)
Start importing Assets/ModernSupermarket/Models/Props/Products/Beer_lryra7/Textures/Materials/BeerBottle_fdde0u_Label_Var02.mat using Guid(5915ad29d69403f439d6f9ad1f9ac4f2) Importer(2089858483,0ecaa5967403d082aa24f35e1b516d23) [PhysX] Initialized MultithreadedTaskDispatcher with 16 workers.
 -> (artifact id: '37ad6809482e4490508c5f4167368cff') in 0.016101 seconds
Number of updated asset objects reloaded before import = 0
Number of asset objects unloaded after import = 4
========================================================================
Received Import Request.
  Time since last request: 0.000034 seconds.
  path: Assets/ModernSupermarket/Models/Props/Products/Alcohol_eoojba/Textures/Materials/Whisky_eoojba.mat
  artifactKey: Guid(a785ce1372623334aae27440333f112d) Importer(2089858483,0ecaa5967403d082aa24f35e1b516d23)
Start importing Assets/ModernSupermarket/Models/Props/Products/Alcohol_eoojba/Textures/Materials/Whisky_eoojba.mat using Guid(a785ce1372623334aae27440333f112d) Importer(2089858483,0ecaa5967403d082aa24f35e1b516d23) [PhysX] Initialized MultithreadedTaskDispatcher with 16 workers.
 -> (artifact id: '00b73aca9d81339563411c2868ca6980') in 0.016945 seconds
Number of updated asset objects reloaded before import = 0
Number of asset objects unloaded after import = 4
========================================================================
Received Import Request.
  Time since last request: 0.000027 seconds.
  path: Assets/ModernSupermarket/Models/Props/Utility/WetFloor_fxi59q/Textures/WetFloor_fxi59q_r.png
  artifactKey: Guid(5518df5090d0e7845a4b0a25690d8d64) Importer(2089858483,0ecaa5967403d082aa24f35e1b516d23)
Start importing Assets/ModernSupermarket/Models/Props/Utility/WetFloor_fxi59q/Textures/WetFloor_fxi59q_r.png using Guid(5518df5090d0e7845a4b0a25690d8d64) Importer(2089858483,0ecaa5967403d082aa24f35e1b516d23) [PhysX] Initialized MultithreadedTaskDispatcher with 16 workers.
 -> (artifact id: '49fe3921d89ab079e23aa9b9ad95ab5c') in 0.020495 seconds
Number of updated asset objects reloaded before import = 0
Number of asset objects unloaded after import = 1
========================================================================
Received Import Request.
  Time since last request: 0.000040 seconds.
  path: Assets/ModernSupermarket/Models/Props/Utility/CashMachine_lazhgf/Textures/CashMachine_lazhgf_m.png
  artifactKey: Guid(5f9552044e4ffcd4dbaf25bd4e1e72c5) Importer(2089858483,0ecaa5967403d082aa24f35e1b516d23)
Start importing Assets/ModernSupermarket/Models/Props/Utility/CashMachine_lazhgf/Textures/CashMachine_lazhgf_m.png using Guid(5f9552044e4ffcd4dbaf25bd4e1e72c5) Importer(2089858483,0ecaa5967403d082aa24f35e1b516d23) [PhysX] Initialized MultithreadedTaskDispatcher with 16 workers.
 -> (artifact id: '8501460797191615911eaa0b6cbd586d') in 0.020264 seconds
Number of updated asset objects reloaded before import = 0
Number of asset objects unloaded after import = 1
========================================================================
Received Import Request.
  Time since last request: 0.000017 seconds.
  path: Assets/ModernSupermarket/Models/Props/Utility/WetFloor_fxi59q/Textures/WetFloor_fxi59q_m.png
  artifactKey: Guid(1572db9a7b73c4548a0e33a67230d1b8) Importer(2089858483,0ecaa5967403d082aa24f35e1b516d23)
Start importing Assets/ModernSupermarket/Models/Props/Utility/WetFloor_fxi59q/Textures/WetFloor_fxi59q_m.png using Guid(1572db9a7b73c4548a0e33a67230d1b8) Importer(2089858483,0ecaa5967403d082aa24f35e1b516d23) [PhysX] Initialized MultithreadedTaskDispatcher with 16 workers.
 -> (artifact id: 'ae5d78c7a8b82c11a1d1b0a4a967ccfa') in 0.021067 seconds
Number of updated asset objects reloaded before import = 0
Number of asset objects unloaded after import = 1
========================================================================
Received Import Request.
  Time since last request: 0.000028 seconds.
  path: Assets/ModernSupermarket/Models/Props/Utility/Basket_x5gi0j/Textures/Basket_x5gi0j_o.png
  artifactKey: Guid(d90eeb581abf2bb4f9d27cec8602608b) Importer(2089858483,0ecaa5967403d082aa24f35e1b516d23)
Start importing Assets/ModernSupermarket/Models/Props/Utility/Basket_x5gi0j/Textures/Basket_x5gi0j_o.png using Guid(d90eeb581abf2bb4f9d27cec8602608b) Importer(2089858483,0ecaa5967403d082aa24f35e1b516d23) [PhysX] Initialized MultithreadedTaskDispatcher with 16 workers.
 -> (artifact id: 'f73efd1b4f0bad90647f21b85544494a') in 0.016549 seconds
Number of updated asset objects reloaded before import = 0
Number of asset objects unloaded after import = 1
========================================================================
Received Import Request.
  Time since last request: 0.000022 seconds.
  path: Assets/ModernSupermarket/Models/Props/Produce/Pumpkin_hjtgsa/Textures/Materials/Pumpkin_hjtgsa.mat
  artifactKey: Guid(fa54280cafdfa8d49bd3d8926f3d61ed) Importer(2089858483,0ecaa5967403d082aa24f35e1b516d23)
Start importing Assets/ModernSupermarket/Models/Props/Produce/Pumpkin_hjtgsa/Textures/Materials/Pumpkin_hjtgsa.mat using Guid(fa54280cafdfa8d49bd3d8926f3d61ed) Importer(2089858483,0ecaa5967403d082aa24f35e1b516d23) [PhysX] Initialized MultithreadedTaskDispatcher with 16 workers.
 -> (artifact id: '4bc66170f0c4d126e3b30375f6337d1f') in 0.014779 seconds
Number of updated asset objects reloaded before import = 0
Number of asset objects unloaded after import = 5
========================================================================
Received Import Request.
  Time since last request: 0.000017 seconds.
  path: Assets/ModernSupermarket/Models/Props/Utility/CashMachine_lazhgf/Textures/CashMachine_lazhgf_o.png
  artifactKey: Guid(dbe74a6c40b8b394a864d23e90f6b786) Importer(2089858483,0ecaa5967403d082aa24f35e1b516d23)
Start importing Assets/ModernSupermarket/Models/Props/Utility/CashMachine_lazhgf/Textures/CashMachine_lazhgf_o.png using Guid(dbe74a6c40b8b394a864d23e90f6b786) Importer(2089858483,0ecaa5967403d082aa24f35e1b516d23) [PhysX] Initialized MultithreadedTaskDispatcher with 16 workers.
 -> (artifact id: 'b4ff3664175e638c899c9da237106555') in 0.015140 seconds
Number of updated asset objects reloaded before import = 0
Number of asset objects unloaded after import = 1
========================================================================
Received Import Request.
  Time since last request: 0.000017 seconds.
  path: Assets/ModernSupermarket/Models/Props/Products/Capsule_dchvzi/Textures/Materials/Capsule_dchvzi.mat
  artifactKey: Guid(4784d0c4a0b5cdc4694f4e3953d5f34c) Importer(2089858483,0ecaa5967403d082aa24f35e1b516d23)
Start importing Assets/ModernSupermarket/Models/Props/Products/Capsule_dchvzi/Textures/Materials/Capsule_dchvzi.mat using Guid(4784d0c4a0b5cdc4694f4e3953d5f34c) Importer(2089858483,0ecaa5967403d082aa24f35e1b516d23) [PhysX] Initialized MultithreadedTaskDispatcher with 16 workers.
 -> (artifact id: '80c98602a1b5df8c6fd1ca6cb6d197f1') in 0.013861 seconds
Number of updated asset objects reloaded before import = 0
Number of asset objects unloaded after import = 5
========================================================================
Received Import Request.
  Time since last request: 0.000018 seconds.
  path: Assets/ModernSupermarket/Models/Props/Products/Beer_lryra7/Textures/Materials/BeerBottle_fdde0u_Label.mat
  artifactKey: Guid(713cbd5bfdfa7f44b8b22b11b6570123) Importer(2089858483,0ecaa5967403d082aa24f35e1b516d23)
Start importing Assets/ModernSupermarket/Models/Props/Products/Beer_lryra7/Textures/Materials/BeerBottle_fdde0u_Label.mat using Guid(713cbd5bfdfa7f44b8b22b11b6570123) Importer(2089858483,0ecaa5967403d082aa24f35e1b516d23) [PhysX] Initialized MultithreadedTaskDispatcher with 16 workers.
 -> (artifact id: '76f1ba7fc21a895656dc727bc088ed77') in 0.012734 seconds
Number of updated asset objects reloaded before import = 0
Number of asset objects unloaded after import = 4
========================================================================
Received Import Request.
  Time since last request: 0.000016 seconds.
  path: Assets/ModernSupermarket/Models/Props/Products/Alcohol_ao62w4/Textures/Materials/Alcool_ao62w4_Label.mat
  artifactKey: Guid(8d91198ed0bc9534db122383a199a968) Importer(2089858483,0ecaa5967403d082aa24f35e1b516d23)
Start importing Assets/ModernSupermarket/Models/Props/Products/Alcohol_ao62w4/Textures/Materials/Alcool_ao62w4_Label.mat using Guid(8d91198ed0bc9534db122383a199a968) Importer(2089858483,0ecaa5967403d082aa24f35e1b516d23) [PhysX] Initialized MultithreadedTaskDispatcher with 16 workers.
 -> (artifact id: 'e1018a3b21d4266b7f379e9a65b77fd3') in 0.017289 seconds
Number of updated asset objects reloaded before import = 0
Number of asset objects unloaded after import = 4
========================================================================
Received Import Request.
  Time since last request: 0.000021 seconds.
  path: Assets/Packages/System.Text.Json.8.0.5/analyzers/dotnet/roslyn3.11/cs/System.Text.Json.SourceGeneration.dll
  artifactKey: Guid(1fb80bf331d5ad94598421b33cf8ac09) Importer(2089858483,0ecaa5967403d082aa24f35e1b516d23)
Start importing Assets/Packages/System.Text.Json.8.0.5/analyzers/dotnet/roslyn3.11/cs/System.Text.Json.SourceGeneration.dll using Guid(1fb80bf331d5ad94598421b33cf8ac09) Importer(2089858483,0ecaa5967403d082aa24f35e1b516d23) [PhysX] Initialized MultithreadedTaskDispatcher with 16 workers.
 -> (artifact id: '610e8e0aae94ea29014b292a827358b3') in 0.013645 seconds
Number of updated asset objects reloaded before import = 0
Number of asset objects unloaded after import = 1
========================================================================
Received Import Request.
  Time since last request: 0.000024 seconds.
  path: Assets/ModernSupermarket/Models/Props/Products/Butter_5ttny6/Textures/Materials/Butters_5ttny6_low_a.mat
  artifactKey: Guid(6a8e4993cedefd1428bd84da01609867) Importer(2089858483,0ecaa5967403d082aa24f35e1b516d23)
Start importing Assets/ModernSupermarket/Models/Props/Products/Butter_5ttny6/Textures/Materials/Butters_5ttny6_low_a.mat using Guid(6a8e4993cedefd1428bd84da01609867) Importer(2089858483,0ecaa5967403d082aa24f35e1b516d23) [PhysX] Initialized MultithreadedTaskDispatcher with 16 workers.
 -> (artifact id: 'be7fa379cbe7ddf3a6a4a5b4b22ba1bb') in 0.014516 seconds
Number of updated asset objects reloaded before import = 0
Number of asset objects unloaded after import = 5
========================================================================
Received Import Request.
  Time since last request: 0.000027 seconds.
  path: Assets/ModernSupermarket/Models/Props/Utility/FireExtinguisher_ha3jqe/Textures/FireExtinguisher_ha3jqe_a.png
  artifactKey: Guid(c033303119cfc6d43a73270b6286575f) Importer(2089858483,0ecaa5967403d082aa24f35e1b516d23)
Start importing Assets/ModernSupermarket/Models/Props/Utility/FireExtinguisher_ha3jqe/Textures/FireExtinguisher_ha3jqe_a.png using Guid(c033303119cfc6d43a73270b6286575f) Importer(2089858483,0ecaa5967403d082aa24f35e1b516d23) [PhysX] Initialized MultithreadedTaskDispatcher with 16 workers.
 -> (artifact id: '2be9313ef1a4f36ed62af8c9cd421121') in 0.016858 seconds
Number of updated asset objects reloaded before import = 0
Number of asset objects unloaded after import = 1
========================================================================
Received Import Request.
  Time since last request: 0.000030 seconds.
  path: Assets/ModernSupermarket/Models/Props/Products/BeerPack_74mugc/Textures/Materials/BeerPack_74mugc_Var01.mat
  artifactKey: Guid(06cafe8a928b84144ad44baa06b2d8df) Importer(2089858483,0ecaa5967403d082aa24f35e1b516d23)
Start importing Assets/ModernSupermarket/Models/Props/Products/BeerPack_74mugc/Textures/Materials/BeerPack_74mugc_Var01.mat using Guid(06cafe8a928b84144ad44baa06b2d8df) Importer(2089858483,0ecaa5967403d082aa24f35e1b516d23) [PhysX] Initialized MultithreadedTaskDispatcher with 16 workers.
 -> (artifact id: 'f12e5a90153b191ec0c2add757963151') in 0.017029 seconds
Number of updated asset objects reloaded before import = 0
Number of asset objects unloaded after import = 5
========================================================================
Received Import Request.
  Time since last request: 0.000019 seconds.
  path: Assets/ModernSupermarket/Models/Props/Products/Books_bpxngl/Textures/Materials/Books_bpxngl.mat
  artifactKey: Guid(8b5fad9671f8aca4b868c99abfd71ccb) Importer(2089858483,0ecaa5967403d082aa24f35e1b516d23)
Start importing Assets/ModernSupermarket/Models/Props/Products/Books_bpxngl/Textures/Materials/Books_bpxngl.mat using Guid(8b5fad9671f8aca4b868c99abfd71ccb) Importer(2089858483,0ecaa5967403d082aa24f35e1b516d23) [PhysX] Initialized MultithreadedTaskDispatcher with 16 workers.
 -> (artifact id: '20e6c3f870e962b02e16f875c75d94c7') in 0.052899 seconds
Number of updated asset objects reloaded before import = 0
Number of asset objects unloaded after import = 5
========================================================================
Received Import Request.
  Time since last request: 0.000024 seconds.
  path: Assets/ModernSupermarket/Models/Props/Utility/Scale_av1k2p/Textures/Scale_av1k2p_a.png
  artifactKey: Guid(9bfed21cb948d6b44a2d7bd7d46a0091) Importer(2089858483,0ecaa5967403d082aa24f35e1b516d23)
Start importing Assets/ModernSupermarket/Models/Props/Utility/Scale_av1k2p/Textures/Scale_av1k2p_a.png using Guid(9bfed21cb948d6b44a2d7bd7d46a0091) Importer(2089858483,0ecaa5967403d082aa24f35e1b516d23) [PhysX] Initialized MultithreadedTaskDispatcher with 16 workers.
 -> (artifact id: '432fb3ab0a37ff562f6583b463d4e62a') in 0.017340 seconds
Number of updated asset objects reloaded before import = 0
Number of asset objects unloaded after import = 1
========================================================================
Received Import Request.
  Time since last request: 0.000018 seconds.
  path: Assets/ModernSupermarket/Models/Props/Utility/Cart_nabnuh/Textures/Cart_nabnuh_n.png
  artifactKey: Guid(3a3dec6fb9ac00b49b6c6c59a533d2ef) Importer(2089858483,0ecaa5967403d082aa24f35e1b516d23)
Start importing Assets/ModernSupermarket/Models/Props/Utility/Cart_nabnuh/Textures/Cart_nabnuh_n.png using Guid(3a3dec6fb9ac00b49b6c6c59a533d2ef) Importer(2089858483,0ecaa5967403d082aa24f35e1b516d23) [PhysX] Initialized MultithreadedTaskDispatcher with 16 workers.
 -> (artifact id: '169df4b1b677112818431e5ad13b6a0e') in 0.019661 seconds
Number of updated asset objects reloaded before import = 0
Number of asset objects unloaded after import = 1
========================================================================
Received Import Request.
  Time since last request: 0.000016 seconds.
  path: Assets/ModernSupermarket/Models/Props/Products/Cake_p6lebj/Textures/Materials/BoxCake_p6lebj_Var02.mat
  artifactKey: Guid(2467f2fca4ddc73499c3f84d9ab52ebe) Importer(2089858483,0ecaa5967403d082aa24f35e1b516d23)
Start importing Assets/ModernSupermarket/Models/Props/Products/Cake_p6lebj/Textures/Materials/BoxCake_p6lebj_Var02.mat using Guid(2467f2fca4ddc73499c3f84d9ab52ebe) Importer(2089858483,0ecaa5967403d082aa24f35e1b516d23) [PhysX] Initialized MultithreadedTaskDispatcher with 16 workers.
 -> (artifact id: '80da592151986f7c069838b1e70e1174') in 0.015558 seconds
Number of updated asset objects reloaded before import = 0
Number of asset objects unloaded after import = 5
========================================================================
Received Import Request.
  Time since last request: 0.000018 seconds.
  path: Assets/ModernSupermarket/Models/Props/Utility/Crate_3m39yz/Textures/Crate_3m39yz_a.png
  artifactKey: Guid(d9b18aa80d9a7194c835b42118e5381d) Importer(2089858483,0ecaa5967403d082aa24f35e1b516d23)
Start importing Assets/ModernSupermarket/Models/Props/Utility/Crate_3m39yz/Textures/Crate_3m39yz_a.png using Guid(d9b18aa80d9a7194c835b42118e5381d) Importer(2089858483,0ecaa5967403d082aa24f35e1b516d23) [PhysX] Initialized MultithreadedTaskDispatcher with 16 workers.
 -> (artifact id: '0d7a1f1fe7f662c166b59b7deac48096') in 0.015285 seconds
Number of updated asset objects reloaded before import = 0
Number of asset objects unloaded after import = 1
========================================================================
Received Import Request.
  Time since last request: 0.000017 seconds.
  path: Assets/ModernSupermarket/Models/Props/Products/CandyPack_qkmq5d/Textures/Materials/CandyPack_qkmq5d.mat
  artifactKey: Guid(097ca5a0bea4c684bb1788c51d87563c) Importer(2089858483,0ecaa5967403d082aa24f35e1b516d23)
Start importing Assets/ModernSupermarket/Models/Props/Products/CandyPack_qkmq5d/Textures/Materials/CandyPack_qkmq5d.mat using Guid(097ca5a0bea4c684bb1788c51d87563c) Importer(2089858483,0ecaa5967403d082aa24f35e1b516d23) [PhysX] Initialized MultithreadedTaskDispatcher with 16 workers.
 -> (artifact id: '50423b7b7b77836f2287fbeeacca129c') in 0.020216 seconds
Number of updated asset objects reloaded before import = 0
Number of asset objects unloaded after import = 5
========================================================================
Received Import Request.
  Time since last request: 0.000021 seconds.
  path: Assets/ModernSupermarket/Models/Props/Utility/Basket_o52iei/Textures/Basket_o52iei_condiments01_n.png
  artifactKey: Guid(d22ed731334967740b101cd3b92b79f2) Importer(2089858483,0ecaa5967403d082aa24f35e1b516d23)
Start importing Assets/ModernSupermarket/Models/Props/Utility/Basket_o52iei/Textures/Basket_o52iei_condiments01_n.png using Guid(d22ed731334967740b101cd3b92b79f2) Importer(2089858483,0ecaa5967403d082aa24f35e1b516d23) [PhysX] Initialized MultithreadedTaskDispatcher with 16 workers.
 -> (artifact id: '45207bd0af373c91f462e006c1e2ab9c') in 0.016899 seconds
Number of updated asset objects reloaded before import = 0
Number of asset objects unloaded after import = 1
========================================================================
Received Import Request.
  Time since last request: 0.000066 seconds.
  path: Assets/ModernSupermarket/Models/Props/Products/CandyPack_qkmq5d/Textures/Materials/CandyPack_qkmq5d_Candy.mat
  artifactKey: Guid(d014b1b2873f1ae4287aac2e4a0b0b3b) Importer(2089858483,0ecaa5967403d082aa24f35e1b516d23)
Start importing Assets/ModernSupermarket/Models/Props/Products/CandyPack_qkmq5d/Textures/Materials/CandyPack_qkmq5d_Candy.mat using Guid(d014b1b2873f1ae4287aac2e4a0b0b3b) Importer(2089858483,0ecaa5967403d082aa24f35e1b516d23) [PhysX] Initialized MultithreadedTaskDispatcher with 16 workers.
 -> (artifact id: '1115f64d606ac2931e7aad5b9181a6da') in 0.017691 seconds
Number of updated asset objects reloaded before import = 0
Number of asset objects unloaded after import = 5
========================================================================
Received Import Request.
  Time since last request: 0.000028 seconds.
  path: Assets/ModernSupermarket/Models/Props/Produce/Onion_mut7xz/Textures/Materials/Onion_mut7xz.mat
  artifactKey: Guid(8752d28f3c0d8a94da7d802d1f04158d) Importer(2089858483,0ecaa5967403d082aa24f35e1b516d23)
Start importing Assets/ModernSupermarket/Models/Props/Produce/Onion_mut7xz/Textures/Materials/Onion_mut7xz.mat using Guid(8752d28f3c0d8a94da7d802d1f04158d) Importer(2089858483,0ecaa5967403d082aa24f35e1b516d23) [PhysX] Initialized MultithreadedTaskDispatcher with 16 workers.
 -> (artifact id: '34697e76b1b2a0da05375e8eb642ad64') in 0.014691 seconds
Number of updated asset objects reloaded before import = 0
Number of asset objects unloaded after import = 4
========================================================================
Received Import Request.
  Time since last request: 0.000023 seconds.
  path: Assets/ModernSupermarket/Models/Props/Utility/WetFloor_fxi59q/Textures/WetFloor_fxi59q_h.png
  artifactKey: Guid(150d29b7d59cc9f4aa0b42a2aa8cfb93) Importer(2089858483,0ecaa5967403d082aa24f35e1b516d23)
Start importing Assets/ModernSupermarket/Models/Props/Utility/WetFloor_fxi59q/Textures/WetFloor_fxi59q_h.png using Guid(150d29b7d59cc9f4aa0b42a2aa8cfb93) Importer(2089858483,0ecaa5967403d082aa24f35e1b516d23) [PhysX] Initialized MultithreadedTaskDispatcher with 16 workers.
 -> (artifact id: '5509d4473f86026de05eb0977832ac3a') in 0.022795 seconds
Number of updated asset objects reloaded before import = 0
Number of asset objects unloaded after import = 1
========================================================================
Received Import Request.
  Time since last request: 0.000027 seconds.
  path: Assets/ModernSupermarket/Models/Props/Utility/Stool_6jdl8x/textures/Stool_6jdl8x_o.png
  artifactKey: Guid(bf86c4c783636cb48b1853a9d9c9963d) Importer(2089858483,0ecaa5967403d082aa24f35e1b516d23)
Start importing Assets/ModernSupermarket/Models/Props/Utility/Stool_6jdl8x/textures/Stool_6jdl8x_o.png using Guid(bf86c4c783636cb48b1853a9d9c9963d) Importer(2089858483,0ecaa5967403d082aa24f35e1b516d23) [PhysX] Initialized MultithreadedTaskDispatcher with 16 workers.
 -> (artifact id: 'c5ccacabdfabbff3f4ae5818da04a996') in 0.017935 seconds
Number of updated asset objects reloaded before import = 0
Number of asset objects unloaded after import = 1
========================================================================
Received Import Request.
  Time since last request: 0.000023 seconds.
  path: Assets/ModernSupermarket/Models/Props/Utility/Crate_3m39yz/Textures/Crate_3m39yzVar01_m.png
  artifactKey: Guid(b98c820a8251e0647a5e892d058a7489) Importer(2089858483,0ecaa5967403d082aa24f35e1b516d23)
Start importing Assets/ModernSupermarket/Models/Props/Utility/Crate_3m39yz/Textures/Crate_3m39yzVar01_m.png using Guid(b98c820a8251e0647a5e892d058a7489) Importer(2089858483,0ecaa5967403d082aa24f35e1b516d23) [PhysX] Initialized MultithreadedTaskDispatcher with 16 workers.
 -> (artifact id: '7649c3c7c08e4c05957249cccb0629f8') in 0.016485 seconds
Number of updated asset objects reloaded before import = 0
Number of asset objects unloaded after import = 1
========================================================================
Received Import Request.
  Time since last request: 0.000018 seconds.
  path: Assets/Packages/Microsoft.Extensions.Logging.Abstractions.8.0.3/analyzers/dotnet/roslyn4.0/cs/Microsoft.Extensions.Logging.Generators.dll
  artifactKey: Guid(6978cd06631fc4d4a9e04d2e1e726a78) Importer(2089858483,0ecaa5967403d082aa24f35e1b516d23)
Start importing Assets/Packages/Microsoft.Extensions.Logging.Abstractions.8.0.3/analyzers/dotnet/roslyn4.0/cs/Microsoft.Extensions.Logging.Generators.dll using Guid(6978cd06631fc4d4a9e04d2e1e726a78) Importer(2089858483,0ecaa5967403d082aa24f35e1b516d23) [PhysX] Initialized MultithreadedTaskDispatcher with 16 workers.
 -> (artifact id: '818febe40b8cf97bfb8f549ee7e0aae6') in 0.012483 seconds
Number of updated asset objects reloaded before import = 0
Number of asset objects unloaded after import = 1
========================================================================
Received Import Request.
  Time since last request: 0.000050 seconds.
  path: Assets/ModernSupermarket/Models/Props/Produce/Papaya_xt7unv/Textures/Materials/Papaya_xt7unv.mat
  artifactKey: Guid(ed178a48975c76142bfd1412335e5ad3) Importer(2089858483,0ecaa5967403d082aa24f35e1b516d23)
Start importing Assets/ModernSupermarket/Models/Props/Produce/Papaya_xt7unv/Textures/Materials/Papaya_xt7unv.mat using Guid(ed178a48975c76142bfd1412335e5ad3) Importer(2089858483,0ecaa5967403d082aa24f35e1b516d23) [PhysX] Initialized MultithreadedTaskDispatcher with 16 workers.
 -> (artifact id: '97143ace6e57b78025271fb27df64722') in 0.025354 seconds
Number of updated asset objects reloaded before import = 0
Number of asset objects unloaded after import = 5
========================================================================
Received Import Request.
  Time since last request: 0.000019 seconds.
  path: Assets/ModernSupermarket/Models/Props/Produce/Mushroom_43xvit/Textures/Materials/Mushroom_43xvit.mat
  artifactKey: Guid(8beb723b7d679174699287f2e753b774) Importer(2089858483,0ecaa5967403d082aa24f35e1b516d23)
Start importing Assets/ModernSupermarket/Models/Props/Produce/Mushroom_43xvit/Textures/Materials/Mushroom_43xvit.mat using Guid(8beb723b7d679174699287f2e753b774) Importer(2089858483,0ecaa5967403d082aa24f35e1b516d23) [PhysX] Initialized MultithreadedTaskDispatcher with 16 workers.
 -> (artifact id: 'd96f573b30d9760066844679fcc1c398') in 0.014239 seconds
Number of updated asset objects reloaded before import = 0
Number of asset objects unloaded after import = 5
========================================================================
Received Import Request.
  Time since last request: 0.000016 seconds.
  path: Assets/ModernSupermarket/Models/Props/Produce/Tomato_u9ceyc/Textures/Materials/Tomato_u9ceyc.mat
  artifactKey: Guid(389edd463edf13a4184db4396044229f) Importer(2089858483,0ecaa5967403d082aa24f35e1b516d23)
Start importing Assets/ModernSupermarket/Models/Props/Produce/Tomato_u9ceyc/Textures/Materials/Tomato_u9ceyc.mat using Guid(389edd463edf13a4184db4396044229f) Importer(2089858483,0ecaa5967403d082aa24f35e1b516d23) [PhysX] Initialized MultithreadedTaskDispatcher with 16 workers.
 -> (artifact id: '6188c056e0a4e5a06cf9b2dfda5e782c') in 0.013561 seconds
Number of updated asset objects reloaded before import = 0
Number of asset objects unloaded after import = 5
========================================================================
Received Import Request.
  Time since last request: 0.000018 seconds.
  path: Assets/ModernSupermarket/Models/Props/Utility/CashMachine_lazhgf/Textures/CashMachine_lazhgf_a.png
  artifactKey: Guid(03c9826abf6d2d74db8d3e9391797419) Importer(2089858483,0ecaa5967403d082aa24f35e1b516d23)
Start importing Assets/ModernSupermarket/Models/Props/Utility/CashMachine_lazhgf/Textures/CashMachine_lazhgf_a.png using Guid(03c9826abf6d2d74db8d3e9391797419) Importer(2089858483,0ecaa5967403d082aa24f35e1b516d23) [PhysX] Initialized MultithreadedTaskDispatcher with 16 workers.
 -> (artifact id: 'f790970260ceb8426cdd63ef65252561') in 0.016212 seconds
Number of updated asset objects reloaded before import = 0
Number of asset objects unloaded after import = 1
========================================================================
Received Import Request.
  Time since last request: 0.000021 seconds.
  path: Assets/ModernSupermarket/Models/Props/Produce/Apple_yf18nm/Textures/Materials/Apple_yf18nm.mat
  artifactKey: Guid(f5ace82b492a01248a4aa2af1d6ed022) Importer(2089858483,0ecaa5967403d082aa24f35e1b516d23)
Start importing Assets/ModernSupermarket/Models/Props/Produce/Apple_yf18nm/Textures/Materials/Apple_yf18nm.mat using Guid(f5ace82b492a01248a4aa2af1d6ed022) Importer(2089858483,0ecaa5967403d082aa24f35e1b516d23) [PhysX] Initialized MultithreadedTaskDispatcher with 16 workers.
 -> (artifact id: 'f145f1fd86fa068431a8a9cd93006ddc') in 0.014077 seconds
Number of updated asset objects reloaded before import = 0
Number of asset objects unloaded after import = 5
========================================================================
Received Import Request.
  Time since last request: 0.000017 seconds.
  path: Assets/ModernSupermarket/Models/Props/Utility/Crate_3m39yz/Textures/Crate_3m39yzVar02_mask.png
  artifactKey: Guid(3d19eed09f264a24dbb5db85deff0550) Importer(2089858483,0ecaa5967403d082aa24f35e1b516d23)
Start importing Assets/ModernSupermarket/Models/Props/Utility/Crate_3m39yz/Textures/Crate_3m39yzVar02_mask.png using Guid(3d19eed09f264a24dbb5db85deff0550) Importer(2089858483,0ecaa5967403d082aa24f35e1b516d23) [PhysX] Initialized MultithreadedTaskDispatcher with 16 workers.
 -> (artifact id: '4c74a41c792b0739f2f16162ade33e4e') in 0.016795 seconds
Number of updated asset objects reloaded before import = 0
Number of asset objects unloaded after import = 1
========================================================================
Received Import Request.
  Time since last request: 0.000017 seconds.
  path: Assets/ModernSupermarket/Models/Props/Utility/WetFloor_fxi59q/Textures/WetFloor_fxi59q_o.png
  artifactKey: Guid(95a08065066b1ea478e0e77d5a37b577) Importer(2089858483,0ecaa5967403d082aa24f35e1b516d23)
Start importing Assets/ModernSupermarket/Models/Props/Utility/WetFloor_fxi59q/Textures/WetFloor_fxi59q_o.png using Guid(95a08065066b1ea478e0e77d5a37b577) Importer(2089858483,0ecaa5967403d082aa24f35e1b516d23) [PhysX] Initialized MultithreadedTaskDispatcher with 16 workers.
 -> (artifact id: '36a989fdf3e6f1cdf99a606b2430c6f7') in 0.019104 seconds
Number of updated asset objects reloaded before import = 0
Number of asset objects unloaded after import = 1
========================================================================
Received Import Request.
  Time since last request: 0.000062 seconds.
  path: Assets/ModernSupermarket/Models/Props/Products/SweetJar_lpbii4/Textures/SweetJar_lpbii4_m.png
  artifactKey: Guid(7382786a4516d6746b60a3db82f74352) Importer(2089858483,0ecaa5967403d082aa24f35e1b516d23)
Start importing Assets/ModernSupermarket/Models/Props/Products/SweetJar_lpbii4/Textures/SweetJar_lpbii4_m.png using Guid(7382786a4516d6746b60a3db82f74352) Importer(2089858483,0ecaa5967403d082aa24f35e1b516d23) [PhysX] Initialized MultithreadedTaskDispatcher with 16 workers.
 -> (artifact id: 'b3e745b37e31eee80f6a2642558f8ed3') in 0.014233 seconds
Number of updated asset objects reloaded before import = 0
Number of asset objects unloaded after import = 1
========================================================================
Received Import Request.
  Time since last request: 0.000019 seconds.
  path: Assets/ModernSupermarket/Models/Props/Products/Cleanser_o964qg/Textures/Materials/Cleanser_o964qg_Var01.mat
  artifactKey: Guid(72bf62002177e2347b7cbfc1d861c7dc) Importer(2089858483,0ecaa5967403d082aa24f35e1b516d23)
Start importing Assets/ModernSupermarket/Models/Props/Products/Cleanser_o964qg/Textures/Materials/Cleanser_o964qg_Var01.mat using Guid(72bf62002177e2347b7cbfc1d861c7dc) Importer(2089858483,0ecaa5967403d082aa24f35e1b516d23) [PhysX] Initialized MultithreadedTaskDispatcher with 16 workers.
 -> (artifact id: '3e2d504c2ed053b3e4fa533d65a969ed') in 0.014577 seconds
Number of updated asset objects reloaded before import = 0
Number of asset objects unloaded after import = 4
========================================================================
Received Import Request.
  Time since last request: 0.000019 seconds.
  path: Assets/ModernSupermarket/Models/Props/Products/Shampoo_vimakk/Textures/Materials/Shampoo_vimakk.mat
  artifactKey: Guid(bef2e275f2ef9da468a1bd21303883bc) Importer(2089858483,0ecaa5967403d082aa24f35e1b516d23)
Start importing Assets/ModernSupermarket/Models/Props/Products/Shampoo_vimakk/Textures/Materials/Shampoo_vimakk.mat using Guid(bef2e275f2ef9da468a1bd21303883bc) Importer(2089858483,0ecaa5967403d082aa24f35e1b516d23) [PhysX] Initialized MultithreadedTaskDispatcher with 16 workers.
 -> (artifact id: 'cff356c4563f4234c3ab530e43fcdb8c') in 0.024665 seconds
Number of updated asset objects reloaded before import = 0
Number of asset objects unloaded after import = 4
========================================================================
Received Import Request.
  Time since last request: 0.000029 seconds.
  path: Assets/ModernSupermarket/Models/Props/Products/Shampoo_lvhjkn/Textures/Materials/Shampoo_lvhjkn.mat
  artifactKey: Guid(76221f84516872c4f9dc476b0a39419b) Importer(2089858483,0ecaa5967403d082aa24f35e1b516d23)
Start importing Assets/ModernSupermarket/Models/Props/Products/Shampoo_lvhjkn/Textures/Materials/Shampoo_lvhjkn.mat using Guid(76221f84516872c4f9dc476b0a39419b) Importer(2089858483,0ecaa5967403d082aa24f35e1b516d23) [PhysX] Initialized MultithreadedTaskDispatcher with 16 workers.
 -> (artifact id: '4e69c6e568d612eb28806f93b4647913') in 0.022209 seconds
Number of updated asset objects reloaded before import = 0
Number of asset objects unloaded after import = 4
========================================================================
Received Import Request.
  Time since last request: 0.000056 seconds.
  path: Assets/ModernSupermarket/Models/Props/Products/Ham_wplnxm/Textures/Materials/Ham_wplnxm_Var02.mat
  artifactKey: Guid(ac9c8319a868fd547b58725fb058a4fa) Importer(2089858483,0ecaa5967403d082aa24f35e1b516d23)
Start importing Assets/ModernSupermarket/Models/Props/Products/Ham_wplnxm/Textures/Materials/Ham_wplnxm_Var02.mat using Guid(ac9c8319a868fd547b58725fb058a4fa) Importer(2089858483,0ecaa5967403d082aa24f35e1b516d23) [PhysX] Initialized MultithreadedTaskDispatcher with 16 workers.
 -> (artifact id: '4b738106b043d725acd038cb6b3816dc') in 0.016659 seconds
Number of updated asset objects reloaded before import = 0
Number of asset objects unloaded after import = 4
========================================================================
Received Import Request.
  Time since last request: 0.000017 seconds.
  path: Assets/ModernSupermarket/Models/Props/Products/EggBox8x_2zgq4h/Textures/Materials/EggBox8x_2zgq4h_a.mat
  artifactKey: Guid(55905ffd47dde91479c63900c904e609) Importer(2089858483,0ecaa5967403d082aa24f35e1b516d23)
Start importing Assets/ModernSupermarket/Models/Props/Products/EggBox8x_2zgq4h/Textures/Materials/EggBox8x_2zgq4h_a.mat using Guid(55905ffd47dde91479c63900c904e609) Importer(2089858483,0ecaa5967403d082aa24f35e1b516d23) [PhysX] Initialized MultithreadedTaskDispatcher with 16 workers.
 -> (artifact id: 'bb1acd8b26288578ebee78c8078063b4') in 0.017161 seconds
Number of updated asset objects reloaded before import = 0
Number of asset objects unloaded after import = 6
========================================================================
Received Import Request.
  Time since last request: 0.000028 seconds.
  path: Assets/ModernSupermarket/Models/Props/Products/Shampoo_lvhjkn/Textures/Materials/Shampoo_lvhjkn_Var01.mat
  artifactKey: Guid(102ae66fc712d9346bb8e42b627d45a4) Importer(2089858483,0ecaa5967403d082aa24f35e1b516d23)
Start importing Assets/ModernSupermarket/Models/Props/Products/Shampoo_lvhjkn/Textures/Materials/Shampoo_lvhjkn_Var01.mat using Guid(102ae66fc712d9346bb8e42b627d45a4) Importer(2089858483,0ecaa5967403d082aa24f35e1b516d23) [PhysX] Initialized MultithreadedTaskDispatcher with 16 workers.
 -> (artifact id: 'afde836c0ec224f7128ec878fb4328f7') in 0.021084 seconds
Number of updated asset objects reloaded before import = 0
Number of asset objects unloaded after import = 4
========================================================================
Received Import Request.
  Time since last request: 0.000023 seconds.
  path: Assets/ModernSupermarket/Models/Props/Products/MeatTray_dbf1nh/Textures/Materials/MeatTray_fbw8xf_Tray.mat
  artifactKey: Guid(27a049d006bba1746869221d3f9c33cd) Importer(2089858483,0ecaa5967403d082aa24f35e1b516d23)
Start importing Assets/ModernSupermarket/Models/Props/Products/MeatTray_dbf1nh/Textures/Materials/MeatTray_fbw8xf_Tray.mat using Guid(27a049d006bba1746869221d3f9c33cd) Importer(2089858483,0ecaa5967403d082aa24f35e1b516d23) [PhysX] Initialized MultithreadedTaskDispatcher with 16 workers.
 -> (artifact id: '63672cb9b7612033f3ab9858dbaf96d5') in 0.017098 seconds
Number of updated asset objects reloaded before import = 0
Number of asset objects unloaded after import = 5
========================================================================
Received Import Request.
  Time since last request: 0.000016 seconds.
  path: Assets/ModernSupermarket/Models/Props/Products/MeatTray_qm4z4l/Textures/Materials/MeatTray_qm4z4l_Tray.mat
  artifactKey: Guid(8b31610b9e5b9714fb5b801fc9c253b1) Importer(2089858483,0ecaa5967403d082aa24f35e1b516d23)
Start importing Assets/ModernSupermarket/Models/Props/Products/MeatTray_qm4z4l/Textures/Materials/MeatTray_qm4z4l_Tray.mat using Guid(8b31610b9e5b9714fb5b801fc9c253b1) Importer(2089858483,0ecaa5967403d082aa24f35e1b516d23) [PhysX] Initialized MultithreadedTaskDispatcher with 16 workers.
 -> (artifact id: '61a8ebbf923db9418001b5fb381630fb') in 0.015539 seconds
Number of updated asset objects reloaded before import = 0
Number of asset objects unloaded after import = 6
========================================================================
Received Import Request.
  Time since last request: 0.000017 seconds.
  path: Assets/ModernSupermarket/Models/Props/Products/Cheese_bn26cq/Textures/Materials/Cheese_bn26cq_Label.mat
  artifactKey: Guid(c25dfb1627111974dbcfeb019fe8eda8) Importer(2089858483,0ecaa5967403d082aa24f35e1b516d23)
Start importing Assets/ModernSupermarket/Models/Props/Products/Cheese_bn26cq/Textures/Materials/Cheese_bn26cq_Label.mat using Guid(c25dfb1627111974dbcfeb019fe8eda8) Importer(2089858483,0ecaa5967403d082aa24f35e1b516d23) [PhysX] Initialized MultithreadedTaskDispatcher with 16 workers.
 -> (artifact id: 'f847168268af00cc885f43f22718dda7') in 0.016878 seconds
Number of updated asset objects reloaded before import = 0
Number of asset objects unloaded after import = 5
========================================================================
Received Import Request.
  Time since last request: 0.000022 seconds.
  path: Assets/ModernSupermarket/Models/Props/Products/Cheese_bn26cq/Textures/Materials/Cheese_bn26cq_Var02.mat
  artifactKey: Guid(d732bd5c7cdf14343aeaa26b698276fa) Importer(2089858483,0ecaa5967403d082aa24f35e1b516d23)
Start importing Assets/ModernSupermarket/Models/Props/Products/Cheese_bn26cq/Textures/Materials/Cheese_bn26cq_Var02.mat using Guid(d732bd5c7cdf14343aeaa26b698276fa) Importer(2089858483,0ecaa5967403d082aa24f35e1b516d23) [PhysX] Initialized MultithreadedTaskDispatcher with 16 workers.
 -> (artifact id: '10d943a6a5c4c65c7633068ec68fd91a') in 0.015107 seconds
Number of updated asset objects reloaded before import = 0
Number of asset objects unloaded after import = 5
========================================================================
Received Import Request.
  Time since last request: 0.000023 seconds.
  path: Assets/ModernSupermarket/Models/Props/Products/FrozenPack_xp713y/Textures/Materials/FrozenPack_xp713y.mat
  artifactKey: Guid(e04fb93c4e1e9e14abe02ac002d61125) Importer(2089858483,0ecaa5967403d082aa24f35e1b516d23)
Start importing Assets/ModernSupermarket/Models/Props/Products/FrozenPack_xp713y/Textures/Materials/FrozenPack_xp713y.mat using Guid(e04fb93c4e1e9e14abe02ac002d61125) Importer(2089858483,0ecaa5967403d082aa24f35e1b516d23) [PhysX] Initialized MultithreadedTaskDispatcher with 16 workers.
 -> (artifact id: 'ad4ed8033cf7bcb3beb9e4d54d342fe1') in 0.016840 seconds
Number of updated asset objects reloaded before import = 0
Number of asset objects unloaded after import = 5
========================================================================
Received Import Request.
  Time since last request: 0.000021 seconds.
  path: Assets/ModernSupermarket/Models/Props/Products/PaperTowel_b8o0yi/Textures/Materials/PaperTowel_b8o0yi_Plastic.mat
  artifactKey: Guid(ed2965c9723ebce479cd5d83a263fba2) Importer(2089858483,0ecaa5967403d082aa24f35e1b516d23)
Start importing Assets/ModernSupermarket/Models/Props/Products/PaperTowel_b8o0yi/Textures/Materials/PaperTowel_b8o0yi_Plastic.mat using Guid(ed2965c9723ebce479cd5d83a263fba2) Importer(2089858483,0ecaa5967403d082aa24f35e1b516d23) [PhysX] Initialized MultithreadedTaskDispatcher with 16 workers.
 -> (artifact id: '2e25fb77f10af9aef8de04063b4b90ff') in 0.017288 seconds
Number of updated asset objects reloaded before import = 0
Number of asset objects unloaded after import = 5
========================================================================
Received Import Request.
  Time since last request: 0.000017 seconds.
  path: Assets/ModernSupermarket/Models/Props/Products/WineBottle_2b6kjh/Textures/WineBottle_2b6kjh_Var02_a.png
  artifactKey: Guid(b0f86a658452a6144ae05d7fcabd51df) Importer(2089858483,0ecaa5967403d082aa24f35e1b516d23)
Start importing Assets/ModernSupermarket/Models/Props/Products/WineBottle_2b6kjh/Textures/WineBottle_2b6kjh_Var02_a.png using Guid(b0f86a658452a6144ae05d7fcabd51df) Importer(2089858483,0ecaa5967403d082aa24f35e1b516d23) [PhysX] Initialized MultithreadedTaskDispatcher with 16 workers.
 -> (artifact id: '998870ae313b6538f282879e30221691') in 0.019027 seconds
Number of updated asset objects reloaded before import = 0
Number of asset objects unloaded after import = 1
========================================================================
Received Import Request.
  Time since last request: 0.000017 seconds.
  path: Assets/ModernSupermarket/Models/Props/Products/Pizza_ehb1pe/Textures/Material/BoxPizza_ehb1pe.mat
  artifactKey: Guid(fc32b03b32d294f4489f8ca297b1ba55) Importer(2089858483,0ecaa5967403d082aa24f35e1b516d23)
Start importing Assets/ModernSupermarket/Models/Props/Products/Pizza_ehb1pe/Textures/Material/BoxPizza_ehb1pe.mat using Guid(fc32b03b32d294f4489f8ca297b1ba55) Importer(2089858483,0ecaa5967403d082aa24f35e1b516d23) [PhysX] Initialized MultithreadedTaskDispatcher with 16 workers.
 -> (artifact id: '9986d5367ed9b2a6d4c8a7678bdadfa9') in 0.014838 seconds
Number of updated asset objects reloaded before import = 0
Number of asset objects unloaded after import = 4
========================================================================
Received Import Request.
  Time since last request: 0.000020 seconds.
  path: Assets/ModernSupermarket/Models/Props/Products/Sugar_prsmvy/Textures/Sugar_prsmvy_a.png
  artifactKey: Guid(fe4d1478210812545ba7630d01f38dbf) Importer(2089858483,0ecaa5967403d082aa24f35e1b516d23)
Start importing Assets/ModernSupermarket/Models/Props/Products/Sugar_prsmvy/Textures/Sugar_prsmvy_a.png using Guid(fe4d1478210812545ba7630d01f38dbf) Importer(2089858483,0ecaa5967403d082aa24f35e1b516d23) [PhysX] Initialized MultithreadedTaskDispatcher with 16 workers.
 -> (artifact id: '70ffcecbf7d879ca94912f08562fec6d') in 0.019647 seconds
Number of updated asset objects reloaded before import = 0
Number of asset objects unloaded after import = 1
========================================================================
Received Import Request.
  Time since last request: 0.000026 seconds.
  path: Assets/ModernSupermarket/Models/Props/Products/Vase_0p0iky/Textures/Vase_0p0iky_Var02_n.png
  artifactKey: Guid(6cf121674a4afc448a3109579b7a8598) Importer(2089858483,0ecaa5967403d082aa24f35e1b516d23)
Start importing Assets/ModernSupermarket/Models/Props/Products/Vase_0p0iky/Textures/Vase_0p0iky_Var02_n.png using Guid(6cf121674a4afc448a3109579b7a8598) Importer(2089858483,0ecaa5967403d082aa24f35e1b516d23) [PhysX] Initialized MultithreadedTaskDispatcher with 16 workers.
 -> (artifact id: 'b65c96758ded5d1aecbfe3f2c68f95f2') in 0.019192 seconds
Number of updated asset objects reloaded before import = 0
Number of asset objects unloaded after import = 1
========================================================================
Received Import Request.
  Time since last request: 0.000031 seconds.
  path: Assets/ModernSupermarket/Models/Props/Products/Shampoo_lvhjkn/Textures/Shampoo_lvhjkn_o.png
  artifactKey: Guid(42503c445f4f9e6449756375b6c32633) Importer(2089858483,0ecaa5967403d082aa24f35e1b516d23)
Start importing Assets/ModernSupermarket/Models/Props/Products/Shampoo_lvhjkn/Textures/Shampoo_lvhjkn_o.png using Guid(42503c445f4f9e6449756375b6c32633) Importer(2089858483,0ecaa5967403d082aa24f35e1b516d23) [PhysX] Initialized MultithreadedTaskDispatcher with 16 workers.
 -> (artifact id: '3ba8d4dff9cd84d66f3bab240d78fae6') in 0.025172 seconds
Number of updated asset objects reloaded before import = 0
Number of asset objects unloaded after import = 1
========================================================================
Received Import Request.
  Time since last request: 0.000017 seconds.
  path: Assets/ModernSupermarket/Models/Props/Products/Alcohol_qi7uqvr/Textures/Label/Alcohol_qi7uqv_Label_m.png
  artifactKey: Guid(6181c678974da2c44bd62851a30617d9) Importer(2089858483,0ecaa5967403d082aa24f35e1b516d23)
Start importing Assets/ModernSupermarket/Models/Props/Products/Alcohol_qi7uqvr/Textures/Label/Alcohol_qi7uqv_Label_m.png using Guid(6181c678974da2c44bd62851a30617d9) Importer(2089858483,0ecaa5967403d082aa24f35e1b516d23) [PhysX] Initialized MultithreadedTaskDispatcher with 16 workers.
 -> (artifact id: '318906c7edbebe9811b75cf913b63bf8') in 0.023134 seconds
Number of updated asset objects reloaded before import = 0
Number of asset objects unloaded after import = 1
========================================================================
Received Import Request.
  Time since last request: 0.000030 seconds.
  path: Assets/ModernSupermarket/Models/Props/Utility/Basket_o52iei/Textures/Basket_o52iei_h.png
  artifactKey: Guid(9889087c92e086d4bb29ba8b38c26e9f) Importer(2089858483,0ecaa5967403d082aa24f35e1b516d23)
Start importing Assets/ModernSupermarket/Models/Props/Utility/Basket_o52iei/Textures/Basket_o52iei_h.png using Guid(9889087c92e086d4bb29ba8b38c26e9f) Importer(2089858483,0ecaa5967403d082aa24f35e1b516d23) [PhysX] Initialized MultithreadedTaskDispatcher with 16 workers.
 -> (artifact id: 'e6895a4ebcbc346abe91e8570e51d370') in 0.017601 seconds
Number of updated asset objects reloaded before import = 0
Number of asset objects unloaded after import = 1
========================================================================
Received Import Request.
  Time since last request: 0.000023 seconds.
  path: Assets/ModernSupermarket/Models/Props/Products/Shampoo_u15m67/Textures/Shampoo_u15m67_Var03.png
  artifactKey: Guid(b0180cf2c6012294fa9742644c9ec170) Importer(2089858483,0ecaa5967403d082aa24f35e1b516d23)
Start importing Assets/ModernSupermarket/Models/Props/Products/Shampoo_u15m67/Textures/Shampoo_u15m67_Var03.png using Guid(b0180cf2c6012294fa9742644c9ec170) Importer(2089858483,0ecaa5967403d082aa24f35e1b516d23) [PhysX] Initialized MultithreadedTaskDispatcher with 16 workers.
 -> (artifact id: '20f1f7ce96925d5184c34ec3ed325b03') in 0.015415 seconds
Number of updated asset objects reloaded before import = 0
Number of asset objects unloaded after import = 1
========================================================================
Received Import Request.
  Time since last request: 0.000017 seconds.
  path: Assets/ModernSupermarket/Models/Props/Products/Oil_751tp2/Textures/Materials/OliveOil_Label.mat
  artifactKey: Guid(9e755acdbfef7484aa4bd06f9d6fb366) Importer(2089858483,0ecaa5967403d082aa24f35e1b516d23)
Start importing Assets/ModernSupermarket/Models/Props/Products/Oil_751tp2/Textures/Materials/OliveOil_Label.mat using Guid(9e755acdbfef7484aa4bd06f9d6fb366) Importer(2089858483,0ecaa5967403d082aa24f35e1b516d23) [PhysX] Initialized MultithreadedTaskDispatcher with 16 workers.
 -> (artifact id: 'fb46374af3a400c9c3966c2257fad41f') in 0.015530 seconds
Number of updated asset objects reloaded before import = 0
Number of asset objects unloaded after import = 3
========================================================================
Received Import Request.
  Time since last request: 0.000022 seconds.
  path: Assets/ModernSupermarket/Models/Props/Products/Laundry_mm7gx5/Textures/Materials/Laundry_mm7gx5_Var02.mat
  artifactKey: Guid(4be54cab6db060b449f64ab0659d5543) Importer(2089858483,0ecaa5967403d082aa24f35e1b516d23)
Start importing Assets/ModernSupermarket/Models/Props/Products/Laundry_mm7gx5/Textures/Materials/Laundry_mm7gx5_Var02.mat using Guid(4be54cab6db060b449f64ab0659d5543) Importer(2089858483,0ecaa5967403d082aa24f35e1b516d23) [PhysX] Initialized MultithreadedTaskDispatcher with 16 workers.
 -> (artifact id: 'ab9bffb4aef2fe346ec94dda313d6e9e') in 0.015272 seconds
Number of updated asset objects reloaded before import = 0
Number of asset objects unloaded after import = 5
========================================================================
Received Import Request.
  Time since last request: 0.000026 seconds.
  path: Assets/ModernSupermarket/Models/Props/Products/MeatTray_fbw8xf/Textures/Materials/MeatTray_fbw8xf_Tray.mat
  artifactKey: Guid(416520dd679ed8747b3a1bc245424799) Importer(2089858483,0ecaa5967403d082aa24f35e1b516d23)
Start importing Assets/ModernSupermarket/Models/Props/Products/MeatTray_fbw8xf/Textures/Materials/MeatTray_fbw8xf_Tray.mat using Guid(416520dd679ed8747b3a1bc245424799) Importer(2089858483,0ecaa5967403d082aa24f35e1b516d23) [PhysX] Initialized MultithreadedTaskDispatcher with 16 workers.
 -> (artifact id: '5833995738d9b97054da31af8e0f78a4') in 0.015974 seconds
Number of updated asset objects reloaded before import = 0
Number of asset objects unloaded after import = 6
========================================================================
Received Import Request.
  Time since last request: 0.000018 seconds.
  path: Assets/ModernSupermarket/Models/Props/Utility/Computer_dfc1a9/Textures/Computer_dfc1a9_m.png
  artifactKey: Guid(20367c870f4ccaa4aae7e6cf926c2ffa) Importer(2089858483,0ecaa5967403d082aa24f35e1b516d23)
Start importing Assets/ModernSupermarket/Models/Props/Utility/Computer_dfc1a9/Textures/Computer_dfc1a9_m.png using Guid(20367c870f4ccaa4aae7e6cf926c2ffa) Importer(2089858483,0ecaa5967403d082aa24f35e1b516d23) [PhysX] Initialized MultithreadedTaskDispatcher with 16 workers.
 -> (artifact id: '00e540aa4289bd45edb7caa691f50f14') in 0.021355 seconds
Number of updated asset objects reloaded before import = 0
Number of asset objects unloaded after import = 1
========================================================================
Received Import Request.
  Time since last request: 0.000023 seconds.
  path: Assets/ModernSupermarket/Models/Props/Products/TinCan_60afsy/Textures/TinCan_60afsy_n.png
  artifactKey: Guid(40a3a006aefeeb84982ad79daf0fed89) Importer(2089858483,0ecaa5967403d082aa24f35e1b516d23)
Start importing Assets/ModernSupermarket/Models/Props/Products/TinCan_60afsy/Textures/TinCan_60afsy_n.png using Guid(40a3a006aefeeb84982ad79daf0fed89) Importer(2089858483,0ecaa5967403d082aa24f35e1b516d23) [PhysX] Initialized MultithreadedTaskDispatcher with 16 workers.
 -> (artifact id: '6789c5731a20be7a79c5683591f0a7e3') in 0.021767 seconds
Number of updated asset objects reloaded before import = 0
Number of asset objects unloaded after import = 1
========================================================================
Received Import Request.
  Time since last request: 0.000021 seconds.
  path: Assets/ModernSupermarket/Models/Props/Products/Rice_rewt3q/Textures/Materials/RicePack_rewt3q_Var02.mat
  artifactKey: Guid(a74b47366e566ef49a023ab174d5f63e) Importer(2089858483,0ecaa5967403d082aa24f35e1b516d23)
Start importing Assets/ModernSupermarket/Models/Props/Products/Rice_rewt3q/Textures/Materials/RicePack_rewt3q_Var02.mat using Guid(a74b47366e566ef49a023ab174d5f63e) Importer(2089858483,0ecaa5967403d082aa24f35e1b516d23) [PhysX] Initialized MultithreadedTaskDispatcher with 16 workers.
 -> (artifact id: '2ff57f71cfc48125e60a86107005d3ec') in 0.019395 seconds
Number of updated asset objects reloaded before import = 0
Number of asset objects unloaded after import = 5
========================================================================
Received Import Request.
  Time since last request: 0.000042 seconds.
  path: Assets/ModernSupermarket/Models/Props/Products/Shampoo_vimakk/Textures/Shampoo_vimakk_a.png
  artifactKey: Guid(5d59eacfd9997c44b8c195836aa813ae) Importer(2089858483,0ecaa5967403d082aa24f35e1b516d23)
Start importing Assets/ModernSupermarket/Models/Props/Products/Shampoo_vimakk/Textures/Shampoo_vimakk_a.png using Guid(5d59eacfd9997c44b8c195836aa813ae) Importer(2089858483,0ecaa5967403d082aa24f35e1b516d23) [PhysX] Initialized MultithreadedTaskDispatcher with 16 workers.
 -> (artifact id: 'c1783bca8deaa18349d9fe4531d84f4a') in 0.022312 seconds
Number of updated asset objects reloaded before import = 0
Number of asset objects unloaded after import = 1
========================================================================
Received Import Request.
  Time since last request: 0.000025 seconds.
  path: Assets/ModernSupermarket/Models/Props/Products/Pasta_9duit2/Textures/PastaPack_9duit2_m.png
  artifactKey: Guid(d43ada5e2357e8b49a267b6f390cb062) Importer(2089858483,0ecaa5967403d082aa24f35e1b516d23)
Start importing Assets/ModernSupermarket/Models/Props/Products/Pasta_9duit2/Textures/PastaPack_9duit2_m.png using Guid(d43ada5e2357e8b49a267b6f390cb062) Importer(2089858483,0ecaa5967403d082aa24f35e1b516d23) [PhysX] Initialized MultithreadedTaskDispatcher with 16 workers.
 -> (artifact id: '6316243de46852254efde82335905e25') in 0.018836 seconds
Number of updated asset objects reloaded before import = 0
Number of asset objects unloaded after import = 1
========================================================================
Received Import Request.
  Time since last request: 0.000033 seconds.
  path: Assets/ModernSupermarket/Models/Props/Products/Rice_rewt3q/Textures/Materials/RicePack_rewt3q.mat
  artifactKey: Guid(61a6b65df5877f149b2fd9c633326b35) Importer(2089858483,0ecaa5967403d082aa24f35e1b516d23)
Start importing Assets/ModernSupermarket/Models/Props/Products/Rice_rewt3q/Textures/Materials/RicePack_rewt3q.mat using Guid(61a6b65df5877f149b2fd9c633326b35) Importer(2089858483,0ecaa5967403d082aa24f35e1b516d23) [PhysX] Initialized MultithreadedTaskDispatcher with 16 workers.
 -> (artifact id: '654541e089e214cf4c51a74f141bb51f') in 0.015945 seconds
Number of updated asset objects reloaded before import = 0
Number of asset objects unloaded after import = 5
========================================================================
Received Import Request.
  Time since last request: 0.000023 seconds.
  path: Assets/ModernSupermarket/Models/Props/Products/Sushis_r6r1w6/Textures/Material/Sushis_r6r1w6.mat
  artifactKey: Guid(3fb9c3f5f3e23c04eb41e6700f7ee3c0) Importer(2089858483,0ecaa5967403d082aa24f35e1b516d23)
Start importing Assets/ModernSupermarket/Models/Props/Products/Sushis_r6r1w6/Textures/Material/Sushis_r6r1w6.mat using Guid(3fb9c3f5f3e23c04eb41e6700f7ee3c0) Importer(2089858483,0ecaa5967403d082aa24f35e1b516d23) [PhysX] Initialized MultithreadedTaskDispatcher with 16 workers.
 -> (artifact id: '7363b8d6e5bd73083ef1d63c37ceb301') in 0.016824 seconds
Number of updated asset objects reloaded before import = 0
Number of asset objects unloaded after import = 3
========================================================================
Received Import Request.
  Time since last request: 0.000017 seconds.
  path: Assets/ModernSupermarket/Models/Props/Utility/Footboard_ajuyp9/Texture/Materials/Footboard_ajuyp9_a.mat
  artifactKey: Guid(ece2c9d129ae7dd49a2fa6319c0dc8e6) Importer(2089858483,0ecaa5967403d082aa24f35e1b516d23)
Start importing Assets/ModernSupermarket/Models/Props/Utility/Footboard_ajuyp9/Texture/Materials/Footboard_ajuyp9_a.mat using Guid(ece2c9d129ae7dd49a2fa6319c0dc8e6) Importer(2089858483,0ecaa5967403d082aa24f35e1b516d23) [PhysX] Initialized MultithreadedTaskDispatcher with 16 workers.
 -> (artifact id: '8547f67720ab5cba4a9684ed6f824345') in 0.016206 seconds
Number of updated asset objects reloaded before import = 0
Number of asset objects unloaded after import = 6
========================================================================
Received Import Request.
  Time since last request: 0.000017 seconds.
  path: Assets/ModernSupermarket/Models/Props/Products/Vase_0p0iky/Textures/Materials/Vase_0p0iky.mat
  artifactKey: Guid(5fa3f088b6e287649ba627fe52a235c8) Importer(2089858483,0ecaa5967403d082aa24f35e1b516d23)
Start importing Assets/ModernSupermarket/Models/Props/Products/Vase_0p0iky/Textures/Materials/Vase_0p0iky.mat using Guid(5fa3f088b6e287649ba627fe52a235c8) Importer(2089858483,0ecaa5967403d082aa24f35e1b516d23) [PhysX] Initialized MultithreadedTaskDispatcher with 16 workers.
 -> (artifact id: 'ab455c76d9d6ef17ab76b06ed398c3bd') in 0.012557 seconds
Number of updated asset objects reloaded before import = 0
Number of asset objects unloaded after import = 3
========================================================================
Received Import Request.
  Time since last request: 0.000021 seconds.
  path: Assets/ModernSupermarket/Models/Props/Products/WaterPack_mqmuh7/Textures/Materials/WaterPack_mqmuh7_Liquid.mat
  artifactKey: Guid(9b6103b29828a224aa4f6aac28bf1e9e) Importer(2089858483,0ecaa5967403d082aa24f35e1b516d23)
Start importing Assets/ModernSupermarket/Models/Props/Products/WaterPack_mqmuh7/Textures/Materials/WaterPack_mqmuh7_Liquid.mat using Guid(9b6103b29828a224aa4f6aac28bf1e9e) Importer(2089858483,0ecaa5967403d082aa24f35e1b516d23) [PhysX] Initialized MultithreadedTaskDispatcher with 16 workers.
 -> (artifact id: '0e9ac852693901f985f90684896c0051') in 0.012452 seconds
Number of updated asset objects reloaded before import = 0
Number of asset objects unloaded after import = 1
========================================================================
Received Import Request.
  Time since last request: 0.000023 seconds.
  path: Assets/ModernSupermarket/Models/Props/Products/Sugar_ffc568/Textures/Material/Sugar_ffc568_Var03.mat
  artifactKey: Guid(9d5b39e0d2e4b82459d5aa12dc84de28) Importer(2089858483,0ecaa5967403d082aa24f35e1b516d23)
Start importing Assets/ModernSupermarket/Models/Props/Products/Sugar_ffc568/Textures/Material/Sugar_ffc568_Var03.mat using Guid(9d5b39e0d2e4b82459d5aa12dc84de28) Importer(2089858483,0ecaa5967403d082aa24f35e1b516d23) [PhysX] Initialized MultithreadedTaskDispatcher with 16 workers.
 -> (artifact id: '425f8cb5d2d0dc78958bf36bfc1c6c95') in 0.015188 seconds
Number of updated asset objects reloaded before import = 0
Number of asset objects unloaded after import = 4
========================================================================
Received Import Request.
  Time since last request: 0.000030 seconds.
  path: Assets/ModernSupermarket/Models/Props/Utility/Crate_omgea6/Textures/Materials/Crate_omgea6.mat
  artifactKey: Guid(bc35021ad30e8c94ca5638e17da9902d) Importer(2089858483,0ecaa5967403d082aa24f35e1b516d23)
Start importing Assets/ModernSupermarket/Models/Props/Utility/Crate_omgea6/Textures/Materials/Crate_omgea6.mat using Guid(bc35021ad30e8c94ca5638e17da9902d) Importer(2089858483,0ecaa5967403d082aa24f35e1b516d23) [PhysX] Initialized MultithreadedTaskDispatcher with 16 workers.
 -> (artifact id: 'd1f2b3315013453bcd702e5c25cb8538') in 0.019404 seconds
Number of updated asset objects reloaded before import = 0
Number of asset objects unloaded after import = 5
========================================================================
Received Import Request.
  Time since last request: 0.000029 seconds.
  path: Assets/ModernSupermarket/Models/Props/Products/WaterPack_mqmuh7/Textures/Materials/WaterPack_mqmuh7_Label_Var02.mat
  artifactKey: Guid(d4e694c6a73e80340a20e02b5288d9f9) Importer(2089858483,0ecaa5967403d082aa24f35e1b516d23)
Start importing Assets/ModernSupermarket/Models/Props/Products/WaterPack_mqmuh7/Textures/Materials/WaterPack_mqmuh7_Label_Var02.mat using Guid(d4e694c6a73e80340a20e02b5288d9f9) Importer(2089858483,0ecaa5967403d082aa24f35e1b516d23) [PhysX] Initialized MultithreadedTaskDispatcher with 16 workers.
 -> (artifact id: '0a3890a976f9f5cbac4267687bd9fbb3') in 0.019462 seconds
Number of updated asset objects reloaded before import = 0
Number of asset objects unloaded after import = 4
========================================================================
Received Import Request.
  Time since last request: 0.000022 seconds.
  path: Assets/ModernSupermarket/Models/Props/Utility/Anti-thefhtDoor_9qs8y9/Textures/Materials/Anti-theftDoor_9qs8y9_a.mat
  artifactKey: Guid(901ba1190a8fa354799cfae66a50860a) Importer(2089858483,0ecaa5967403d082aa24f35e1b516d23)
Start importing Assets/ModernSupermarket/Models/Props/Utility/Anti-thefhtDoor_9qs8y9/Textures/Materials/Anti-theftDoor_9qs8y9_a.mat using Guid(901ba1190a8fa354799cfae66a50860a) Importer(2089858483,0ecaa5967403d082aa24f35e1b516d23) [PhysX] Initialized MultithreadedTaskDispatcher with 16 workers.
 -> (artifact id: 'ffc1931fc558627af2b96f9585fdfba7') in 0.026340 seconds
Number of updated asset objects reloaded before import = 0
Number of asset objects unloaded after import = 5
========================================================================
Received Import Request.
  Time since last request: 0.000021 seconds.
  path: Assets/ModernSupermarket/Models/Props/Products/Sugar_ffc568/Textures/Material/Sugar_ffc568.mat
  artifactKey: Guid(6a9122f9ffcadad428cf80bc5e099ff8) Importer(2089858483,0ecaa5967403d082aa24f35e1b516d23)
Start importing Assets/ModernSupermarket/Models/Props/Products/Sugar_ffc568/Textures/Material/Sugar_ffc568.mat using Guid(6a9122f9ffcadad428cf80bc5e099ff8) Importer(2089858483,0ecaa5967403d082aa24f35e1b516d23) [PhysX] Initialized MultithreadedTaskDispatcher with 16 workers.
 -> (artifact id: '4ba8307daa3f97f15250ac7827876dcb') in 0.016262 seconds
Number of updated asset objects reloaded before import = 0
Number of asset objects unloaded after import = 4
========================================================================
Received Import Request.
  Time since last request: 0.000022 seconds.
  path: Assets/ModernSupermarket/Models/Props/Products/Soda_f6b9gw/Textures/Materials/Soda_f6b9gw_Label.mat
  artifactKey: Guid(bb17cc1dce6bcf145ba824f8b3817d0f) Importer(2089858483,0ecaa5967403d082aa24f35e1b516d23)
Start importing Assets/ModernSupermarket/Models/Props/Products/Soda_f6b9gw/Textures/Materials/Soda_f6b9gw_Label.mat using Guid(bb17cc1dce6bcf145ba824f8b3817d0f) Importer(2089858483,0ecaa5967403d082aa24f35e1b516d23) [PhysX] Initialized MultithreadedTaskDispatcher with 16 workers.
 -> (artifact id: '7f601d20c12184e53efc0fff3d15d38e') in 0.017273 seconds
Number of updated asset objects reloaded before import = 0
Number of asset objects unloaded after import = 4
========================================================================
Received Import Request.
  Time since last request: 0.000024 seconds.
  path: Assets/ModernSupermarket/Models/Props/Utility/Footboard_ajuyp9/Texture/Materials/Footboard_ajuyp9_Var02.mat
  artifactKey: Guid(aeac4ec5fd5b2d94ebfdc273211a8245) Importer(2089858483,0ecaa5967403d082aa24f35e1b516d23)
Start importing Assets/ModernSupermarket/Models/Props/Utility/Footboard_ajuyp9/Texture/Materials/Footboard_ajuyp9_Var02.mat using Guid(aeac4ec5fd5b2d94ebfdc273211a8245) Importer(2089858483,0ecaa5967403d082aa24f35e1b516d23) [PhysX] Initialized MultithreadedTaskDispatcher with 16 workers.
 -> (artifact id: '83d0306531dfd137d1869cb4c670b640') in 0.017645 seconds
Number of updated asset objects reloaded before import = 0
Number of asset objects unloaded after import = 4
========================================================================
Received Import Request.
  Time since last request: 0.000022 seconds.
  path: Assets/ModernSupermarket/Models/Props/Products/Soap_1rcsb1/Textures/Materials/Soap_1rcsb1_Glass.mat
  artifactKey: Guid(24b540f882530a14097cd09937d1807d) Importer(2089858483,0ecaa5967403d082aa24f35e1b516d23)
Start importing Assets/ModernSupermarket/Models/Props/Products/Soap_1rcsb1/Textures/Materials/Soap_1rcsb1_Glass.mat using Guid(24b540f882530a14097cd09937d1807d) Importer(2089858483,0ecaa5967403d082aa24f35e1b516d23) [PhysX] Initialized MultithreadedTaskDispatcher with 16 workers.
 -> (artifact id: '31d8dd9753c2edfac3037aece47ec0eb') in 0.028199 seconds
Number of updated asset objects reloaded before import = 0
Number of asset objects unloaded after import = 3
========================================================================
Received Import Request.
  Time since last request: 0.000035 seconds.
  path: Assets/ModernSupermarket/Models/Props/Products/Soda_d7rdw9/Textures/Materials/Soda_d7rdw9_Var01_Label.mat
  artifactKey: Guid(ec34a7fbfdc632243b756e03652e4949) Importer(2089858483,0ecaa5967403d082aa24f35e1b516d23)
Start importing Assets/ModernSupermarket/Models/Props/Products/Soda_d7rdw9/Textures/Materials/Soda_d7rdw9_Var01_Label.mat using Guid(ec34a7fbfdc632243b756e03652e4949) Importer(2089858483,0ecaa5967403d082aa24f35e1b516d23) [PhysX] Initialized MultithreadedTaskDispatcher with 16 workers.
 -> (artifact id: 'd0ddf8cae58ca5aee3a258ef43a39cb1') in 0.016448 seconds
Number of updated asset objects reloaded before import = 0
Number of asset objects unloaded after import = 4
========================================================================
Received Import Request.
  Time since last request: 0.000022 seconds.
  path: Assets/ModernSupermarket/Models/Props/Products/Chicken_ozj6pn/Textures/Chicken_ozj6pn_Meat_m.png
  artifactKey: Guid(e6c53c66ac92c4e48a04db336519187f) Importer(2089858483,0ecaa5967403d082aa24f35e1b516d23)
Start importing Assets/ModernSupermarket/Models/Props/Products/Chicken_ozj6pn/Textures/Chicken_ozj6pn_Meat_m.png using Guid(e6c53c66ac92c4e48a04db336519187f) Importer(2089858483,0ecaa5967403d082aa24f35e1b516d23) [PhysX] Initialized MultithreadedTaskDispatcher with 16 workers.
 -> (artifact id: '04aaa4cbea06ef7428da5d94d67da978') in 0.024716 seconds
Number of updated asset objects reloaded before import = 0
Number of asset objects unloaded after import = 1
========================================================================
Received Import Request.
  Time since last request: 0.000025 seconds.
  path: Assets/ModernSupermarket/Models/Props/Utility/Computer_dfc1a9/Computer_dfc1a9.fbx
  artifactKey: Guid(819bf2780f0fb4448b3a332ecad32225) Importer(2089858483,0ecaa5967403d082aa24f35e1b516d23)
Start importing Assets/ModernSupermarket/Models/Props/Utility/Computer_dfc1a9/Computer_dfc1a9.fbx using Guid(819bf2780f0fb4448b3a332ecad32225) Importer(2089858483,0ecaa5967403d082aa24f35e1b516d23) [PhysX] Initialized MultithreadedTaskDispatcher with 16 workers.
 -> (artifact id: '6c76dd112fbc197c0c2dae7ebac94efb') in 0.023277 seconds
Number of updated asset objects reloaded before import = 0
Number of asset objects unloaded after import = 24
========================================================================
Received Import Request.
  Time since last request: 0.000024 seconds.
  path: Assets/ModernSupermarket/Models/Props/Produce/Carrot_i2roww/Textures/Carrot_i2roww_a.png
  artifactKey: Guid(b94fb0e66e7d1d440abf7382097c84c4) Importer(2089858483,0ecaa5967403d082aa24f35e1b516d23)
Start importing Assets/ModernSupermarket/Models/Props/Produce/Carrot_i2roww/Textures/Carrot_i2roww_a.png using Guid(b94fb0e66e7d1d440abf7382097c84c4) Importer(2089858483,0ecaa5967403d082aa24f35e1b516d23) [PhysX] Initialized MultithreadedTaskDispatcher with 16 workers.
 -> (artifact id: 'e62ef7ba14cc0e6130939d6afeb0262c') in 0.022656 seconds
Number of updated asset objects reloaded before import = 0
Number of asset objects unloaded after import = 1
========================================================================
Received Import Request.
  Time since last request: 0.000025 seconds.
  path: Assets/ModernSupermarket/Models/Props/Products/CandyPack_qkmq5d/Textures/CandyPack_qkmq5d_n.png
  artifactKey: Guid(3183c16f247b7a245952669b0e71cdd4) Importer(2089858483,0ecaa5967403d082aa24f35e1b516d23)
Start importing Assets/ModernSupermarket/Models/Props/Products/CandyPack_qkmq5d/Textures/CandyPack_qkmq5d_n.png using Guid(3183c16f247b7a245952669b0e71cdd4) Importer(2089858483,0ecaa5967403d082aa24f35e1b516d23) [PhysX] Initialized MultithreadedTaskDispatcher with 16 workers.
 -> (artifact id: 'f15ebaf899c1bd39d1f4a7ea72519b7c') in 0.020389 seconds
Number of updated asset objects reloaded before import = 0
Number of asset objects unloaded after import = 1
========================================================================
Received Import Request.
  Time since last request: 0.000025 seconds.
  path: Assets/ModernSupermarket/Models/Props/Produce/Melon_h6xrq4/Textures/Melon_h6xrq4_a.png
  artifactKey: Guid(20906cfaffd9473469d4d6398b891061) Importer(2089858483,0ecaa5967403d082aa24f35e1b516d23)
Start importing Assets/ModernSupermarket/Models/Props/Produce/Melon_h6xrq4/Textures/Melon_h6xrq4_a.png using Guid(20906cfaffd9473469d4d6398b891061) Importer(2089858483,0ecaa5967403d082aa24f35e1b516d23) [PhysX] Initialized MultithreadedTaskDispatcher with 16 workers.
 -> (artifact id: '075fb050ab6ee047275976da74259453') in 0.021457 seconds
Number of updated asset objects reloaded before import = 0
Number of asset objects unloaded after import = 1
========================================================================
Received Import Request.
  Time since last request: 0.000018 seconds.
  path: Assets/SpeechSDK/Plugins/Android/libs/armeabi-v7a/libMicrosoft.CognitiveServices.Speech.extension.lu.so
  artifactKey: Guid(8b4bcb6275329674b9da66d5bbbd2574) Importer(2089858483,0ecaa5967403d082aa24f35e1b516d23)
Start importing Assets/SpeechSDK/Plugins/Android/libs/armeabi-v7a/libMicrosoft.CognitiveServices.Speech.extension.lu.so using Guid(8b4bcb6275329674b9da66d5bbbd2574) Importer(2089858483,0ecaa5967403d082aa24f35e1b516d23) [PhysX] Initialized MultithreadedTaskDispatcher with 16 workers.
 -> (artifact id: '9893377374e101abaf1aad5c4761bb41') in 0.016860 seconds
Number of updated asset objects reloaded before import = 0
Number of asset objects unloaded after import = 1
========================================================================
Received Import Request.
  Time since last request: 0.000017 seconds.
  path: Assets/ModernSupermarket/Models/Props/Products/Cream_jatl5h/Textures/Materials/Cream_jatl5h_a_Var02.mat
  artifactKey: Guid(51c2deb0672929d4eaca2c31004b02c3) Importer(2089858483,0ecaa5967403d082aa24f35e1b516d23)
Start importing Assets/ModernSupermarket/Models/Props/Products/Cream_jatl5h/Textures/Materials/Cream_jatl5h_a_Var02.mat using Guid(51c2deb0672929d4eaca2c31004b02c3) Importer(2089858483,0ecaa5967403d082aa24f35e1b516d23) [PhysX] Initialized MultithreadedTaskDispatcher with 16 workers.
 -> (artifact id: '44272af6f5ac48445b0eedf390ad6aff') in 0.017918 seconds
Number of updated asset objects reloaded before import = 0
Number of asset objects unloaded after import = 5
========================================================================
Received Import Request.
  Time since last request: 0.000019 seconds.
  path: Assets/ModernSupermarket/Models/Furniture/Shelf_6h7vop/Textures/Materials/Shelf_6h7vop.mat
  artifactKey: Guid(507b4b1b6a53d204db5527e79dd9abd9) Importer(2089858483,0ecaa5967403d082aa24f35e1b516d23)
Start importing Assets/ModernSupermarket/Models/Furniture/Shelf_6h7vop/Textures/Materials/Shelf_6h7vop.mat using Guid(507b4b1b6a53d204db5527e79dd9abd9) Importer(2089858483,0ecaa5967403d082aa24f35e1b516d23) [PhysX] Initialized MultithreadedTaskDispatcher with 16 workers.
 -> (artifact id: '741cb999febc0d8ca76fe1b168058628') in 0.022093 seconds
Number of updated asset objects reloaded before import = 0
Number of asset objects unloaded after import = 5
========================================================================
Received Import Request.
  Time since last request: 0.000022 seconds.
  path: Assets/ModernSupermarket/Models/Props/Products/ToiletPaper_tunz3i/Textures/Materials/ToiletPaper_tunz3i_Var01.mat
  artifactKey: Guid(46bebcf59b52b7a43b749a82c035219b) Importer(2089858483,0ecaa5967403d082aa24f35e1b516d23)
Start importing Assets/ModernSupermarket/Models/Props/Products/ToiletPaper_tunz3i/Textures/Materials/ToiletPaper_tunz3i_Var01.mat using Guid(46bebcf59b52b7a43b749a82c035219b) Importer(2089858483,0ecaa5967403d082aa24f35e1b516d23) [PhysX] Initialized MultithreadedTaskDispatcher with 16 workers.
 -> (artifact id: '1ebb3fb5ca26a67692d1824b3cd16afb') in 0.017071 seconds
Number of updated asset objects reloaded before import = 0
Number of asset objects unloaded after import = 5
========================================================================
Received Import Request.
  Time since last request: 0.000019 seconds.
  path: Assets/ModernSupermarket/Models/Props/Products/Pizza_ehb1pe/Textures/Material/BoxPizza_ehb1pe_Var02.mat
  artifactKey: Guid(e1555951025d81946a39c18b590d1b57) Importer(2089858483,0ecaa5967403d082aa24f35e1b516d23)
Start importing Assets/ModernSupermarket/Models/Props/Products/Pizza_ehb1pe/Textures/Material/BoxPizza_ehb1pe_Var02.mat using Guid(e1555951025d81946a39c18b590d1b57) Importer(2089858483,0ecaa5967403d082aa24f35e1b516d23) [PhysX] Initialized MultithreadedTaskDispatcher with 16 workers.
 -> (artifact id: '70af6a7c53e16474c039bbaa9101d026') in 0.016141 seconds
Number of updated asset objects reloaded before import = 0
Number of asset objects unloaded after import = 4
========================================================================
Received Import Request.
  Time since last request: 0.000020 seconds.
  path: Assets/ModernSupermarket/Models/Props/Products/Laundry_mm7gx5/Textures/Materials/Laundry_mm7gx5.mat
  artifactKey: Guid(be6f4e70aeb047547aa3c2ae9671fe72) Importer(2089858483,0ecaa5967403d082aa24f35e1b516d23)
Start importing Assets/ModernSupermarket/Models/Props/Products/Laundry_mm7gx5/Textures/Materials/Laundry_mm7gx5.mat using Guid(be6f4e70aeb047547aa3c2ae9671fe72) Importer(2089858483,0ecaa5967403d082aa24f35e1b516d23) [PhysX] Initialized MultithreadedTaskDispatcher with 16 workers.
 -> (artifact id: 'b7ff4d234a0db7d64bf8840521db6fdb') in 0.019211 seconds
Number of updated asset objects reloaded before import = 0
Number of asset objects unloaded after import = 5
========================================================================
Received Import Request.
  Time since last request: 0.000032 seconds.
  path: Assets/ModernSupermarket/Models/Props/Products/Oil_ nutmjk/Textures/Materials/Oil_nutmjk_a.mat
  artifactKey: Guid(47d382a204d626b49adab504cabfc3a6) Importer(2089858483,0ecaa5967403d082aa24f35e1b516d23)
Start importing Assets/ModernSupermarket/Models/Props/Products/Oil_ nutmjk/Textures/Materials/Oil_nutmjk_a.mat using Guid(47d382a204d626b49adab504cabfc3a6) Importer(2089858483,0ecaa5967403d082aa24f35e1b516d23) [PhysX] Initialized MultithreadedTaskDispatcher with 16 workers.
 -> (artifact id: '8a6f53009a5c334565c11a65695cd93f') in 0.017215 seconds
Number of updated asset objects reloaded before import = 0
Number of asset objects unloaded after import = 5
========================================================================
Received Import Request.
  Time since last request: 0.000016 seconds.
  path: Assets/ModernSupermarket/Models/Props/Utility/Scale_av1k2p/Textures/Materials/Scale_av1k2p_Glass.mat
  artifactKey: Guid(c8c41480374114e4c817056865bead3d) Importer(2089858483,0ecaa5967403d082aa24f35e1b516d23)
Start importing Assets/ModernSupermarket/Models/Props/Utility/Scale_av1k2p/Textures/Materials/Scale_av1k2p_Glass.mat using Guid(c8c41480374114e4c817056865bead3d) Importer(2089858483,0ecaa5967403d082aa24f35e1b516d23) [PhysX] Initialized MultithreadedTaskDispatcher with 16 workers.
 -> (artifact id: 'd112930f929272a38621fc9c1df5e084') in 0.016247 seconds
Number of updated asset objects reloaded before import = 0
Number of asset objects unloaded after import = 5
========================================================================
Received Import Request.
  Time since last request: 0.000016 seconds.
  path: Assets/Packages/System.Text.Json.8.0.5/analyzers/dotnet/roslyn4.0/cs/cs/System.Text.Json.SourceGeneration.resources.dll
  artifactKey: Guid(b21fd753e4046bf4b8059a29b61dcb19) Importer(2089858483,0ecaa5967403d082aa24f35e1b516d23)
Start importing Assets/Packages/System.Text.Json.8.0.5/analyzers/dotnet/roslyn4.0/cs/cs/System.Text.Json.SourceGeneration.resources.dll using Guid(b21fd753e4046bf4b8059a29b61dcb19) Importer(2089858483,0ecaa5967403d082aa24f35e1b516d23) [PhysX] Initialized MultithreadedTaskDispatcher with 16 workers.
 -> (artifact id: '491938c2eabcf3b70e818e4f945f524a') in 0.013566 seconds
Number of updated asset objects reloaded before import = 0
Number of asset objects unloaded after import = 1
========================================================================
Received Import Request.
  Time since last request: 0.000018 seconds.
  path: Assets/Packages/System.Text.Json.8.0.5/analyzers/dotnet/roslyn4.4/cs/it/System.Text.Json.SourceGeneration.resources.dll
  artifactKey: Guid(75e1e264bfca6d54e90735ab32c32fa8) Importer(2089858483,0ecaa5967403d082aa24f35e1b516d23)
Start importing Assets/Packages/System.Text.Json.8.0.5/analyzers/dotnet/roslyn4.4/cs/it/System.Text.Json.SourceGeneration.resources.dll using Guid(75e1e264bfca6d54e90735ab32c32fa8) Importer(2089858483,0ecaa5967403d082aa24f35e1b516d23) [PhysX] Initialized MultithreadedTaskDispatcher with 16 workers.
 -> (artifact id: '5d3f27e899718c1da14e6886e69598c8') in 0.014554 seconds
Number of updated asset objects reloaded before import = 0
Number of asset objects unloaded after import = 1
========================================================================
Received Import Request.
  Time since last request: 0.000025 seconds.
  path: Assets/Packages/Microsoft.Extensions.Logging.Abstractions.8.0.3/analyzers/dotnet/roslyn3.11/cs/ja/Microsoft.Extensions.Logging.Generators.resources.dll
  artifactKey: Guid(57040f2f9509e554dae7bb96cd2b182b) Importer(2089858483,0ecaa5967403d082aa24f35e1b516d23)
Start importing Assets/Packages/Microsoft.Extensions.Logging.Abstractions.8.0.3/analyzers/dotnet/roslyn3.11/cs/ja/Microsoft.Extensions.Logging.Generators.resources.dll using Guid(57040f2f9509e554dae7bb96cd2b182b) Importer(2089858483,0ecaa5967403d082aa24f35e1b516d23) [PhysX] Initialized MultithreadedTaskDispatcher with 16 workers.
 -> (artifact id: '728a52b6f4b5d3f091177813ffdd8ffa') in 0.013780 seconds
Number of updated asset objects reloaded before import = 0
Number of asset objects unloaded after import = 1
========================================================================
Received Import Request.
  Time since last request: 0.000017 seconds.
  path: Assets/Packages/Microsoft.Extensions.Logging.Abstractions.8.0.3/analyzers/dotnet/roslyn4.4/cs/cs/Microsoft.Extensions.Logging.Generators.resources.dll
  artifactKey: Guid(9ab6ff5c9f5d58e479585426c855e633) Importer(2089858483,0ecaa5967403d082aa24f35e1b516d23)
Start importing Assets/Packages/Microsoft.Extensions.Logging.Abstractions.8.0.3/analyzers/dotnet/roslyn4.4/cs/cs/Microsoft.Extensions.Logging.Generators.resources.dll using Guid(9ab6ff5c9f5d58e479585426c855e633) Importer(2089858483,0ecaa5967403d082aa24f35e1b516d23) [PhysX] Initialized MultithreadedTaskDispatcher with 16 workers.
 -> (artifact id: 'cc8f901782061c4c223d61ccaa229375') in 0.013796 seconds
Number of updated asset objects reloaded before import = 0
Number of asset objects unloaded after import = 1
========================================================================
Received Import Request.
  Time since last request: 0.000019 seconds.
  path: Assets/Packages/System.Text.Json.8.0.5/analyzers/dotnet/roslyn4.0/cs/ja/System.Text.Json.SourceGeneration.resources.dll
  artifactKey: Guid(ec43fe97c1157ae449ce37d4e451e6ac) Importer(2089858483,0ecaa5967403d082aa24f35e1b516d23)
Start importing Assets/Packages/System.Text.Json.8.0.5/analyzers/dotnet/roslyn4.0/cs/ja/System.Text.Json.SourceGeneration.resources.dll using Guid(ec43fe97c1157ae449ce37d4e451e6ac) Importer(2089858483,0ecaa5967403d082aa24f35e1b516d23) [PhysX] Initialized MultithreadedTaskDispatcher with 16 workers.
 -> (artifact id: '11e5dc12cf4f72c255aa834e328eb697') in 0.014735 seconds
Number of updated asset objects reloaded before import = 0
Number of asset objects unloaded after import = 1
========================================================================
Received Import Request.
  Time since last request: 0.000019 seconds.
  path: Assets/Packages/System.Text.Json.8.0.5/analyzers/dotnet/roslyn4.4/cs/tr/System.Text.Json.SourceGeneration.resources.dll
  artifactKey: Guid(490d6e5916b811b4f855ad19a1e2282e) Importer(2089858483,0ecaa5967403d082aa24f35e1b516d23)
Start importing Assets/Packages/System.Text.Json.8.0.5/analyzers/dotnet/roslyn4.4/cs/tr/System.Text.Json.SourceGeneration.resources.dll using Guid(490d6e5916b811b4f855ad19a1e2282e) Importer(2089858483,0ecaa5967403d082aa24f35e1b516d23) [PhysX] Initialized MultithreadedTaskDispatcher with 16 workers.
 -> (artifact id: '4f3ffbccc8585313bec9b06c125187ba') in 0.013967 seconds
Number of updated asset objects reloaded before import = 0
Number of asset objects unloaded after import = 1
========================================================================
Received Import Request.
  Time since last request: 0.000020 seconds.
  path: Assets/Packages/Microsoft.Extensions.Logging.Abstractions.8.0.3/analyzers/dotnet/roslyn3.11/cs/ko/Microsoft.Extensions.Logging.Generators.resources.dll
  artifactKey: Guid(6cc6793d49cd9e8439c5a02ed5d0358c) Importer(2089858483,0ecaa5967403d082aa24f35e1b516d23)
Start importing Assets/Packages/Microsoft.Extensions.Logging.Abstractions.8.0.3/analyzers/dotnet/roslyn3.11/cs/ko/Microsoft.Extensions.Logging.Generators.resources.dll using Guid(6cc6793d49cd9e8439c5a02ed5d0358c) Importer(2089858483,0ecaa5967403d082aa24f35e1b516d23) [PhysX] Initialized MultithreadedTaskDispatcher with 16 workers.
 -> (artifact id: '02cb72554e19ca20561191ad0d654467') in 0.013803 seconds
Number of updated asset objects reloaded before import = 0
Number of asset objects unloaded after import = 1
========================================================================
Received Import Request.
  Time since last request: 0.000021 seconds.
  path: Assets/Packages/Microsoft.Extensions.Logging.Abstractions.8.0.3/analyzers/dotnet/roslyn4.0/cs/it/Microsoft.Extensions.Logging.Generators.resources.dll
  artifactKey: Guid(dd02f795742cc84458067e7670cae05f) Importer(2089858483,0ecaa5967403d082aa24f35e1b516d23)
Start importing Assets/Packages/Microsoft.Extensions.Logging.Abstractions.8.0.3/analyzers/dotnet/roslyn4.0/cs/it/Microsoft.Extensions.Logging.Generators.resources.dll using Guid(dd02f795742cc84458067e7670cae05f) Importer(2089858483,0ecaa5967403d082aa24f35e1b516d23) [PhysX] Initialized MultithreadedTaskDispatcher with 16 workers.
 -> (artifact id: '0820b2f2549534727af3f4de13a530c2') in 0.013519 seconds
Number of updated asset objects reloaded before import = 0
Number of asset objects unloaded after import = 1
========================================================================
Received Import Request.
  Time since last request: 0.000025 seconds.
  path: Assets/Packages/Microsoft.Extensions.Logging.Abstractions.8.0.3/analyzers/dotnet/roslyn4.0/cs/es/Microsoft.Extensions.Logging.Generators.resources.dll
  artifactKey: Guid(cff8713c88bdb104b8e15c981f0ec996) Importer(2089858483,0ecaa5967403d082aa24f35e1b516d23)
Start importing Assets/Packages/Microsoft.Extensions.Logging.Abstractions.8.0.3/analyzers/dotnet/roslyn4.0/cs/es/Microsoft.Extensions.Logging.Generators.resources.dll using Guid(cff8713c88bdb104b8e15c981f0ec996) Importer(2089858483,0ecaa5967403d082aa24f35e1b516d23) [PhysX] Initialized MultithreadedTaskDispatcher with 16 workers.
 -> (artifact id: '3ae185dff2237202c6e7de1739c6adb4') in 0.015550 seconds
Number of updated asset objects reloaded before import = 0
Number of asset objects unloaded after import = 1
========================================================================
Received Import Request.
  Time since last request: 0.000019 seconds.
  path: Assets/Packages/Microsoft.Extensions.Logging.Abstractions.8.0.3/analyzers/dotnet/roslyn3.11/cs/es/Microsoft.Extensions.Logging.Generators.resources.dll
  artifactKey: Guid(9ef45a6b02fd9de41872c31a9d088a9c) Importer(2089858483,0ecaa5967403d082aa24f35e1b516d23)
Start importing Assets/Packages/Microsoft.Extensions.Logging.Abstractions.8.0.3/analyzers/dotnet/roslyn3.11/cs/es/Microsoft.Extensions.Logging.Generators.resources.dll using Guid(9ef45a6b02fd9de41872c31a9d088a9c) Importer(2089858483,0ecaa5967403d082aa24f35e1b516d23) [PhysX] Initialized MultithreadedTaskDispatcher with 16 workers.
 -> (artifact id: '95729399c566bd0aaf8903fc86771a3b') in 0.013552 seconds
Number of updated asset objects reloaded before import = 0
Number of asset objects unloaded after import = 1
========================================================================
Received Import Request.
  Time since last request: 0.000027 seconds.
  path: Assets/Packages/Microsoft.Extensions.Logging.Abstractions.8.0.3/analyzers/dotnet/roslyn4.0/cs/zh-Hant/Microsoft.Extensions.Logging.Generators.resources.dll
  artifactKey: Guid(b37e8e25e6feeba4bbf7d9452e503c6e) Importer(2089858483,0ecaa5967403d082aa24f35e1b516d23)
Start importing Assets/Packages/Microsoft.Extensions.Logging.Abstractions.8.0.3/analyzers/dotnet/roslyn4.0/cs/zh-Hant/Microsoft.Extensions.Logging.Generators.resources.dll using Guid(b37e8e25e6feeba4bbf7d9452e503c6e) Importer(2089858483,0ecaa5967403d082aa24f35e1b516d23) [PhysX] Initialized MultithreadedTaskDispatcher with 16 workers.
 -> (artifact id: '006780d8b3f67547c0a40fbc6c81489a') in 0.013840 seconds
Number of updated asset objects reloaded before import = 0
Number of asset objects unloaded after import = 1
========================================================================
Received Import Request.
  Time since last request: 0.000018 seconds.
  path: Assets/Packages/System.Text.Json.8.0.5/analyzers/dotnet/roslyn3.11/cs/it/System.Text.Json.SourceGeneration.resources.dll
  artifactKey: Guid(809588ba564801748850cea129b1cfb2) Importer(2089858483,0ecaa5967403d082aa24f35e1b516d23)
Start importing Assets/Packages/System.Text.Json.8.0.5/analyzers/dotnet/roslyn3.11/cs/it/System.Text.Json.SourceGeneration.resources.dll using Guid(809588ba564801748850cea129b1cfb2) Importer(2089858483,0ecaa5967403d082aa24f35e1b516d23) [PhysX] Initialized MultithreadedTaskDispatcher with 16 workers.
 -> (artifact id: 'c20c0dd0e6643b4e4efb3b586662f729') in 0.014077 seconds
Number of updated asset objects reloaded before import = 0
Number of asset objects unloaded after import = 1
========================================================================
Received Import Request.
  Time since last request: 0.000025 seconds.
  path: Assets/Packages/System.Text.Json.8.0.5/analyzers/dotnet/roslyn4.0/cs/zh-Hant/System.Text.Json.SourceGeneration.resources.dll
  artifactKey: Guid(91400aba869d10c4dbda313ae39a7185) Importer(2089858483,0ecaa5967403d082aa24f35e1b516d23)
Start importing Assets/Packages/System.Text.Json.8.0.5/analyzers/dotnet/roslyn4.0/cs/zh-Hant/System.Text.Json.SourceGeneration.resources.dll using Guid(91400aba869d10c4dbda313ae39a7185) Importer(2089858483,0ecaa5967403d082aa24f35e1b516d23) [PhysX] Initialized MultithreadedTaskDispatcher with 16 workers.
 -> (artifact id: 'f7e1be5aa7bcfb9d9fb3414a487284ae') in 0.015189 seconds
Number of updated asset objects reloaded before import = 0
Number of asset objects unloaded after import = 1
========================================================================
Received Import Request.
  Time since last request: 0.000036 seconds.
  path: Assets/Packages/System.Text.Json.8.0.5/analyzers/dotnet/roslyn3.11/cs/de/System.Text.Json.SourceGeneration.resources.dll
  artifactKey: Guid(01424d67fa3b0bd45868896fdfc2ef1d) Importer(2089858483,0ecaa5967403d082aa24f35e1b516d23)
Start importing Assets/Packages/System.Text.Json.8.0.5/analyzers/dotnet/roslyn3.11/cs/de/System.Text.Json.SourceGeneration.resources.dll using Guid(01424d67fa3b0bd45868896fdfc2ef1d) Importer(2089858483,0ecaa5967403d082aa24f35e1b516d23) [PhysX] Initialized MultithreadedTaskDispatcher with 16 workers.
 -> (artifact id: '4346bb6b34e6e816a5b95053b0914029') in 0.013978 seconds
Number of updated asset objects reloaded before import = 0
Number of asset objects unloaded after import = 1
========================================================================
Received Import Request.
  Time since last request: 0.000026 seconds.
  path: Assets/ModernSupermarket/Models/Props/Products/FrozenPack_xp713y/Textures/Materials/FrozenPack_xp713y_Var04.mat
  artifactKey: Guid(94926288d42c8b74b83185fc0faec3c0) Importer(2089858483,0ecaa5967403d082aa24f35e1b516d23)
Start importing Assets/ModernSupermarket/Models/Props/Products/FrozenPack_xp713y/Textures/Materials/FrozenPack_xp713y_Var04.mat using Guid(94926288d42c8b74b83185fc0faec3c0) Importer(2089858483,0ecaa5967403d082aa24f35e1b516d23) [PhysX] Initialized MultithreadedTaskDispatcher with 16 workers.
 -> (artifact id: '2c769be23b31cb2c623974434dd2c50e') in 0.016219 seconds
Number of updated asset objects reloaded before import = 0
Number of asset objects unloaded after import = 5
========================================================================
Received Import Request.
  Time since last request: 0.000023 seconds.
  path: Assets/ModernSupermarket/Models/Props/Products/ChocolateBox_b94wj0/Textures/Materials/ChocolatBox_b94wj0_Var01.mat
  artifactKey: Guid(daa7969ed85a5b447bff9c130bcf740a) Importer(2089858483,0ecaa5967403d082aa24f35e1b516d23)
Start importing Assets/ModernSupermarket/Models/Props/Products/ChocolateBox_b94wj0/Textures/Materials/ChocolatBox_b94wj0_Var01.mat using Guid(daa7969ed85a5b447bff9c130bcf740a) Importer(2089858483,0ecaa5967403d082aa24f35e1b516d23) [PhysX] Initialized MultithreadedTaskDispatcher with 16 workers.
 -> (artifact id: 'f650725fdcf031403cf71535a6f73183') in 0.019734 seconds
Number of updated asset objects reloaded before import = 0
Number of asset objects unloaded after import = 5
========================================================================
Received Import Request.
  Time since last request: 0.000031 seconds.
  path: Assets/ModernSupermarket/Models/Props/Utility/Scale_av1k2p/Textures/Materials/Scale_av1k2p_a.mat
  artifactKey: Guid(557e007f2ba179b4381ab2fc4ac99262) Importer(2089858483,0ecaa5967403d082aa24f35e1b516d23)
Start importing Assets/ModernSupermarket/Models/Props/Utility/Scale_av1k2p/Textures/Materials/Scale_av1k2p_a.mat using Guid(557e007f2ba179b4381ab2fc4ac99262) Importer(2089858483,0ecaa5967403d082aa24f35e1b516d23) [PhysX] Initialized MultithreadedTaskDispatcher with 16 workers.
 -> (artifact id: 'ad6da897d1cf53c38ef865ef8fa58080') in 0.017038 seconds
Number of updated asset objects reloaded before import = 0
Number of asset objects unloaded after import = 5
========================================================================
Received Import Request.
  Time since last request: 0.000053 seconds.
  path: Assets/ModernSupermarket/Models/Props/Products/Ham_wplnxm/Textures/Materials/Ham_wplnxm_Meat_Var02.mat
  artifactKey: Guid(5b09a0a58a833cf4dba02e80c66a9422) Importer(2089858483,0ecaa5967403d082aa24f35e1b516d23)
Start importing Assets/ModernSupermarket/Models/Props/Products/Ham_wplnxm/Textures/Materials/Ham_wplnxm_Meat_Var02.mat using Guid(5b09a0a58a833cf4dba02e80c66a9422) Importer(2089858483,0ecaa5967403d082aa24f35e1b516d23) [PhysX] Initialized MultithreadedTaskDispatcher with 16 workers.
 -> (artifact id: '1e833b0656ad3ec38e671eb07542759c') in 0.017952 seconds
Number of updated asset objects reloaded before import = 0
Number of asset objects unloaded after import = 4
========================================================================
Received Import Request.
  Time since last request: 0.000028 seconds.
  path: Assets/Packages/System.Text.Json.8.0.5/analyzers/dotnet/roslyn3.11/cs/pt-BR/System.Text.Json.SourceGeneration.resources.dll
  artifactKey: Guid(3a35aaf065e76a34e8551643fb1cc9e1) Importer(2089858483,0ecaa5967403d082aa24f35e1b516d23)
Start importing Assets/Packages/System.Text.Json.8.0.5/analyzers/dotnet/roslyn3.11/cs/pt-BR/System.Text.Json.SourceGeneration.resources.dll using Guid(3a35aaf065e76a34e8551643fb1cc9e1) Importer(2089858483,0ecaa5967403d082aa24f35e1b516d23) [PhysX] Initialized MultithreadedTaskDispatcher with 16 workers.
 -> (artifact id: '88b8fa29d5f6d0fadad7c8f47fcbd13f') in 0.014023 seconds
Number of updated asset objects reloaded before import = 0
Number of asset objects unloaded after import = 1
========================================================================
Received Import Request.
  Time since last request: 0.000026 seconds.
  path: Assets/ModernSupermarket/Models/Props/Products/Cleanser_o964qg/Textures/Materials/Cleanser_o964qg_LiquidBlack.mat
  artifactKey: Guid(b080487f3395628488ded2088076a27f) Importer(2089858483,0ecaa5967403d082aa24f35e1b516d23)
Start importing Assets/ModernSupermarket/Models/Props/Products/Cleanser_o964qg/Textures/Materials/Cleanser_o964qg_LiquidBlack.mat using Guid(b080487f3395628488ded2088076a27f) Importer(2089858483,0ecaa5967403d082aa24f35e1b516d23) [PhysX] Initialized MultithreadedTaskDispatcher with 16 workers.
 -> (artifact id: '6742843a25d78498c5133389ee6bfe78') in 0.013467 seconds
Number of updated asset objects reloaded before import = 0
Number of asset objects unloaded after import = 1
========================================================================
Received Import Request.
  Time since last request: 0.000024 seconds.
  path: Assets/ModernSupermarket/Models/Props/Products/FrozenPack_t7wenh/Textures/Materials/FrozenPack_t7wenh_Var03.mat
  artifactKey: Guid(3a806a3372b318244aa1e3846920a2c6) Importer(2089858483,0ecaa5967403d082aa24f35e1b516d23)
Start importing Assets/ModernSupermarket/Models/Props/Products/FrozenPack_t7wenh/Textures/Materials/FrozenPack_t7wenh_Var03.mat using Guid(3a806a3372b318244aa1e3846920a2c6) Importer(2089858483,0ecaa5967403d082aa24f35e1b516d23) [PhysX] Initialized MultithreadedTaskDispatcher with 16 workers.
 -> (artifact id: '02fa31ee41730be0cdd6d51f70ce9e43') in 0.015534 seconds
Number of updated asset objects reloaded before import = 0
Number of asset objects unloaded after import = 2
========================================================================
Received Import Request.
  Time since last request: 0.000025 seconds.
  path: Assets/ModernSupermarket/Models/Props/Products/WineBottle_2b6kjh/Textures/Materials/WineBottle_fdde0u_Var02.mat
  artifactKey: Guid(b27976eea3e0403439f17a0c0b382ae9) Importer(2089858483,0ecaa5967403d082aa24f35e1b516d23)
Start importing Assets/ModernSupermarket/Models/Props/Products/WineBottle_2b6kjh/Textures/Materials/WineBottle_fdde0u_Var02.mat using Guid(b27976eea3e0403439f17a0c0b382ae9) Importer(2089858483,0ecaa5967403d082aa24f35e1b516d23) [PhysX] Initialized MultithreadedTaskDispatcher with 16 workers.
 -> (artifact id: '67c9232570afc3d1507df9c90a2ab316') in 0.014402 seconds
Number of updated asset objects reloaded before import = 0
Number of asset objects unloaded after import = 3
========================================================================
Received Import Request.
  Time since last request: 0.000067 seconds.
  path: Assets/ModernSupermarket/Models/Props/Products/Soap_eegrv7/Textures/Materials/Soap_eegrv7_Var01_Label.mat
  artifactKey: Guid(6982f8e7355d26a4996228b080543225) Importer(2089858483,0ecaa5967403d082aa24f35e1b516d23)
Start importing Assets/ModernSupermarket/Models/Props/Products/Soap_eegrv7/Textures/Materials/Soap_eegrv7_Var01_Label.mat using Guid(6982f8e7355d26a4996228b080543225) Importer(2089858483,0ecaa5967403d082aa24f35e1b516d23) [PhysX] Initialized MultithreadedTaskDispatcher with 16 workers.
 -> (artifact id: '24d021796d55aff4025457c379440ab2') in 0.013690 seconds
Number of updated asset objects reloaded before import = 0
Number of asset objects unloaded after import = 3
========================================================================
Received Import Request.
  Time since last request: 0.000030 seconds.
  path: Assets/ModernSupermarket/Models/Props/Products/Sugar_ffc568/Textures/Material/Sugar_ffc568_Var02.mat
  artifactKey: Guid(2197fdc3acfe74f489e333fb8e24885d) Importer(2089858483,0ecaa5967403d082aa24f35e1b516d23)
Start importing Assets/ModernSupermarket/Models/Props/Products/Sugar_ffc568/Textures/Material/Sugar_ffc568_Var02.mat using Guid(2197fdc3acfe74f489e333fb8e24885d) Importer(2089858483,0ecaa5967403d082aa24f35e1b516d23) [PhysX] Initialized MultithreadedTaskDispatcher with 16 workers.
 -> (artifact id: '3037dd9173a3799a0a5631a645923f19') in 0.016817 seconds
Number of updated asset objects reloaded before import = 0
Number of asset objects unloaded after import = 4
========================================================================
Received Import Request.
  Time since last request: 0.000015 seconds.
  path: Assets/ModernSupermarket/Models/Props/Products/Cheese_ipc281/Textures/Materials/Cheese_ipc281_Var01.mat
  artifactKey: Guid(fb91608cf2b8db94aae64eff1288601d) Importer(2089858483,0ecaa5967403d082aa24f35e1b516d23)
Start importing Assets/ModernSupermarket/Models/Props/Products/Cheese_ipc281/Textures/Materials/Cheese_ipc281_Var01.mat using Guid(fb91608cf2b8db94aae64eff1288601d) Importer(2089858483,0ecaa5967403d082aa24f35e1b516d23) [PhysX] Initialized MultithreadedTaskDispatcher with 16 workers.
 -> (artifact id: '3289590c4170db407fb70dfd50a1c9e1') in 0.014886 seconds
Number of updated asset objects reloaded before import = 0
Number of asset objects unloaded after import = 5
========================================================================
Received Import Request.
  Time since last request: 0.000026 seconds.
  path: Assets/ModernSupermarket/Models/Props/Products/Shampoo_vimakk/Textures/Materials/Shampoo_vimakk_Label_Var02.mat
  artifactKey: Guid(f9db201c1a301364fa45ef54f179748a) Importer(2089858483,0ecaa5967403d082aa24f35e1b516d23)
Start importing Assets/ModernSupermarket/Models/Props/Products/Shampoo_vimakk/Textures/Materials/Shampoo_vimakk_Label_Var02.mat using Guid(f9db201c1a301364fa45ef54f179748a) Importer(2089858483,0ecaa5967403d082aa24f35e1b516d23) [PhysX] Initialized MultithreadedTaskDispatcher with 16 workers.
 -> (artifact id: 'c0f2be48386ce671348410c4ecdc7457') in 0.017271 seconds
Number of updated asset objects reloaded before import = 0
Number of asset objects unloaded after import = 2
========================================================================
Received Import Request.
  Time since last request: 0.000033 seconds.
  path: Assets/ModernSupermarket/Models/Props/Products/Pasta_9duit2/Textures/Materials/PastaPack_9duit2.mat
  artifactKey: Guid(893282c7939c085489f95508b9c695cf) Importer(2089858483,0ecaa5967403d082aa24f35e1b516d23)
Start importing Assets/ModernSupermarket/Models/Props/Products/Pasta_9duit2/Textures/Materials/PastaPack_9duit2.mat using Guid(893282c7939c085489f95508b9c695cf) Importer(2089858483,0ecaa5967403d082aa24f35e1b516d23) [PhysX] Initialized MultithreadedTaskDispatcher with 16 workers.
 -> (artifact id: '99cbe2361711972a5467905e88f1a3c4') in 0.019529 seconds
Number of updated asset objects reloaded before import = 0
Number of asset objects unloaded after import = 4
========================================================================
Received Import Request.
  Time since last request: 0.000037 seconds.
  path: Assets/Packages/Microsoft.Extensions.Logging.Abstractions.8.0.3/analyzers/dotnet/roslyn4.0/cs/tr/Microsoft.Extensions.Logging.Generators.resources.dll
  artifactKey: Guid(3f3adc357e1c6c84b91d2f137dfe8d87) Importer(2089858483,0ecaa5967403d082aa24f35e1b516d23)
Start importing Assets/Packages/Microsoft.Extensions.Logging.Abstractions.8.0.3/analyzers/dotnet/roslyn4.0/cs/tr/Microsoft.Extensions.Logging.Generators.resources.dll using Guid(3f3adc357e1c6c84b91d2f137dfe8d87) Importer(2089858483,0ecaa5967403d082aa24f35e1b516d23) [PhysX] Initialized MultithreadedTaskDispatcher with 16 workers.
 -> (artifact id: 'b72834eb13b69a9647b462bbf0dfc657') in 0.014607 seconds
Number of updated asset objects reloaded before import = 0
Number of asset objects unloaded after import = 1
========================================================================
Received Import Request.
  Time since last request: 0.000023 seconds.
  path: Assets/ModernSupermarket/Models/Props/Products/MashPotatoe_3n44xc/Textures/Materials/MashPotatoe_3n44xc.mat
  artifactKey: Guid(236a428ace840da4e9ae9c746090ac84) Importer(2089858483,0ecaa5967403d082aa24f35e1b516d23)
Start importing Assets/ModernSupermarket/Models/Props/Products/MashPotatoe_3n44xc/Textures/Materials/MashPotatoe_3n44xc.mat using Guid(236a428ace840da4e9ae9c746090ac84) Importer(2089858483,0ecaa5967403d082aa24f35e1b516d23) [PhysX] Initialized MultithreadedTaskDispatcher with 16 workers.
 -> (artifact id: 'b913f9b3163b4daa5a59c5c581079518') in 0.018654 seconds
Number of updated asset objects reloaded before import = 0
Number of asset objects unloaded after import = 5
========================================================================
Received Import Request.
  Time since last request: 0.000023 seconds.
  path: Assets/Packages/System.Text.Json.8.0.5/analyzers/dotnet/roslyn4.4/cs/fr/System.Text.Json.SourceGeneration.resources.dll
  artifactKey: Guid(b8fc82f7c75fe094882bec8610a75f54) Importer(2089858483,0ecaa5967403d082aa24f35e1b516d23)
Start importing Assets/Packages/System.Text.Json.8.0.5/analyzers/dotnet/roslyn4.4/cs/fr/System.Text.Json.SourceGeneration.resources.dll using Guid(b8fc82f7c75fe094882bec8610a75f54) Importer(2089858483,0ecaa5967403d082aa24f35e1b516d23) [PhysX] Initialized MultithreadedTaskDispatcher with 16 workers.
 -> (artifact id: '2166f37640ecf6e7e6155e95e7f28175') in 0.015196 seconds
Number of updated asset objects reloaded before import = 0
Number of asset objects unloaded after import = 1
========================================================================
Received Import Request.
  Time since last request: 0.000025 seconds.
  path: Assets/Packages/System.Text.Json.8.0.5/analyzers/dotnet/roslyn4.4/cs/ru/System.Text.Json.SourceGeneration.resources.dll
  artifactKey: Guid(4433b172da98ee54e8cce811a9885488) Importer(2089858483,0ecaa5967403d082aa24f35e1b516d23)
Start importing Assets/Packages/System.Text.Json.8.0.5/analyzers/dotnet/roslyn4.4/cs/ru/System.Text.Json.SourceGeneration.resources.dll using Guid(4433b172da98ee54e8cce811a9885488) Importer(2089858483,0ecaa5967403d082aa24f35e1b516d23) [PhysX] Initialized MultithreadedTaskDispatcher with 16 workers.
 -> (artifact id: '1d5882893a43d55d69c47517e7464541') in 0.014238 seconds
Number of updated asset objects reloaded before import = 0
Number of asset objects unloaded after import = 1
========================================================================
Received Import Request.
  Time since last request: 0.000023 seconds.
  path: Assets/ModernSupermarket/Models/Props/Products/WaterPack_mqmuh7/Textures/Materials/WaterPack_mqmuh7_Label.mat
  artifactKey: Guid(a6b10b18944575743b84cd9f3015c0e3) Importer(2089858483,0ecaa5967403d082aa24f35e1b516d23)
Start importing Assets/ModernSupermarket/Models/Props/Products/WaterPack_mqmuh7/Textures/Materials/WaterPack_mqmuh7_Label.mat using Guid(a6b10b18944575743b84cd9f3015c0e3) Importer(2089858483,0ecaa5967403d082aa24f35e1b516d23) [PhysX] Initialized MultithreadedTaskDispatcher with 16 workers.
 -> (artifact id: 'd650aaa0e817464563dccf13d82f34bb') in 0.017882 seconds
Number of updated asset objects reloaded before import = 0
Number of asset objects unloaded after import = 4
========================================================================
Received Import Request.
  Time since last request: 0.000021 seconds.
  path: Assets/Packages/System.Text.Json.8.0.5/analyzers/dotnet/roslyn4.0/cs/pt-BR/System.Text.Json.SourceGeneration.resources.dll
  artifactKey: Guid(c41ec828f05c0b142918ae8d1e9830ce) Importer(2089858483,0ecaa5967403d082aa24f35e1b516d23)
Start importing Assets/Packages/System.Text.Json.8.0.5/analyzers/dotnet/roslyn4.0/cs/pt-BR/System.Text.Json.SourceGeneration.resources.dll using Guid(c41ec828f05c0b142918ae8d1e9830ce) Importer(2089858483,0ecaa5967403d082aa24f35e1b516d23) [PhysX] Initialized MultithreadedTaskDispatcher with 16 workers.
 -> (artifact id: '51e4290709f1156f9945a2ec4d24e810') in 0.019119 seconds
Number of updated asset objects reloaded before import = 0
Number of asset objects unloaded after import = 1
========================================================================
Received Import Request.
  Time since last request: 0.000021 seconds.
  path: Assets/ModernSupermarket/Models/Props/Products/FrozenPack_xp713y/Textures/Materials/FrozenPack_xp713y_Var03.mat
  artifactKey: Guid(08e65253f2d6f6345aed045c73a16d4a) Importer(2089858483,0ecaa5967403d082aa24f35e1b516d23)
Start importing Assets/ModernSupermarket/Models/Props/Products/FrozenPack_xp713y/Textures/Materials/FrozenPack_xp713y_Var03.mat using Guid(08e65253f2d6f6345aed045c73a16d4a) Importer(2089858483,0ecaa5967403d082aa24f35e1b516d23) [PhysX] Initialized MultithreadedTaskDispatcher with 16 workers.
 -> (artifact id: 'b180e38b099f3536ee5bb064e49ff13e') in 0.015250 seconds
Number of updated asset objects reloaded before import = 0
Number of asset objects unloaded after import = 5
========================================================================
Received Import Request.
  Time since last request: 0.000045 seconds.
  path: Assets/Packages/System.Text.Json.8.0.5/analyzers/dotnet/roslyn3.11/cs/es/System.Text.Json.SourceGeneration.resources.dll
  artifactKey: Guid(78f3364df647c70469a5cc7d65d843cd) Importer(2089858483,0ecaa5967403d082aa24f35e1b516d23)
Start importing Assets/Packages/System.Text.Json.8.0.5/analyzers/dotnet/roslyn3.11/cs/es/System.Text.Json.SourceGeneration.resources.dll using Guid(78f3364df647c70469a5cc7d65d843cd) Importer(2089858483,0ecaa5967403d082aa24f35e1b516d23) [PhysX] Initialized MultithreadedTaskDispatcher with 16 workers.
 -> (artifact id: '4ff591a645486340d801cd66b07441e8') in 0.017675 seconds
Number of updated asset objects reloaded before import = 0
Number of asset objects unloaded after import = 1
========================================================================
Received Import Request.
  Time since last request: 0.000025 seconds.
  path: Assets/ModernSupermarket/Models/Props/Products/Chips_w4tja8/Textures/Materials/Chips_w4tja8.mat
  artifactKey: Guid(70bb0c8fddf986941a84f67aa72b1b46) Importer(2089858483,0ecaa5967403d082aa24f35e1b516d23)
Start importing Assets/ModernSupermarket/Models/Props/Products/Chips_w4tja8/Textures/Materials/Chips_w4tja8.mat using Guid(70bb0c8fddf986941a84f67aa72b1b46) Importer(2089858483,0ecaa5967403d082aa24f35e1b516d23) [PhysX] Initialized MultithreadedTaskDispatcher with 16 workers.
 -> (artifact id: 'b7eba5bb98526905f2f5577baa5e6395') in 0.017605 seconds
Number of updated asset objects reloaded before import = 0
Number of asset objects unloaded after import = 5
========================================================================
Received Import Request.
  Time since last request: 0.000023 seconds.
  path: Assets/ModernSupermarket/Models/Props/Products/Chicken_ozj6pn/Textures/Materials/Chicken_ozj6pn_Meat.mat
  artifactKey: Guid(83890910df389984eb9a0ff2ab10b199) Importer(2089858483,0ecaa5967403d082aa24f35e1b516d23)
Start importing Assets/ModernSupermarket/Models/Props/Products/Chicken_ozj6pn/Textures/Materials/Chicken_ozj6pn_Meat.mat using Guid(83890910df389984eb9a0ff2ab10b199) Importer(2089858483,0ecaa5967403d082aa24f35e1b516d23) [PhysX] Initialized MultithreadedTaskDispatcher with 16 workers.
 -> (artifact id: '3f1b2e5ab2d7ed055e503f41e3ff7835') in 0.019988 seconds
Number of updated asset objects reloaded before import = 0
Number of asset objects unloaded after import = 5
========================================================================
Received Import Request.
  Time since last request: 0.000023 seconds.
  path: Assets/ModernSupermarket/Models/Props/Products/MeatTray_bbcwdq/Textures/Materials/MeatTray_qm4z4l_Tray.mat
  artifactKey: Guid(ba9c23c3ea3737d4084216f538fbf816) Importer(2089858483,0ecaa5967403d082aa24f35e1b516d23)
Start importing Assets/ModernSupermarket/Models/Props/Products/MeatTray_bbcwdq/Textures/Materials/MeatTray_qm4z4l_Tray.mat using Guid(ba9c23c3ea3737d4084216f538fbf816) Importer(2089858483,0ecaa5967403d082aa24f35e1b516d23) [PhysX] Initialized MultithreadedTaskDispatcher with 16 workers.
 -> (artifact id: '3598c915e01d77e2e2b0b2a4849765ea') in 0.019620 seconds
Number of updated asset objects reloaded before import = 0
Number of asset objects unloaded after import = 6
========================================================================
Received Import Request.
  Time since last request: 0.000025 seconds.
  path: Assets/Packages/System.Text.Json.8.0.5/analyzers/dotnet/roslyn3.11/cs/tr/System.Text.Json.SourceGeneration.resources.dll
  artifactKey: Guid(e8e5967f7588adf46827342e6e8e715f) Importer(2089858483,0ecaa5967403d082aa24f35e1b516d23)
Start importing Assets/Packages/System.Text.Json.8.0.5/analyzers/dotnet/roslyn3.11/cs/tr/System.Text.Json.SourceGeneration.resources.dll using Guid(e8e5967f7588adf46827342e6e8e715f) Importer(2089858483,0ecaa5967403d082aa24f35e1b516d23) [PhysX] Initialized MultithreadedTaskDispatcher with 16 workers.
 -> (artifact id: 'c9a5b7d406d2146e798df476803fd0b7') in 0.020150 seconds
Number of updated asset objects reloaded before import = 0
Number of asset objects unloaded after import = 1
========================================================================
Received Import Request.
  Time since last request: 0.000033 seconds.
  path: Assets/ModernSupermarket/Models/Props/Products/Teabox_5oq0ki/Textures/Teabox_5oq0ki_m.png
  artifactKey: Guid(cf3a72a617c5c544a9badf52af08b812) Importer(2089858483,0ecaa5967403d082aa24f35e1b516d23)
Start importing Assets/ModernSupermarket/Models/Props/Products/Teabox_5oq0ki/Textures/Teabox_5oq0ki_m.png using Guid(cf3a72a617c5c544a9badf52af08b812) Importer(2089858483,0ecaa5967403d082aa24f35e1b516d23) [PhysX] Initialized MultithreadedTaskDispatcher with 16 workers.
 -> (artifact id: '940d6fca1eb16cc016431c9a48072756') in 0.019470 seconds
Number of updated asset objects reloaded before import = 0
Number of asset objects unloaded after import = 1
========================================================================
Received Import Request.
  Time since last request: 0.000027 seconds.
  path: Assets/ModernSupermarket/Models/Props/Products/Cleanser_o964qg/Textures/Materials/Cleanser_o964qg_Var02.mat
  artifactKey: Guid(36b932fc79cbf524db71015399bc712e) Importer(2089858483,0ecaa5967403d082aa24f35e1b516d23)
Start importing Assets/ModernSupermarket/Models/Props/Products/Cleanser_o964qg/Textures/Materials/Cleanser_o964qg_Var02.mat using Guid(36b932fc79cbf524db71015399bc712e) Importer(2089858483,0ecaa5967403d082aa24f35e1b516d23) [PhysX] Initialized MultithreadedTaskDispatcher with 16 workers.
 -> (artifact id: 'c4abf53c195f8760bad979b2cb125e51') in 0.016960 seconds
Number of updated asset objects reloaded before import = 0
Number of asset objects unloaded after import = 4
========================================================================
Received Import Request.
  Time since last request: 0.000020 seconds.
  path: Assets/ModernSupermarket/Models/Props/Products/Rice_rewt3q/Textures/Materials/RicePack_rewt3q_Var01.mat
  artifactKey: Guid(5c4ce96a697495441b1568c5c0851cbd) Importer(2089858483,0ecaa5967403d082aa24f35e1b516d23)
Start importing Assets/ModernSupermarket/Models/Props/Products/Rice_rewt3q/Textures/Materials/RicePack_rewt3q_Var01.mat using Guid(5c4ce96a697495441b1568c5c0851cbd) Importer(2089858483,0ecaa5967403d082aa24f35e1b516d23) [PhysX] Initialized MultithreadedTaskDispatcher with 16 workers.
 -> (artifact id: 'bb4d3a1df71890428291925d57397f83') in 0.017402 seconds
Number of updated asset objects reloaded before import = 0
Number of asset objects unloaded after import = 5
========================================================================
Received Import Request.
  Time since last request: 0.000020 seconds.
  path: Assets/ModernSupermarket/Models/Props/Products/WineBottle_2b6kjh/Textures/WineBottle_2b6kjh_o.png
  artifactKey: Guid(31e63408487de7247a7a6c541ce124b3) Importer(2089858483,0ecaa5967403d082aa24f35e1b516d23)
Start importing Assets/ModernSupermarket/Models/Props/Products/WineBottle_2b6kjh/Textures/WineBottle_2b6kjh_o.png using Guid(31e63408487de7247a7a6c541ce124b3) Importer(2089858483,0ecaa5967403d082aa24f35e1b516d23) [PhysX] Initialized MultithreadedTaskDispatcher with 16 workers.
 -> (artifact id: '908f3075c6eea03022030489ae13a837') in 0.017366 seconds
Number of updated asset objects reloaded before import = 0
Number of asset objects unloaded after import = 1
========================================================================
Received Import Request.
  Time since last request: 0.000018 seconds.
  path: Assets/ModernSupermarket/Models/Props/Products/Rooflight_9ecem1/Textures/Rooflight_9ecem1_e.png
  artifactKey: Guid(8bb1f0b9bad76534ca09dddc13acda39) Importer(2089858483,0ecaa5967403d082aa24f35e1b516d23)
Start importing Assets/ModernSupermarket/Models/Props/Products/Rooflight_9ecem1/Textures/Rooflight_9ecem1_e.png using Guid(8bb1f0b9bad76534ca09dddc13acda39) Importer(2089858483,0ecaa5967403d082aa24f35e1b516d23) [PhysX] Initialized MultithreadedTaskDispatcher with 16 workers.
 -> (artifact id: 'b2e49f6c7fe919986c0ffe9ee1bb8865') in 0.017683 seconds
Number of updated asset objects reloaded before import = 0
Number of asset objects unloaded after import = 1
========================================================================
Received Import Request.
  Time since last request: 0.000021 seconds.
  path: Assets/ModernSupermarket/Models/Props/Products/Flour_ckgfmu/Textures/Materials/FlourPack_ckgfmu_Var01.mat
  artifactKey: Guid(9af2dfd1e65eab544a7cd825d9753291) Importer(2089858483,0ecaa5967403d082aa24f35e1b516d23)
Start importing Assets/ModernSupermarket/Models/Props/Products/Flour_ckgfmu/Textures/Materials/FlourPack_ckgfmu_Var01.mat using Guid(9af2dfd1e65eab544a7cd825d9753291) Importer(2089858483,0ecaa5967403d082aa24f35e1b516d23) [PhysX] Initialized MultithreadedTaskDispatcher with 16 workers.
 -> (artifact id: '0fe771189425ecfce5d7c4d8143bb666') in 0.019784 seconds
Number of updated asset objects reloaded before import = 0
Number of asset objects unloaded after import = 5
========================================================================
Received Import Request.
  Time since last request: 0.000027 seconds.
  path: Assets/ModernSupermarket/Models/Props/Products/SlicedBread_6zus31/Textures/SliceBread_6zus31_Bread_m.png
  artifactKey: Guid(ca9a9dd3e01cb3a44af9098ce75b4ef9) Importer(2089858483,0ecaa5967403d082aa24f35e1b516d23)
Start importing Assets/ModernSupermarket/Models/Props/Products/SlicedBread_6zus31/Textures/SliceBread_6zus31_Bread_m.png using Guid(ca9a9dd3e01cb3a44af9098ce75b4ef9) Importer(2089858483,0ecaa5967403d082aa24f35e1b516d23) [PhysX] Initialized MultithreadedTaskDispatcher with 16 workers.
 -> (artifact id: 'd1bde32966c4bfe59ef8272eddd2669d') in 0.021220 seconds
Number of updated asset objects reloaded before import = 0
Number of asset objects unloaded after import = 1
========================================================================
Received Import Request.
  Time since last request: 0.000021 seconds.
  path: Assets/ModernSupermarket/Models/Props/Utility/Footboard_ajuyp9/Texture/Materials/Footboard_ajuyp9_Var01.mat
  artifactKey: Guid(6954026922547c048bcacdbfe9b5a7e5) Importer(2089858483,0ecaa5967403d082aa24f35e1b516d23)
Start importing Assets/ModernSupermarket/Models/Props/Utility/Footboard_ajuyp9/Texture/Materials/Footboard_ajuyp9_Var01.mat using Guid(6954026922547c048bcacdbfe9b5a7e5) Importer(2089858483,0ecaa5967403d082aa24f35e1b516d23) [PhysX] Initialized MultithreadedTaskDispatcher with 16 workers.
 -> (artifact id: 'd54f431c9d768cf0df379a8f8a6e4c69') in 0.017759 seconds
Number of updated asset objects reloaded before import = 0
Number of asset objects unloaded after import = 4
========================================================================
Received Import Request.
  Time since last request: 0.000024 seconds.
  path: Assets/ModernSupermarket/Models/Props/Utility/Crate_3m39yz/Textures/Crate_3m39yzVar02_a.png
  artifactKey: Guid(abbba29b7ff6c1a488dd91650928a8f2) Importer(2089858483,0ecaa5967403d082aa24f35e1b516d23)
Start importing Assets/ModernSupermarket/Models/Props/Utility/Crate_3m39yz/Textures/Crate_3m39yzVar02_a.png using Guid(abbba29b7ff6c1a488dd91650928a8f2) Importer(2089858483,0ecaa5967403d082aa24f35e1b516d23) [PhysX] Initialized MultithreadedTaskDispatcher with 16 workers.
 -> (artifact id: 'e1c304573ce422c0a2fc1aefd210254e') in 0.017891 seconds
Number of updated asset objects reloaded before import = 0
Number of asset objects unloaded after import = 1
========================================================================
Received Import Request.
  Time since last request: 0.000015 seconds.
  path: Assets/ModernSupermarket/Models/Props/Products/Sugar_o0f6pn/Textures/Sugar_o0f6pn_n.png
  artifactKey: Guid(7a529bedbfe0ee74eaebffec2912affc) Importer(2089858483,0ecaa5967403d082aa24f35e1b516d23)
Start importing Assets/ModernSupermarket/Models/Props/Products/Sugar_o0f6pn/Textures/Sugar_o0f6pn_n.png using Guid(7a529bedbfe0ee74eaebffec2912affc) Importer(2089858483,0ecaa5967403d082aa24f35e1b516d23) [PhysX] Initialized MultithreadedTaskDispatcher with 16 workers.
 -> (artifact id: '7b0b6eddce7c375a9dd13b3cc0aa2dc6') in 0.019623 seconds
Number of updated asset objects reloaded before import = 0
Number of asset objects unloaded after import = 1
========================================================================
Received Import Request.
  Time since last request: 0.000024 seconds.
  path: Assets/ModernSupermarket/Models/Props/Products/ToyCar_t5i4lw/Textures/ToyCar_t5i4lw_m.png
  artifactKey: Guid(df124c6bcd50d754d91c26084cea7f67) Importer(2089858483,0ecaa5967403d082aa24f35e1b516d23)
Start importing Assets/ModernSupermarket/Models/Props/Products/ToyCar_t5i4lw/Textures/ToyCar_t5i4lw_m.png using Guid(df124c6bcd50d754d91c26084cea7f67) Importer(2089858483,0ecaa5967403d082aa24f35e1b516d23) [PhysX] Initialized MultithreadedTaskDispatcher with 16 workers.
 -> (artifact id: 'f6cc09e744d0ca7e00b8738ee8870e92') in 0.025330 seconds
Number of updated asset objects reloaded before import = 0
Number of asset objects unloaded after import = 1
========================================================================
Received Import Request.
  Time since last request: 0.000023 seconds.
  path: Assets/ModernSupermarket/Models/Props/Products/Milk_l6slvx/Textures/Materials/Milk_l6slvx_Plastic.mat
  artifactKey: Guid(6f93308e1b869914dbd6f5b48f267c4b) Importer(2089858483,0ecaa5967403d082aa24f35e1b516d23)
Start importing Assets/ModernSupermarket/Models/Props/Products/Milk_l6slvx/Textures/Materials/Milk_l6slvx_Plastic.mat using Guid(6f93308e1b869914dbd6f5b48f267c4b) Importer(2089858483,0ecaa5967403d082aa24f35e1b516d23) [PhysX] Initialized MultithreadedTaskDispatcher with 16 workers.
 -> (artifact id: '0342c87b740b443d44a909395b7d9f1d') in 0.018201 seconds
Number of updated asset objects reloaded before import = 0
Number of asset objects unloaded after import = 5
========================================================================
Received Import Request.
  Time since last request: 0.000033 seconds.
  path: Assets/ModernSupermarket/Models/Props/Products/Alcohol_tqkp8c/Textures/Materials/Whisky_tqkp8c_Label.mat
  artifactKey: Guid(03dc513c7a41c1e469aab298c29268e2) Importer(2089858483,0ecaa5967403d082aa24f35e1b516d23)
Start importing Assets/ModernSupermarket/Models/Props/Products/Alcohol_tqkp8c/Textures/Materials/Whisky_tqkp8c_Label.mat using Guid(03dc513c7a41c1e469aab298c29268e2) Importer(2089858483,0ecaa5967403d082aa24f35e1b516d23) [PhysX] Initialized MultithreadedTaskDispatcher with 16 workers.
 -> (artifact id: '7885603cb2e35099cdc0ae26d577a634') in 0.015389 seconds
Number of updated asset objects reloaded before import = 0
Number of asset objects unloaded after import = 4
========================================================================
Received Import Request.
  Time since last request: 0.000018 seconds.
  path: Assets/ModernSupermarket/Models/Props/Products/Soap_1rcsb1/Textures/Soap_1rcsb1_o.png
  artifactKey: Guid(d2f12201f70e89446be3f4d8d76bf47b) Importer(2089858483,0ecaa5967403d082aa24f35e1b516d23)
Start importing Assets/ModernSupermarket/Models/Props/Products/Soap_1rcsb1/Textures/Soap_1rcsb1_o.png using Guid(d2f12201f70e89446be3f4d8d76bf47b) Importer(2089858483,0ecaa5967403d082aa24f35e1b516d23) [PhysX] Initialized MultithreadedTaskDispatcher with 16 workers.
 -> (artifact id: '23464e59a4b0a73dd7907040d0964554') in 0.016715 seconds
Number of updated asset objects reloaded before import = 0
Number of asset objects unloaded after import = 1
========================================================================
Received Import Request.
  Time since last request: 0.000019 seconds.
  path: Assets/ModernSupermarket/Models/Props/Products/Cereal_me9j99/Textures/Materials/Cereal_me9j99.mat
  artifactKey: Guid(164312aa52629344ea6205e08162242a) Importer(2089858483,0ecaa5967403d082aa24f35e1b516d23)
Start importing Assets/ModernSupermarket/Models/Props/Products/Cereal_me9j99/Textures/Materials/Cereal_me9j99.mat using Guid(164312aa52629344ea6205e08162242a) Importer(2089858483,0ecaa5967403d082aa24f35e1b516d23) [PhysX] Initialized MultithreadedTaskDispatcher with 16 workers.
 -> (artifact id: 'aaa0f73749783b22bc1d7876870cfa29') in 0.020439 seconds
Number of updated asset objects reloaded before import = 0
Number of asset objects unloaded after import = 4
========================================================================
Received Import Request.
  Time since last request: 0.000028 seconds.
  path: Assets/Packages/System.Text.Json.8.0.5/analyzers/dotnet/roslyn4.4/cs/ko/System.Text.Json.SourceGeneration.resources.dll
  artifactKey: Guid(5f24635d4094ba64c8c14629f31b6605) Importer(2089858483,0ecaa5967403d082aa24f35e1b516d23)
Start importing Assets/Packages/System.Text.Json.8.0.5/analyzers/dotnet/roslyn4.4/cs/ko/System.Text.Json.SourceGeneration.resources.dll using Guid(5f24635d4094ba64c8c14629f31b6605) Importer(2089858483,0ecaa5967403d082aa24f35e1b516d23) [PhysX] Initialized MultithreadedTaskDispatcher with 16 workers.
 -> (artifact id: 'cbdf5bd3d9390ac3563cf02069b5a693') in 0.034001 seconds
Number of updated asset objects reloaded before import = 0
Number of asset objects unloaded after import = 1
========================================================================
Received Import Request.
  Time since last request: 0.000026 seconds.
  path: Assets/ModernSupermarket/Models/Props/Utility/Basket_o52iei/Textures/Basket_o52iei_condiments04_a.png
  artifactKey: Guid(1f1cf1e97be112a44b3d530d3f4f54d8) Importer(2089858483,0ecaa5967403d082aa24f35e1b516d23)
Start importing Assets/ModernSupermarket/Models/Props/Utility/Basket_o52iei/Textures/Basket_o52iei_condiments04_a.png using Guid(1f1cf1e97be112a44b3d530d3f4f54d8) Importer(2089858483,0ecaa5967403d082aa24f35e1b516d23) [PhysX] Initialized MultithreadedTaskDispatcher with 16 workers.
 -> (artifact id: 'bf8f75d12922bdd1f82034d1bca165df') in 0.022923 seconds
Number of updated asset objects reloaded before import = 0
Number of asset objects unloaded after import = 1
========================================================================
Received Import Request.
  Time since last request: 0.000026 seconds.
  path: Assets/ModernSupermarket/Models/Props/Products/Vase_enq19o/Textures/Vase_enq19o_o.png
  artifactKey: Guid(b8be15e7fd2f385448b06047947638d3) Importer(2089858483,0ecaa5967403d082aa24f35e1b516d23)
Start importing Assets/ModernSupermarket/Models/Props/Products/Vase_enq19o/Textures/Vase_enq19o_o.png using Guid(b8be15e7fd2f385448b06047947638d3) Importer(2089858483,0ecaa5967403d082aa24f35e1b516d23) [PhysX] Initialized MultithreadedTaskDispatcher with 16 workers.
 -> (artifact id: 'e35fd1292ae18ef2af4280eefa8efa6f') in 0.035668 seconds
Number of updated asset objects reloaded before import = 0
Number of asset objects unloaded after import = 1
========================================================================
Received Import Request.
  Time since last request: 0.000023 seconds.
  path: Assets/ModernSupermarket/Models/Props/Utility/Basket_k5jizs/Textures/Basket_k5jizs_a.png
  artifactKey: Guid(8b1e4b987e7d5c2498742d0965d08038) Importer(2089858483,0ecaa5967403d082aa24f35e1b516d23)
Start importing Assets/ModernSupermarket/Models/Props/Utility/Basket_k5jizs/Textures/Basket_k5jizs_a.png using Guid(8b1e4b987e7d5c2498742d0965d08038) Importer(2089858483,0ecaa5967403d082aa24f35e1b516d23) [PhysX] Initialized MultithreadedTaskDispatcher with 16 workers.
 -> (artifact id: 'fd6b9e45d87b7478915bcaae6d2824e3') in 0.025522 seconds
Number of updated asset objects reloaded before import = 0
Number of asset objects unloaded after import = 1
========================================================================
Received Import Request.
  Time since last request: 0.000028 seconds.
  path: Assets/ModernSupermarket/Models/Props/Utility/Basket_o52iei/Textures/Basket_o52iei_n.png
  artifactKey: Guid(e81f4dc53bf3e334c913fb34f2dee1b6) Importer(2089858483,0ecaa5967403d082aa24f35e1b516d23)
Start importing Assets/ModernSupermarket/Models/Props/Utility/Basket_o52iei/Textures/Basket_o52iei_n.png using Guid(e81f4dc53bf3e334c913fb34f2dee1b6) Importer(2089858483,0ecaa5967403d082aa24f35e1b516d23) [PhysX] Initialized MultithreadedTaskDispatcher with 16 workers.
 -> (artifact id: '4a376e0881d8e6a77b3513f411b729b4') in 0.035041 seconds
Number of updated asset objects reloaded before import = 0
Number of asset objects unloaded after import = 1
========================================================================
Received Import Request.
  Time since last request: 0.000025 seconds.
  path: Assets/ModernSupermarket/Models/Props/Products/Bleach_irrpnt/Textures/Bleach_irrpnt_o.png
  artifactKey: Guid(91d25626e38f33845ba60b8f60f4c64e) Importer(2089858483,0ecaa5967403d082aa24f35e1b516d23)
Start importing Assets/ModernSupermarket/Models/Props/Products/Bleach_irrpnt/Textures/Bleach_irrpnt_o.png using Guid(91d25626e38f33845ba60b8f60f4c64e) Importer(2089858483,0ecaa5967403d082aa24f35e1b516d23) [PhysX] Initialized MultithreadedTaskDispatcher with 16 workers.
 -> (artifact id: '3eb03fe9c8f337beaa1c4ad790df214d') in 0.020817 seconds
Number of updated asset objects reloaded before import = 0
Number of asset objects unloaded after import = 1
========================================================================
Received Import Request.
  Time since last request: 0.000047 seconds.
  path: Assets/ModernSupermarket/Models/Props/Products/Capsule_rk7lsf/Textures/Capsule_rk7lsf_m.png
  artifactKey: Guid(0e5e61eb1fc1ce94a9eed976c87a2ba3) Importer(2089858483,0ecaa5967403d082aa24f35e1b516d23)
Start importing Assets/ModernSupermarket/Models/Props/Products/Capsule_rk7lsf/Textures/Capsule_rk7lsf_m.png using Guid(0e5e61eb1fc1ce94a9eed976c87a2ba3) Importer(2089858483,0ecaa5967403d082aa24f35e1b516d23) [PhysX] Initialized MultithreadedTaskDispatcher with 16 workers.
 -> (artifact id: '97d717af0fc4cfaddea189a781edfd17') in 0.026139 seconds
Number of updated asset objects reloaded before import = 0
Number of asset objects unloaded after import = 1
========================================================================
Received Import Request.
  Time since last request: 0.000026 seconds.
  path: Assets/ModernSupermarket/Models/Props/Produce/Pineapple_c1vx80/Textures/Pineapple_c1vx80_m.png
  artifactKey: Guid(66e65948b45d99c4a8367f5215f45ec2) Importer(2089858483,0ecaa5967403d082aa24f35e1b516d23)
Start importing Assets/ModernSupermarket/Models/Props/Produce/Pineapple_c1vx80/Textures/Pineapple_c1vx80_m.png using Guid(66e65948b45d99c4a8367f5215f45ec2) Importer(2089858483,0ecaa5967403d082aa24f35e1b516d23) [PhysX] Initialized MultithreadedTaskDispatcher with 16 workers.
 -> (artifact id: 'a3a13cbf8723be1a2abc5d49a4841ca2') in 0.020653 seconds
Number of updated asset objects reloaded before import = 0
Number of asset objects unloaded after import = 1
========================================================================
Received Import Request.
  Time since last request: 0.000018 seconds.
  path: Assets/ModernSupermarket/Models/Props/Products/ChocolateBox_b94wj0/Textures/ChocolatBox_b94wj0_o.png
  artifactKey: Guid(cd82179fad263cd4db1ac9a05f12f66e) Importer(2089858483,0ecaa5967403d082aa24f35e1b516d23)
Start importing Assets/ModernSupermarket/Models/Props/Products/ChocolateBox_b94wj0/Textures/ChocolatBox_b94wj0_o.png using Guid(cd82179fad263cd4db1ac9a05f12f66e) Importer(2089858483,0ecaa5967403d082aa24f35e1b516d23) [PhysX] Initialized MultithreadedTaskDispatcher with 16 workers.
 -> (artifact id: 'e97ddd2577161d6931252d405acd95ab') in 0.023706 seconds
Number of updated asset objects reloaded before import = 0
Number of asset objects unloaded after import = 1
========================================================================
Received Import Request.
  Time since last request: 0.000027 seconds.
  path: Assets/ModernSupermarket/Models/Props/Products/Cheese_bn26cq/Textures/Cheese_bn26cq_o.png
  artifactKey: Guid(4248c8ed4d39c2243bd859489db4c4d1) Importer(2089858483,0ecaa5967403d082aa24f35e1b516d23)
Start importing Assets/ModernSupermarket/Models/Props/Products/Cheese_bn26cq/Textures/Cheese_bn26cq_o.png using Guid(4248c8ed4d39c2243bd859489db4c4d1) Importer(2089858483,0ecaa5967403d082aa24f35e1b516d23) [PhysX] Initialized MultithreadedTaskDispatcher with 16 workers.
 -> (artifact id: 'c2b4c2ad64d4da402ad05772f6ac34f7') in 0.023601 seconds
Number of updated asset objects reloaded before import = 0
Number of asset objects unloaded after import = 1
========================================================================
Received Import Request.
  Time since last request: 0.000025 seconds.
  path: Assets/ModernSupermarket/Models/Props/Products/Vase_enq19o/Textures/Materials/Vase_enq19o.mat
  artifactKey: Guid(137c671b02e1e174893b08149fabfd83) Importer(2089858483,0ecaa5967403d082aa24f35e1b516d23)
Start importing Assets/ModernSupermarket/Models/Props/Products/Vase_enq19o/Textures/Materials/Vase_enq19o.mat using Guid(137c671b02e1e174893b08149fabfd83) Importer(2089858483,0ecaa5967403d082aa24f35e1b516d23) [PhysX] Initialized MultithreadedTaskDispatcher with 16 workers.
 -> (artifact id: 'a3972f2f6e91754da83abb155aef10e0') in 0.022299 seconds
Number of updated asset objects reloaded before import = 0
Number of asset objects unloaded after import = 6
========================================================================
Received Import Request.
  Time since last request: 0.000029 seconds.
  path: Assets/ModernSupermarket/Models/Props/Products/Cleanser_7dsib5/Textures/Materials/Cleanser_7dsib5.mat
  artifactKey: Guid(60096baa39ac7af459bfed7d9f288d7e) Importer(2089858483,0ecaa5967403d082aa24f35e1b516d23)
Start importing Assets/ModernSupermarket/Models/Props/Products/Cleanser_7dsib5/Textures/Materials/Cleanser_7dsib5.mat using Guid(60096baa39ac7af459bfed7d9f288d7e) Importer(2089858483,0ecaa5967403d082aa24f35e1b516d23) [PhysX] Initialized MultithreadedTaskDispatcher with 16 workers.
 -> (artifact id: 'd5927e5b9e29092526a1725b58556210') in 0.018569 seconds
Number of updated asset objects reloaded before import = 0
Number of asset objects unloaded after import = 5
========================================================================
Received Import Request.
  Time since last request: 0.000028 seconds.
  path: Assets/ModernSupermarket/Models/Props/Products/BeerPack_74mugc/Textures/BeerPack_74mugc_o.png
  artifactKey: Guid(af48aa6f27913ad4b818e2fb2ad19504) Importer(2089858483,0ecaa5967403d082aa24f35e1b516d23)
Start importing Assets/ModernSupermarket/Models/Props/Products/BeerPack_74mugc/Textures/BeerPack_74mugc_o.png using Guid(af48aa6f27913ad4b818e2fb2ad19504) Importer(2089858483,0ecaa5967403d082aa24f35e1b516d23) [PhysX] Initialized MultithreadedTaskDispatcher with 16 workers.
 -> (artifact id: 'e7bc6579ee93f0d1df62096dffda1570') in 0.023835 seconds
Number of updated asset objects reloaded before import = 0
Number of asset objects unloaded after import = 1
========================================================================
Received Import Request.
  Time since last request: 0.000023 seconds.
  path: Assets/ModernSupermarket/Models/Furniture/Sign_04h2fw/Textures/Materials/Sign_04h2fw_Decoration.mat
  artifactKey: Guid(8211c515ae1117448b218bcfb0c5ff75) Importer(2089858483,0ecaa5967403d082aa24f35e1b516d23)
Start importing Assets/ModernSupermarket/Models/Furniture/Sign_04h2fw/Textures/Materials/Sign_04h2fw_Decoration.mat using Guid(8211c515ae1117448b218bcfb0c5ff75) Importer(2089858483,0ecaa5967403d082aa24f35e1b516d23) [PhysX] Initialized MultithreadedTaskDispatcher with 16 workers.
 -> (artifact id: '2d4bf35547a0a099a1f422e4998c5224') in 0.019445 seconds
Number of updated asset objects reloaded before import = 0
Number of asset objects unloaded after import = 5
========================================================================
Received Import Request.
  Time since last request: 0.000056 seconds.
  path: Assets/ModernSupermarket/Models/Props/Produce/ChilliPepper_w388hm/Textures/ChilliPeppers_w388hm_Var02_m.png
  artifactKey: Guid(fc9d33ea8ca5e674b9b1dd9ce3aecccf) Importer(2089858483,0ecaa5967403d082aa24f35e1b516d23)
Start importing Assets/ModernSupermarket/Models/Props/Produce/ChilliPepper_w388hm/Textures/ChilliPeppers_w388hm_Var02_m.png using Guid(fc9d33ea8ca5e674b9b1dd9ce3aecccf) Importer(2089858483,0ecaa5967403d082aa24f35e1b516d23) [PhysX] Initialized MultithreadedTaskDispatcher with 16 workers.
 -> (artifact id: '933e4fd705480e7b2b231cb85b32295b') in 0.021843 seconds
Number of updated asset objects reloaded before import = 0
Number of asset objects unloaded after import = 1
========================================================================
Received Import Request.
  Time since last request: 0.000021 seconds.
  path: Assets/ModernSupermarket/Models/Props/Products/Chicken_ozj6pn/Textures/Chicken_ozj6pn_Meat_a.png
  artifactKey: Guid(1f60cc965b7c76f4aa8b2cba9e2c8c7f) Importer(2089858483,0ecaa5967403d082aa24f35e1b516d23)
Start importing Assets/ModernSupermarket/Models/Props/Products/Chicken_ozj6pn/Textures/Chicken_ozj6pn_Meat_a.png using Guid(1f60cc965b7c76f4aa8b2cba9e2c8c7f) Importer(2089858483,0ecaa5967403d082aa24f35e1b516d23) [PhysX] Initialized MultithreadedTaskDispatcher with 16 workers.
 -> (artifact id: '6a1c0014601f269de2ab9dd6e258f9fd') in 0.021278 seconds
Number of updated asset objects reloaded before import = 0
Number of asset objects unloaded after import = 1
========================================================================
Received Import Request.
  Time since last request: 0.000040 seconds.
  path: Assets/ModernSupermarket/Models/Props/Products/ToiletPaper_tunz3i/Textures/Materials/ToiletPaper_tunz3i_Var02.mat
  artifactKey: Guid(02875851dea6a264ea343c9aebcb4825) Importer(2089858483,0ecaa5967403d082aa24f35e1b516d23)
Start importing Assets/ModernSupermarket/Models/Props/Products/ToiletPaper_tunz3i/Textures/Materials/ToiletPaper_tunz3i_Var02.mat using Guid(02875851dea6a264ea343c9aebcb4825) Importer(2089858483,0ecaa5967403d082aa24f35e1b516d23) [PhysX] Initialized MultithreadedTaskDispatcher with 16 workers.
 -> (artifact id: 'c77d6f5e80945bfebb5ed8545a5fb37c') in 0.016909 seconds
Number of updated asset objects reloaded before import = 0
Number of asset objects unloaded after import = 5
========================================================================
Received Import Request.
  Time since last request: 0.000022 seconds.
  path: Assets/ModernSupermarket/Models/Props/Produce/Kiwi_leh3t9/Textures/Kiwi_leh3t9_n.png
  artifactKey: Guid(feb6fd157c325e0499f384b74db6178b) Importer(2089858483,0ecaa5967403d082aa24f35e1b516d23)
Start importing Assets/ModernSupermarket/Models/Props/Produce/Kiwi_leh3t9/Textures/Kiwi_leh3t9_n.png using Guid(feb6fd157c325e0499f384b74db6178b) Importer(2089858483,0ecaa5967403d082aa24f35e1b516d23) [PhysX] Initialized MultithreadedTaskDispatcher with 16 workers.
 -> (artifact id: 'edbde4bdf9b5ff4936a23fc41df8e0fd') in 0.022841 seconds
Number of updated asset objects reloaded before import = 0
Number of asset objects unloaded after import = 1
========================================================================
Received Import Request.
  Time since last request: 0.000025 seconds.
  path: Assets/ModernSupermarket/Models/Props/Products/Capsule_xrahaz/Textures/Capsule_xrahaz_n.png
  artifactKey: Guid(716230e9a35086547acbcdc64582f302) Importer(2089858483,0ecaa5967403d082aa24f35e1b516d23)
Start importing Assets/ModernSupermarket/Models/Props/Products/Capsule_xrahaz/Textures/Capsule_xrahaz_n.png using Guid(716230e9a35086547acbcdc64582f302) Importer(2089858483,0ecaa5967403d082aa24f35e1b516d23) [PhysX] Initialized MultithreadedTaskDispatcher with 16 workers.
 -> (artifact id: 'cb864b03a3c5101b46cc5cb3cf60d166') in 0.023006 seconds
Number of updated asset objects reloaded before import = 0
Number of asset objects unloaded after import = 1
========================================================================
Received Import Request.
  Time since last request: 0.000020 seconds.
  path: Assets/ModernSupermarket/Models/Props/Utility/Anti-thefhtDoor_9qs8y9/Textures/Materials/Anti-theftDoor_9qs8y9_a 1.mat
  artifactKey: Guid(99f2caf6b3dafe140a1e056d4f84cc5b) Importer(2089858483,0ecaa5967403d082aa24f35e1b516d23)
Start importing Assets/ModernSupermarket/Models/Props/Utility/Anti-thefhtDoor_9qs8y9/Textures/Materials/Anti-theftDoor_9qs8y9_a 1.mat using Guid(99f2caf6b3dafe140a1e056d4f84cc5b) Importer(2089858483,0ecaa5967403d082aa24f35e1b516d23) [PhysX] Initialized MultithreadedTaskDispatcher with 16 workers.
 -> (artifact id: 'a8254f7f0f1224394e3e6cd72834189b') in 0.028993 seconds
Number of updated asset objects reloaded before import = 0
Number of asset objects unloaded after import = 5
========================================================================
Received Import Request.
  Time since last request: 0.000039 seconds.
  path: Assets/ModernSupermarket/Models/Furniture/Fridge_4ttiif/Textures/Materials/Fridge_4ttiif_Glass.mat
  artifactKey: Guid(44c2984befe80794c8e276422c98a996) Importer(2089858483,0ecaa5967403d082aa24f35e1b516d23)
Start importing Assets/ModernSupermarket/Models/Furniture/Fridge_4ttiif/Textures/Materials/Fridge_4ttiif_Glass.mat using Guid(44c2984befe80794c8e276422c98a996) Importer(2089858483,0ecaa5967403d082aa24f35e1b516d23) [PhysX] Initialized MultithreadedTaskDispatcher with 16 workers.
 -> (artifact id: '276d1d78bcf6e7832af53b95d31f6479') in 0.023638 seconds
Number of updated asset objects reloaded before import = 0
Number of asset objects unloaded after import = 5
========================================================================
Received Import Request.
  Time since last request: 0.000024 seconds.
  path: Assets/SpeechSDK/Plugins/Android/libs/arm64-v8a/libMicrosoft.CognitiveServices.Speech.extension.lu.so
  artifactKey: Guid(870f72f7d543fd6478b2295aafe19d0e) Importer(2089858483,0ecaa5967403d082aa24f35e1b516d23)
Start importing Assets/SpeechSDK/Plugins/Android/libs/arm64-v8a/libMicrosoft.CognitiveServices.Speech.extension.lu.so using Guid(870f72f7d543fd6478b2295aafe19d0e) Importer(2089858483,0ecaa5967403d082aa24f35e1b516d23) [PhysX] Initialized MultithreadedTaskDispatcher with 16 workers.
 -> (artifact id: 'e66c7f958485fa94d5449e6eadcb005a') in 0.016159 seconds
Number of updated asset objects reloaded before import = 0
Number of asset objects unloaded after import = 1
========================================================================
Received Import Request.
  Time since last request: 0.000027 seconds.
  path: Assets/ModernSupermarket/Models/Props/Utility/Crate_3m39yz/Textures/Materials/Crate_3m39yzVar02.mat
  artifactKey: Guid(158d04cebc77d0548a7d88d5fdfb4aca) Importer(2089858483,0ecaa5967403d082aa24f35e1b516d23)
Start importing Assets/ModernSupermarket/Models/Props/Utility/Crate_3m39yz/Textures/Materials/Crate_3m39yzVar02.mat using Guid(158d04cebc77d0548a7d88d5fdfb4aca) Importer(2089858483,0ecaa5967403d082aa24f35e1b516d23) [PhysX] Initialized MultithreadedTaskDispatcher with 16 workers.
 -> (artifact id: 'e73b491b29125e79b76b51f4fef1b5b6') in 0.022086 seconds
Number of updated asset objects reloaded before import = 0
Number of asset objects unloaded after import = 6
========================================================================
Received Prepare
Caller must complete domain reload
Begin MonoManager ReloadAssembly
- Loaded All Assemblies, in  0.617 seconds
Native extension for WindowsStandalone target not found
Mono: successfully reloaded assembly
- Finished resetting the current domain, in  0.969 seconds
Domain Reload Profiling: 1585ms
	BeginReloadAssembly (144ms)
		ExecutionOrderSort (0ms)
		DisableScriptedObjects (5ms)
		BackupInstance (0ms)
		ReleaseScriptingObjects (0ms)
		CreateAndSetChildDomain (44ms)
	RebuildCommonClasses (27ms)
	RebuildNativeTypeToScriptingClass (13ms)
	initialDomainReloadingComplete (93ms)
	LoadAllAssembliesAndSetupDomain (340ms)
		LoadAssemblies (399ms)
		RebuildTransferFunctionScriptingTraits (0ms)
		AnalyzeDomain (11ms)
			TypeCache.Refresh (5ms)
				TypeCache.ScanAssembly (0ms)
			ScanForSourceGeneratedMonoScriptInfo (0ms)
			ResolveRequiredComponents (4ms)
	FinalizeReload (969ms)
		ReleaseScriptCaches (0ms)
		RebuildScriptCaches (0ms)
		SetupLoadedEditorAssemblies (450ms)
			LogAssemblyErrors (0ms)
			InitializePlatformSupportModulesInManaged (5ms)
			SetLoadedEditorAssemblies (3ms)
			RefreshPlugins (0ms)
			BeforeProcessingInitializeOnLoad (58ms)
			ProcessInitializeOnLoadAttributes (366ms)
			ProcessInitializeOnLoadMethodAttributes (15ms)
			AfterProcessingInitializeOnLoad (2ms)
			EditorAssembliesLoaded (0ms)
		ExecutionOrderSort2 (0ms)
		AwakeInstancesAfterBackupRestoration (6ms)
Refreshing native plugins compatible for Editor in 35.04 ms, found 8 plugins.
Preloading 0 native plugins for Editor in 0.00 ms.
Unloading 3237 Unused Serialized files (Serialized files now loaded: 0)
Unloading 27 unused Assets / (35.2 KB). Loaded Objects now: 3723.
Memory consumption went from 129.9 MB to 129.8 MB.
Total: 5.998000 ms (FindLiveObjects: 1.113200 ms CreateObjectMapping: 0.370000 ms MarkObjects: 4.436100 ms  DeleteObjects: 0.077300 ms)

Prepare: number of updated asset objects reloaded= 0
AssetImportParameters requested are different than current active one (requested -> active):
  custom:container-demuxer-ogg: 62fdf1f143b41e24485cea50d1cbac27 -> 
  custom:scripting/monoscript/fileName/ItemInteraction.cs: c43c7923e53ececd65d6ae444b350843 -> 
  custom:video-codec-MediaFoundation-h265: 746d11721c4dcdbdad8f713fa42b33f4 -> 
  custom:scripting/monoscript/fileName/FreeCamera1.cs: cfa08fe9b0fdfec479ed24ebb8964fa3 -> 
  custom:video-decoder-ogg-theora: a1e56fd34408186e4bbccfd4996cb3dc -> 
  custom:framework-win-MediaFoundation: 216162199b28c13a410421893ffa2e32 -> 
  custom:CustomObjectIndexerAttribute: 9a22284fe3817be447336de3de66b15e -> 
  custom:container-demuxer-webm: 4f35f7cbe854078d1ac9338744f61a02 -> 
  custom:container-muxer-webm: aa71ff27fc2769a1b78a27578f13a17b -> 
  custom:video-decoder-webm-vp8: 9c59270c3fd7afecdb556c50c9e8de78 -> 
  custom:scripting/monoscript/fileName/ItemData.cs: aa443fe117f868e3be9d7f6bf5865156 -> 
  custom:SearchIndexIgnoredProperties: e643bd26f0fe6173181afceb89e7c659 -> 
  custom:AudioImporter_EditorPlatform: d09bf68614088b80899f8185d706f6e7 -> 
  custom:scripting/monoscript/fileName/FreeCart.cs: cfa08fe9b0fdfec479ed24ebb8964fa3 -> 
  custom:video-encoder-webm-vp8: eb34c28f22e8b96e1ab97ce403110664 -> 
  custom:audio-decoder-ogg-vorbis: bf7c407c2cedff20999df2af8eb42d56 -> 
  custom:audio-encoder-webm-vorbis: bf7c407c2cedff20999df2af8eb42d56 -> 
========================================================================
Received Prepare
Caller must complete domain reload
Begin MonoManager ReloadAssembly
- Loaded All Assemblies, in  0.584 seconds
Native extension for WindowsStandalone target not found
Mono: successfully reloaded assembly
- Finished resetting the current domain, in  0.812 seconds
Domain Reload Profiling: 1396ms
	BeginReloadAssembly (121ms)
		ExecutionOrderSort (0ms)
		DisableScriptedObjects (5ms)
		BackupInstance (0ms)
		ReleaseScriptingObjects (0ms)
		CreateAndSetChildDomain (31ms)
	RebuildCommonClasses (29ms)
	RebuildNativeTypeToScriptingClass (10ms)
	initialDomainReloadingComplete (98ms)
	LoadAllAssembliesAndSetupDomain (325ms)
		LoadAssemblies (378ms)
		RebuildTransferFunctionScriptingTraits (0ms)
		AnalyzeDomain (10ms)
			TypeCache.Refresh (5ms)
				TypeCache.ScanAssembly (0ms)
			ScanForSourceGeneratedMonoScriptInfo (0ms)
			ResolveRequiredComponents (4ms)
	FinalizeReload (812ms)
		ReleaseScriptCaches (0ms)
		RebuildScriptCaches (0ms)
		SetupLoadedEditorAssemblies (450ms)
			LogAssemblyErrors (0ms)
			InitializePlatformSupportModulesInManaged (4ms)
			SetLoadedEditorAssemblies (4ms)
			RefreshPlugins (0ms)
			BeforeProcessingInitializeOnLoad (51ms)
			ProcessInitializeOnLoadAttributes (369ms)
			ProcessInitializeOnLoadMethodAttributes (21ms)
			AfterProcessingInitializeOnLoad (2ms)
			EditorAssembliesLoaded (0ms)
		ExecutionOrderSort2 (0ms)
		AwakeInstancesAfterBackupRestoration (6ms)
Refreshing native plugins compatible for Editor in 142.41 ms, found 8 plugins.
Preloading 0 native plugins for Editor in 0.02 ms.
Unloading 3238 Unused Serialized files (Serialized files now loaded: 0)
Unloading 27 unused Assets / (35.2 KB). Loaded Objects now: 3726.
Memory consumption went from 130.1 MB to 130.1 MB.
Total: 5.614800 ms (FindLiveObjects: 0.529000 ms CreateObjectMapping: 0.146000 ms MarkObjects: 4.778700 ms  DeleteObjects: 0.159800 ms)

Prepare: number of updated asset objects reloaded= 0
AssetImportParameters requested are different than current active one (requested -> active):
  custom:container-demuxer-ogg: 62fdf1f143b41e24485cea50d1cbac27 -> 
  custom:scripting/monoscript/fileName/ItemInteraction.cs: c43c7923e53ececd65d6ae444b350843 -> 
  custom:video-codec-MediaFoundation-h265: 746d11721c4dcdbdad8f713fa42b33f4 -> 
  custom:scripting/monoscript/fileName/FreeCamera1.cs: cfa08fe9b0fdfec479ed24ebb8964fa3 -> 
  custom:video-decoder-ogg-theora: a1e56fd34408186e4bbccfd4996cb3dc -> 
  custom:framework-win-MediaFoundation: 216162199b28c13a410421893ffa2e32 -> 
  custom:CustomObjectIndexerAttribute: 9a22284fe3817be447336de3de66b15e -> 
  custom:container-demuxer-webm: 4f35f7cbe854078d1ac9338744f61a02 -> 
  custom:container-muxer-webm: aa71ff27fc2769a1b78a27578f13a17b -> 
  custom:video-decoder-webm-vp8: 9c59270c3fd7afecdb556c50c9e8de78 -> 
  custom:scripting/monoscript/fileName/ItemData.cs: aa443fe117f868e3be9d7f6bf5865156 -> 
  custom:SearchIndexIgnoredProperties: e643bd26f0fe6173181afceb89e7c659 -> 
  custom:AudioImporter_EditorPlatform: d09bf68614088b80899f8185d706f6e7 -> 
  custom:scripting/monoscript/fileName/FreeCart.cs: cfa08fe9b0fdfec479ed24ebb8964fa3 -> 
  custom:video-encoder-webm-vp8: eb34c28f22e8b96e1ab97ce403110664 -> 
  custom:audio-decoder-ogg-vorbis: bf7c407c2cedff20999df2af8eb42d56 -> 
  custom:audio-encoder-webm-vorbis: bf7c407c2cedff20999df2af8eb42d56 -> 
========================================================================
Received Prepare
Caller must complete domain reload
Begin MonoManager ReloadAssembly
- Loaded All Assemblies, in  0.517 seconds
Native extension for WindowsStandalone target not found
Mono: successfully reloaded assembly
- Finished resetting the current domain, in  0.743 seconds
Domain Reload Profiling: 1261ms
	BeginReloadAssembly (107ms)
		ExecutionOrderSort (0ms)
		DisableScriptedObjects (3ms)
		BackupInstance (0ms)
		ReleaseScriptingObjects (0ms)
		CreateAndSetChildDomain (26ms)
	RebuildCommonClasses (19ms)
	RebuildNativeTypeToScriptingClass (7ms)
	initialDomainReloadingComplete (98ms)
	LoadAllAssembliesAndSetupDomain (286ms)
		LoadAssemblies (334ms)
		RebuildTransferFunctionScriptingTraits (0ms)
		AnalyzeDomain (8ms)
			TypeCache.Refresh (4ms)
				TypeCache.ScanAssembly (0ms)
			ScanForSourceGeneratedMonoScriptInfo (0ms)
			ResolveRequiredComponents (3ms)
	FinalizeReload (744ms)
		ReleaseScriptCaches (0ms)
		RebuildScriptCaches (0ms)
		SetupLoadedEditorAssemblies (417ms)
			LogAssemblyErrors (0ms)
			InitializePlatformSupportModulesInManaged (4ms)
			SetLoadedEditorAssemblies (3ms)
			RefreshPlugins (0ms)
			BeforeProcessingInitializeOnLoad (43ms)
			ProcessInitializeOnLoadAttributes (347ms)
			ProcessInitializeOnLoadMethodAttributes (17ms)
			AfterProcessingInitializeOnLoad (3ms)
			EditorAssembliesLoaded (0ms)
		ExecutionOrderSort2 (0ms)
		AwakeInstancesAfterBackupRestoration (6ms)
Refreshing native plugins compatible for Editor in 34.62 ms, found 8 plugins.
Preloading 0 native plugins for Editor in 0.00 ms.
Unloading 3238 Unused Serialized files (Serialized files now loaded: 0)
Unloading 27 unused Assets / (35.2 KB). Loaded Objects now: 3729.
Memory consumption went from 130.1 MB to 130.1 MB.
Total: 4.883800 ms (FindLiveObjects: 0.444800 ms CreateObjectMapping: 0.110900 ms MarkObjects: 4.197700 ms  DeleteObjects: 0.128800 ms)

Prepare: number of updated asset objects reloaded= 0
AssetImportParameters requested are different than current active one (requested -> active):
  custom:container-demuxer-ogg: 62fdf1f143b41e24485cea50d1cbac27 -> 
  custom:scripting/monoscript/fileName/ItemInteraction.cs: c43c7923e53ececd65d6ae444b350843 -> 
  custom:video-codec-MediaFoundation-h265: 746d11721c4dcdbdad8f713fa42b33f4 -> 
  custom:scripting/monoscript/fileName/FreeCamera1.cs: cfa08fe9b0fdfec479ed24ebb8964fa3 -> 
  custom:video-decoder-ogg-theora: a1e56fd34408186e4bbccfd4996cb3dc -> 
  custom:framework-win-MediaFoundation: 216162199b28c13a410421893ffa2e32 -> 
  custom:CustomObjectIndexerAttribute: 9a22284fe3817be447336de3de66b15e -> 
  custom:container-demuxer-webm: 4f35f7cbe854078d1ac9338744f61a02 -> 
  custom:container-muxer-webm: aa71ff27fc2769a1b78a27578f13a17b -> 
  custom:video-decoder-webm-vp8: 9c59270c3fd7afecdb556c50c9e8de78 -> 
  custom:scripting/monoscript/fileName/ItemData.cs: aa443fe117f868e3be9d7f6bf5865156 -> 
  custom:SearchIndexIgnoredProperties: e643bd26f0fe6173181afceb89e7c659 -> 
  custom:AudioImporter_EditorPlatform: d09bf68614088b80899f8185d706f6e7 -> 
  custom:scripting/monoscript/fileName/FreeCart.cs: cfa08fe9b0fdfec479ed24ebb8964fa3 -> 
  custom:video-encoder-webm-vp8: eb34c28f22e8b96e1ab97ce403110664 -> 
  custom:audio-decoder-ogg-vorbis: bf7c407c2cedff20999df2af8eb42d56 -> 
  custom:audio-encoder-webm-vorbis: bf7c407c2cedff20999df2af8eb42d56 -> 
========================================================================
Received Prepare
Caller must complete domain reload
Begin MonoManager ReloadAssembly
- Loaded All Assemblies, in  0.481 seconds
Native extension for WindowsStandalone target not found
Mono: successfully reloaded assembly
- Finished resetting the current domain, in  0.668 seconds
Domain Reload Profiling: 1149ms
	BeginReloadAssembly (110ms)
		ExecutionOrderSort (0ms)
		DisableScriptedObjects (3ms)
		BackupInstance (0ms)
		ReleaseScriptingObjects (0ms)
		CreateAndSetChildDomain (30ms)
	RebuildCommonClasses (26ms)
	RebuildNativeTypeToScriptingClass (8ms)
	initialDomainReloadingComplete (36ms)
	LoadAllAssembliesAndSetupDomain (301ms)
		LoadAssemblies (341ms)
		RebuildTransferFunctionScriptingTraits (0ms)
		AnalyzeDomain (14ms)
			TypeCache.Refresh (6ms)
				TypeCache.ScanAssembly (1ms)
			ScanForSourceGeneratedMonoScriptInfo (4ms)
			ResolveRequiredComponents (3ms)
	FinalizeReload (668ms)
		ReleaseScriptCaches (0ms)
		RebuildScriptCaches (0ms)
		SetupLoadedEditorAssemblies (352ms)
			LogAssemblyErrors (0ms)
			InitializePlatformSupportModulesInManaged (4ms)
			SetLoadedEditorAssemblies (4ms)
			RefreshPlugins (0ms)
			BeforeProcessingInitializeOnLoad (44ms)
			ProcessInitializeOnLoadAttributes (285ms)
			ProcessInitializeOnLoadMethodAttributes (13ms)
			AfterProcessingInitializeOnLoad (2ms)
			EditorAssembliesLoaded (0ms)
		ExecutionOrderSort2 (0ms)
		AwakeInstancesAfterBackupRestoration (5ms)
Refreshing native plugins compatible for Editor in 27.99 ms, found 8 plugins.
Preloading 0 native plugins for Editor in 0.00 ms.
Unloading 3238 Unused Serialized files (Serialized files now loaded: 0)
Unloading 27 unused Assets / (35.3 KB). Loaded Objects now: 3732.
Memory consumption went from 130.1 MB to 130.1 MB.
Total: 4.440000 ms (FindLiveObjects: 0.548400 ms CreateObjectMapping: 0.132500 ms MarkObjects: 3.676800 ms  DeleteObjects: 0.081100 ms)

Prepare: number of updated asset objects reloaded= 0
AssetImportParameters requested are different than current active one (requested -> active):
  custom:container-demuxer-ogg: 62fdf1f143b41e24485cea50d1cbac27 -> 
  custom:scripting/monoscript/fileName/ItemInteraction.cs: c43c7923e53ececd65d6ae444b350843 -> 
  custom:video-codec-MediaFoundation-h265: 746d11721c4dcdbdad8f713fa42b33f4 -> 
  custom:scripting/monoscript/fileName/FreeCamera1.cs: cfa08fe9b0fdfec479ed24ebb8964fa3 -> 
  custom:video-decoder-ogg-theora: a1e56fd34408186e4bbccfd4996cb3dc -> 
  custom:framework-win-MediaFoundation: 216162199b28c13a410421893ffa2e32 -> 
  custom:CustomObjectIndexerAttribute: 9a22284fe3817be447336de3de66b15e -> 
  custom:container-demuxer-webm: 4f35f7cbe854078d1ac9338744f61a02 -> 
  custom:container-muxer-webm: aa71ff27fc2769a1b78a27578f13a17b -> 
  custom:video-decoder-webm-vp8: 9c59270c3fd7afecdb556c50c9e8de78 -> 
  custom:scripting/monoscript/fileName/ItemData.cs: aa443fe117f868e3be9d7f6bf5865156 -> 
  custom:SearchIndexIgnoredProperties: e643bd26f0fe6173181afceb89e7c659 -> 
  custom:AudioImporter_EditorPlatform: d09bf68614088b80899f8185d706f6e7 -> 
  custom:scripting/monoscript/fileName/FreeCart.cs: cfa08fe9b0fdfec479ed24ebb8964fa3 -> 
  custom:video-encoder-webm-vp8: eb34c28f22e8b96e1ab97ce403110664 -> 
  custom:audio-decoder-ogg-vorbis: bf7c407c2cedff20999df2af8eb42d56 -> 
  custom:audio-encoder-webm-vorbis: bf7c407c2cedff20999df2af8eb42d56 -> 
========================================================================
Received Prepare
Caller must complete domain reload
Begin MonoManager ReloadAssembly
- Loaded All Assemblies, in  0.527 seconds
Native extension for WindowsStandalone target not found
Mono: successfully reloaded assembly
- Finished resetting the current domain, in  0.728 seconds
Domain Reload Profiling: 1245ms
	BeginReloadAssembly (105ms)
		ExecutionOrderSort (0ms)
		DisableScriptedObjects (3ms)
		BackupInstance (0ms)
		ReleaseScriptingObjects (0ms)
		CreateAndSetChildDomain (29ms)
	RebuildCommonClasses (26ms)
	RebuildNativeTypeToScriptingClass (7ms)
	initialDomainReloadingComplete (34ms)
	LoadAllAssembliesAndSetupDomain (345ms)
		LoadAssemblies (382ms)
		RebuildTransferFunctionScriptingTraits (0ms)
		AnalyzeDomain (12ms)
			TypeCache.Refresh (7ms)
				TypeCache.ScanAssembly (0ms)
			ScanForSourceGeneratedMonoScriptInfo (0ms)
			ResolveRequiredComponents (4ms)
	FinalizeReload (728ms)
		ReleaseScriptCaches (0ms)
		RebuildScriptCaches (0ms)
		SetupLoadedEditorAssemblies (406ms)
			LogAssemblyErrors (0ms)
			InitializePlatformSupportModulesInManaged (4ms)
			SetLoadedEditorAssemblies (3ms)
			RefreshPlugins (0ms)
			BeforeProcessingInitializeOnLoad (41ms)
			ProcessInitializeOnLoadAttributes (340ms)
			ProcessInitializeOnLoadMethodAttributes (15ms)
			AfterProcessingInitializeOnLoad (3ms)
			EditorAssembliesLoaded (0ms)
		ExecutionOrderSort2 (0ms)
		AwakeInstancesAfterBackupRestoration (7ms)
Refreshing native plugins compatible for Editor in 40.28 ms, found 8 plugins.
Preloading 0 native plugins for Editor in 0.00 ms.
Unloading 3238 Unused Serialized files (Serialized files now loaded: 0)
Unloading 27 unused Assets / (35.3 KB). Loaded Objects now: 3735.
Memory consumption went from 130.1 MB to 130.1 MB.
Total: 5.222900 ms (FindLiveObjects: 0.487500 ms CreateObjectMapping: 0.096500 ms MarkObjects: 4.550500 ms  DeleteObjects: 0.086800 ms)

Prepare: number of updated asset objects reloaded= 0
AssetImportParameters requested are different than current active one (requested -> active):
  custom:container-demuxer-ogg: 62fdf1f143b41e24485cea50d1cbac27 -> 
  custom:scripting/monoscript/fileName/ItemInteraction.cs: c43c7923e53ececd65d6ae444b350843 -> 
  custom:video-codec-MediaFoundation-h265: 746d11721c4dcdbdad8f713fa42b33f4 -> 
  custom:scripting/monoscript/fileName/FreeCamera1.cs: cfa08fe9b0fdfec479ed24ebb8964fa3 -> 
  custom:video-decoder-ogg-theora: a1e56fd34408186e4bbccfd4996cb3dc -> 
  custom:framework-win-MediaFoundation: 216162199b28c13a410421893ffa2e32 -> 
  custom:CustomObjectIndexerAttribute: 9a22284fe3817be447336de3de66b15e -> 
  custom:container-demuxer-webm: 4f35f7cbe854078d1ac9338744f61a02 -> 
  custom:container-muxer-webm: aa71ff27fc2769a1b78a27578f13a17b -> 
  custom:video-decoder-webm-vp8: 9c59270c3fd7afecdb556c50c9e8de78 -> 
  custom:scripting/monoscript/fileName/ItemData.cs: aa443fe117f868e3be9d7f6bf5865156 -> 
  custom:SearchIndexIgnoredProperties: e643bd26f0fe6173181afceb89e7c659 -> 
  custom:AudioImporter_EditorPlatform: d09bf68614088b80899f8185d706f6e7 -> 
  custom:scripting/monoscript/fileName/FreeCart.cs: cfa08fe9b0fdfec479ed24ebb8964fa3 -> 
  custom:video-encoder-webm-vp8: eb34c28f22e8b96e1ab97ce403110664 -> 
  custom:audio-decoder-ogg-vorbis: bf7c407c2cedff20999df2af8eb42d56 -> 
  custom:audio-encoder-webm-vorbis: bf7c407c2cedff20999df2af8eb42d56 -> 
========================================================================
Received Prepare
Caller must complete domain reload
Begin MonoManager ReloadAssembly
- Loaded All Assemblies, in  0.449 seconds
Native extension for WindowsStandalone target not found
Mono: successfully reloaded assembly
- Finished resetting the current domain, in  0.660 seconds
Domain Reload Profiling: 1109ms
	BeginReloadAssembly (98ms)
		ExecutionOrderSort (0ms)
		DisableScriptedObjects (3ms)
		BackupInstance (0ms)
		ReleaseScriptingObjects (0ms)
		CreateAndSetChildDomain (25ms)
	RebuildCommonClasses (28ms)
	RebuildNativeTypeToScriptingClass (8ms)
	initialDomainReloadingComplete (32ms)
	LoadAllAssembliesAndSetupDomain (283ms)
		LoadAssemblies (316ms)
		RebuildTransferFunctionScriptingTraits (0ms)
		AnalyzeDomain (15ms)
			TypeCache.Refresh (6ms)
				TypeCache.ScanAssembly (1ms)
			ScanForSourceGeneratedMonoScriptInfo (4ms)
			ResolveRequiredComponents (3ms)
	FinalizeReload (660ms)
		ReleaseScriptCaches (0ms)
		RebuildScriptCaches (0ms)
		SetupLoadedEditorAssemblies (358ms)
			LogAssemblyErrors (0ms)
			InitializePlatformSupportModulesInManaged (3ms)
			SetLoadedEditorAssemblies (3ms)
			RefreshPlugins (0ms)
			BeforeProcessingInitializeOnLoad (43ms)
			ProcessInitializeOnLoadAttributes (294ms)
			ProcessInitializeOnLoadMethodAttributes (12ms)
			AfterProcessingInitializeOnLoad (2ms)
			EditorAssembliesLoaded (0ms)
		ExecutionOrderSort2 (0ms)
		AwakeInstancesAfterBackupRestoration (5ms)
Refreshing native plugins compatible for Editor in 24.24 ms, found 8 plugins.
Preloading 0 native plugins for Editor in 0.00 ms.
Unloading 3238 Unused Serialized files (Serialized files now loaded: 0)
Unloading 27 unused Assets / (35.4 KB). Loaded Objects now: 3738.
Memory consumption went from 130.1 MB to 130.1 MB.
Total: 4.327500 ms (FindLiveObjects: 0.499200 ms CreateObjectMapping: 0.126800 ms MarkObjects: 3.614800 ms  DeleteObjects: 0.085000 ms)

Prepare: number of updated asset objects reloaded= 0
AssetImportParameters requested are different than current active one (requested -> active):
  custom:container-demuxer-ogg: 62fdf1f143b41e24485cea50d1cbac27 -> 
  custom:scripting/monoscript/fileName/ItemInteraction.cs: c43c7923e53ececd65d6ae444b350843 -> 
  custom:video-codec-MediaFoundation-h265: 746d11721c4dcdbdad8f713fa42b33f4 -> 
  custom:scripting/monoscript/fileName/FreeCamera1.cs: cfa08fe9b0fdfec479ed24ebb8964fa3 -> 
  custom:video-decoder-ogg-theora: a1e56fd34408186e4bbccfd4996cb3dc -> 
  custom:framework-win-MediaFoundation: 216162199b28c13a410421893ffa2e32 -> 
  custom:CustomObjectIndexerAttribute: 9a22284fe3817be447336de3de66b15e -> 
  custom:container-demuxer-webm: 4f35f7cbe854078d1ac9338744f61a02 -> 
  custom:container-muxer-webm: aa71ff27fc2769a1b78a27578f13a17b -> 
  custom:video-decoder-webm-vp8: 9c59270c3fd7afecdb556c50c9e8de78 -> 
  custom:scripting/monoscript/fileName/ItemData.cs: aa443fe117f868e3be9d7f6bf5865156 -> 
  custom:SearchIndexIgnoredProperties: e643bd26f0fe6173181afceb89e7c659 -> 
  custom:AudioImporter_EditorPlatform: d09bf68614088b80899f8185d706f6e7 -> 
  custom:scripting/monoscript/fileName/FreeCart.cs: cfa08fe9b0fdfec479ed24ebb8964fa3 -> 
  custom:video-encoder-webm-vp8: eb34c28f22e8b96e1ab97ce403110664 -> 
  custom:audio-decoder-ogg-vorbis: bf7c407c2cedff20999df2af8eb42d56 -> 
  custom:audio-encoder-webm-vorbis: bf7c407c2cedff20999df2af8eb42d56 -> 
========================================================================
Received Prepare
Caller must complete domain reload
Begin MonoManager ReloadAssembly
- Loaded All Assemblies, in  0.504 seconds
Native extension for WindowsStandalone target not found
Mono: successfully reloaded assembly
- Finished resetting the current domain, in  0.682 seconds
Domain Reload Profiling: 1186ms
	BeginReloadAssembly (106ms)
		ExecutionOrderSort (0ms)
		DisableScriptedObjects (3ms)
		BackupInstance (0ms)
		ReleaseScriptingObjects (0ms)
		CreateAndSetChildDomain (29ms)
	RebuildCommonClasses (22ms)
	RebuildNativeTypeToScriptingClass (7ms)
	initialDomainReloadingComplete (95ms)
	LoadAllAssembliesAndSetupDomain (274ms)
		LoadAssemblies (314ms)
		RebuildTransferFunctionScriptingTraits (0ms)
		AnalyzeDomain (8ms)
			TypeCache.Refresh (4ms)
				TypeCache.ScanAssembly (0ms)
			ScanForSourceGeneratedMonoScriptInfo (0ms)
			ResolveRequiredComponents (3ms)
	FinalizeReload (683ms)
		ReleaseScriptCaches (0ms)
		RebuildScriptCaches (0ms)
		SetupLoadedEditorAssemblies (382ms)
			LogAssemblyErrors (0ms)
			InitializePlatformSupportModulesInManaged (4ms)
			SetLoadedEditorAssemblies (4ms)
			RefreshPlugins (0ms)
			BeforeProcessingInitializeOnLoad (42ms)
			ProcessInitializeOnLoadAttributes (315ms)
			ProcessInitializeOnLoadMethodAttributes (14ms)
			AfterProcessingInitializeOnLoad (3ms)
			EditorAssembliesLoaded (0ms)
		ExecutionOrderSort2 (0ms)
		AwakeInstancesAfterBackupRestoration (5ms)
Refreshing native plugins compatible for Editor in 37.29 ms, found 8 plugins.
Preloading 0 native plugins for Editor in 0.00 ms.
Unloading 3238 Unused Serialized files (Serialized files now loaded: 0)
Unloading 27 unused Assets / (35.4 KB). Loaded Objects now: 3741.
Memory consumption went from 130.2 MB to 130.1 MB.
Total: 4.487000 ms (FindLiveObjects: 0.474300 ms CreateObjectMapping: 0.141100 ms MarkObjects: 3.793100 ms  DeleteObjects: 0.077300 ms)

Prepare: number of updated asset objects reloaded= 0
AssetImportParameters requested are different than current active one (requested -> active):
  custom:container-demuxer-ogg: 62fdf1f143b41e24485cea50d1cbac27 -> 
  custom:scripting/monoscript/fileName/ItemInteraction.cs: c43c7923e53ececd65d6ae444b350843 -> 
  custom:video-codec-MediaFoundation-h265: 746d11721c4dcdbdad8f713fa42b33f4 -> 
  custom:scripting/monoscript/fileName/FreeCamera1.cs: cfa08fe9b0fdfec479ed24ebb8964fa3 -> 
  custom:video-decoder-ogg-theora: a1e56fd34408186e4bbccfd4996cb3dc -> 
  custom:framework-win-MediaFoundation: 216162199b28c13a410421893ffa2e32 -> 
  custom:CustomObjectIndexerAttribute: 9a22284fe3817be447336de3de66b15e -> 
  custom:container-demuxer-webm: 4f35f7cbe854078d1ac9338744f61a02 -> 
  custom:container-muxer-webm: aa71ff27fc2769a1b78a27578f13a17b -> 
  custom:video-decoder-webm-vp8: 9c59270c3fd7afecdb556c50c9e8de78 -> 
  custom:scripting/monoscript/fileName/ItemData.cs: aa443fe117f868e3be9d7f6bf5865156 -> 
  custom:SearchIndexIgnoredProperties: e643bd26f0fe6173181afceb89e7c659 -> 
  custom:AudioImporter_EditorPlatform: d09bf68614088b80899f8185d706f6e7 -> 
  custom:scripting/monoscript/fileName/FreeCart.cs: cfa08fe9b0fdfec479ed24ebb8964fa3 -> 
  custom:video-encoder-webm-vp8: eb34c28f22e8b96e1ab97ce403110664 -> 
  custom:audio-decoder-ogg-vorbis: bf7c407c2cedff20999df2af8eb42d56 -> 
  custom:audio-encoder-webm-vorbis: bf7c407c2cedff20999df2af8eb42d56 -> 
========================================================================
Received Prepare
Caller must complete domain reload
Begin MonoManager ReloadAssembly
- Loaded All Assemblies, in  0.488 seconds
Native extension for WindowsStandalone target not found
Mono: successfully reloaded assembly
- Finished resetting the current domain, in  0.688 seconds
Domain Reload Profiling: 1176ms
	BeginReloadAssembly (103ms)
		ExecutionOrderSort (0ms)
		DisableScriptedObjects (4ms)
		BackupInstance (0ms)
		ReleaseScriptingObjects (0ms)
		CreateAndSetChildDomain (26ms)
	RebuildCommonClasses (20ms)
	RebuildNativeTypeToScriptingClass (7ms)
	initialDomainReloadingComplete (90ms)
	LoadAllAssembliesAndSetupDomain (267ms)
		LoadAssemblies (308ms)
		RebuildTransferFunctionScriptingTraits (0ms)
		AnalyzeDomain (8ms)
			TypeCache.Refresh (4ms)
				TypeCache.ScanAssembly (0ms)
			ScanForSourceGeneratedMonoScriptInfo (0ms)
			ResolveRequiredComponents (3ms)
	FinalizeReload (689ms)
		ReleaseScriptCaches (0ms)
		RebuildScriptCaches (0ms)
		SetupLoadedEditorAssemblies (379ms)
			LogAssemblyErrors (0ms)
			InitializePlatformSupportModulesInManaged (3ms)
			SetLoadedEditorAssemblies (3ms)
			RefreshPlugins (0ms)
			BeforeProcessingInitializeOnLoad (39ms)
			ProcessInitializeOnLoadAttributes (317ms)
			ProcessInitializeOnLoadMethodAttributes (14ms)
			AfterProcessingInitializeOnLoad (3ms)
			EditorAssembliesLoaded (0ms)
		ExecutionOrderSort2 (0ms)
		AwakeInstancesAfterBackupRestoration (6ms)
Refreshing native plugins compatible for Editor in 32.25 ms, found 8 plugins.
Preloading 0 native plugins for Editor in 0.00 ms.
Unloading 3238 Unused Serialized files (Serialized files now loaded: 0)
Unloading 27 unused Assets / (35.4 KB). Loaded Objects now: 3744.
Memory consumption went from 130.2 MB to 130.1 MB.
Total: 4.515300 ms (FindLiveObjects: 0.465300 ms CreateObjectMapping: 0.109100 ms MarkObjects: 3.859900 ms  DeleteObjects: 0.079700 ms)

Prepare: number of updated asset objects reloaded= 0
AssetImportParameters requested are different than current active one (requested -> active):
  custom:container-demuxer-ogg: 62fdf1f143b41e24485cea50d1cbac27 -> 
  custom:scripting/monoscript/fileName/ItemInteraction.cs: c43c7923e53ececd65d6ae444b350843 -> 
  custom:video-codec-MediaFoundation-h265: 746d11721c4dcdbdad8f713fa42b33f4 -> 
  custom:scripting/monoscript/fileName/FreeCamera1.cs: cfa08fe9b0fdfec479ed24ebb8964fa3 -> 
  custom:video-decoder-ogg-theora: a1e56fd34408186e4bbccfd4996cb3dc -> 
  custom:framework-win-MediaFoundation: 216162199b28c13a410421893ffa2e32 -> 
  custom:CustomObjectIndexerAttribute: 9a22284fe3817be447336de3de66b15e -> 
  custom:container-demuxer-webm: 4f35f7cbe854078d1ac9338744f61a02 -> 
  custom:container-muxer-webm: aa71ff27fc2769a1b78a27578f13a17b -> 
  custom:video-decoder-webm-vp8: 9c59270c3fd7afecdb556c50c9e8de78 -> 
  custom:scripting/monoscript/fileName/ItemData.cs: aa443fe117f868e3be9d7f6bf5865156 -> 
  custom:SearchIndexIgnoredProperties: e643bd26f0fe6173181afceb89e7c659 -> 
  custom:AudioImporter_EditorPlatform: d09bf68614088b80899f8185d706f6e7 -> 
  custom:scripting/monoscript/fileName/FreeCart.cs: cfa08fe9b0fdfec479ed24ebb8964fa3 -> 
  custom:video-encoder-webm-vp8: eb34c28f22e8b96e1ab97ce403110664 -> 
  custom:audio-decoder-ogg-vorbis: bf7c407c2cedff20999df2af8eb42d56 -> 
  custom:audio-encoder-webm-vorbis: bf7c407c2cedff20999df2af8eb42d56 -> 
========================================================================
Received Prepare
Caller must complete domain reload
Begin MonoManager ReloadAssembly
- Loaded All Assemblies, in  0.448 seconds
Native extension for WindowsStandalone target not found
Mono: successfully reloaded assembly
- Finished resetting the current domain, in  0.659 seconds
Domain Reload Profiling: 1106ms
	BeginReloadAssembly (102ms)
		ExecutionOrderSort (0ms)
		DisableScriptedObjects (3ms)
		BackupInstance (0ms)
		ReleaseScriptingObjects (0ms)
		CreateAndSetChildDomain (27ms)
	RebuildCommonClasses (24ms)
	RebuildNativeTypeToScriptingClass (8ms)
	initialDomainReloadingComplete (36ms)
	LoadAllAssembliesAndSetupDomain (277ms)
		LoadAssemblies (313ms)
		RebuildTransferFunctionScriptingTraits (0ms)
		AnalyzeDomain (14ms)
			TypeCache.Refresh (6ms)
				TypeCache.ScanAssembly (1ms)
			ScanForSourceGeneratedMonoScriptInfo (4ms)
			ResolveRequiredComponents (3ms)
	FinalizeReload (659ms)
		ReleaseScriptCaches (0ms)
		RebuildScriptCaches (0ms)
		SetupLoadedEditorAssemblies (371ms)
			LogAssemblyErrors (0ms)
			InitializePlatformSupportModulesInManaged (3ms)
			SetLoadedEditorAssemblies (3ms)
			RefreshPlugins (0ms)
			BeforeProcessingInitializeOnLoad (44ms)
			ProcessInitializeOnLoadAttributes (303ms)
			ProcessInitializeOnLoadMethodAttributes (15ms)
			AfterProcessingInitializeOnLoad (3ms)
			EditorAssembliesLoaded (0ms)
		ExecutionOrderSort2 (0ms)
		AwakeInstancesAfterBackupRestoration (6ms)
Refreshing native plugins compatible for Editor in 23.45 ms, found 8 plugins.
Preloading 0 native plugins for Editor in 0.00 ms.
Unloading 3238 Unused Serialized files (Serialized files now loaded: 0)
Unloading 27 unused Assets / (35.4 KB). Loaded Objects now: 3747.
Memory consumption went from 130.2 MB to 130.1 MB.
Total: 4.174900 ms (FindLiveObjects: 0.485700 ms CreateObjectMapping: 0.094600 ms MarkObjects: 3.504100 ms  DeleteObjects: 0.088600 ms)

Prepare: number of updated asset objects reloaded= 0
AssetImportParameters requested are different than current active one (requested -> active):
  custom:container-demuxer-ogg: 62fdf1f143b41e24485cea50d1cbac27 -> 
  custom:scripting/monoscript/fileName/ItemInteraction.cs: c43c7923e53ececd65d6ae444b350843 -> 
  custom:video-codec-MediaFoundation-h265: 746d11721c4dcdbdad8f713fa42b33f4 -> 
  custom:scripting/monoscript/fileName/FreeCamera1.cs: cfa08fe9b0fdfec479ed24ebb8964fa3 -> 
  custom:video-decoder-ogg-theora: a1e56fd34408186e4bbccfd4996cb3dc -> 
  custom:framework-win-MediaFoundation: 216162199b28c13a410421893ffa2e32 -> 
  custom:CustomObjectIndexerAttribute: 9a22284fe3817be447336de3de66b15e -> 
  custom:container-demuxer-webm: 4f35f7cbe854078d1ac9338744f61a02 -> 
  custom:container-muxer-webm: aa71ff27fc2769a1b78a27578f13a17b -> 
  custom:video-decoder-webm-vp8: 9c59270c3fd7afecdb556c50c9e8de78 -> 
  custom:scripting/monoscript/fileName/ItemData.cs: aa443fe117f868e3be9d7f6bf5865156 -> 
  custom:SearchIndexIgnoredProperties: e643bd26f0fe6173181afceb89e7c659 -> 
  custom:AudioImporter_EditorPlatform: d09bf68614088b80899f8185d706f6e7 -> 
  custom:scripting/monoscript/fileName/FreeCart.cs: cfa08fe9b0fdfec479ed24ebb8964fa3 -> 
  custom:video-encoder-webm-vp8: eb34c28f22e8b96e1ab97ce403110664 -> 
  custom:audio-decoder-ogg-vorbis: bf7c407c2cedff20999df2af8eb42d56 -> 
  custom:audio-encoder-webm-vorbis: bf7c407c2cedff20999df2af8eb42d56 -> 
========================================================================
Received Prepare
Caller must complete domain reload
Begin MonoManager ReloadAssembly
- Loaded All Assemblies, in  0.494 seconds
Native extension for WindowsStandalone target not found
Mono: successfully reloaded assembly
- Finished resetting the current domain, in  0.692 seconds
Domain Reload Profiling: 1186ms
	BeginReloadAssembly (104ms)
		ExecutionOrderSort (0ms)
		DisableScriptedObjects (4ms)
		BackupInstance (0ms)
		ReleaseScriptingObjects (0ms)
		CreateAndSetChildDomain (25ms)
	RebuildCommonClasses (21ms)
	RebuildNativeTypeToScriptingClass (8ms)
	initialDomainReloadingComplete (94ms)
	LoadAllAssembliesAndSetupDomain (268ms)
		LoadAssemblies (310ms)
		RebuildTransferFunctionScriptingTraits (0ms)
		AnalyzeDomain (8ms)
			TypeCache.Refresh (4ms)
				TypeCache.ScanAssembly (0ms)
			ScanForSourceGeneratedMonoScriptInfo (0ms)
			ResolveRequiredComponents (3ms)
	FinalizeReload (693ms)
		ReleaseScriptCaches (0ms)
		RebuildScriptCaches (0ms)
		SetupLoadedEditorAssemblies (395ms)
			LogAssemblyErrors (0ms)
			InitializePlatformSupportModulesInManaged (4ms)
			SetLoadedEditorAssemblies (3ms)
			RefreshPlugins (0ms)
			BeforeProcessingInitializeOnLoad (44ms)
			ProcessInitializeOnLoadAttributes (327ms)
			ProcessInitializeOnLoadMethodAttributes (14ms)
			AfterProcessingInitializeOnLoad (2ms)
			EditorAssembliesLoaded (0ms)
		ExecutionOrderSort2 (0ms)
		AwakeInstancesAfterBackupRestoration (6ms)
Refreshing native plugins compatible for Editor in 31.21 ms, found 8 plugins.
Preloading 0 native plugins for Editor in 0.00 ms.
Unloading 3238 Unused Serialized files (Serialized files now loaded: 0)
Unloading 27 unused Assets / (35.4 KB). Loaded Objects now: 3750.
Memory consumption went from 130.2 MB to 130.1 MB.
Total: 4.731600 ms (FindLiveObjects: 0.466500 ms CreateObjectMapping: 0.119800 ms MarkObjects: 4.055600 ms  DeleteObjects: 0.088300 ms)

Prepare: number of updated asset objects reloaded= 0
AssetImportParameters requested are different than current active one (requested -> active):
  custom:container-demuxer-ogg: 62fdf1f143b41e24485cea50d1cbac27 -> 
  custom:scripting/monoscript/fileName/ItemInteraction.cs: c43c7923e53ececd65d6ae444b350843 -> 
  custom:video-codec-MediaFoundation-h265: 746d11721c4dcdbdad8f713fa42b33f4 -> 
  custom:scripting/monoscript/fileName/FreeCamera1.cs: cfa08fe9b0fdfec479ed24ebb8964fa3 -> 
  custom:video-decoder-ogg-theora: a1e56fd34408186e4bbccfd4996cb3dc -> 
  custom:framework-win-MediaFoundation: 216162199b28c13a410421893ffa2e32 -> 
  custom:CustomObjectIndexerAttribute: 9a22284fe3817be447336de3de66b15e -> 
  custom:container-demuxer-webm: 4f35f7cbe854078d1ac9338744f61a02 -> 
  custom:container-muxer-webm: aa71ff27fc2769a1b78a27578f13a17b -> 
  custom:video-decoder-webm-vp8: 9c59270c3fd7afecdb556c50c9e8de78 -> 
  custom:scripting/monoscript/fileName/ItemData.cs: aa443fe117f868e3be9d7f6bf5865156 -> 
  custom:SearchIndexIgnoredProperties: e643bd26f0fe6173181afceb89e7c659 -> 
  custom:AudioImporter_EditorPlatform: d09bf68614088b80899f8185d706f6e7 -> 
  custom:scripting/monoscript/fileName/FreeCart.cs: cfa08fe9b0fdfec479ed24ebb8964fa3 -> 
  custom:video-encoder-webm-vp8: eb34c28f22e8b96e1ab97ce403110664 -> 
  custom:audio-decoder-ogg-vorbis: bf7c407c2cedff20999df2af8eb42d56 -> 
  custom:audio-encoder-webm-vorbis: bf7c407c2cedff20999df2af8eb42d56 -> 
========================================================================
Received Prepare
Caller must complete domain reload
Begin MonoManager ReloadAssembly
- Loaded All Assemblies, in  0.445 seconds
Native extension for WindowsStandalone target not found
Mono: successfully reloaded assembly
- Finished resetting the current domain, in  0.639 seconds
Domain Reload Profiling: 1084ms
	BeginReloadAssembly (110ms)
		ExecutionOrderSort (0ms)
		DisableScriptedObjects (3ms)
		BackupInstance (0ms)
		ReleaseScriptingObjects (0ms)
		CreateAndSetChildDomain (29ms)
	RebuildCommonClasses (21ms)
	RebuildNativeTypeToScriptingClass (7ms)
	initialDomainReloadingComplete (30ms)
	LoadAllAssembliesAndSetupDomain (277ms)
		LoadAssemblies (314ms)
		RebuildTransferFunctionScriptingTraits (0ms)
		AnalyzeDomain (14ms)
			TypeCache.Refresh (6ms)
				TypeCache.ScanAssembly (1ms)
			ScanForSourceGeneratedMonoScriptInfo (4ms)
			ResolveRequiredComponents (3ms)
	FinalizeReload (639ms)
		ReleaseScriptCaches (0ms)
		RebuildScriptCaches (0ms)
		SetupLoadedEditorAssemblies (357ms)
			LogAssemblyErrors (0ms)
			InitializePlatformSupportModulesInManaged (4ms)
			SetLoadedEditorAssemblies (4ms)
			RefreshPlugins (0ms)
			BeforeProcessingInitializeOnLoad (42ms)
			ProcessInitializeOnLoadAttributes (293ms)
			ProcessInitializeOnLoadMethodAttributes (13ms)
			AfterProcessingInitializeOnLoad (2ms)
			EditorAssembliesLoaded (0ms)
		ExecutionOrderSort2 (0ms)
		AwakeInstancesAfterBackupRestoration (5ms)
Refreshing native plugins compatible for Editor in 28.39 ms, found 8 plugins.
Preloading 0 native plugins for Editor in 0.00 ms.
Unloading 3238 Unused Serialized files (Serialized files now loaded: 0)
Unloading 27 unused Assets / (35.3 KB). Loaded Objects now: 3753.
Memory consumption went from 130.2 MB to 130.1 MB.
Total: 4.119200 ms (FindLiveObjects: 0.469300 ms CreateObjectMapping: 0.100900 ms MarkObjects: 3.459800 ms  DeleteObjects: 0.087200 ms)

Prepare: number of updated asset objects reloaded= 0
AssetImportParameters requested are different than current active one (requested -> active):
  custom:container-demuxer-ogg: 62fdf1f143b41e24485cea50d1cbac27 -> 
  custom:scripting/monoscript/fileName/ItemInteraction.cs: c43c7923e53ececd65d6ae444b350843 -> 
  custom:video-codec-MediaFoundation-h265: 746d11721c4dcdbdad8f713fa42b33f4 -> 
  custom:scripting/monoscript/fileName/FreeCamera1.cs: cfa08fe9b0fdfec479ed24ebb8964fa3 -> 
  custom:video-decoder-ogg-theora: a1e56fd34408186e4bbccfd4996cb3dc -> 
  custom:framework-win-MediaFoundation: 216162199b28c13a410421893ffa2e32 -> 
  custom:CustomObjectIndexerAttribute: 9a22284fe3817be447336de3de66b15e -> 
  custom:container-demuxer-webm: 4f35f7cbe854078d1ac9338744f61a02 -> 
  custom:container-muxer-webm: aa71ff27fc2769a1b78a27578f13a17b -> 
  custom:video-decoder-webm-vp8: 9c59270c3fd7afecdb556c50c9e8de78 -> 
  custom:scripting/monoscript/fileName/ItemData.cs: aa443fe117f868e3be9d7f6bf5865156 -> 
  custom:SearchIndexIgnoredProperties: e643bd26f0fe6173181afceb89e7c659 -> 
  custom:AudioImporter_EditorPlatform: d09bf68614088b80899f8185d706f6e7 -> 
  custom:scripting/monoscript/fileName/FreeCart.cs: cfa08fe9b0fdfec479ed24ebb8964fa3 -> 
  custom:video-encoder-webm-vp8: eb34c28f22e8b96e1ab97ce403110664 -> 
  custom:audio-decoder-ogg-vorbis: bf7c407c2cedff20999df2af8eb42d56 -> 
  custom:audio-encoder-webm-vorbis: bf7c407c2cedff20999df2af8eb42d56 -> 
========================================================================
Received Prepare
Caller must complete domain reload
Begin MonoManager ReloadAssembly
- Loaded All Assemblies, in  0.491 seconds
Native extension for WindowsStandalone target not found
Mono: successfully reloaded assembly
- Finished resetting the current domain, in  0.690 seconds
Domain Reload Profiling: 1181ms
	BeginReloadAssembly (98ms)
		ExecutionOrderSort (0ms)
		DisableScriptedObjects (3ms)
		BackupInstance (0ms)
		ReleaseScriptingObjects (0ms)
		CreateAndSetChildDomain (25ms)
	RebuildCommonClasses (26ms)
	RebuildNativeTypeToScriptingClass (7ms)
	initialDomainReloadingComplete (89ms)
	LoadAllAssembliesAndSetupDomain (271ms)
		LoadAssemblies (309ms)
		RebuildTransferFunctionScriptingTraits (0ms)
		AnalyzeDomain (10ms)
			TypeCache.Refresh (4ms)
				TypeCache.ScanAssembly (0ms)
			ScanForSourceGeneratedMonoScriptInfo (0ms)
			ResolveRequiredComponents (3ms)
	FinalizeReload (690ms)
		ReleaseScriptCaches (0ms)
		RebuildScriptCaches (0ms)
		SetupLoadedEditorAssemblies (385ms)
			LogAssemblyErrors (0ms)
			InitializePlatformSupportModulesInManaged (3ms)
			SetLoadedEditorAssemblies (3ms)
			RefreshPlugins (0ms)
			BeforeProcessingInitializeOnLoad (45ms)
			ProcessInitializeOnLoadAttributes (318ms)
			ProcessInitializeOnLoadMethodAttributes (14ms)
			AfterProcessingInitializeOnLoad (2ms)
			EditorAssembliesLoaded (0ms)
		ExecutionOrderSort2 (0ms)
		AwakeInstancesAfterBackupRestoration (6ms)
Refreshing native plugins compatible for Editor in 30.41 ms, found 8 plugins.
Preloading 0 native plugins for Editor in 0.00 ms.
Unloading 3238 Unused Serialized files (Serialized files now loaded: 0)
Unloading 27 unused Assets / (35.3 KB). Loaded Objects now: 3756.
Memory consumption went from 130.2 MB to 130.1 MB.
Total: 5.145800 ms (FindLiveObjects: 0.509900 ms CreateObjectMapping: 0.153000 ms MarkObjects: 4.401600 ms  DeleteObjects: 0.079700 ms)

Prepare: number of updated asset objects reloaded= 0
AssetImportParameters requested are different than current active one (requested -> active):
  custom:container-demuxer-ogg: 62fdf1f143b41e24485cea50d1cbac27 -> 
  custom:scripting/monoscript/fileName/ItemInteraction.cs: c43c7923e53ececd65d6ae444b350843 -> 
  custom:video-codec-MediaFoundation-h265: 746d11721c4dcdbdad8f713fa42b33f4 -> 
  custom:scripting/monoscript/fileName/FreeCamera1.cs: cfa08fe9b0fdfec479ed24ebb8964fa3 -> 
  custom:video-decoder-ogg-theora: a1e56fd34408186e4bbccfd4996cb3dc -> 
  custom:framework-win-MediaFoundation: 216162199b28c13a410421893ffa2e32 -> 
  custom:CustomObjectIndexerAttribute: 9a22284fe3817be447336de3de66b15e -> 
  custom:container-demuxer-webm: 4f35f7cbe854078d1ac9338744f61a02 -> 
  custom:container-muxer-webm: aa71ff27fc2769a1b78a27578f13a17b -> 
  custom:video-decoder-webm-vp8: 9c59270c3fd7afecdb556c50c9e8de78 -> 
  custom:scripting/monoscript/fileName/ItemData.cs: aa443fe117f868e3be9d7f6bf5865156 -> 
  custom:SearchIndexIgnoredProperties: e643bd26f0fe6173181afceb89e7c659 -> 
  custom:AudioImporter_EditorPlatform: d09bf68614088b80899f8185d706f6e7 -> 
  custom:scripting/monoscript/fileName/FreeCart.cs: cfa08fe9b0fdfec479ed24ebb8964fa3 -> 
  custom:video-encoder-webm-vp8: eb34c28f22e8b96e1ab97ce403110664 -> 
  custom:audio-decoder-ogg-vorbis: bf7c407c2cedff20999df2af8eb42d56 -> 
  custom:audio-encoder-webm-vorbis: bf7c407c2cedff20999df2af8eb42d56 -> 
========================================================================
Received Prepare
Caller must complete domain reload
Begin MonoManager ReloadAssembly
- Loaded All Assemblies, in  1.622 seconds
Native extension for WindowsStandalone target not found
Mono: successfully reloaded assembly
- Finished resetting the current domain, in  0.685 seconds
Domain Reload Profiling: 2306ms
	BeginReloadAssembly (122ms)
		ExecutionOrderSort (0ms)
		DisableScriptedObjects (4ms)
		BackupInstance (0ms)
		ReleaseScriptingObjects (0ms)
		CreateAndSetChildDomain (33ms)
	RebuildCommonClasses (29ms)
	RebuildNativeTypeToScriptingClass (7ms)
	initialDomainReloadingComplete (35ms)
	LoadAllAssembliesAndSetupDomain (1427ms)
		LoadAssemblies (1468ms)
		RebuildTransferFunctionScriptingTraits (0ms)
		AnalyzeDomain (20ms)
			TypeCache.Refresh (9ms)
				TypeCache.ScanAssembly (1ms)
			ScanForSourceGeneratedMonoScriptInfo (6ms)
			ResolveRequiredComponents (4ms)
	FinalizeReload (686ms)
		ReleaseScriptCaches (0ms)
		RebuildScriptCaches (0ms)
		SetupLoadedEditorAssemblies (366ms)
			LogAssemblyErrors (0ms)
			InitializePlatformSupportModulesInManaged (4ms)
			SetLoadedEditorAssemblies (4ms)
			RefreshPlugins (0ms)
			BeforeProcessingInitializeOnLoad (41ms)
			ProcessInitializeOnLoadAttributes (302ms)
			ProcessInitializeOnLoadMethodAttributes (14ms)
			AfterProcessingInitializeOnLoad (2ms)
			EditorAssembliesLoaded (0ms)
		ExecutionOrderSort2 (0ms)
		AwakeInstancesAfterBackupRestoration (6ms)
Refreshing native plugins compatible for Editor in 24.69 ms, found 8 plugins.
Preloading 0 native plugins for Editor in 0.00 ms.
Unloading 3238 Unused Serialized files (Serialized files now loaded: 0)
Unloading 27 unused Assets / (35.3 KB). Loaded Objects now: 3759.
Memory consumption went from 130.2 MB to 130.1 MB.
Total: 2.802900 ms (FindLiveObjects: 0.274300 ms CreateObjectMapping: 0.089500 ms MarkObjects: 2.390100 ms  DeleteObjects: 0.048200 ms)

Prepare: number of updated asset objects reloaded= 0
AssetImportParameters requested are different than current active one (requested -> active):
  custom:container-demuxer-ogg: 62fdf1f143b41e24485cea50d1cbac27 -> 
  custom:scripting/monoscript/fileName/ItemInteraction.cs: c43c7923e53ececd65d6ae444b350843 -> 
  custom:video-codec-MediaFoundation-h265: 746d11721c4dcdbdad8f713fa42b33f4 -> 
  custom:scripting/monoscript/fileName/FreeCamera1.cs: cfa08fe9b0fdfec479ed24ebb8964fa3 -> 
  custom:video-decoder-ogg-theora: a1e56fd34408186e4bbccfd4996cb3dc -> 
  custom:framework-win-MediaFoundation: 216162199b28c13a410421893ffa2e32 -> 
  custom:CustomObjectIndexerAttribute: 9a22284fe3817be447336de3de66b15e -> 
  custom:container-demuxer-webm: 4f35f7cbe854078d1ac9338744f61a02 -> 
  custom:container-muxer-webm: aa71ff27fc2769a1b78a27578f13a17b -> 
  custom:video-decoder-webm-vp8: 9c59270c3fd7afecdb556c50c9e8de78 -> 
  custom:scripting/monoscript/fileName/ItemData.cs: aa443fe117f868e3be9d7f6bf5865156 -> 
  custom:SearchIndexIgnoredProperties: e643bd26f0fe6173181afceb89e7c659 -> 
  custom:AudioImporter_EditorPlatform: d09bf68614088b80899f8185d706f6e7 -> 
  custom:scripting/monoscript/fileName/FreeCart.cs: cfa08fe9b0fdfec479ed24ebb8964fa3 -> 
  custom:video-encoder-webm-vp8: eb34c28f22e8b96e1ab97ce403110664 -> 
  custom:audio-decoder-ogg-vorbis: bf7c407c2cedff20999df2af8eb42d56 -> 
  custom:audio-encoder-webm-vorbis: bf7c407c2cedff20999df2af8eb42d56 -> 
========================================================================
Received Import Request.
  Time since last request: 2091.852157 seconds.
  path: Assets/ModernSupermarket/Scripts/ShoppingCart.cs
  artifactKey: Guid(eccf4922558d94f44bb50e6956cb52f2) Importer(815301076,1909f56bfc062723c751e8b465ee728b)
Start importing Assets/ModernSupermarket/Scripts/ShoppingCart.cs using Guid(eccf4922558d94f44bb50e6956cb52f2) Importer(815301076,1909f56bfc062723c751e8b465ee728b) [PhysX] Initialized MultithreadedTaskDispatcher with 16 workers.
 -> (artifact id: 'e2e3fa4ac51b40a2e8b40c1f02f25368') in 0.007086 seconds
Number of updated asset objects reloaded before import = 0
Number of asset objects unloaded after import = 0
========================================================================
Received Prepare
Caller must complete domain reload
Begin MonoManager ReloadAssembly
- Loaded All Assemblies, in  0.506 seconds
Native extension for WindowsStandalone target not found
Mono: successfully reloaded assembly
- Finished resetting the current domain, in  0.694 seconds
Domain Reload Profiling: 1200ms
	BeginReloadAssembly (107ms)
		ExecutionOrderSort (0ms)
		DisableScriptedObjects (4ms)
		BackupInstance (0ms)
		ReleaseScriptingObjects (0ms)
		CreateAndSetChildDomain (28ms)
	RebuildCommonClasses (21ms)
	RebuildNativeTypeToScriptingClass (10ms)
	initialDomainReloadingComplete (93ms)
	LoadAllAssembliesAndSetupDomain (274ms)
		LoadAssemblies (317ms)
		RebuildTransferFunctionScriptingTraits (0ms)
		AnalyzeDomain (8ms)
			TypeCache.Refresh (4ms)
				TypeCache.ScanAssembly (0ms)
			ScanForSourceGeneratedMonoScriptInfo (0ms)
			ResolveRequiredComponents (4ms)
	FinalizeReload (695ms)
		ReleaseScriptCaches (0ms)
		RebuildScriptCaches (0ms)
		SetupLoadedEditorAssemblies (386ms)
			LogAssemblyErrors (0ms)
			InitializePlatformSupportModulesInManaged (4ms)
			SetLoadedEditorAssemblies (4ms)
			RefreshPlugins (0ms)
			BeforeProcessingInitializeOnLoad (43ms)
			ProcessInitializeOnLoadAttributes (317ms)
			ProcessInitializeOnLoadMethodAttributes (16ms)
			AfterProcessingInitializeOnLoad (2ms)
			EditorAssembliesLoaded (0ms)
		ExecutionOrderSort2 (0ms)
		AwakeInstancesAfterBackupRestoration (7ms)
Refreshing native plugins compatible for Editor in 31.34 ms, found 8 plugins.
Preloading 0 native plugins for Editor in 0.00 ms.
Unloading 3237 Unused Serialized files (Serialized files now loaded: 0)
Unloading 27 unused Assets / (35.4 KB). Loaded Objects now: 3762.
Memory consumption went from 129.9 MB to 129.9 MB.
Total: 5.452300 ms (FindLiveObjects: 0.754000 ms CreateObjectMapping: 0.400500 ms MarkObjects: 4.218900 ms  DeleteObjects: 0.077500 ms)

Prepare: number of updated asset objects reloaded= 0
AssetImportParameters requested are different than current active one (requested -> active):
  custom:container-demuxer-ogg: 62fdf1f143b41e24485cea50d1cbac27 -> 
  custom:scripting/monoscript/fileName/ItemInteraction.cs: c43c7923e53ececd65d6ae444b350843 -> 
  custom:video-codec-MediaFoundation-h265: 746d11721c4dcdbdad8f713fa42b33f4 -> 
  custom:scripting/monoscript/fileName/FreeCamera1.cs: cfa08fe9b0fdfec479ed24ebb8964fa3 -> 
  custom:video-decoder-ogg-theora: a1e56fd34408186e4bbccfd4996cb3dc -> 
  custom:framework-win-MediaFoundation: 216162199b28c13a410421893ffa2e32 -> 
  custom:CustomObjectIndexerAttribute: 9a22284fe3817be447336de3de66b15e -> 
  custom:container-demuxer-webm: 4f35f7cbe854078d1ac9338744f61a02 -> 
  custom:container-muxer-webm: aa71ff27fc2769a1b78a27578f13a17b -> 
  custom:video-decoder-webm-vp8: 9c59270c3fd7afecdb556c50c9e8de78 -> 
  custom:scripting/monoscript/fileName/ItemData.cs: aa443fe117f868e3be9d7f6bf5865156 -> 
  custom:SearchIndexIgnoredProperties: e643bd26f0fe6173181afceb89e7c659 -> 
  custom:AudioImporter_EditorPlatform: d09bf68614088b80899f8185d706f6e7 -> 
  custom:scripting/monoscript/fileName/FreeCart.cs: cfa08fe9b0fdfec479ed24ebb8964fa3 -> 
  custom:video-encoder-webm-vp8: eb34c28f22e8b96e1ab97ce403110664 -> 
  custom:audio-decoder-ogg-vorbis: bf7c407c2cedff20999df2af8eb42d56 -> 
  custom:audio-encoder-webm-vorbis: bf7c407c2cedff20999df2af8eb42d56 -> 
========================================================================
Received Prepare
Caller must complete domain reload
Begin MonoManager ReloadAssembly
- Loaded All Assemblies, in  0.490 seconds
Native extension for WindowsStandalone target not found
Mono: successfully reloaded assembly
- Finished resetting the current domain, in  0.722 seconds
Domain Reload Profiling: 1213ms
	BeginReloadAssembly (105ms)
		ExecutionOrderSort (0ms)
		DisableScriptedObjects (4ms)
		BackupInstance (0ms)
		ReleaseScriptingObjects (0ms)
		CreateAndSetChildDomain (28ms)
	RebuildCommonClasses (21ms)
	RebuildNativeTypeToScriptingClass (7ms)
	initialDomainReloadingComplete (87ms)
	LoadAllAssembliesAndSetupDomain (271ms)
		LoadAssemblies (313ms)
		RebuildTransferFunctionScriptingTraits (0ms)
		AnalyzeDomain (8ms)
			TypeCache.Refresh (3ms)
				TypeCache.ScanAssembly (0ms)
			ScanForSourceGeneratedMonoScriptInfo (0ms)
			ResolveRequiredComponents (4ms)
	FinalizeReload (723ms)
		ReleaseScriptCaches (0ms)
		RebuildScriptCaches (0ms)
		SetupLoadedEditorAssemblies (399ms)
			LogAssemblyErrors (0ms)
			InitializePlatformSupportModulesInManaged (3ms)
			SetLoadedEditorAssemblies (3ms)
			RefreshPlugins (0ms)
			BeforeProcessingInitializeOnLoad (43ms)
			ProcessInitializeOnLoadAttributes (330ms)
			ProcessInitializeOnLoadMethodAttributes (17ms)
			AfterProcessingInitializeOnLoad (2ms)
			EditorAssembliesLoaded (0ms)
		ExecutionOrderSort2 (0ms)
		AwakeInstancesAfterBackupRestoration (6ms)
Refreshing native plugins compatible for Editor in 39.10 ms, found 8 plugins.
Preloading 0 native plugins for Editor in 0.00 ms.
Unloading 3238 Unused Serialized files (Serialized files now loaded: 0)
Unloading 27 unused Assets / (35.4 KB). Loaded Objects now: 3765.
Memory consumption went from 130.2 MB to 130.1 MB.
Total: 6.481200 ms (FindLiveObjects: 0.674700 ms CreateObjectMapping: 0.229200 ms MarkObjects: 5.486600 ms  DeleteObjects: 0.087600 ms)

Prepare: number of updated asset objects reloaded= 0
AssetImportParameters requested are different than current active one (requested -> active):
  custom:container-demuxer-ogg: 62fdf1f143b41e24485cea50d1cbac27 -> 
  custom:scripting/monoscript/fileName/ItemInteraction.cs: c43c7923e53ececd65d6ae444b350843 -> 
  custom:video-codec-MediaFoundation-h265: 746d11721c4dcdbdad8f713fa42b33f4 -> 
  custom:scripting/monoscript/fileName/FreeCamera1.cs: cfa08fe9b0fdfec479ed24ebb8964fa3 -> 
  custom:video-decoder-ogg-theora: a1e56fd34408186e4bbccfd4996cb3dc -> 
  custom:framework-win-MediaFoundation: 216162199b28c13a410421893ffa2e32 -> 
  custom:CustomObjectIndexerAttribute: 9a22284fe3817be447336de3de66b15e -> 
  custom:container-demuxer-webm: 4f35f7cbe854078d1ac9338744f61a02 -> 
  custom:container-muxer-webm: aa71ff27fc2769a1b78a27578f13a17b -> 
  custom:video-decoder-webm-vp8: 9c59270c3fd7afecdb556c50c9e8de78 -> 
  custom:scripting/monoscript/fileName/ItemData.cs: aa443fe117f868e3be9d7f6bf5865156 -> 
  custom:SearchIndexIgnoredProperties: e643bd26f0fe6173181afceb89e7c659 -> 
  custom:AudioImporter_EditorPlatform: d09bf68614088b80899f8185d706f6e7 -> 
  custom:scripting/monoscript/fileName/FreeCart.cs: cfa08fe9b0fdfec479ed24ebb8964fa3 -> 
  custom:video-encoder-webm-vp8: eb34c28f22e8b96e1ab97ce403110664 -> 
  custom:audio-decoder-ogg-vorbis: bf7c407c2cedff20999df2af8eb42d56 -> 
  custom:audio-encoder-webm-vorbis: bf7c407c2cedff20999df2af8eb42d56 -> 
========================================================================
Received Prepare
Caller must complete domain reload
Begin MonoManager ReloadAssembly
- Loaded All Assemblies, in  0.514 seconds
Native extension for WindowsStandalone target not found
Mono: successfully reloaded assembly
- Finished resetting the current domain, in  0.719 seconds
Domain Reload Profiling: 1234ms
	BeginReloadAssembly (103ms)
		ExecutionOrderSort (0ms)
		DisableScriptedObjects (3ms)
		BackupInstance (0ms)
		ReleaseScriptingObjects (0ms)
		CreateAndSetChildDomain (27ms)
	RebuildCommonClasses (23ms)
	RebuildNativeTypeToScriptingClass (7ms)
	initialDomainReloadingComplete (91ms)
	LoadAllAssembliesAndSetupDomain (290ms)
		LoadAssemblies (326ms)
		RebuildTransferFunctionScriptingTraits (0ms)
		AnalyzeDomain (12ms)
			TypeCache.Refresh (5ms)
				TypeCache.ScanAssembly (0ms)
			ScanForSourceGeneratedMonoScriptInfo (0ms)
			ResolveRequiredComponents (5ms)
	FinalizeReload (720ms)
		ReleaseScriptCaches (0ms)
		RebuildScriptCaches (0ms)
		SetupLoadedEditorAssemblies (401ms)
			LogAssemblyErrors (0ms)
			InitializePlatformSupportModulesInManaged (5ms)
			SetLoadedEditorAssemblies (3ms)
			RefreshPlugins (0ms)
			BeforeProcessingInitializeOnLoad (43ms)
			ProcessInitializeOnLoadAttributes (330ms)
			ProcessInitializeOnLoadMethodAttributes (16ms)
			AfterProcessingInitializeOnLoad (4ms)
			EditorAssembliesLoaded (0ms)
		ExecutionOrderSort2 (0ms)
		AwakeInstancesAfterBackupRestoration (7ms)
Refreshing native plugins compatible for Editor in 37.80 ms, found 8 plugins.
Preloading 0 native plugins for Editor in 0.00 ms.
Unloading 3238 Unused Serialized files (Serialized files now loaded: 0)
Unloading 27 unused Assets / (35.4 KB). Loaded Objects now: 3768.
Memory consumption went from 130.2 MB to 130.1 MB.
Total: 4.996000 ms (FindLiveObjects: 1.005100 ms CreateObjectMapping: 0.266800 ms MarkObjects: 3.647600 ms  DeleteObjects: 0.075400 ms)

Prepare: number of updated asset objects reloaded= 0
AssetImportParameters requested are different than current active one (requested -> active):
  custom:container-demuxer-ogg: 62fdf1f143b41e24485cea50d1cbac27 -> 
  custom:scripting/monoscript/fileName/ItemInteraction.cs: c43c7923e53ececd65d6ae444b350843 -> 
  custom:video-codec-MediaFoundation-h265: 746d11721c4dcdbdad8f713fa42b33f4 -> 
  custom:scripting/monoscript/fileName/FreeCamera1.cs: cfa08fe9b0fdfec479ed24ebb8964fa3 -> 
  custom:video-decoder-ogg-theora: a1e56fd34408186e4bbccfd4996cb3dc -> 
  custom:framework-win-MediaFoundation: 216162199b28c13a410421893ffa2e32 -> 
  custom:CustomObjectIndexerAttribute: 9a22284fe3817be447336de3de66b15e -> 
  custom:container-demuxer-webm: 4f35f7cbe854078d1ac9338744f61a02 -> 
  custom:container-muxer-webm: aa71ff27fc2769a1b78a27578f13a17b -> 
  custom:video-decoder-webm-vp8: 9c59270c3fd7afecdb556c50c9e8de78 -> 
  custom:scripting/monoscript/fileName/ItemData.cs: aa443fe117f868e3be9d7f6bf5865156 -> 
  custom:SearchIndexIgnoredProperties: e643bd26f0fe6173181afceb89e7c659 -> 
  custom:AudioImporter_EditorPlatform: d09bf68614088b80899f8185d706f6e7 -> 
  custom:scripting/monoscript/fileName/FreeCart.cs: cfa08fe9b0fdfec479ed24ebb8964fa3 -> 
  custom:video-encoder-webm-vp8: eb34c28f22e8b96e1ab97ce403110664 -> 
  custom:audio-decoder-ogg-vorbis: bf7c407c2cedff20999df2af8eb42d56 -> 
  custom:audio-encoder-webm-vorbis: bf7c407c2cedff20999df2af8eb42d56 -> 
========================================================================
Received Prepare
Caller must complete domain reload
Begin MonoManager ReloadAssembly
- Loaded All Assemblies, in  0.483 seconds
Native extension for WindowsStandalone target not found
Mono: successfully reloaded assembly
- Finished resetting the current domain, in  0.731 seconds
Domain Reload Profiling: 1214ms
	BeginReloadAssembly (101ms)
		ExecutionOrderSort (0ms)
		DisableScriptedObjects (3ms)
		BackupInstance (0ms)
		ReleaseScriptingObjects (0ms)
		CreateAndSetChildDomain (27ms)
	RebuildCommonClasses (21ms)
	RebuildNativeTypeToScriptingClass (7ms)
	initialDomainReloadingComplete (94ms)
	LoadAllAssembliesAndSetupDomain (259ms)
		LoadAssemblies (300ms)
		RebuildTransferFunctionScriptingTraits (0ms)
		AnalyzeDomain (9ms)
			TypeCache.Refresh (4ms)
				TypeCache.ScanAssembly (0ms)
			ScanForSourceGeneratedMonoScriptInfo (0ms)
			ResolveRequiredComponents (4ms)
	FinalizeReload (731ms)
		ReleaseScriptCaches (0ms)
		RebuildScriptCaches (0ms)
		SetupLoadedEditorAssemblies (412ms)
			LogAssemblyErrors (0ms)
			InitializePlatformSupportModulesInManaged (3ms)
			SetLoadedEditorAssemblies (3ms)
			RefreshPlugins (0ms)
			BeforeProcessingInitializeOnLoad (42ms)
			ProcessInitializeOnLoadAttributes (342ms)
			ProcessInitializeOnLoadMethodAttributes (18ms)
			AfterProcessingInitializeOnLoad (3ms)
			EditorAssembliesLoaded (0ms)
		ExecutionOrderSort2 (0ms)
		AwakeInstancesAfterBackupRestoration (6ms)
Refreshing native plugins compatible for Editor in 31.96 ms, found 8 plugins.
Preloading 0 native plugins for Editor in 0.00 ms.
Unloading 3238 Unused Serialized files (Serialized files now loaded: 0)
Unloading 27 unused Assets / (35.3 KB). Loaded Objects now: 3771.
Memory consumption went from 130.2 MB to 130.1 MB.
Total: 4.957100 ms (FindLiveObjects: 0.485100 ms CreateObjectMapping: 0.155500 ms MarkObjects: 4.244900 ms  DeleteObjects: 0.070500 ms)

Prepare: number of updated asset objects reloaded= 0
AssetImportParameters requested are different than current active one (requested -> active):
  custom:container-demuxer-ogg: 62fdf1f143b41e24485cea50d1cbac27 -> 
  custom:scripting/monoscript/fileName/ItemInteraction.cs: c43c7923e53ececd65d6ae444b350843 -> 
  custom:video-codec-MediaFoundation-h265: 746d11721c4dcdbdad8f713fa42b33f4 -> 
  custom:scripting/monoscript/fileName/FreeCamera1.cs: cfa08fe9b0fdfec479ed24ebb8964fa3 -> 
  custom:video-decoder-ogg-theora: a1e56fd34408186e4bbccfd4996cb3dc -> 
  custom:framework-win-MediaFoundation: 216162199b28c13a410421893ffa2e32 -> 
  custom:CustomObjectIndexerAttribute: 9a22284fe3817be447336de3de66b15e -> 
  custom:container-demuxer-webm: 4f35f7cbe854078d1ac9338744f61a02 -> 
  custom:container-muxer-webm: aa71ff27fc2769a1b78a27578f13a17b -> 
  custom:video-decoder-webm-vp8: 9c59270c3fd7afecdb556c50c9e8de78 -> 
  custom:scripting/monoscript/fileName/ItemData.cs: aa443fe117f868e3be9d7f6bf5865156 -> 
  custom:SearchIndexIgnoredProperties: e643bd26f0fe6173181afceb89e7c659 -> 
  custom:AudioImporter_EditorPlatform: d09bf68614088b80899f8185d706f6e7 -> 
  custom:scripting/monoscript/fileName/FreeCart.cs: cfa08fe9b0fdfec479ed24ebb8964fa3 -> 
  custom:video-encoder-webm-vp8: eb34c28f22e8b96e1ab97ce403110664 -> 
  custom:audio-decoder-ogg-vorbis: bf7c407c2cedff20999df2af8eb42d56 -> 
  custom:audio-encoder-webm-vorbis: bf7c407c2cedff20999df2af8eb42d56 -> 
========================================================================
Received Prepare
Caller must complete domain reload
Begin MonoManager ReloadAssembly
- Loaded All Assemblies, in  0.494 seconds
Native extension for WindowsStandalone target not found
Mono: successfully reloaded assembly
- Finished resetting the current domain, in  0.689 seconds
Domain Reload Profiling: 1183ms
	BeginReloadAssembly (102ms)
		ExecutionOrderSort (0ms)
		DisableScriptedObjects (3ms)
		BackupInstance (0ms)
		ReleaseScriptingObjects (0ms)
		CreateAndSetChildDomain (26ms)
	RebuildCommonClasses (22ms)
	RebuildNativeTypeToScriptingClass (11ms)
	initialDomainReloadingComplete (91ms)
	LoadAllAssembliesAndSetupDomain (267ms)
		LoadAssemblies (309ms)
		RebuildTransferFunctionScriptingTraits (0ms)
		AnalyzeDomain (8ms)
			TypeCache.Refresh (4ms)
				TypeCache.ScanAssembly (0ms)
			ScanForSourceGeneratedMonoScriptInfo (0ms)
			ResolveRequiredComponents (3ms)
	FinalizeReload (689ms)
		ReleaseScriptCaches (0ms)
		RebuildScriptCaches (0ms)
		SetupLoadedEditorAssemblies (382ms)
			LogAssemblyErrors (0ms)
			InitializePlatformSupportModulesInManaged (3ms)
			SetLoadedEditorAssemblies (3ms)
			RefreshPlugins (0ms)
			BeforeProcessingInitializeOnLoad (43ms)
			ProcessInitializeOnLoadAttributes (315ms)
			ProcessInitializeOnLoadMethodAttributes (14ms)
			AfterProcessingInitializeOnLoad (2ms)
			EditorAssembliesLoaded (0ms)
		ExecutionOrderSort2 (0ms)
		AwakeInstancesAfterBackupRestoration (6ms)
Refreshing native plugins compatible for Editor in 34.64 ms, found 8 plugins.
Preloading 0 native plugins for Editor in 0.00 ms.
Unloading 3238 Unused Serialized files (Serialized files now loaded: 0)
Unloading 27 unused Assets / (35.4 KB). Loaded Objects now: 3774.
Memory consumption went from 130.2 MB to 130.1 MB.
Total: 4.857900 ms (FindLiveObjects: 0.896100 ms CreateObjectMapping: 0.244500 ms MarkObjects: 3.639100 ms  DeleteObjects: 0.076400 ms)

Prepare: number of updated asset objects reloaded= 0
AssetImportParameters requested are different than current active one (requested -> active):
  custom:container-demuxer-ogg: 62fdf1f143b41e24485cea50d1cbac27 -> 
  custom:scripting/monoscript/fileName/ItemInteraction.cs: c43c7923e53ececd65d6ae444b350843 -> 
  custom:video-codec-MediaFoundation-h265: 746d11721c4dcdbdad8f713fa42b33f4 -> 
  custom:scripting/monoscript/fileName/FreeCamera1.cs: cfa08fe9b0fdfec479ed24ebb8964fa3 -> 
  custom:video-decoder-ogg-theora: a1e56fd34408186e4bbccfd4996cb3dc -> 
  custom:framework-win-MediaFoundation: 216162199b28c13a410421893ffa2e32 -> 
  custom:CustomObjectIndexerAttribute: 9a22284fe3817be447336de3de66b15e -> 
  custom:container-demuxer-webm: 4f35f7cbe854078d1ac9338744f61a02 -> 
  custom:container-muxer-webm: aa71ff27fc2769a1b78a27578f13a17b -> 
  custom:video-decoder-webm-vp8: 9c59270c3fd7afecdb556c50c9e8de78 -> 
  custom:scripting/monoscript/fileName/ItemData.cs: aa443fe117f868e3be9d7f6bf5865156 -> 
  custom:SearchIndexIgnoredProperties: e643bd26f0fe6173181afceb89e7c659 -> 
  custom:AudioImporter_EditorPlatform: d09bf68614088b80899f8185d706f6e7 -> 
  custom:scripting/monoscript/fileName/FreeCart.cs: cfa08fe9b0fdfec479ed24ebb8964fa3 -> 
  custom:video-encoder-webm-vp8: eb34c28f22e8b96e1ab97ce403110664 -> 
  custom:audio-decoder-ogg-vorbis: bf7c407c2cedff20999df2af8eb42d56 -> 
  custom:audio-encoder-webm-vorbis: bf7c407c2cedff20999df2af8eb42d56 -> 
========================================================================
Received Prepare
Caller must complete domain reload
Begin MonoManager ReloadAssembly
- Loaded All Assemblies, in  0.518 seconds
Native extension for WindowsStandalone target not found
Mono: successfully reloaded assembly
- Finished resetting the current domain, in  0.723 seconds
Domain Reload Profiling: 1240ms
	BeginReloadAssembly (110ms)
		ExecutionOrderSort (0ms)
		DisableScriptedObjects (5ms)
		BackupInstance (0ms)
		ReleaseScriptingObjects (0ms)
		CreateAndSetChildDomain (28ms)
	RebuildCommonClasses (22ms)
	RebuildNativeTypeToScriptingClass (27ms)
	initialDomainReloadingComplete (80ms)
	LoadAllAssembliesAndSetupDomain (278ms)
		LoadAssemblies (323ms)
		RebuildTransferFunctionScriptingTraits (0ms)
		AnalyzeDomain (9ms)
			TypeCache.Refresh (4ms)
				TypeCache.ScanAssembly (0ms)
			ScanForSourceGeneratedMonoScriptInfo (0ms)
			ResolveRequiredComponents (3ms)
	FinalizeReload (723ms)
		ReleaseScriptCaches (0ms)
		RebuildScriptCaches (0ms)
		SetupLoadedEditorAssemblies (411ms)
			LogAssemblyErrors (0ms)
			InitializePlatformSupportModulesInManaged (4ms)
			SetLoadedEditorAssemblies (3ms)
			RefreshPlugins (0ms)
			BeforeProcessingInitializeOnLoad (43ms)
			ProcessInitializeOnLoadAttributes (341ms)
			ProcessInitializeOnLoadMethodAttributes (18ms)
			AfterProcessingInitializeOnLoad (3ms)
			EditorAssembliesLoaded (0ms)
		ExecutionOrderSort2 (0ms)
		AwakeInstancesAfterBackupRestoration (7ms)
Refreshing native plugins compatible for Editor in 38.54 ms, found 8 plugins.
Preloading 0 native plugins for Editor in 0.00 ms.
Unloading 3238 Unused Serialized files (Serialized files now loaded: 0)
Unloading 27 unused Assets / (35.4 KB). Loaded Objects now: 3777.
Memory consumption went from 130.2 MB to 130.1 MB.
Total: 5.136100 ms (FindLiveObjects: 0.780200 ms CreateObjectMapping: 0.159000 ms MarkObjects: 4.020200 ms  DeleteObjects: 0.174500 ms)

Prepare: number of updated asset objects reloaded= 0
AssetImportParameters requested are different than current active one (requested -> active):
  custom:container-demuxer-ogg: 62fdf1f143b41e24485cea50d1cbac27 -> 
  custom:scripting/monoscript/fileName/ItemInteraction.cs: c43c7923e53ececd65d6ae444b350843 -> 
  custom:video-codec-MediaFoundation-h265: 746d11721c4dcdbdad8f713fa42b33f4 -> 
  custom:scripting/monoscript/fileName/FreeCamera1.cs: cfa08fe9b0fdfec479ed24ebb8964fa3 -> 
  custom:video-decoder-ogg-theora: a1e56fd34408186e4bbccfd4996cb3dc -> 
  custom:framework-win-MediaFoundation: 216162199b28c13a410421893ffa2e32 -> 
  custom:CustomObjectIndexerAttribute: 9a22284fe3817be447336de3de66b15e -> 
  custom:container-demuxer-webm: 4f35f7cbe854078d1ac9338744f61a02 -> 
  custom:container-muxer-webm: aa71ff27fc2769a1b78a27578f13a17b -> 
  custom:video-decoder-webm-vp8: 9c59270c3fd7afecdb556c50c9e8de78 -> 
  custom:scripting/monoscript/fileName/ItemData.cs: aa443fe117f868e3be9d7f6bf5865156 -> 
  custom:SearchIndexIgnoredProperties: e643bd26f0fe6173181afceb89e7c659 -> 
  custom:AudioImporter_EditorPlatform: d09bf68614088b80899f8185d706f6e7 -> 
  custom:scripting/monoscript/fileName/FreeCart.cs: cfa08fe9b0fdfec479ed24ebb8964fa3 -> 
  custom:video-encoder-webm-vp8: eb34c28f22e8b96e1ab97ce403110664 -> 
  custom:audio-decoder-ogg-vorbis: bf7c407c2cedff20999df2af8eb42d56 -> 
  custom:audio-encoder-webm-vorbis: bf7c407c2cedff20999df2af8eb42d56 -> 
