Using pre-set license
Built from '2022.3/china_unity/release' branch; Version is '2022.3.52f1c1 (f5e26ee28457) revision 16114286'; Using compiler version '192829333'; Build Type 'Release'
OS: 'Windows 11  (10.0.26100) 64bit Professional' Language: 'zh' Physical Memory: 31890 MB
BatchMode: 1, IsHumanControllingUs: 0, StartBugReporterOnCrash: 0, Is64bit: 1, IsPro: 1

COMMAND LINE ARGUMENTS:
C:\Program Files\Unity\Hub\Editor\2022.3.52f1c1\Editor\Unity.exe
-adb2
-batchMode
-noUpm
-name
AssetImportWorker4
-projectPath
C:/Users/24311/MT-Final-Project
-logFile
Logs/AssetImportWorker4.log
-srvPort
6418
Successfully changed project path to: C:/Users/24311/MT-Final-Project
C:/Users/24311/MT-Final-Project
[UnityMemory] Configuration Parameters - Can be set up in boot.config
    "memorysetup-bucket-allocator-granularity=16"
    "memorysetup-bucket-allocator-bucket-count=8"
    "memorysetup-bucket-allocator-block-size=33554432"
    "memorysetup-bucket-allocator-block-count=8"
    "memorysetup-main-allocator-block-size=16777216"
    "memorysetup-thread-allocator-block-size=16777216"
    "memorysetup-gfx-main-allocator-block-size=16777216"
    "memorysetup-gfx-thread-allocator-block-size=16777216"
    "memorysetup-cache-allocator-block-size=4194304"
    "memorysetup-typetree-allocator-block-size=2097152"
    "memorysetup-profiler-bucket-allocator-granularity=16"
    "memorysetup-profiler-bucket-allocator-bucket-count=8"
    "memorysetup-profiler-bucket-allocator-block-size=33554432"
    "memorysetup-profiler-bucket-allocator-block-count=8"
    "memorysetup-profiler-allocator-block-size=16777216"
    "memorysetup-profiler-editor-allocator-block-size=1048576"
    "memorysetup-temp-allocator-size-main=16777216"
    "memorysetup-job-temp-allocator-block-size=2097152"
    "memorysetup-job-temp-allocator-block-size-background=1048576"
    "memorysetup-job-temp-allocator-reduction-small-platforms=262144"
    "memorysetup-allocator-temp-initial-block-size-main=262144"
    "memorysetup-allocator-temp-initial-block-size-worker=262144"
    "memorysetup-temp-allocator-size-background-worker=32768"
    "memorysetup-temp-allocator-size-job-worker=262144"
    "memorysetup-temp-allocator-size-preload-manager=33554432"
    "memorysetup-temp-allocator-size-nav-mesh-worker=65536"
    "memorysetup-temp-allocator-size-audio-worker=65536"
    "memorysetup-temp-allocator-size-cloud-worker=32768"
    "memorysetup-temp-allocator-size-gi-baking-worker=262144"
    "memorysetup-temp-allocator-size-gfx=262144"
Player connection [49528]  Target information:

Player connection [49528]  * "[IP] 192.168.1.61 [Port] 0 [Flags] 2 [Guid] 3779537337 [EditorId] 3779537337 [Version] 1048832 [Id] WindowsEditor(7,WellHu) [Debug] 1 [PackageName] WindowsEditor [ProjectName] Editor" 

Player connection [49528] Host joined multi-casting on [225.0.0.222:54997]...
Player connection [49528] Host joined alternative multi-casting on [225.0.0.222:34997]...
[PhysX] Initialized MultithreadedTaskDispatcher with 16 workers.
Refreshing native plugins compatible for Editor in 13.14 ms, found 3 plugins.
Preloading 0 native plugins for Editor in 0.00 ms.
Initialize engine version: 2022.3.52f1c1 (f5e26ee28457)
[Subsystems] Discovering subsystems at path C:/Program Files/Unity/Hub/Editor/2022.3.52f1c1/Editor/Data/Resources/UnitySubsystems
[Subsystems] Discovering subsystems at path C:/Users/24311/MT-Final-Project/Assets
GfxDevice: creating device client; threaded=0; jobified=0
Direct3D:
    Version:  Direct3D 11.0 [level 11.1]
    Renderer: NVIDIA GeForce RTX 4070 SUPER (ID=0x2783)
    Vendor:   NVIDIA
    VRAM:     11999 MB
    Driver:   32.0.15.6094
Initialize mono
Mono path[0] = 'C:/Program Files/Unity/Hub/Editor/2022.3.52f1c1/Editor/Data/Managed'
Mono path[1] = 'C:/Program Files/Unity/Hub/Editor/2022.3.52f1c1/Editor/Data/MonoBleedingEdge/lib/mono/unityjit-win32'
Mono config path = 'C:/Program Files/Unity/Hub/Editor/2022.3.52f1c1/Editor/Data/MonoBleedingEdge/etc'
Using monoOptions --debugger-agent=transport=dt_socket,embedding=1,server=y,suspend=n,address=127.0.0.1:56360
Begin MonoManager ReloadAssembly
Registering precompiled unity dll's ...
Register platform support module: C:/Program Files/Unity/Hub/Editor/2022.3.52f1c1/Editor/Data/PlaybackEngines/WebGLSupport/UnityEditor.WebGL.Extensions.dll
Register platform support module: C:/Program Files/Unity/Hub/Editor/2022.3.52f1c1/Editor/Data/PlaybackEngines/WindowsStandaloneSupport/UnityEditor.WindowsStandalone.Extensions.dll
Registered in 0.009940 seconds.
- Loaded All Assemblies, in  0.196 seconds
Native extension for WindowsStandalone target not found
Native extension for WebGL target not found
Mono: successfully reloaded assembly
- Finished resetting the current domain, in  0.130 seconds
Domain Reload Profiling: 323ms
	BeginReloadAssembly (59ms)
		ExecutionOrderSort (0ms)
		DisableScriptedObjects (0ms)
		BackupInstance (0ms)
		ReleaseScriptingObjects (0ms)
		CreateAndSetChildDomain (0ms)
	RebuildCommonClasses (19ms)
	RebuildNativeTypeToScriptingClass (5ms)
	initialDomainReloadingComplete (39ms)
	LoadAllAssembliesAndSetupDomain (72ms)
		LoadAssemblies (57ms)
		RebuildTransferFunctionScriptingTraits (0ms)
		AnalyzeDomain (71ms)
			TypeCache.Refresh (69ms)
				TypeCache.ScanAssembly (61ms)
			ScanForSourceGeneratedMonoScriptInfo (0ms)
			ResolveRequiredComponents (0ms)
	FinalizeReload (130ms)
		ReleaseScriptCaches (0ms)
		RebuildScriptCaches (0ms)
		SetupLoadedEditorAssemblies (107ms)
			LogAssemblyErrors (0ms)
			InitializePlatformSupportModulesInManaged (5ms)
			SetLoadedEditorAssemblies (3ms)
			RefreshPlugins (0ms)
			BeforeProcessingInitializeOnLoad (1ms)
			ProcessInitializeOnLoadAttributes (72ms)
			ProcessInitializeOnLoadMethodAttributes (25ms)
			AfterProcessingInitializeOnLoad (0ms)
			EditorAssembliesLoaded (0ms)
		ExecutionOrderSort2 (0ms)
		AwakeInstancesAfterBackupRestoration (0ms)
========================================================================
Worker process is ready to serve import requests
Caller must complete domain reload
Begin MonoManager ReloadAssembly
- Loaded All Assemblies, in  0.380 seconds
Native extension for WindowsStandalone target not found
Native extension for WebGL target not found
Mono: successfully reloaded assembly
- Finished resetting the current domain, in  0.290 seconds
Domain Reload Profiling: 668ms
	BeginReloadAssembly (105ms)
		ExecutionOrderSort (0ms)
		DisableScriptedObjects (3ms)
		BackupInstance (0ms)
		ReleaseScriptingObjects (0ms)
		CreateAndSetChildDomain (19ms)
	RebuildCommonClasses (28ms)
	RebuildNativeTypeToScriptingClass (6ms)
	initialDomainReloadingComplete (30ms)
	LoadAllAssembliesAndSetupDomain (208ms)
		LoadAssemblies (176ms)
		RebuildTransferFunctionScriptingTraits (0ms)
		AnalyzeDomain (92ms)
			TypeCache.Refresh (80ms)
				TypeCache.ScanAssembly (73ms)
			ScanForSourceGeneratedMonoScriptInfo (7ms)
			ResolveRequiredComponents (3ms)
	FinalizeReload (291ms)
		ReleaseScriptCaches (0ms)
		RebuildScriptCaches (0ms)
		SetupLoadedEditorAssemblies (222ms)
			LogAssemblyErrors (0ms)
			InitializePlatformSupportModulesInManaged (4ms)
			SetLoadedEditorAssemblies (2ms)
			RefreshPlugins (0ms)
			BeforeProcessingInitializeOnLoad (33ms)
			ProcessInitializeOnLoadAttributes (167ms)
			ProcessInitializeOnLoadMethodAttributes (10ms)
			AfterProcessingInitializeOnLoad (6ms)
			EditorAssembliesLoaded (0ms)
		ExecutionOrderSort2 (0ms)
		AwakeInstancesAfterBackupRestoration (6ms)
Launched and connected shader compiler UnityShaderCompiler.exe after 0.04 seconds
Refreshing native plugins compatible for Editor in 3.18 ms, found 3 plugins.
Preloading 0 native plugins for Editor in 0.00 ms.
Unloading 3181 Unused Serialized files (Serialized files now loaded: 0)
Unloading 19 unused Assets / (54.7 KB). Loaded Objects now: 3651.
Memory consumption went from 129.4 MB to 129.3 MB.
Total: 2.010400 ms (FindLiveObjects: 0.190300 ms CreateObjectMapping: 0.048500 ms MarkObjects: 1.694900 ms  DeleteObjects: 0.075700 ms)

AssetImportParameters requested are different than current active one (requested -> active):
  custom:container-demuxer-ogg: 62fdf1f143b41e24485cea50d1cbac27 -> 
  custom:video-codec-MediaFoundation-h265: 746d11721c4dcdbdad8f713fa42b33f4 -> 
  custom:video-decoder-ogg-theora: a1e56fd34408186e4bbccfd4996cb3dc -> 
  custom:framework-win-MediaFoundation: 216162199b28c13a410421893ffa2e32 -> 
  custom:CustomObjectIndexerAttribute: 9a22284fe3817be447336de3de66b15e -> 
  custom:container-demuxer-webm: 4f35f7cbe854078d1ac9338744f61a02 -> 
  custom:container-muxer-webm: aa71ff27fc2769a1b78a27578f13a17b -> 
  custom:video-decoder-webm-vp8: 9c59270c3fd7afecdb556c50c9e8de78 -> 
  custom:SearchIndexIgnoredProperties: e643bd26f0fe6173181afceb89e7c659 -> 
  custom:AudioImporter_EditorPlatform: d09bf68614088b80899f8185d706f6e7 -> 
  custom:video-encoder-webm-vp8: eb34c28f22e8b96e1ab97ce403110664 -> 
  custom:audio-decoder-ogg-vorbis: bf7c407c2cedff20999df2af8eb42d56 -> 
  custom:audio-encoder-webm-vorbis: bf7c407c2cedff20999df2af8eb42d56 -> 
========================================================================
Received Import Request.
  Time since last request: 243668.343619 seconds.
  path: Assets/TextMesh Pro/Examples & Extras/Scripts/TextMeshProFloatingText.cs
  artifactKey: Guid(a4d4c76e63944cba8c7d00f56334b98c) Importer(2089858483,0ecaa5967403d082aa24f35e1b516d23)
Start importing Assets/TextMesh Pro/Examples & Extras/Scripts/TextMeshProFloatingText.cs using Guid(a4d4c76e63944cba8c7d00f56334b98c) Importer(2089858483,0ecaa5967403d082aa24f35e1b516d23) [PhysX] Initialized MultithreadedTaskDispatcher with 16 workers.
 -> (artifact id: '82db896ff04d0af265e814ae606edc24') in 0.070945 seconds
Number of updated asset objects reloaded before import = 0
Number of asset objects unloaded after import = 1
========================================================================
Received Import Request.
  Time since last request: 0.000021 seconds.
  path: Assets/ModernSupermarket/Models/Furniture/Fridge_f13xen/Fridge_f13xen.fbx
  artifactKey: Guid(13d0089232b769148ace83172a89d899) Importer(2089858483,0ecaa5967403d082aa24f35e1b516d23)
Start importing Assets/ModernSupermarket/Models/Furniture/Fridge_f13xen/Fridge_f13xen.fbx using Guid(13d0089232b769148ace83172a89d899) Importer(2089858483,0ecaa5967403d082aa24f35e1b516d23) [PhysX] Initialized MultithreadedTaskDispatcher with 16 workers.
 -> (artifact id: '938c8fbd4c210fd8b4f546b3cac15221') in 0.036122 seconds
Number of updated asset objects reloaded before import = 0
Number of asset objects unloaded after import = 14
========================================================================
Received Import Request.
  Time since last request: 0.000027 seconds.
  path: Assets/ModernSupermarket/Prefabs/Props/Produce/Kiwi_leh3t9_Pack01.prefab
  artifactKey: Guid(a2bd45c8718383942b7f70a9db6012ac) Importer(2089858483,0ecaa5967403d082aa24f35e1b516d23)
Start importing Assets/ModernSupermarket/Prefabs/Props/Produce/Kiwi_leh3t9_Pack01.prefab using Guid(a2bd45c8718383942b7f70a9db6012ac) Importer(2089858483,0ecaa5967403d082aa24f35e1b516d23) [PhysX] Initialized MultithreadedTaskDispatcher with 16 workers.
 -> (artifact id: '11343da7b818e1d6bd75029236964e9a') in 0.020751 seconds
Number of updated asset objects reloaded before import = 0
Number of asset objects unloaded after import = 8
========================================================================
Received Import Request.
  Time since last request: 0.000016 seconds.
  path: Assets/ModernSupermarket/Models/Furniture/Counter_wh1nba/Counter_wh1nba.fbx
  artifactKey: Guid(8c21677017f676643ad9a22085712265) Importer(2089858483,0ecaa5967403d082aa24f35e1b516d23)
Start importing Assets/ModernSupermarket/Models/Furniture/Counter_wh1nba/Counter_wh1nba.fbx using Guid(8c21677017f676643ad9a22085712265) Importer(2089858483,0ecaa5967403d082aa24f35e1b516d23) [PhysX] Initialized MultithreadedTaskDispatcher with 16 workers.
 -> (artifact id: '38324ad708eae29159111f6f33c4ad55') in 0.013542 seconds
Number of updated asset objects reloaded before import = 0
Number of asset objects unloaded after import = 7
========================================================================
Received Import Request.
  Time since last request: 0.000019 seconds.
  path: Assets/TextMesh Pro/Examples & Extras/Textures/Brushed Metal 3.jpg
  artifactKey: Guid(f88677df267a41d6be1e7a6133e7d227) Importer(2089858483,0ecaa5967403d082aa24f35e1b516d23)
Start importing Assets/TextMesh Pro/Examples & Extras/Textures/Brushed Metal 3.jpg using Guid(f88677df267a41d6be1e7a6133e7d227) Importer(2089858483,0ecaa5967403d082aa24f35e1b516d23) [PhysX] Initialized MultithreadedTaskDispatcher with 16 workers.
 -> (artifact id: 'cb47c729dd840a9ff4bdff8299869db6') in 0.042145 seconds
Number of updated asset objects reloaded before import = 0
Number of asset objects unloaded after import = 1
========================================================================
Received Import Request.
  Time since last request: 0.000018 seconds.
  path: Assets/ModernSupermarket/Prefabs/Props/Produce/Artichoke_fdde0u.prefab
  artifactKey: Guid(fd3136a2ab1b449478a66d27c434ecbc) Importer(2089858483,0ecaa5967403d082aa24f35e1b516d23)
Start importing Assets/ModernSupermarket/Prefabs/Props/Produce/Artichoke_fdde0u.prefab using Guid(fd3136a2ab1b449478a66d27c434ecbc) Importer(2089858483,0ecaa5967403d082aa24f35e1b516d23) [PhysX] Initialized MultithreadedTaskDispatcher with 16 workers.
 -> (artifact id: 'ca043b76415f346f0b43a4aac55327bf') in 0.020809 seconds
Number of updated asset objects reloaded before import = 0
Number of asset objects unloaded after import = 8
========================================================================
Received Import Request.
  Time since last request: 0.000017 seconds.
  path: Assets/ModernSupermarket/Models/Furniture/Vent_9y3yo/Vent_9y3yod_Bias.fbx
  artifactKey: Guid(fd0e4ac01d6eeea49b9c3e600f2f00f3) Importer(2089858483,0ecaa5967403d082aa24f35e1b516d23)
Start importing Assets/ModernSupermarket/Models/Furniture/Vent_9y3yo/Vent_9y3yod_Bias.fbx using Guid(fd0e4ac01d6eeea49b9c3e600f2f00f3) Importer(2089858483,0ecaa5967403d082aa24f35e1b516d23) [PhysX] Initialized MultithreadedTaskDispatcher with 16 workers.
 -> (artifact id: 'cc22f6cccd8da57685cbc54ec0b05467') in 0.011253 seconds
Number of updated asset objects reloaded before import = 0
Number of asset objects unloaded after import = 7
========================================================================
Received Import Request.
  Time since last request: 0.000047 seconds.
  path: Assets/ModernSupermarket/Prefabs/Props/Produce/Papaya_xt7unv.prefab
  artifactKey: Guid(82c2daf369f250e43824f5906c9b79c0) Importer(2089858483,0ecaa5967403d082aa24f35e1b516d23)
Start importing Assets/ModernSupermarket/Prefabs/Props/Produce/Papaya_xt7unv.prefab using Guid(82c2daf369f250e43824f5906c9b79c0) Importer(2089858483,0ecaa5967403d082aa24f35e1b516d23) [PhysX] Initialized MultithreadedTaskDispatcher with 16 workers.
 -> (artifact id: '43962db8bdf1b2b174cb936299f70ac8') in 0.016681 seconds
Number of updated asset objects reloaded before import = 0
Number of asset objects unloaded after import = 8
========================================================================
Received Import Request.
  Time since last request: 0.000018 seconds.
  path: Assets/TextMesh Pro/Examples & Extras/Textures/Wipe Pattern - Circle.psd
  artifactKey: Guid(10c49fcd9c64421db7c0133e61e55f97) Importer(2089858483,0ecaa5967403d082aa24f35e1b516d23)
Start importing Assets/TextMesh Pro/Examples & Extras/Textures/Wipe Pattern - Circle.psd using Guid(10c49fcd9c64421db7c0133e61e55f97) Importer(2089858483,0ecaa5967403d082aa24f35e1b516d23) [PhysX] Initialized MultithreadedTaskDispatcher with 16 workers.
 -> (artifact id: '75c9ca3eee715dc89810797589c857e8') in 0.019280 seconds
Number of updated asset objects reloaded before import = 0
Number of asset objects unloaded after import = 1
========================================================================
Received Import Request.
  Time since last request: 0.000017 seconds.
  path: Assets/ModernSupermarket/Prefabs/Props/Produce/Avocado_pd302k.prefab
  artifactKey: Guid(a418beee3f8790946889ab789bd0daa8) Importer(2089858483,0ecaa5967403d082aa24f35e1b516d23)
Start importing Assets/ModernSupermarket/Prefabs/Props/Produce/Avocado_pd302k.prefab using Guid(a418beee3f8790946889ab789bd0daa8) Importer(2089858483,0ecaa5967403d082aa24f35e1b516d23) [PhysX] Initialized MultithreadedTaskDispatcher with 16 workers.
 -> (artifact id: '517c32325fcfa34392ea4e10c9f85c19') in 0.018706 seconds
Number of updated asset objects reloaded before import = 0
Number of asset objects unloaded after import = 8
========================================================================
Received Import Request.
  Time since last request: 0.000020 seconds.
  path: Assets/ModernSupermarket/Prefabs/Props/Produce/Apple_k7nzrr_Crate.prefab
  artifactKey: Guid(87a663d36cf8894408a79b1235f22141) Importer(2089858483,0ecaa5967403d082aa24f35e1b516d23)
Start importing Assets/ModernSupermarket/Prefabs/Props/Produce/Apple_k7nzrr_Crate.prefab using Guid(87a663d36cf8894408a79b1235f22141) Importer(2089858483,0ecaa5967403d082aa24f35e1b516d23) [PhysX] Initialized MultithreadedTaskDispatcher with 16 workers.
 -> (artifact id: 'f70b36ff313439bb68f8d2511c786f34') in 0.010078 seconds
Number of updated asset objects reloaded before import = 0
Number of asset objects unloaded after import = 16
========================================================================
Received Import Request.
  Time since last request: 0.000021 seconds.
  path: Assets/ModernSupermarket/Prefabs/Props/Produce/Perry_fhz4xg.prefab
  artifactKey: Guid(910a27d3dff807342bf80407e7014976) Importer(2089858483,0ecaa5967403d082aa24f35e1b516d23)
Start importing Assets/ModernSupermarket/Prefabs/Props/Produce/Perry_fhz4xg.prefab using Guid(910a27d3dff807342bf80407e7014976) Importer(2089858483,0ecaa5967403d082aa24f35e1b516d23) [PhysX] Initialized MultithreadedTaskDispatcher with 16 workers.
 -> (artifact id: '02528ffba4aa6bae8630f614a19e58cd') in 0.019028 seconds
Number of updated asset objects reloaded before import = 0
Number of asset objects unloaded after import = 8
========================================================================
Received Import Request.
  Time since last request: 0.000017 seconds.
  path: Assets/ModernSupermarket/Models/Furniture/Shelf_6h7vop/Shelf_6h7vop.fbx
  artifactKey: Guid(d41bce27ab09acc488efaeaeb572d102) Importer(2089858483,0ecaa5967403d082aa24f35e1b516d23)
Start importing Assets/ModernSupermarket/Models/Furniture/Shelf_6h7vop/Shelf_6h7vop.fbx using Guid(d41bce27ab09acc488efaeaeb572d102) Importer(2089858483,0ecaa5967403d082aa24f35e1b516d23) [PhysX] Initialized MultithreadedTaskDispatcher with 16 workers.
 -> (artifact id: 'cf7e3556679d7f9739719bfe4e910d40') in 0.016619 seconds
Number of updated asset objects reloaded before import = 0
Number of asset objects unloaded after import = 7
========================================================================
Received Import Request.
  Time since last request: 0.000020 seconds.
  path: Assets/ModernSupermarket/Models/Furniture/Shelf_kicg9f/Shelf_kicg9f.fbx
  artifactKey: Guid(e7dd3b0c21da2284aa4705819ea8997d) Importer(2089858483,0ecaa5967403d082aa24f35e1b516d23)
Start importing Assets/ModernSupermarket/Models/Furniture/Shelf_kicg9f/Shelf_kicg9f.fbx using Guid(e7dd3b0c21da2284aa4705819ea8997d) Importer(2089858483,0ecaa5967403d082aa24f35e1b516d23) [PhysX] Initialized MultithreadedTaskDispatcher with 16 workers.
 -> (artifact id: '7d125b3d54c322e7385580d4e37d7979') in 0.012668 seconds
Number of updated asset objects reloaded before import = 0
Number of asset objects unloaded after import = 14
========================================================================
Received Import Request.
  Time since last request: 0.000029 seconds.
  path: Assets/TextMesh Pro/Examples & Extras/Textures/Floor Cement.jpg
  artifactKey: Guid(283f897e4925411ebbaa758b4cb13fc2) Importer(2089858483,0ecaa5967403d082aa24f35e1b516d23)
Start importing Assets/TextMesh Pro/Examples & Extras/Textures/Floor Cement.jpg using Guid(283f897e4925411ebbaa758b4cb13fc2) Importer(2089858483,0ecaa5967403d082aa24f35e1b516d23) [PhysX] Initialized MultithreadedTaskDispatcher with 16 workers.
 -> (artifact id: '430e11b51992df315841141d4ee59971') in 0.016750 seconds
Number of updated asset objects reloaded before import = 0
Number of asset objects unloaded after import = 1
========================================================================
Received Import Request.
  Time since last request: 0.000013 seconds.
  path: Assets/ModernSupermarket/Models/Architecture/Textures/Pillar_a.png
  artifactKey: Guid(2fc996c961ef3ff439868ef7a3d98aaa) Importer(2089858483,0ecaa5967403d082aa24f35e1b516d23)
Start importing Assets/ModernSupermarket/Models/Architecture/Textures/Pillar_a.png using Guid(2fc996c961ef3ff439868ef7a3d98aaa) Importer(2089858483,0ecaa5967403d082aa24f35e1b516d23) [PhysX] Initialized MultithreadedTaskDispatcher with 16 workers.
 -> (artifact id: '52839b8acd7117b875a9fffa52009e1b') in 0.017074 seconds
Number of updated asset objects reloaded before import = 0
Number of asset objects unloaded after import = 1
========================================================================
Received Import Request.
  Time since last request: 0.000023 seconds.
  path: Assets/ModernSupermarket/Prefabs/Props/Produce/Apple_yf18nm_Crate.prefab
  artifactKey: Guid(5c11c0fa6b660334db805a7ad2708271) Importer(2089858483,0ecaa5967403d082aa24f35e1b516d23)
Start importing Assets/ModernSupermarket/Prefabs/Props/Produce/Apple_yf18nm_Crate.prefab using Guid(5c11c0fa6b660334db805a7ad2708271) Importer(2089858483,0ecaa5967403d082aa24f35e1b516d23) [PhysX] Initialized MultithreadedTaskDispatcher with 16 workers.
 -> (artifact id: '32ae92efbec93fc5320bb4804830ba51') in 0.009428 seconds
Number of updated asset objects reloaded before import = 0
Number of asset objects unloaded after import = 16
========================================================================
Received Import Request.
  Time since last request: 0.000024 seconds.
  path: Assets/ModernSupermarket/Prefabs/Props/Produce/Avocado_pd302k_Crate.prefab
  artifactKey: Guid(215ce2499c5edbd45b082b0782bbcffe) Importer(2089858483,0ecaa5967403d082aa24f35e1b516d23)
Start importing Assets/ModernSupermarket/Prefabs/Props/Produce/Avocado_pd302k_Crate.prefab using Guid(215ce2499c5edbd45b082b0782bbcffe) Importer(2089858483,0ecaa5967403d082aa24f35e1b516d23) [PhysX] Initialized MultithreadedTaskDispatcher with 16 workers.
 -> (artifact id: '099056d9514a09ca8f7d397d666ada41') in 0.009054 seconds
Number of updated asset objects reloaded before import = 0
Number of asset objects unloaded after import = 16
========================================================================
Received Import Request.
  Time since last request: 0.000019 seconds.
  path: Assets/ModernSupermarket/Models/Furniture/Vent_9y3yo/Vent_9y3yod_Grid03.fbx
  artifactKey: Guid(d363b6e83cbde7c4e99b3ef1c0c7de0e) Importer(2089858483,0ecaa5967403d082aa24f35e1b516d23)
Start importing Assets/ModernSupermarket/Models/Furniture/Vent_9y3yo/Vent_9y3yod_Grid03.fbx using Guid(d363b6e83cbde7c4e99b3ef1c0c7de0e) Importer(2089858483,0ecaa5967403d082aa24f35e1b516d23) [PhysX] Initialized MultithreadedTaskDispatcher with 16 workers.
 -> (artifact id: 'e81f6118b5ad21780c5d9c1975d46354') in 0.013550 seconds
Number of updated asset objects reloaded before import = 0
Number of asset objects unloaded after import = 7
========================================================================
Received Import Request.
  Time since last request: 0.000020 seconds.
  path: Assets/ModernSupermarket/Prefabs/Props/Produce/ChilliPeppers_w388hm_Var01.prefab
  artifactKey: Guid(9dd5addb8e31d1f4aba2178b0a1cf624) Importer(2089858483,0ecaa5967403d082aa24f35e1b516d23)
Start importing Assets/ModernSupermarket/Prefabs/Props/Produce/ChilliPeppers_w388hm_Var01.prefab using Guid(9dd5addb8e31d1f4aba2178b0a1cf624) Importer(2089858483,0ecaa5967403d082aa24f35e1b516d23) [PhysX] Initialized MultithreadedTaskDispatcher with 16 workers.
 -> (artifact id: '34bece18977bfddc12d939a4cc54336e') in 0.021818 seconds
Number of updated asset objects reloaded before import = 0
Number of asset objects unloaded after import = 8
========================================================================
Received Import Request.
  Time since last request: 0.000018 seconds.
  path: Assets/ModernSupermarket/Models/Furniture/Vent_9y3yo/Vent_9y3yod_Grid02.fbx
  artifactKey: Guid(c2b313ea736f81d43a2cbe1c5aeb56fe) Importer(2089858483,0ecaa5967403d082aa24f35e1b516d23)
Start importing Assets/ModernSupermarket/Models/Furniture/Vent_9y3yo/Vent_9y3yod_Grid02.fbx using Guid(c2b313ea736f81d43a2cbe1c5aeb56fe) Importer(2089858483,0ecaa5967403d082aa24f35e1b516d23) [PhysX] Initialized MultithreadedTaskDispatcher with 16 workers.
 -> (artifact id: 'bb8c0e9c652ffad634fa4c8a35fcecda') in 0.012924 seconds
Number of updated asset objects reloaded before import = 0
Number of asset objects unloaded after import = 7
========================================================================
Received Import Request.
  Time since last request: 0.000024 seconds.
  path: Assets/ModernSupermarket/Prefabs/Props/Produce/Artichoke_fdde0u_Pack01.prefab
  artifactKey: Guid(b4f58ee27e0e17b40957a45987490ca0) Importer(2089858483,0ecaa5967403d082aa24f35e1b516d23)
Start importing Assets/ModernSupermarket/Prefabs/Props/Produce/Artichoke_fdde0u_Pack01.prefab using Guid(b4f58ee27e0e17b40957a45987490ca0) Importer(2089858483,0ecaa5967403d082aa24f35e1b516d23) [PhysX] Initialized MultithreadedTaskDispatcher with 16 workers.
 -> (artifact id: '11c95b059c6e9178542391b5ef2c5d70') in 0.015169 seconds
Number of updated asset objects reloaded before import = 0
Number of asset objects unloaded after import = 8
========================================================================
Received Import Request.
  Time since last request: 0.000024 seconds.
  path: Assets/ModernSupermarket/Prefabs/Props/Produce/Mango_1xw10k.prefab
  artifactKey: Guid(16398fca7ee180640a06f9078e77ac23) Importer(2089858483,0ecaa5967403d082aa24f35e1b516d23)
Start importing Assets/ModernSupermarket/Prefabs/Props/Produce/Mango_1xw10k.prefab using Guid(16398fca7ee180640a06f9078e77ac23) Importer(2089858483,0ecaa5967403d082aa24f35e1b516d23) [PhysX] Initialized MultithreadedTaskDispatcher with 16 workers.
 -> (artifact id: 'd626a187a363dcf406b30913a536acb8') in 0.020070 seconds
Number of updated asset objects reloaded before import = 0
Number of asset objects unloaded after import = 8
========================================================================
Received Import Request.
  Time since last request: 0.000020 seconds.
  path: Assets/TextMesh Pro/Resources/Sprite Assets/EmojiOne.asset
  artifactKey: Guid(c41005c129ba4d66911b75229fd70b45) Importer(2089858483,0ecaa5967403d082aa24f35e1b516d23)
Start importing Assets/TextMesh Pro/Resources/Sprite Assets/EmojiOne.asset using Guid(c41005c129ba4d66911b75229fd70b45) Importer(2089858483,0ecaa5967403d082aa24f35e1b516d23) [PhysX] Initialized MultithreadedTaskDispatcher with 16 workers.
 -> (artifact id: '950ac7db29762c66b3e5149d33fc1a08') in 0.019469 seconds
Number of updated asset objects reloaded before import = 0
Number of asset objects unloaded after import = 3
========================================================================
Received Import Request.
  Time since last request: 0.000019 seconds.
  path: Assets/ModernSupermarket/Prefabs/Props/Produce/Banana_zjs4oz_Grape.prefab
  artifactKey: Guid(2b624d9f6b4506f42a08f4ba00ae89b6) Importer(2089858483,0ecaa5967403d082aa24f35e1b516d23)
Start importing Assets/ModernSupermarket/Prefabs/Props/Produce/Banana_zjs4oz_Grape.prefab using Guid(2b624d9f6b4506f42a08f4ba00ae89b6) Importer(2089858483,0ecaa5967403d082aa24f35e1b516d23) [PhysX] Initialized MultithreadedTaskDispatcher with 16 workers.
 -> (artifact id: 'fffe3766fb13318e11c04e5b377f10ce') in 0.017433 seconds
Number of updated asset objects reloaded before import = 0
Number of asset objects unloaded after import = 25
========================================================================
Received Import Request.
  Time since last request: 0.000021 seconds.
  path: Assets/TextMesh Pro/Examples & Extras/Textures/Fruit Jelly (B&W).jpg
  artifactKey: Guid(1cdc5b506b1a4a33a53c30669ced1f51) Importer(2089858483,0ecaa5967403d082aa24f35e1b516d23)
Start importing Assets/TextMesh Pro/Examples & Extras/Textures/Fruit Jelly (B&W).jpg using Guid(1cdc5b506b1a4a33a53c30669ced1f51) Importer(2089858483,0ecaa5967403d082aa24f35e1b516d23) [PhysX] Initialized MultithreadedTaskDispatcher with 16 workers.
 -> (artifact id: '53054bd09e6591cb166bd4ed0c401a74') in 0.012222 seconds
Number of updated asset objects reloaded before import = 0
Number of asset objects unloaded after import = 1
========================================================================
Received Import Request.
  Time since last request: 0.000046 seconds.
  path: Assets/ModernSupermarket/Prefabs/Props/Produce/Garlic_tkqeno_Grape.prefab
  artifactKey: Guid(9532ab49db10cfd4f9e45cdb36296725) Importer(2089858483,0ecaa5967403d082aa24f35e1b516d23)
Start importing Assets/ModernSupermarket/Prefabs/Props/Produce/Garlic_tkqeno_Grape.prefab using Guid(9532ab49db10cfd4f9e45cdb36296725) Importer(2089858483,0ecaa5967403d082aa24f35e1b516d23) [PhysX] Initialized MultithreadedTaskDispatcher with 16 workers.
 -> (artifact id: '2bfad327a51f8248d3297507fadefc18') in 0.014559 seconds
Number of updated asset objects reloaded before import = 0
Number of asset objects unloaded after import = 65
========================================================================
Received Import Request.
  Time since last request: 0.000019 seconds.
  path: Assets/ModernSupermarket/Models/Furniture/Table_8sjjys/Table_8sjjys.fbx
  artifactKey: Guid(6e14ae4fc22226846b13115820026067) Importer(2089858483,0ecaa5967403d082aa24f35e1b516d23)
Start importing Assets/ModernSupermarket/Models/Furniture/Table_8sjjys/Table_8sjjys.fbx using Guid(6e14ae4fc22226846b13115820026067) Importer(2089858483,0ecaa5967403d082aa24f35e1b516d23) [PhysX] Initialized MultithreadedTaskDispatcher with 16 workers.
 -> (artifact id: 'b4d10802ccc1cf702fe4878870af2669') in 0.011787 seconds
Number of updated asset objects reloaded before import = 0
Number of asset objects unloaded after import = 7
========================================================================
Received Import Request.
  Time since last request: 0.000020 seconds.
  path: Assets/ModernSupermarket/Prefabs/Props/Produce/Mushroom_43xvit_Crate.prefab
  artifactKey: Guid(dcc36ce89b41f0b4caeaf52f36df8d4d) Importer(2089858483,0ecaa5967403d082aa24f35e1b516d23)
Start importing Assets/ModernSupermarket/Prefabs/Props/Produce/Mushroom_43xvit_Crate.prefab using Guid(dcc36ce89b41f0b4caeaf52f36df8d4d) Importer(2089858483,0ecaa5967403d082aa24f35e1b516d23) [PhysX] Initialized MultithreadedTaskDispatcher with 16 workers.
 -> (artifact id: '1e9234158418e15a07c736e2713a82a4') in 0.008323 seconds
Number of updated asset objects reloaded before import = 0
Number of asset objects unloaded after import = 16
========================================================================
Received Import Request.
  Time since last request: 0.000029 seconds.
  path: Assets/ModernSupermarket/Models/Furniture/HeritageStall_0hvi4w/HeritageStall_0hvi4w.fbx
  artifactKey: Guid(0df41d728948e02468d39d92d3423efa) Importer(2089858483,0ecaa5967403d082aa24f35e1b516d23)
Start importing Assets/ModernSupermarket/Models/Furniture/HeritageStall_0hvi4w/HeritageStall_0hvi4w.fbx using Guid(0df41d728948e02468d39d92d3423efa) Importer(2089858483,0ecaa5967403d082aa24f35e1b516d23) [PhysX] Initialized MultithreadedTaskDispatcher with 16 workers.
 -> (artifact id: '00af3a0807cc4ce9995982b64098860c') in 0.013336 seconds
Number of updated asset objects reloaded before import = 0
Number of asset objects unloaded after import = 7
========================================================================
Received Import Request.
  Time since last request: 0.000022 seconds.
  path: Assets/ModernSupermarket/Prefabs/Props/Produce/Papaya_xt7unv_Crate.prefab
  artifactKey: Guid(fddaf7fc9b87a594b91695f433a9ed85) Importer(2089858483,0ecaa5967403d082aa24f35e1b516d23)
Start importing Assets/ModernSupermarket/Prefabs/Props/Produce/Papaya_xt7unv_Crate.prefab using Guid(fddaf7fc9b87a594b91695f433a9ed85) Importer(2089858483,0ecaa5967403d082aa24f35e1b516d23) [PhysX] Initialized MultithreadedTaskDispatcher with 16 workers.
 -> (artifact id: '060ae7a7ceeeeb91ebdc0df332466a59') in 0.008821 seconds
Number of updated asset objects reloaded before import = 0
Number of asset objects unloaded after import = 16
========================================================================
Received Import Request.
  Time since last request: 0.000019 seconds.
  path: Assets/ModernSupermarket/Models/Architecture/Textures/Vents_m.png
  artifactKey: Guid(b83ff2571b3c2c34b986f59108f26f6f) Importer(2089858483,0ecaa5967403d082aa24f35e1b516d23)
Start importing Assets/ModernSupermarket/Models/Architecture/Textures/Vents_m.png using Guid(b83ff2571b3c2c34b986f59108f26f6f) Importer(2089858483,0ecaa5967403d082aa24f35e1b516d23) [PhysX] Initialized MultithreadedTaskDispatcher with 16 workers.
 -> (artifact id: '264b424755026440dbfef3112ddfa1b7') in 0.027000 seconds
Number of updated asset objects reloaded before import = 0
Number of asset objects unloaded after import = 1
========================================================================
Received Import Request.
  Time since last request: 1.642243 seconds.
  path: Assets/ModernSupermarket/Prefabs/Props/Produce/Potato_px2ht4.prefab
  artifactKey: Guid(dc36be957822fdb48b2ec2fdbace5c9a) Importer(2089858483,0ecaa5967403d082aa24f35e1b516d23)
Start importing Assets/ModernSupermarket/Prefabs/Props/Produce/Potato_px2ht4.prefab using Guid(dc36be957822fdb48b2ec2fdbace5c9a) Importer(2089858483,0ecaa5967403d082aa24f35e1b516d23) [PhysX] Initialized MultithreadedTaskDispatcher with 16 workers.
 -> (artifact id: 'f34236bed6ef865cddd0f74d9d90467d') in 0.022087 seconds
Number of updated asset objects reloaded before import = 0
Number of asset objects unloaded after import = 8
========================================================================
Received Import Request.
  Time since last request: 0.000016 seconds.
  path: Assets/ModernSupermarket/Prefabs/Props/Products/Cake_a3h87k.prefab
  artifactKey: Guid(c92d0462d1b7fd243b6bea3f8c600794) Importer(2089858483,0ecaa5967403d082aa24f35e1b516d23)
Start importing Assets/ModernSupermarket/Prefabs/Props/Products/Cake_a3h87k.prefab using Guid(c92d0462d1b7fd243b6bea3f8c600794) Importer(2089858483,0ecaa5967403d082aa24f35e1b516d23) [PhysX] Initialized MultithreadedTaskDispatcher with 16 workers.
 -> (artifact id: '4d5cd843ea2a7429a708ed4a5c72cd45') in 0.018418 seconds
Number of updated asset objects reloaded before import = 0
Number of asset objects unloaded after import = 8
========================================================================
Received Import Request.
  Time since last request: 0.000016 seconds.
  path: Assets/ModernSupermarket/Prefabs/Props/Products/Book_bpxngl_02.prefab
  artifactKey: Guid(74a4db84668b8a24aac82e56631f48cd) Importer(2089858483,0ecaa5967403d082aa24f35e1b516d23)
Start importing Assets/ModernSupermarket/Prefabs/Props/Products/Book_bpxngl_02.prefab using Guid(74a4db84668b8a24aac82e56631f48cd) Importer(2089858483,0ecaa5967403d082aa24f35e1b516d23) [PhysX] Initialized MultithreadedTaskDispatcher with 16 workers.
 -> (artifact id: '124397c3d931abbb482bf8214032d816') in 0.010865 seconds
Number of updated asset objects reloaded before import = 0
Number of asset objects unloaded after import = 8
========================================================================
Received Import Request.
  Time since last request: 0.000016 seconds.
  path: Assets/ModernSupermarket/Prefabs/Props/Products/Beer_lryra7_Var01_Pack01.prefab
  artifactKey: Guid(5da0c9ac1c7932f4ab9f1c6356a241c2) Importer(2089858483,0ecaa5967403d082aa24f35e1b516d23)
Start importing Assets/ModernSupermarket/Prefabs/Props/Products/Beer_lryra7_Var01_Pack01.prefab using Guid(5da0c9ac1c7932f4ab9f1c6356a241c2) Importer(2089858483,0ecaa5967403d082aa24f35e1b516d23) [PhysX] Initialized MultithreadedTaskDispatcher with 16 workers.
 -> (artifact id: '4198992ec1336c2060dff88bc9ff48e0') in 0.013437 seconds
Number of updated asset objects reloaded before import = 0
Number of asset objects unloaded after import = 16
========================================================================
Received Import Request.
  Time since last request: 0.000016 seconds.
  path: Assets/ModernSupermarket/Prefabs/Props/Products/Bleach_c6nm2t.prefab
  artifactKey: Guid(58356800d30deab4fbbe24d44c39886f) Importer(2089858483,0ecaa5967403d082aa24f35e1b516d23)
Start importing Assets/ModernSupermarket/Prefabs/Props/Products/Bleach_c6nm2t.prefab using Guid(58356800d30deab4fbbe24d44c39886f) Importer(2089858483,0ecaa5967403d082aa24f35e1b516d23) [PhysX] Initialized MultithreadedTaskDispatcher with 16 workers.
 -> (artifact id: '3d4ce82e526f114c598a757129db681d') in 0.010115 seconds
Number of updated asset objects reloaded before import = 0
Number of asset objects unloaded after import = 8
========================================================================
Received Import Request.
  Time since last request: 0.000018 seconds.
  path: Assets/ModernSupermarket/Prefabs/Props/Products/Alcool_ao62w.prefab
  artifactKey: Guid(0f4eb1c5bd0e42640b17c00c611c2f8a) Importer(2089858483,0ecaa5967403d082aa24f35e1b516d23)
Start importing Assets/ModernSupermarket/Prefabs/Props/Products/Alcool_ao62w.prefab using Guid(0f4eb1c5bd0e42640b17c00c611c2f8a) Importer(2089858483,0ecaa5967403d082aa24f35e1b516d23) [PhysX] Initialized MultithreadedTaskDispatcher with 16 workers.
 -> (artifact id: 'dde66e9df2f7ea0f7276b0e59bc82aef') in 0.021142 seconds
Number of updated asset objects reloaded before import = 0
Number of asset objects unloaded after import = 8
========================================================================
Received Import Request.
  Time since last request: 0.000016 seconds.
  path: Assets/ModernSupermarket/Prefabs/Props/Products/BeerKeg_byk96e_Pack01.prefab
  artifactKey: Guid(40ba5c103f61d824a92ff684fa256a77) Importer(2089858483,0ecaa5967403d082aa24f35e1b516d23)
Start importing Assets/ModernSupermarket/Prefabs/Props/Products/BeerKeg_byk96e_Pack01.prefab using Guid(40ba5c103f61d824a92ff684fa256a77) Importer(2089858483,0ecaa5967403d082aa24f35e1b516d23) [PhysX] Initialized MultithreadedTaskDispatcher with 16 workers.
 -> (artifact id: 'fed9d686331327f23d658faa016fe7e3') in 0.011289 seconds
Number of updated asset objects reloaded before import = 0
Number of asset objects unloaded after import = 8
========================================================================
Received Import Request.
  Time since last request: 0.000018 seconds.
  path: Assets/ModernSupermarket/Prefabs/Props/Products/ChocolateSpread_xhkyij_Pack01_Var01.prefab
  artifactKey: Guid(1b48a5c5990f06343bb73f06606a34c0) Importer(2089858483,0ecaa5967403d082aa24f35e1b516d23)
Start importing Assets/ModernSupermarket/Prefabs/Props/Products/ChocolateSpread_xhkyij_Pack01_Var01.prefab using Guid(1b48a5c5990f06343bb73f06606a34c0) Importer(2089858483,0ecaa5967403d082aa24f35e1b516d23) [PhysX] Initialized MultithreadedTaskDispatcher with 16 workers.
 -> (artifact id: '779cab35d5684cd38247181ca05c0d83') in 0.012788 seconds
Number of updated asset objects reloaded before import = 0
Number of asset objects unloaded after import = 15
========================================================================
Received Import Request.
  Time since last request: 0.000016 seconds.
  path: Assets/ModernSupermarket/Prefabs/Props/Products/Bag_s45li3.prefab
  artifactKey: Guid(f562ea0e625d2fd429cfa2f996b9268b) Importer(2089858483,0ecaa5967403d082aa24f35e1b516d23)
Start importing Assets/ModernSupermarket/Prefabs/Props/Products/Bag_s45li3.prefab using Guid(f562ea0e625d2fd429cfa2f996b9268b) Importer(2089858483,0ecaa5967403d082aa24f35e1b516d23) [PhysX] Initialized MultithreadedTaskDispatcher with 16 workers.
 -> (artifact id: '8491afc97d1bea414c583537c4edcee2') in 0.020233 seconds
Number of updated asset objects reloaded before import = 0
Number of asset objects unloaded after import = 8
========================================================================
Received Import Request.
  Time since last request: 0.000017 seconds.
  path: Assets/ModernSupermarket/Prefabs/Props/Products/Beer_lryra7_Var01.prefab
  artifactKey: Guid(259bb6c3ae2ea48498b675d5cd7262e2) Importer(2089858483,0ecaa5967403d082aa24f35e1b516d23)
Start importing Assets/ModernSupermarket/Prefabs/Props/Products/Beer_lryra7_Var01.prefab using Guid(259bb6c3ae2ea48498b675d5cd7262e2) Importer(2089858483,0ecaa5967403d082aa24f35e1b516d23) [PhysX] Initialized MultithreadedTaskDispatcher with 16 workers.
 -> (artifact id: 'ace0f7e5ab744581a50fd3bda7767d14') in 0.027009 seconds
Number of updated asset objects reloaded before import = 0
Number of asset objects unloaded after import = 16
========================================================================
Received Import Request.
  Time since last request: 0.000022 seconds.
  path: Assets/ModernSupermarket/Prefabs/Props/Produce/Squash_0r6m5l_Crate.prefab
  artifactKey: Guid(64f2f496a942f95498a062b8d55fd3ae) Importer(2089858483,0ecaa5967403d082aa24f35e1b516d23)
Start importing Assets/ModernSupermarket/Prefabs/Props/Produce/Squash_0r6m5l_Crate.prefab using Guid(64f2f496a942f95498a062b8d55fd3ae) Importer(2089858483,0ecaa5967403d082aa24f35e1b516d23) [PhysX] Initialized MultithreadedTaskDispatcher with 16 workers.
 -> (artifact id: 'f30256a4d2416855bd2586748ad7ab7b') in 0.010051 seconds
Number of updated asset objects reloaded before import = 0
Number of asset objects unloaded after import = 16
========================================================================
Received Import Request.
  Time since last request: 0.000032 seconds.
  path: Assets/ModernSupermarket/Prefabs/Props/Produce/Tomato_u9ceyc_Crate.prefab
  artifactKey: Guid(00d7d81792f3229429dd31f070fce701) Importer(2089858483,0ecaa5967403d082aa24f35e1b516d23)
Start importing Assets/ModernSupermarket/Prefabs/Props/Produce/Tomato_u9ceyc_Crate.prefab using Guid(00d7d81792f3229429dd31f070fce701) Importer(2089858483,0ecaa5967403d082aa24f35e1b516d23) [PhysX] Initialized MultithreadedTaskDispatcher with 16 workers.
 -> (artifact id: '74e5ca1f481220ea96d825ac73652ce7') in 0.008517 seconds
Number of updated asset objects reloaded before import = 0
Number of asset objects unloaded after import = 16
========================================================================
Received Import Request.
  Time since last request: 0.000020 seconds.
  path: Assets/ModernSupermarket/Prefabs/Props/Products/Decoration_3k4dyn_01.prefab
  artifactKey: Guid(dc39c93769f48074f9db3e5218f7b7b8) Importer(2089858483,0ecaa5967403d082aa24f35e1b516d23)
Start importing Assets/ModernSupermarket/Prefabs/Props/Products/Decoration_3k4dyn_01.prefab using Guid(dc39c93769f48074f9db3e5218f7b7b8) Importer(2089858483,0ecaa5967403d082aa24f35e1b516d23) [PhysX] Initialized MultithreadedTaskDispatcher with 16 workers.
 -> (artifact id: '9a398325228a4148c975e083700d773e') in 0.016037 seconds
Number of updated asset objects reloaded before import = 0
Number of asset objects unloaded after import = 8
========================================================================
Received Import Request.
  Time since last request: 0.000017 seconds.
  path: Assets/ModernSupermarket/Prefabs/Props/Products/Chips_w4tja8_Pack01.prefab
  artifactKey: Guid(a3c0f12df419643419ae0d173e71b776) Importer(2089858483,0ecaa5967403d082aa24f35e1b516d23)
Start importing Assets/ModernSupermarket/Prefabs/Props/Products/Chips_w4tja8_Pack01.prefab using Guid(a3c0f12df419643419ae0d173e71b776) Importer(2089858483,0ecaa5967403d082aa24f35e1b516d23) [PhysX] Initialized MultithreadedTaskDispatcher with 16 workers.
 -> (artifact id: '11503fc2c4ad8717cbe28fbef574d826') in 0.010933 seconds
Number of updated asset objects reloaded before import = 0
Number of asset objects unloaded after import = 8
========================================================================
Received Import Request.
  Time since last request: 0.000018 seconds.
  path: Assets/ModernSupermarket/Prefabs/Props/Products/Alcohol_eoojba.prefab
  artifactKey: Guid(9a0adaae9873df44b967e918bb86031d) Importer(2089858483,0ecaa5967403d082aa24f35e1b516d23)
Start importing Assets/ModernSupermarket/Prefabs/Props/Products/Alcohol_eoojba.prefab using Guid(9a0adaae9873df44b967e918bb86031d) Importer(2089858483,0ecaa5967403d082aa24f35e1b516d23) [PhysX] Initialized MultithreadedTaskDispatcher with 16 workers.
 -> (artifact id: '03491a03b7354f935b0181daf9cde282') in 0.019610 seconds
Number of updated asset objects reloaded before import = 0
Number of asset objects unloaded after import = 8
========================================================================
Received Import Request.
  Time since last request: 0.000020 seconds.
  path: Assets/ModernSupermarket/Prefabs/Props/Products/Alcohol_ao62w_Var01_Pack01.prefab
  artifactKey: Guid(97e8f908c332abc499a463913e549f0c) Importer(2089858483,0ecaa5967403d082aa24f35e1b516d23)
Start importing Assets/ModernSupermarket/Prefabs/Props/Products/Alcohol_ao62w_Var01_Pack01.prefab using Guid(97e8f908c332abc499a463913e549f0c) Importer(2089858483,0ecaa5967403d082aa24f35e1b516d23) [PhysX] Initialized MultithreadedTaskDispatcher with 16 workers.
 -> (artifact id: 'fdfc4c46463df4197975e18cf87a95ff') in 0.011560 seconds
Number of updated asset objects reloaded before import = 0
Number of asset objects unloaded after import = 15
========================================================================
Received Import Request.
  Time since last request: 0.000017 seconds.
  path: Assets/ModernSupermarket/Prefabs/Props/Products/Bleach_irrpnt_Pack01.prefab
  artifactKey: Guid(7ae853c018dd63540b50f870e2f72f63) Importer(2089858483,0ecaa5967403d082aa24f35e1b516d23)
Start importing Assets/ModernSupermarket/Prefabs/Props/Products/Bleach_irrpnt_Pack01.prefab using Guid(7ae853c018dd63540b50f870e2f72f63) Importer(2089858483,0ecaa5967403d082aa24f35e1b516d23) [PhysX] Initialized MultithreadedTaskDispatcher with 16 workers.
 -> (artifact id: '84c49fee265e8f38ec93445993554629') in 0.014656 seconds
Number of updated asset objects reloaded before import = 0
Number of asset objects unloaded after import = 8
========================================================================
Received Import Request.
  Time since last request: 0.000018 seconds.
  path: Assets/ModernSupermarket/Prefabs/Props/Products/Cheese_ipc281_Var01.prefab
  artifactKey: Guid(0b6686be9c5de654faa639d04e5fcbf3) Importer(2089858483,0ecaa5967403d082aa24f35e1b516d23)
Start importing Assets/ModernSupermarket/Prefabs/Props/Products/Cheese_ipc281_Var01.prefab using Guid(0b6686be9c5de654faa639d04e5fcbf3) Importer(2089858483,0ecaa5967403d082aa24f35e1b516d23) [PhysX] Initialized MultithreadedTaskDispatcher with 16 workers.
 -> (artifact id: '24158990349a05d6f8fb0af4e90cb5f8') in 0.017550 seconds
Number of updated asset objects reloaded before import = 0
Number of asset objects unloaded after import = 14
========================================================================
Received Import Request.
  Time since last request: 0.000020 seconds.
  path: Assets/ModernSupermarket/Prefabs/Props/Products/Bleach_irrpnt_Var02.prefab
  artifactKey: Guid(55af63caf2911394d9f131c5d9bb1e4d) Importer(2089858483,0ecaa5967403d082aa24f35e1b516d23)
Start importing Assets/ModernSupermarket/Prefabs/Props/Products/Bleach_irrpnt_Var02.prefab using Guid(55af63caf2911394d9f131c5d9bb1e4d) Importer(2089858483,0ecaa5967403d082aa24f35e1b516d23) [PhysX] Initialized MultithreadedTaskDispatcher with 16 workers.
 -> (artifact id: 'fc5f70d638fbf92d481ffb577d896bd9') in 0.021855 seconds
Number of updated asset objects reloaded before import = 0
Number of asset objects unloaded after import = 15
========================================================================
Received Import Request.
  Time since last request: 0.000017 seconds.
  path: Assets/ModernSupermarket/Prefabs/Props/Products/CandyPack_qkmq5d_Pack01.prefab
  artifactKey: Guid(59cf28c41a7b8cf4b9b3b121ed211069) Importer(2089858483,0ecaa5967403d082aa24f35e1b516d23)
Start importing Assets/ModernSupermarket/Prefabs/Props/Products/CandyPack_qkmq5d_Pack01.prefab using Guid(59cf28c41a7b8cf4b9b3b121ed211069) Importer(2089858483,0ecaa5967403d082aa24f35e1b516d23) [PhysX] Initialized MultithreadedTaskDispatcher with 16 workers.
 -> (artifact id: '9d558dcda6516eba1552709f72bec90a') in 0.011514 seconds
Number of updated asset objects reloaded before import = 0
Number of asset objects unloaded after import = 8
========================================================================
Received Import Request.
  Time since last request: 0.000018 seconds.
  path: Assets/ModernSupermarket/Prefabs/Props/Products/ChocolateBox_b94wj0.prefab
  artifactKey: Guid(be92cb976c242b349bf539a3b55a5b12) Importer(2089858483,0ecaa5967403d082aa24f35e1b516d23)
Start importing Assets/ModernSupermarket/Prefabs/Props/Products/ChocolateBox_b94wj0.prefab using Guid(be92cb976c242b349bf539a3b55a5b12) Importer(2089858483,0ecaa5967403d082aa24f35e1b516d23) [PhysX] Initialized MultithreadedTaskDispatcher with 16 workers.
 -> (artifact id: 'f23f3ccdf899fb8f8c748f3d7deb08c6') in 0.018917 seconds
Number of updated asset objects reloaded before import = 0
Number of asset objects unloaded after import = 8
========================================================================
Received Import Request.
  Time since last request: 0.000077 seconds.
  path: Assets/ModernSupermarket/Prefabs/Props/Products/Bleach_irrpnt_Pack02.prefab
  artifactKey: Guid(c04116ccbdcd96b48950faf83840a5f8) Importer(2089858483,0ecaa5967403d082aa24f35e1b516d23)
Start importing Assets/ModernSupermarket/Prefabs/Props/Products/Bleach_irrpnt_Pack02.prefab using Guid(c04116ccbdcd96b48950faf83840a5f8) Importer(2089858483,0ecaa5967403d082aa24f35e1b516d23) [PhysX] Initialized MultithreadedTaskDispatcher with 16 workers.
 -> (artifact id: '4dc5000f07932252e766c5c31a3a8748') in 0.019579 seconds
Number of updated asset objects reloaded before import = 0
Number of asset objects unloaded after import = 8
========================================================================
Received Import Request.
  Time since last request: 0.000017 seconds.
  path: Assets/ModernSupermarket/Prefabs/Props/Products/BeerPack_74mugc_Var01.prefab
  artifactKey: Guid(269436145912fe84b853be07329ff3dc) Importer(2089858483,0ecaa5967403d082aa24f35e1b516d23)
Start importing Assets/ModernSupermarket/Prefabs/Props/Products/BeerPack_74mugc_Var01.prefab using Guid(269436145912fe84b853be07329ff3dc) Importer(2089858483,0ecaa5967403d082aa24f35e1b516d23) [PhysX] Initialized MultithreadedTaskDispatcher with 16 workers.
 -> (artifact id: 'e53a1233ca1b8d96f0e7d0c04f6ec68f') in 0.011384 seconds
Number of updated asset objects reloaded before import = 0
Number of asset objects unloaded after import = 15
========================================================================
Received Import Request.
  Time since last request: 0.000018 seconds.
  path: Assets/ModernSupermarket/Prefabs/Props/Products/CansPack_f98qxo.prefab
  artifactKey: Guid(5f7efea257e22ae41a365428c68d5a95) Importer(2089858483,0ecaa5967403d082aa24f35e1b516d23)
Start importing Assets/ModernSupermarket/Prefabs/Props/Products/CansPack_f98qxo.prefab using Guid(5f7efea257e22ae41a365428c68d5a95) Importer(2089858483,0ecaa5967403d082aa24f35e1b516d23) [PhysX] Initialized MultithreadedTaskDispatcher with 16 workers.
 -> (artifact id: 'd0d20c839ad8df3ff2e3035e6f1ec932') in 0.014743 seconds
Number of updated asset objects reloaded before import = 0
Number of asset objects unloaded after import = 8
========================================================================
Received Import Request.
  Time since last request: 0.000020 seconds.
  path: Assets/ModernSupermarket/Prefabs/Props/Products/Coffee_5uj6zk_Var01.prefab
  artifactKey: Guid(a4b37b31c46221146aaaeb49f95ccf31) Importer(2089858483,0ecaa5967403d082aa24f35e1b516d23)
Start importing Assets/ModernSupermarket/Prefabs/Props/Products/Coffee_5uj6zk_Var01.prefab using Guid(a4b37b31c46221146aaaeb49f95ccf31) Importer(2089858483,0ecaa5967403d082aa24f35e1b516d23) [PhysX] Initialized MultithreadedTaskDispatcher with 16 workers.
 -> (artifact id: '10f9a689a455436608ca94c689c731e2') in 0.019074 seconds
Number of updated asset objects reloaded before import = 0
Number of asset objects unloaded after import = 15
========================================================================
Received Import Request.
  Time since last request: 0.000041 seconds.
  path: Assets/ModernSupermarket/Prefabs/Props/Products/Alcool_ao62w_Var01.prefab
  artifactKey: Guid(afe6c6ee8dbb3234daf7d91ff1d48b6c) Importer(2089858483,0ecaa5967403d082aa24f35e1b516d23)
Start importing Assets/ModernSupermarket/Prefabs/Props/Products/Alcool_ao62w_Var01.prefab using Guid(afe6c6ee8dbb3234daf7d91ff1d48b6c) Importer(2089858483,0ecaa5967403d082aa24f35e1b516d23) [PhysX] Initialized MultithreadedTaskDispatcher with 16 workers.
 -> (artifact id: '94370bcec097c9319473b5c9b66c81e7') in 0.016393 seconds
Number of updated asset objects reloaded before import = 0
Number of asset objects unloaded after import = 15
========================================================================
Received Import Request.
  Time since last request: 0.000019 seconds.
  path: Assets/ModernSupermarket/Prefabs/Props/Products/BeerPack_74mugc_Pack01.prefab
  artifactKey: Guid(81f9077be4764384dbe87ddca5e7f880) Importer(2089858483,0ecaa5967403d082aa24f35e1b516d23)
Start importing Assets/ModernSupermarket/Prefabs/Props/Products/BeerPack_74mugc_Pack01.prefab using Guid(81f9077be4764384dbe87ddca5e7f880) Importer(2089858483,0ecaa5967403d082aa24f35e1b516d23) [PhysX] Initialized MultithreadedTaskDispatcher with 16 workers.
 -> (artifact id: 'ff251352a4db3c5111343e6fd716ff9d') in 0.011506 seconds
Number of updated asset objects reloaded before import = 0
Number of asset objects unloaded after import = 8
========================================================================
Received Import Request.
  Time since last request: 0.000019 seconds.
  path: Assets/ModernSupermarket/Prefabs/Props/Produce/Watermelon_z0o9y3_Pack01.prefab
  artifactKey: Guid(eb9a960cb77638c4996944e23ccf211b) Importer(2089858483,0ecaa5967403d082aa24f35e1b516d23)
Start importing Assets/ModernSupermarket/Prefabs/Props/Produce/Watermelon_z0o9y3_Pack01.prefab using Guid(eb9a960cb77638c4996944e23ccf211b) Importer(2089858483,0ecaa5967403d082aa24f35e1b516d23) [PhysX] Initialized MultithreadedTaskDispatcher with 16 workers.
 -> (artifact id: 'e84a71c4b98eddb925b3aee154a62582') in 0.010756 seconds
Number of updated asset objects reloaded before import = 0
Number of asset objects unloaded after import = 8
========================================================================
Received Import Request.
  Time since last request: 0.000019 seconds.
  path: Assets/ModernSupermarket/Prefabs/Props/Products/Cereals_me9j99_Var02.prefab
  artifactKey: Guid(e000e9fd918b8894483ee077c8b4c760) Importer(2089858483,0ecaa5967403d082aa24f35e1b516d23)
Start importing Assets/ModernSupermarket/Prefabs/Props/Products/Cereals_me9j99_Var02.prefab using Guid(e000e9fd918b8894483ee077c8b4c760) Importer(2089858483,0ecaa5967403d082aa24f35e1b516d23) [PhysX] Initialized MultithreadedTaskDispatcher with 16 workers.
 -> (artifact id: '5d0bb7650fe2d8299fa3e8b9700d5e05') in 0.015575 seconds
Number of updated asset objects reloaded before import = 0
Number of asset objects unloaded after import = 15
========================================================================
Received Import Request.
  Time since last request: 0.000017 seconds.
  path: Assets/ModernSupermarket/Prefabs/Props/Products/Cheese_dx1ygk_Pack01.prefab
  artifactKey: Guid(6fa52bc1896c23642b184204de813339) Importer(2089858483,0ecaa5967403d082aa24f35e1b516d23)
Start importing Assets/ModernSupermarket/Prefabs/Props/Products/Cheese_dx1ygk_Pack01.prefab using Guid(6fa52bc1896c23642b184204de813339) Importer(2089858483,0ecaa5967403d082aa24f35e1b516d23) [PhysX] Initialized MultithreadedTaskDispatcher with 16 workers.
 -> (artifact id: '33e10d61c9dba1ca5ad4fe65071cda63') in 0.011368 seconds
Number of updated asset objects reloaded before import = 0
Number of asset objects unloaded after import = 8
========================================================================
Received Import Request.
  Time since last request: 0.000016 seconds.
  path: Assets/ModernSupermarket/Prefabs/Props/Products/BeerKeg_byk96e.prefab
  artifactKey: Guid(db3023770e5f8e54592425aa7c047b79) Importer(2089858483,0ecaa5967403d082aa24f35e1b516d23)
Start importing Assets/ModernSupermarket/Prefabs/Props/Products/BeerKeg_byk96e.prefab using Guid(db3023770e5f8e54592425aa7c047b79) Importer(2089858483,0ecaa5967403d082aa24f35e1b516d23) [PhysX] Initialized MultithreadedTaskDispatcher with 16 workers.
 -> (artifact id: '053659e1c04f2ed923edf5c600825ffd') in 0.012936 seconds
Number of updated asset objects reloaded before import = 0
Number of asset objects unloaded after import = 8
========================================================================
Received Import Request.
  Time since last request: 0.000018 seconds.
  path: Assets/ModernSupermarket/Prefabs/Props/Products/Alcohol_tqkp8c_Pack01.prefab
  artifactKey: Guid(f844183feb880e343ad616a1fd7409f6) Importer(2089858483,0ecaa5967403d082aa24f35e1b516d23)
Start importing Assets/ModernSupermarket/Prefabs/Props/Products/Alcohol_tqkp8c_Pack01.prefab using Guid(f844183feb880e343ad616a1fd7409f6) Importer(2089858483,0ecaa5967403d082aa24f35e1b516d23) [PhysX] Initialized MultithreadedTaskDispatcher with 16 workers.
 -> (artifact id: '246cd87c32735f90ce60926a6cf42f91') in 0.011428 seconds
Number of updated asset objects reloaded before import = 0
Number of asset objects unloaded after import = 8
========================================================================
Received Import Request.
  Time since last request: 0.000019 seconds.
  path: Assets/ModernSupermarket/Prefabs/Props/Products/Bleach_irrpnt_Var01.prefab
  artifactKey: Guid(e4e3ea6e2447a704e8f784d2df669e00) Importer(2089858483,0ecaa5967403d082aa24f35e1b516d23)
Start importing Assets/ModernSupermarket/Prefabs/Props/Products/Bleach_irrpnt_Var01.prefab using Guid(e4e3ea6e2447a704e8f784d2df669e00) Importer(2089858483,0ecaa5967403d082aa24f35e1b516d23) [PhysX] Initialized MultithreadedTaskDispatcher with 16 workers.
 -> (artifact id: '056197e4796525d03bbc0961599f1ea1') in 0.016768 seconds
Number of updated asset objects reloaded before import = 0
Number of asset objects unloaded after import = 15
========================================================================
Received Import Request.
  Time since last request: 0.000018 seconds.
  path: Assets/ModernSupermarket/Prefabs/Props/Products/Chicken_ozj6pn.prefab
  artifactKey: Guid(b0fa780ad088b4941a42ab7b9efcdf33) Importer(2089858483,0ecaa5967403d082aa24f35e1b516d23)
Start importing Assets/ModernSupermarket/Prefabs/Props/Products/Chicken_ozj6pn.prefab using Guid(b0fa780ad088b4941a42ab7b9efcdf33) Importer(2089858483,0ecaa5967403d082aa24f35e1b516d23) [PhysX] Initialized MultithreadedTaskDispatcher with 16 workers.
 -> (artifact id: '8c0e047e42c98453d956833157ce48c5') in 0.020083 seconds
Number of updated asset objects reloaded before import = 0
Number of asset objects unloaded after import = 8
========================================================================
Received Import Request.
  Time since last request: 0.000018 seconds.
  path: Assets/ModernSupermarket/Prefabs/Props/Products/Cream_jatl5h_Pack01.prefab
  artifactKey: Guid(87a3f278330777b4cb2c622c71686b7a) Importer(2089858483,0ecaa5967403d082aa24f35e1b516d23)
Start importing Assets/ModernSupermarket/Prefabs/Props/Products/Cream_jatl5h_Pack01.prefab using Guid(87a3f278330777b4cb2c622c71686b7a) Importer(2089858483,0ecaa5967403d082aa24f35e1b516d23) [PhysX] Initialized MultithreadedTaskDispatcher with 16 workers.
 -> (artifact id: 'a9b61fcf8daa0229f2663732e846727a') in 0.012679 seconds
Number of updated asset objects reloaded before import = 0
Number of asset objects unloaded after import = 8
========================================================================
Received Import Request.
  Time since last request: 0.000019 seconds.
  path: Assets/ModernSupermarket/Prefabs/Props/Products/Cheese_bn26cq_Var01.prefab
  artifactKey: Guid(d95be38afc74ad341961c8b9c718df38) Importer(2089858483,0ecaa5967403d082aa24f35e1b516d23)
Start importing Assets/ModernSupermarket/Prefabs/Props/Products/Cheese_bn26cq_Var01.prefab using Guid(d95be38afc74ad341961c8b9c718df38) Importer(2089858483,0ecaa5967403d082aa24f35e1b516d23) [PhysX] Initialized MultithreadedTaskDispatcher with 16 workers.
 -> (artifact id: '1b7a9ac1b6ee71c1927cc501c2d8cebc') in 0.011817 seconds
Number of updated asset objects reloaded before import = 0
Number of asset objects unloaded after import = 15
========================================================================
Received Import Request.
  Time since last request: 1.542752 seconds.
  path: Assets/ModernSupermarket/Prefabs/Props/Products/Decoration_3k4dyn_03.prefab
  artifactKey: Guid(b0d43d9d3b4835c49807b046beb2a38d) Importer(2089858483,0ecaa5967403d082aa24f35e1b516d23)
Start importing Assets/ModernSupermarket/Prefabs/Props/Products/Decoration_3k4dyn_03.prefab using Guid(b0d43d9d3b4835c49807b046beb2a38d) Importer(2089858483,0ecaa5967403d082aa24f35e1b516d23) [PhysX] Initialized MultithreadedTaskDispatcher with 16 workers.
 -> (artifact id: '76a02eca5b1151cb6038927b061f3dde') in 0.019370 seconds
Number of updated asset objects reloaded before import = 0
Number of asset objects unloaded after import = 8
========================================================================
Received Import Request.
  Time since last request: 0.000017 seconds.
  path: Assets/ModernSupermarket/Prefabs/Props/Products/FrozenPack_xp713y.prefab
  artifactKey: Guid(a53c616ae0d683b419693c2753f3fa91) Importer(2089858483,0ecaa5967403d082aa24f35e1b516d23)
Start importing Assets/ModernSupermarket/Prefabs/Props/Products/FrozenPack_xp713y.prefab using Guid(a53c616ae0d683b419693c2753f3fa91) Importer(2089858483,0ecaa5967403d082aa24f35e1b516d23) [PhysX] Initialized MultithreadedTaskDispatcher with 16 workers.
 -> (artifact id: '853ad09080310aea81bca523b804641a') in 0.020046 seconds
Number of updated asset objects reloaded before import = 0
Number of asset objects unloaded after import = 8
========================================================================
Received Import Request.
  Time since last request: 0.000016 seconds.
  path: Assets/ModernSupermarket/Prefabs/Props/Products/Pasta_9duit_Pack01.prefab
  artifactKey: Guid(62542657d00669343aadfb726011a48a) Importer(2089858483,0ecaa5967403d082aa24f35e1b516d23)
Start importing Assets/ModernSupermarket/Prefabs/Props/Products/Pasta_9duit_Pack01.prefab using Guid(62542657d00669343aadfb726011a48a) Importer(2089858483,0ecaa5967403d082aa24f35e1b516d23) [PhysX] Initialized MultithreadedTaskDispatcher with 16 workers.
 -> (artifact id: '6b5fc2bd376cbbc3a71fe87ed14b3323') in 0.012661 seconds
Number of updated asset objects reloaded before import = 0
Number of asset objects unloaded after import = 8
========================================================================
Received Import Request.
  Time since last request: 0.000018 seconds.
  path: Assets/ModernSupermarket/Prefabs/Props/Products/Teabox_nokda4_Pack01.prefab
  artifactKey: Guid(33b0453471bea5f4984ea68fcb173d66) Importer(2089858483,0ecaa5967403d082aa24f35e1b516d23)
Start importing Assets/ModernSupermarket/Prefabs/Props/Products/Teabox_nokda4_Pack01.prefab using Guid(33b0453471bea5f4984ea68fcb173d66) Importer(2089858483,0ecaa5967403d082aa24f35e1b516d23) [PhysX] Initialized MultithreadedTaskDispatcher with 16 workers.
 -> (artifact id: '6e4cdf8c2b6acfc3b1e8f79ebf1311d7') in 0.011720 seconds
Number of updated asset objects reloaded before import = 0
Number of asset objects unloaded after import = 8
========================================================================
Received Import Request.
  Time since last request: 0.000019 seconds.
  path: Assets/ModernSupermarket/Prefabs/Props/Products/Toothpaste_duqkf2_Pack01.prefab
  artifactKey: Guid(230f7659e8b02124aac28cdcd77abcb2) Importer(2089858483,0ecaa5967403d082aa24f35e1b516d23)
Start importing Assets/ModernSupermarket/Prefabs/Props/Products/Toothpaste_duqkf2_Pack01.prefab using Guid(230f7659e8b02124aac28cdcd77abcb2) Importer(2089858483,0ecaa5967403d082aa24f35e1b516d23) [PhysX] Initialized MultithreadedTaskDispatcher with 16 workers.
 -> (artifact id: '40202ffaf0db757d4b925bad6c4fa19d') in 0.018341 seconds
Number of updated asset objects reloaded before import = 0
Number of asset objects unloaded after import = 8
========================================================================
Received Import Request.
  Time since last request: 0.000018 seconds.
  path: Assets/ModernSupermarket/Prefabs/Props/Products/Pizza_ehb1pe_Var01.prefab
  artifactKey: Guid(c46e742c592dcda4f8f9eff6504c3353) Importer(2089858483,0ecaa5967403d082aa24f35e1b516d23)
Start importing Assets/ModernSupermarket/Prefabs/Props/Products/Pizza_ehb1pe_Var01.prefab using Guid(c46e742c592dcda4f8f9eff6504c3353) Importer(2089858483,0ecaa5967403d082aa24f35e1b516d23) [PhysX] Initialized MultithreadedTaskDispatcher with 16 workers.
 -> (artifact id: '203afc0dea6ef391780df34f0f584fe2') in 0.016156 seconds
Number of updated asset objects reloaded before import = 0
Number of asset objects unloaded after import = 15
========================================================================
Received Import Request.
  Time since last request: 0.000021 seconds.
  path: Assets/ModernSupermarket/Prefabs/Props/Products/Soap_1rcsb1_Pack01.prefab
  artifactKey: Guid(f899e11ccc51dfb4482c0eae1588ac00) Importer(2089858483,0ecaa5967403d082aa24f35e1b516d23)
Start importing Assets/ModernSupermarket/Prefabs/Props/Products/Soap_1rcsb1_Pack01.prefab using Guid(f899e11ccc51dfb4482c0eae1588ac00) Importer(2089858483,0ecaa5967403d082aa24f35e1b516d23) [PhysX] Initialized MultithreadedTaskDispatcher with 16 workers.
 -> (artifact id: 'c0866116da19c7a6517eefcdf602c834') in 0.010559 seconds
Number of updated asset objects reloaded before import = 0
Number of asset objects unloaded after import = 8
========================================================================
Received Import Request.
  Time since last request: 0.000021 seconds.
  path: Assets/ModernSupermarket/Prefabs/Props/Products/Soda_7gwg2t.prefab
  artifactKey: Guid(7658121868a96654eaaf8d5dadf2fc5a) Importer(2089858483,0ecaa5967403d082aa24f35e1b516d23)
Start importing Assets/ModernSupermarket/Prefabs/Props/Products/Soda_7gwg2t.prefab using Guid(7658121868a96654eaaf8d5dadf2fc5a) Importer(2089858483,0ecaa5967403d082aa24f35e1b516d23) [PhysX] Initialized MultithreadedTaskDispatcher with 16 workers.
 -> (artifact id: 'c8d978613b05b71e1aa0ccfec98af9e7') in 0.019428 seconds
Number of updated asset objects reloaded before import = 0
Number of asset objects unloaded after import = 8
========================================================================
Received Import Request.
  Time since last request: 0.000021 seconds.
  path: Assets/ModernSupermarket/Prefabs/Props/Products/FrozenPack_t7wenh.prefab
  artifactKey: Guid(37a3542982f6cfa4fa116a6e8e1a6a3d) Importer(2089858483,0ecaa5967403d082aa24f35e1b516d23)
Start importing Assets/ModernSupermarket/Prefabs/Props/Products/FrozenPack_t7wenh.prefab using Guid(37a3542982f6cfa4fa116a6e8e1a6a3d) Importer(2089858483,0ecaa5967403d082aa24f35e1b516d23) [PhysX] Initialized MultithreadedTaskDispatcher with 16 workers.
 -> (artifact id: '7c2209530e9f640778ee070260a07ad7') in 0.012101 seconds
Number of updated asset objects reloaded before import = 0
Number of asset objects unloaded after import = 8
========================================================================
Received Import Request.
  Time since last request: 0.000029 seconds.
  path: Assets/ModernSupermarket/Prefabs/Props/Products/Ham_wplnxm.prefab
  artifactKey: Guid(6c34d6084a99a534b941755552c7ad38) Importer(2089858483,0ecaa5967403d082aa24f35e1b516d23)
Start importing Assets/ModernSupermarket/Prefabs/Props/Products/Ham_wplnxm.prefab using Guid(6c34d6084a99a534b941755552c7ad38) Importer(2089858483,0ecaa5967403d082aa24f35e1b516d23) [PhysX] Initialized MultithreadedTaskDispatcher with 16 workers.
 -> (artifact id: '5debc99a5874ad7cee35d9769538a73a') in 0.018553 seconds
Number of updated asset objects reloaded before import = 0
Number of asset objects unloaded after import = 8
========================================================================
Received Import Request.
  Time since last request: 0.000021 seconds.
  path: Assets/ModernSupermarket/Prefabs/Props/Products/Shampoo_u15m67_Var02.prefab
  artifactKey: Guid(6ab3610d34fdfdb448d0ae5f5df8d923) Importer(2089858483,0ecaa5967403d082aa24f35e1b516d23)
Start importing Assets/ModernSupermarket/Prefabs/Props/Products/Shampoo_u15m67_Var02.prefab using Guid(6ab3610d34fdfdb448d0ae5f5df8d923) Importer(2089858483,0ecaa5967403d082aa24f35e1b516d23) [PhysX] Initialized MultithreadedTaskDispatcher with 16 workers.
 -> (artifact id: '55612807c9b5eb2bf45ac2c3b9944819') in 0.022385 seconds
Number of updated asset objects reloaded before import = 0
Number of asset objects unloaded after import = 15
========================================================================
Received Import Request.
  Time since last request: 0.000018 seconds.
  path: Assets/ModernSupermarket/Prefabs/Props/Products/SweetJar_alnwix_Pack01.prefab
  artifactKey: Guid(c62bb78c9d149ba4a856e63c18895f81) Importer(2089858483,0ecaa5967403d082aa24f35e1b516d23)
Start importing Assets/ModernSupermarket/Prefabs/Props/Products/SweetJar_alnwix_Pack01.prefab using Guid(c62bb78c9d149ba4a856e63c18895f81) Importer(2089858483,0ecaa5967403d082aa24f35e1b516d23) [PhysX] Initialized MultithreadedTaskDispatcher with 16 workers.
 -> (artifact id: '9e06e749f70ee61f01c56ba3a999c4c8') in 0.012683 seconds
Number of updated asset objects reloaded before import = 0
Number of asset objects unloaded after import = 8
========================================================================
Received Import Request.
  Time since last request: 0.000018 seconds.
  path: Assets/ModernSupermarket/Prefabs/Props/Products/ToiletPaper_tunz3i_Var02.prefab
  artifactKey: Guid(fb13d3d07de42014bb4f4ceb12d2aba8) Importer(2089858483,0ecaa5967403d082aa24f35e1b516d23)
Start importing Assets/ModernSupermarket/Prefabs/Props/Products/ToiletPaper_tunz3i_Var02.prefab using Guid(fb13d3d07de42014bb4f4ceb12d2aba8) Importer(2089858483,0ecaa5967403d082aa24f35e1b516d23) [PhysX] Initialized MultithreadedTaskDispatcher with 16 workers.
 -> (artifact id: '3e6fee8360c0bef9c5ccb6102c32fe84') in 0.010423 seconds
Number of updated asset objects reloaded before import = 0
Number of asset objects unloaded after import = 15
========================================================================
Received Import Request.
  Time since last request: 0.000017 seconds.
  path: Assets/ModernSupermarket/Prefabs/Props/Products/Shampoo_lvhjkn_Pack01.prefab
  artifactKey: Guid(a7a4cf7d1a28c9a4d8491e371543881d) Importer(2089858483,0ecaa5967403d082aa24f35e1b516d23)
Start importing Assets/ModernSupermarket/Prefabs/Props/Products/Shampoo_lvhjkn_Pack01.prefab using Guid(a7a4cf7d1a28c9a4d8491e371543881d) Importer(2089858483,0ecaa5967403d082aa24f35e1b516d23) [PhysX] Initialized MultithreadedTaskDispatcher with 16 workers.
 -> (artifact id: '831fa95ba9cb451b0b1b15fa4cee0674') in 0.010967 seconds
Number of updated asset objects reloaded before import = 0
Number of asset objects unloaded after import = 8
========================================================================
Received Import Request.
  Time since last request: 0.000018 seconds.
  path: Assets/ModernSupermarket/Prefabs/Props/Products/Pepper_ybmiq9_Pack01.prefab
  artifactKey: Guid(c939da716dff90848a1e126425cddbc9) Importer(2089858483,0ecaa5967403d082aa24f35e1b516d23)
Start importing Assets/ModernSupermarket/Prefabs/Props/Products/Pepper_ybmiq9_Pack01.prefab using Guid(c939da716dff90848a1e126425cddbc9) Importer(2089858483,0ecaa5967403d082aa24f35e1b516d23) [PhysX] Initialized MultithreadedTaskDispatcher with 16 workers.
 -> (artifact id: '7514f509d22e89f42cd67583c200d7d4') in 0.010406 seconds
Number of updated asset objects reloaded before import = 0
Number of asset objects unloaded after import = 8
========================================================================
Received Import Request.
  Time since last request: 0.000016 seconds.
  path: Assets/ModernSupermarket/Prefabs/Props/Products/Soda_d7rdw9_Pack01_Var01.prefab
  artifactKey: Guid(2db64532c7c817a4c82371fdbaee5ccd) Importer(2089858483,0ecaa5967403d082aa24f35e1b516d23)
Start importing Assets/ModernSupermarket/Prefabs/Props/Products/Soda_d7rdw9_Pack01_Var01.prefab using Guid(2db64532c7c817a4c82371fdbaee5ccd) Importer(2089858483,0ecaa5967403d082aa24f35e1b516d23) [PhysX] Initialized MultithreadedTaskDispatcher with 16 workers.
 -> (artifact id: 'a5e4401f5fb565884fb8c4b26b3be001') in 0.012871 seconds
Number of updated asset objects reloaded before import = 0
Number of asset objects unloaded after import = 16
========================================================================
Received Import Request.
  Time since last request: 0.000020 seconds.
  path: Assets/ModernSupermarket/Prefabs/Props/Products/SlicedBread_6zus31_Pack01.prefab
  artifactKey: Guid(f1a5f8b327506f842ae0060afb605370) Importer(2089858483,0ecaa5967403d082aa24f35e1b516d23)
Start importing Assets/ModernSupermarket/Prefabs/Props/Products/SlicedBread_6zus31_Pack01.prefab using Guid(f1a5f8b327506f842ae0060afb605370) Importer(2089858483,0ecaa5967403d082aa24f35e1b516d23) [PhysX] Initialized MultithreadedTaskDispatcher with 16 workers.
 -> (artifact id: '1444c00e8b8c6db61a88b340b9ab302b') in 0.011799 seconds
Number of updated asset objects reloaded before import = 0
Number of asset objects unloaded after import = 8
========================================================================
Received Import Request.
  Time since last request: 0.000020 seconds.
  path: Assets/ModernSupermarket/Prefabs/Props/Products/Soap_eegrv7_Pack01.prefab
  artifactKey: Guid(f009abec21abc8043a30ed98e297ee49) Importer(2089858483,0ecaa5967403d082aa24f35e1b516d23)
Start importing Assets/ModernSupermarket/Prefabs/Props/Products/Soap_eegrv7_Pack01.prefab using Guid(f009abec21abc8043a30ed98e297ee49) Importer(2089858483,0ecaa5967403d082aa24f35e1b516d23) [PhysX] Initialized MultithreadedTaskDispatcher with 16 workers.
 -> (artifact id: 'eab0b550825a6dacbcc51e53fe723e5e') in 0.012529 seconds
Number of updated asset objects reloaded before import = 0
Number of asset objects unloaded after import = 8
========================================================================
Received Import Request.
  Time since last request: 0.000017 seconds.
  path: Assets/ModernSupermarket/Prefabs/Props/Products/JuiceBrick_6ljfy3.prefab
  artifactKey: Guid(efc68ab3fc572434daaa2f8c26a68b80) Importer(2089858483,0ecaa5967403d082aa24f35e1b516d23)
Start importing Assets/ModernSupermarket/Prefabs/Props/Products/JuiceBrick_6ljfy3.prefab using Guid(efc68ab3fc572434daaa2f8c26a68b80) Importer(2089858483,0ecaa5967403d082aa24f35e1b516d23) [PhysX] Initialized MultithreadedTaskDispatcher with 16 workers.
 -> (artifact id: 'ecb37c53e9a25e8f67c21f61035cf970') in 0.021025 seconds
Number of updated asset objects reloaded before import = 0
Number of asset objects unloaded after import = 8
========================================================================
Received Import Request.
  Time since last request: 0.000017 seconds.
  path: Assets/ModernSupermarket/Prefabs/Props/Products/EggBox8x_2zgq4h.prefab
  artifactKey: Guid(169545b0ddb8f0f499aab64e2c832f40) Importer(2089858483,0ecaa5967403d082aa24f35e1b516d23)
Start importing Assets/ModernSupermarket/Prefabs/Props/Products/EggBox8x_2zgq4h.prefab using Guid(169545b0ddb8f0f499aab64e2c832f40) Importer(2089858483,0ecaa5967403d082aa24f35e1b516d23) [PhysX] Initialized MultithreadedTaskDispatcher with 16 workers.
 -> (artifact id: 'd3563c757165a9a51540525cedde5d00') in 0.019161 seconds
Number of updated asset objects reloaded before import = 0
Number of asset objects unloaded after import = 8
========================================================================
Received Import Request.
  Time since last request: 0.000019 seconds.
  path: Assets/ModernSupermarket/Prefabs/Props/Products/Soda_f6b9gw_Pack01.prefab
  artifactKey: Guid(f4e0daf86ecd4014fba06a962e75e8f9) Importer(2089858483,0ecaa5967403d082aa24f35e1b516d23)
Start importing Assets/ModernSupermarket/Prefabs/Props/Products/Soda_f6b9gw_Pack01.prefab using Guid(f4e0daf86ecd4014fba06a962e75e8f9) Importer(2089858483,0ecaa5967403d082aa24f35e1b516d23) [PhysX] Initialized MultithreadedTaskDispatcher with 16 workers.
 -> (artifact id: 'ce35ff92799d5fffc4c49a0a299d6eb1') in 0.011521 seconds
Number of updated asset objects reloaded before import = 0
Number of asset objects unloaded after import = 8
========================================================================
Received Import Request.
  Time since last request: 0.000017 seconds.
  path: Assets/ModernSupermarket/Prefabs/Props/Products/FlourPack_ckgfmu.prefab
  artifactKey: Guid(f431c6be8e42c764abc05c7495b25e23) Importer(2089858483,0ecaa5967403d082aa24f35e1b516d23)
Start importing Assets/ModernSupermarket/Prefabs/Props/Products/FlourPack_ckgfmu.prefab using Guid(f431c6be8e42c764abc05c7495b25e23) Importer(2089858483,0ecaa5967403d082aa24f35e1b516d23) [PhysX] Initialized MultithreadedTaskDispatcher with 16 workers.
 -> (artifact id: 'd4d9fe4ae9832ccc44ca26ddc79bf3e9') in 0.017196 seconds
Number of updated asset objects reloaded before import = 0
Number of asset objects unloaded after import = 8
========================================================================
Received Import Request.
  Time since last request: 0.000018 seconds.
  path: Assets/ModernSupermarket/Prefabs/Props/Products/Milk_l6slvx_Pack01.prefab
  artifactKey: Guid(9a8d6978429c5a444a89f5a636c027c2) Importer(2089858483,0ecaa5967403d082aa24f35e1b516d23)
Start importing Assets/ModernSupermarket/Prefabs/Props/Products/Milk_l6slvx_Pack01.prefab using Guid(9a8d6978429c5a444a89f5a636c027c2) Importer(2089858483,0ecaa5967403d082aa24f35e1b516d23) [PhysX] Initialized MultithreadedTaskDispatcher with 16 workers.
 -> (artifact id: '395600a3097b3ffec5db876af5dcd4ed') in 0.010486 seconds
Number of updated asset objects reloaded before import = 0
Number of asset objects unloaded after import = 8
========================================================================
Received Import Request.
  Time since last request: 0.000020 seconds.
  path: Assets/ModernSupermarket/Prefabs/Props/Products/Teabox_5oq0ki_Pack01.prefab
  artifactKey: Guid(395c548a2b8a4cd4f918370824252f43) Importer(2089858483,0ecaa5967403d082aa24f35e1b516d23)
Start importing Assets/ModernSupermarket/Prefabs/Props/Products/Teabox_5oq0ki_Pack01.prefab using Guid(395c548a2b8a4cd4f918370824252f43) Importer(2089858483,0ecaa5967403d082aa24f35e1b516d23) [PhysX] Initialized MultithreadedTaskDispatcher with 16 workers.
 -> (artifact id: 'ea652fbf29c3bc30ea494a3e091c621c') in 0.010213 seconds
Number of updated asset objects reloaded before import = 0
Number of asset objects unloaded after import = 8
========================================================================
Received Import Request.
  Time since last request: 0.000028 seconds.
  path: Assets/ModernSupermarket/Prefabs/Props/Products/Sugar_o0f6pn.prefab
  artifactKey: Guid(8e356eef40e7f8140a0fc6883563a2db) Importer(2089858483,0ecaa5967403d082aa24f35e1b516d23)
Start importing Assets/ModernSupermarket/Prefabs/Props/Products/Sugar_o0f6pn.prefab using Guid(8e356eef40e7f8140a0fc6883563a2db) Importer(2089858483,0ecaa5967403d082aa24f35e1b516d23) [PhysX] Initialized MultithreadedTaskDispatcher with 16 workers.
 -> (artifact id: '3d8c1bd92418cba48353c82d3a95e6bb') in 0.010926 seconds
Number of updated asset objects reloaded before import = 0
Number of asset objects unloaded after import = 8
========================================================================
Received Import Request.
  Time since last request: 0.000020 seconds.
  path: Assets/ModernSupermarket/Prefabs/Props/Products/MilkBrick_e8foxc_Pack01.prefab
  artifactKey: Guid(1bb6ad681099e5d41bea88b597262a92) Importer(2089858483,0ecaa5967403d082aa24f35e1b516d23)
Start importing Assets/ModernSupermarket/Prefabs/Props/Products/MilkBrick_e8foxc_Pack01.prefab using Guid(1bb6ad681099e5d41bea88b597262a92) Importer(2089858483,0ecaa5967403d082aa24f35e1b516d23) [PhysX] Initialized MultithreadedTaskDispatcher with 16 workers.
 -> (artifact id: '5da46402d8a65cb85ade10fcde9a4146') in 0.011705 seconds
Number of updated asset objects reloaded before import = 0
Number of asset objects unloaded after import = 8
========================================================================
Received Import Request.
  Time since last request: 0.000021 seconds.
  path: Assets/ModernSupermarket/Prefabs/Props/Products/Sugar_ffc568.prefab
  artifactKey: Guid(396af82a144847e408e8cc126d1d3ece) Importer(2089858483,0ecaa5967403d082aa24f35e1b516d23)
Start importing Assets/ModernSupermarket/Prefabs/Props/Products/Sugar_ffc568.prefab using Guid(396af82a144847e408e8cc126d1d3ece) Importer(2089858483,0ecaa5967403d082aa24f35e1b516d23) [PhysX] Initialized MultithreadedTaskDispatcher with 16 workers.
 -> (artifact id: 'efe3381ba06183756bdae16e44ce98ac') in 0.012332 seconds
Number of updated asset objects reloaded before import = 0
Number of asset objects unloaded after import = 8
========================================================================
Received Import Request.
  Time since last request: 0.000022 seconds.
  path: Assets/ModernSupermarket/Prefabs/Props/Products/Shampoo_lvhjkn.prefab
  artifactKey: Guid(0da57ef26a99e284fbd5840bcd1ceaa7) Importer(2089858483,0ecaa5967403d082aa24f35e1b516d23)
Start importing Assets/ModernSupermarket/Prefabs/Props/Products/Shampoo_lvhjkn.prefab using Guid(0da57ef26a99e284fbd5840bcd1ceaa7) Importer(2089858483,0ecaa5967403d082aa24f35e1b516d23) [PhysX] Initialized MultithreadedTaskDispatcher with 16 workers.
 -> (artifact id: 'eca8f109e2dd3ec162a08bb7529a4065') in 0.010578 seconds
Number of updated asset objects reloaded before import = 0
Number of asset objects unloaded after import = 8
========================================================================
Received Import Request.
  Time since last request: 0.000021 seconds.
  path: Assets/ModernSupermarket/Prefabs/Props/Products/MeatTray_fbw8xf_Pack01.prefab
  artifactKey: Guid(fced27e9ce320ee45a49ecbd04810174) Importer(2089858483,0ecaa5967403d082aa24f35e1b516d23)
Start importing Assets/ModernSupermarket/Prefabs/Props/Products/MeatTray_fbw8xf_Pack01.prefab using Guid(fced27e9ce320ee45a49ecbd04810174) Importer(2089858483,0ecaa5967403d082aa24f35e1b516d23) [PhysX] Initialized MultithreadedTaskDispatcher with 16 workers.
 -> (artifact id: 'f4fcbeb822c4ad0b9dff71d89781f413') in 0.012827 seconds
Number of updated asset objects reloaded before import = 0
Number of asset objects unloaded after import = 8
========================================================================
Received Import Request.
  Time since last request: 0.000016 seconds.
  path: Assets/ModernSupermarket/Prefabs/Props/Products/Shampoo_vimakk_Pack01.prefab
  artifactKey: Guid(075fbf746fc46f2489fea55af89d41ec) Importer(2089858483,0ecaa5967403d082aa24f35e1b516d23)
Start importing Assets/ModernSupermarket/Prefabs/Props/Products/Shampoo_vimakk_Pack01.prefab using Guid(075fbf746fc46f2489fea55af89d41ec) Importer(2089858483,0ecaa5967403d082aa24f35e1b516d23) [PhysX] Initialized MultithreadedTaskDispatcher with 16 workers.
 -> (artifact id: '6564ac3d4706d746617a40e0ec787211') in 0.012455 seconds
Number of updated asset objects reloaded before import = 0
Number of asset objects unloaded after import = 8
========================================================================
Received Import Request.
  Time since last request: 0.000019 seconds.
  path: Assets/ModernSupermarket/Prefabs/Props/Products/Milk_l6slvx.prefab
  artifactKey: Guid(2a281186c7235da46853781921a01022) Importer(2089858483,0ecaa5967403d082aa24f35e1b516d23)
Start importing Assets/ModernSupermarket/Prefabs/Props/Products/Milk_l6slvx.prefab using Guid(2a281186c7235da46853781921a01022) Importer(2089858483,0ecaa5967403d082aa24f35e1b516d23) [PhysX] Initialized MultithreadedTaskDispatcher with 16 workers.
 -> (artifact id: '2d4b1f96a23400b1ba737dd309450aa4') in 0.019290 seconds
Number of updated asset objects reloaded before import = 0
Number of asset objects unloaded after import = 8
========================================================================
Received Import Request.
  Time since last request: 0.000022 seconds.
  path: Assets/ModernSupermarket/Prefabs/Props/Products/Soda_d7rdw9_Var01.prefab
  artifactKey: Guid(b84cee0ef6ba0e0458cbbb101c04e5d0) Importer(2089858483,0ecaa5967403d082aa24f35e1b516d23)
Start importing Assets/ModernSupermarket/Prefabs/Props/Products/Soda_d7rdw9_Var01.prefab using Guid(b84cee0ef6ba0e0458cbbb101c04e5d0) Importer(2089858483,0ecaa5967403d082aa24f35e1b516d23) [PhysX] Initialized MultithreadedTaskDispatcher with 16 workers.
 -> (artifact id: 'ca6b75c2418e387912603d64f750dc0d') in 0.015488 seconds
Number of updated asset objects reloaded before import = 0
Number of asset objects unloaded after import = 15
========================================================================
Received Import Request.
  Time since last request: 0.000022 seconds.
  path: Assets/ModernSupermarket/Prefabs/Props/Products/Sugar_ffc568_Var01.prefab
  artifactKey: Guid(94ca1181a50fde2409ab31df2bf22b36) Importer(2089858483,0ecaa5967403d082aa24f35e1b516d23)
Start importing Assets/ModernSupermarket/Prefabs/Props/Products/Sugar_ffc568_Var01.prefab using Guid(94ca1181a50fde2409ab31df2bf22b36) Importer(2089858483,0ecaa5967403d082aa24f35e1b516d23) [PhysX] Initialized MultithreadedTaskDispatcher with 16 workers.
 -> (artifact id: 'b6cd93ca4985ed44befa9a42968e500d') in 0.014576 seconds
Number of updated asset objects reloaded before import = 0
Number of asset objects unloaded after import = 15
========================================================================
Received Import Request.
  Time since last request: 0.000027 seconds.
  path: Assets/ModernSupermarket/Prefabs/Props/Products/SlicedBread_tp7aom_Pack01.prefab
  artifactKey: Guid(30f466339b33f9947a329dadf92fcfdc) Importer(2089858483,0ecaa5967403d082aa24f35e1b516d23)
Start importing Assets/ModernSupermarket/Prefabs/Props/Products/SlicedBread_tp7aom_Pack01.prefab using Guid(30f466339b33f9947a329dadf92fcfdc) Importer(2089858483,0ecaa5967403d082aa24f35e1b516d23) [PhysX] Initialized MultithreadedTaskDispatcher with 16 workers.
 -> (artifact id: 'f2d48e740910b9483ee1b87dbb8475e8') in 0.010349 seconds
Number of updated asset objects reloaded before import = 0
Number of asset objects unloaded after import = 8
========================================================================
Received Import Request.
  Time since last request: 0.000021 seconds.
  path: Assets/ModernSupermarket/Prefabs/Props/Products/Shampoo_u15m67_Pack01_Var01.prefab
  artifactKey: Guid(033877298800c814a8ca5888a8041b7f) Importer(2089858483,0ecaa5967403d082aa24f35e1b516d23)
Start importing Assets/ModernSupermarket/Prefabs/Props/Products/Shampoo_u15m67_Pack01_Var01.prefab using Guid(033877298800c814a8ca5888a8041b7f) Importer(2089858483,0ecaa5967403d082aa24f35e1b516d23) [PhysX] Initialized MultithreadedTaskDispatcher with 16 workers.
 -> (artifact id: 'e2065dd02df0ddc84f170dd77365e28b') in 0.012263 seconds
Number of updated asset objects reloaded before import = 0
Number of asset objects unloaded after import = 15
========================================================================
Received Import Request.
  Time since last request: 0.000019 seconds.
  path: Assets/ModernSupermarket/Prefabs/Props/Products/Pasta_9duit2_Var01.prefab
  artifactKey: Guid(073aff8a246ef894b8df6251ba137857) Importer(2089858483,0ecaa5967403d082aa24f35e1b516d23)
Start importing Assets/ModernSupermarket/Prefabs/Props/Products/Pasta_9duit2_Var01.prefab using Guid(073aff8a246ef894b8df6251ba137857) Importer(2089858483,0ecaa5967403d082aa24f35e1b516d23) [PhysX] Initialized MultithreadedTaskDispatcher with 16 workers.
 -> (artifact id: 'f031ed822fa46c00ddf202996c1d454e') in 0.022680 seconds
Number of updated asset objects reloaded before import = 0
Number of asset objects unloaded after import = 8
========================================================================
Received Import Request.
  Time since last request: 0.000024 seconds.
  path: Assets/ModernSupermarket/Prefabs/Props/Products/Soda_7gwg2t_Pack01.prefab
  artifactKey: Guid(6245a3af1846c694db38b924cbde46fc) Importer(2089858483,0ecaa5967403d082aa24f35e1b516d23)
Start importing Assets/ModernSupermarket/Prefabs/Props/Products/Soda_7gwg2t_Pack01.prefab using Guid(6245a3af1846c694db38b924cbde46fc) Importer(2089858483,0ecaa5967403d082aa24f35e1b516d23) [PhysX] Initialized MultithreadedTaskDispatcher with 16 workers.
 -> (artifact id: 'ff964438599e7534e4ac1d16a6dbadc8') in 0.011451 seconds
Number of updated asset objects reloaded before import = 0
Number of asset objects unloaded after import = 8
========================================================================
Received Import Request.
  Time since last request: 0.000019 seconds.
  path: Assets/ModernSupermarket/Prefabs/Props/Products/Laundry_mm7gx5_Var01.prefab
  artifactKey: Guid(8dfbde47ea311814ead96920c7144cf5) Importer(2089858483,0ecaa5967403d082aa24f35e1b516d23)
Start importing Assets/ModernSupermarket/Prefabs/Props/Products/Laundry_mm7gx5_Var01.prefab using Guid(8dfbde47ea311814ead96920c7144cf5) Importer(2089858483,0ecaa5967403d082aa24f35e1b516d23) [PhysX] Initialized MultithreadedTaskDispatcher with 16 workers.
 -> (artifact id: 'dbc523fa10de19d42dfaa6f39f9f7945') in 0.016054 seconds
Number of updated asset objects reloaded before import = 0
Number of asset objects unloaded after import = 15
========================================================================
Received Import Request.
  Time since last request: 0.000022 seconds.
  path: Assets/ModernSupermarket/Prefabs/Props/Products/Shampoo_u15m67_Pack01_Var04.prefab
  artifactKey: Guid(2519d453fd2957644ac528bb315fded8) Importer(2089858483,0ecaa5967403d082aa24f35e1b516d23)
Start importing Assets/ModernSupermarket/Prefabs/Props/Products/Shampoo_u15m67_Pack01_Var04.prefab using Guid(2519d453fd2957644ac528bb315fded8) Importer(2089858483,0ecaa5967403d082aa24f35e1b516d23) [PhysX] Initialized MultithreadedTaskDispatcher with 16 workers.
 -> (artifact id: '750d1be6b9e566e0adaefb74d6ba68f7') in 0.014869 seconds
Number of updated asset objects reloaded before import = 0
Number of asset objects unloaded after import = 15
========================================================================
Received Import Request.
  Time since last request: 0.000093 seconds.
  path: Assets/ModernSupermarket/Prefabs/Props/Products/FrozenPack_t7wenh_Var04.prefab
  artifactKey: Guid(202a4b9603f4f7348846ff987f34ae2d) Importer(2089858483,0ecaa5967403d082aa24f35e1b516d23)
Start importing Assets/ModernSupermarket/Prefabs/Props/Products/FrozenPack_t7wenh_Var04.prefab using Guid(202a4b9603f4f7348846ff987f34ae2d) Importer(2089858483,0ecaa5967403d082aa24f35e1b516d23) [PhysX] Initialized MultithreadedTaskDispatcher with 16 workers.
 -> (artifact id: '825187326278319dc9c2ca2268ac088d') in 0.017500 seconds
Number of updated asset objects reloaded before import = 0
Number of asset objects unloaded after import = 15
========================================================================
Received Import Request.
  Time since last request: 0.000018 seconds.
  path: Assets/ModernSupermarket/Prefabs/Props/Products/Rice_rewt3q_Pack01.prefab
  artifactKey: Guid(107e8b5486a6f9e4e94a66d82e7aae44) Importer(2089858483,0ecaa5967403d082aa24f35e1b516d23)
Start importing Assets/ModernSupermarket/Prefabs/Props/Products/Rice_rewt3q_Pack01.prefab using Guid(107e8b5486a6f9e4e94a66d82e7aae44) Importer(2089858483,0ecaa5967403d082aa24f35e1b516d23) [PhysX] Initialized MultithreadedTaskDispatcher with 16 workers.
 -> (artifact id: 'e9e4304f09726f5b6786cf03ee8fc14b') in 0.012061 seconds
Number of updated asset objects reloaded before import = 0
Number of asset objects unloaded after import = 8
========================================================================
Received Import Request.
  Time since last request: 0.000023 seconds.
  path: Assets/ModernSupermarket/Prefabs/Props/Products/PetFood_3pjwif_Pack01.prefab
  artifactKey: Guid(79518686a80eb8145bb52b51ccb8d26a) Importer(2089858483,0ecaa5967403d082aa24f35e1b516d23)
Start importing Assets/ModernSupermarket/Prefabs/Props/Products/PetFood_3pjwif_Pack01.prefab using Guid(79518686a80eb8145bb52b51ccb8d26a) Importer(2089858483,0ecaa5967403d082aa24f35e1b516d23) [PhysX] Initialized MultithreadedTaskDispatcher with 16 workers.
 -> (artifact id: '467af505ec0dc173678366a118e0b57e') in 0.010328 seconds
Number of updated asset objects reloaded before import = 0
Number of asset objects unloaded after import = 8
========================================================================
Received Import Request.
  Time since last request: 0.000016 seconds.
  path: Assets/ModernSupermarket/Prefabs/Props/Products/Oil_751tp2_Pack01.prefab
  artifactKey: Guid(4a1bf02f281469444b8a8c5dd839b7d0) Importer(2089858483,0ecaa5967403d082aa24f35e1b516d23)
Start importing Assets/ModernSupermarket/Prefabs/Props/Products/Oil_751tp2_Pack01.prefab using Guid(4a1bf02f281469444b8a8c5dd839b7d0) Importer(2089858483,0ecaa5967403d082aa24f35e1b516d23) [PhysX] Initialized MultithreadedTaskDispatcher with 16 workers.
 -> (artifact id: 'a056f86a48be44bef8cc12af4ee8282c') in 0.014410 seconds
Number of updated asset objects reloaded before import = 0
Number of asset objects unloaded after import = 8
========================================================================
Received Import Request.
  Time since last request: 0.000021 seconds.
  path: Assets/ModernSupermarket/Prefabs/Props/Products/Soda_d7rdw9_Pack02.prefab
  artifactKey: Guid(878b134cd0da8f84b8f7b2372e4a887e) Importer(2089858483,0ecaa5967403d082aa24f35e1b516d23)
Start importing Assets/ModernSupermarket/Prefabs/Props/Products/Soda_d7rdw9_Pack02.prefab using Guid(878b134cd0da8f84b8f7b2372e4a887e) Importer(2089858483,0ecaa5967403d082aa24f35e1b516d23) [PhysX] Initialized MultithreadedTaskDispatcher with 16 workers.
 -> (artifact id: '9fdde13b727ec221e21da8e3eb3c50ca') in 0.011632 seconds
Number of updated asset objects reloaded before import = 0
Number of asset objects unloaded after import = 8
========================================================================
Received Import Request.
  Time since last request: 0.000019 seconds.
  path: Assets/ModernSupermarket/Prefabs/Props/Products/Vase_0p0iky_03.prefab
  artifactKey: Guid(271caefda2e64d443b912534827afe5d) Importer(2089858483,0ecaa5967403d082aa24f35e1b516d23)
Start importing Assets/ModernSupermarket/Prefabs/Props/Products/Vase_0p0iky_03.prefab using Guid(271caefda2e64d443b912534827afe5d) Importer(2089858483,0ecaa5967403d082aa24f35e1b516d23) [PhysX] Initialized MultithreadedTaskDispatcher with 16 workers.
 -> (artifact id: 'c9df77240e5e3d453d58402acf0d943a') in 0.011713 seconds
Number of updated asset objects reloaded before import = 0
Number of asset objects unloaded after import = 8
========================================================================
Received Import Request.
  Time since last request: 0.000022 seconds.
  path: Assets/ModernSupermarket/Prefabs/Props/Products/Eggbox12x_7zw3j2_Pack01.prefab
  artifactKey: Guid(810e7da2a8d5de347a05ed2811d8313b) Importer(2089858483,0ecaa5967403d082aa24f35e1b516d23)
Start importing Assets/ModernSupermarket/Prefabs/Props/Products/Eggbox12x_7zw3j2_Pack01.prefab using Guid(810e7da2a8d5de347a05ed2811d8313b) Importer(2089858483,0ecaa5967403d082aa24f35e1b516d23) [PhysX] Initialized MultithreadedTaskDispatcher with 16 workers.
 -> (artifact id: '81cd24fc374e5eddf34c7e8afa4bcc1a') in 0.010305 seconds
Number of updated asset objects reloaded before import = 0
Number of asset objects unloaded after import = 8
========================================================================
Received Import Request.
  Time since last request: 0.000019 seconds.
  path: Assets/ModernSupermarket/Prefabs/Props/Products/Sauce_cfrew8_Pack01.prefab
  artifactKey: Guid(c982d8ff38faa7649b84aa5c7887f8af) Importer(2089858483,0ecaa5967403d082aa24f35e1b516d23)
Start importing Assets/ModernSupermarket/Prefabs/Props/Products/Sauce_cfrew8_Pack01.prefab using Guid(c982d8ff38faa7649b84aa5c7887f8af) Importer(2089858483,0ecaa5967403d082aa24f35e1b516d23) [PhysX] Initialized MultithreadedTaskDispatcher with 16 workers.
 -> (artifact id: '5407bb7ea9380541329c2fce89ffb4ba') in 0.011458 seconds
Number of updated asset objects reloaded before import = 0
Number of asset objects unloaded after import = 8
========================================================================
Received Import Request.
  Time since last request: 0.000019 seconds.
  path: Assets/ModernSupermarket/Prefabs/Props/Products/Vase_0p0iky_02.prefab
  artifactKey: Guid(255134726b369ba4b82405c62773b268) Importer(2089858483,0ecaa5967403d082aa24f35e1b516d23)
Start importing Assets/ModernSupermarket/Prefabs/Props/Products/Vase_0p0iky_02.prefab using Guid(255134726b369ba4b82405c62773b268) Importer(2089858483,0ecaa5967403d082aa24f35e1b516d23) [PhysX] Initialized MultithreadedTaskDispatcher with 16 workers.
 -> (artifact id: '4d5258f4dfdb2466964b6d2534eaece4') in 0.011127 seconds
Number of updated asset objects reloaded before import = 0
Number of asset objects unloaded after import = 8
========================================================================
Received Import Request.
  Time since last request: 0.000020 seconds.
  path: Assets/ModernSupermarket/Prefabs/Props/Products/Oil_nutmjk.prefab
  artifactKey: Guid(47ba07d56bfa8b443a299232b8c4a588) Importer(2089858483,0ecaa5967403d082aa24f35e1b516d23)
Start importing Assets/ModernSupermarket/Prefabs/Props/Products/Oil_nutmjk.prefab using Guid(47ba07d56bfa8b443a299232b8c4a588) Importer(2089858483,0ecaa5967403d082aa24f35e1b516d23) [PhysX] Initialized MultithreadedTaskDispatcher with 16 workers.
 -> (artifact id: 'd3531a110b87a54bd33e9b134ab36ee7') in 0.017335 seconds
Number of updated asset objects reloaded before import = 0
Number of asset objects unloaded after import = 8
========================================================================
Received Import Request.
  Time since last request: 0.000018 seconds.
  path: Assets/ModernSupermarket/Prefabs/Props/Products/Paintings_wmgwnw_03.prefab
  artifactKey: Guid(7ada5a4aa15b6f54c91651a6a9f82017) Importer(2089858483,0ecaa5967403d082aa24f35e1b516d23)
Start importing Assets/ModernSupermarket/Prefabs/Props/Products/Paintings_wmgwnw_03.prefab using Guid(7ada5a4aa15b6f54c91651a6a9f82017) Importer(2089858483,0ecaa5967403d082aa24f35e1b516d23) [PhysX] Initialized MultithreadedTaskDispatcher with 16 workers.
 -> (artifact id: 'c2109e9729123e10f7d9bc3ea981febb') in 0.011793 seconds
Number of updated asset objects reloaded before import = 0
Number of asset objects unloaded after import = 8
========================================================================
Received Import Request.
  Time since last request: 0.000017 seconds.
  path: Assets/ModernSupermarket/Prefabs/Props/Products/Shampoo_u15m67_Var04.prefab
  artifactKey: Guid(c1590e1c10cc0394eb64c47e75543371) Importer(2089858483,0ecaa5967403d082aa24f35e1b516d23)
Start importing Assets/ModernSupermarket/Prefabs/Props/Products/Shampoo_u15m67_Var04.prefab using Guid(c1590e1c10cc0394eb64c47e75543371) Importer(2089858483,0ecaa5967403d082aa24f35e1b516d23) [PhysX] Initialized MultithreadedTaskDispatcher with 16 workers.
 -> (artifact id: '40c788aa95162b6cc8d8968d919cab87') in 0.013994 seconds
Number of updated asset objects reloaded before import = 0
Number of asset objects unloaded after import = 15
========================================================================
Received Import Request.
  Time since last request: 0.000021 seconds.
  path: Assets/ModernSupermarket/Prefabs/Props/Products/Soap_1rcsb1.prefab
  artifactKey: Guid(c753ce760b8340749a58f7a713751e33) Importer(2089858483,0ecaa5967403d082aa24f35e1b516d23)
Start importing Assets/ModernSupermarket/Prefabs/Props/Products/Soap_1rcsb1.prefab using Guid(c753ce760b8340749a58f7a713751e33) Importer(2089858483,0ecaa5967403d082aa24f35e1b516d23) [PhysX] Initialized MultithreadedTaskDispatcher with 16 workers.
 -> (artifact id: 'f2bcad084f1ad00b51880dbc6bcaa333') in 0.018479 seconds
Number of updated asset objects reloaded before import = 0
Number of asset objects unloaded after import = 8
========================================================================
Received Import Request.
  Time since last request: 0.000018 seconds.
  path: Assets/ModernSupermarket/Prefabs/Props/Products/JuiceBrick_6ljfy3_Var01.prefab
  artifactKey: Guid(cb0fd31c23b11d840af8e7408a15318a) Importer(2089858483,0ecaa5967403d082aa24f35e1b516d23)
Start importing Assets/ModernSupermarket/Prefabs/Props/Products/JuiceBrick_6ljfy3_Var01.prefab using Guid(cb0fd31c23b11d840af8e7408a15318a) Importer(2089858483,0ecaa5967403d082aa24f35e1b516d23) [PhysX] Initialized MultithreadedTaskDispatcher with 16 workers.
 -> (artifact id: '74aa07622d67d91ea0fda5358c0e1712') in 0.016437 seconds
Number of updated asset objects reloaded before import = 0
Number of asset objects unloaded after import = 16
========================================================================
Received Import Request.
  Time since last request: 0.000016 seconds.
  path: Assets/ModernSupermarket/Prefabs/Props/Products/Pasta_g87jtq_Pack02.prefab
  artifactKey: Guid(8020eeb5a5af97d489ad10a32c4bef91) Importer(2089858483,0ecaa5967403d082aa24f35e1b516d23)
Start importing Assets/ModernSupermarket/Prefabs/Props/Products/Pasta_g87jtq_Pack02.prefab using Guid(8020eeb5a5af97d489ad10a32c4bef91) Importer(2089858483,0ecaa5967403d082aa24f35e1b516d23) [PhysX] Initialized MultithreadedTaskDispatcher with 16 workers.
 -> (artifact id: 'f7abff98048a963ae155c02f160cbde2') in 0.010663 seconds
Number of updated asset objects reloaded before import = 0
Number of asset objects unloaded after import = 8
========================================================================
Received Import Request.
  Time since last request: 0.000024 seconds.
  path: Assets/ModernSupermarket/Prefabs/Props/Products/ToyCar_t5i4lw.prefab
  artifactKey: Guid(81fb66d5a565dc34c8f2933bcf64aedd) Importer(2089858483,0ecaa5967403d082aa24f35e1b516d23)
Start importing Assets/ModernSupermarket/Prefabs/Props/Products/ToyCar_t5i4lw.prefab using Guid(81fb66d5a565dc34c8f2933bcf64aedd) Importer(2089858483,0ecaa5967403d082aa24f35e1b516d23) [PhysX] Initialized MultithreadedTaskDispatcher with 16 workers.
 -> (artifact id: '72ce1898502911f8e2a7db3e79bd7671') in 0.011576 seconds
Number of updated asset objects reloaded before import = 0
Number of asset objects unloaded after import = 8
========================================================================
Received Import Request.
  Time since last request: 0.000032 seconds.
  path: Assets/ModernSupermarket/Prefabs/Props/Products/Teabox_5oq0ki_Var01.prefab
  artifactKey: Guid(ff36437ab5a3a5d4a93610a7cc79ac52) Importer(2089858483,0ecaa5967403d082aa24f35e1b516d23)
Start importing Assets/ModernSupermarket/Prefabs/Props/Products/Teabox_5oq0ki_Var01.prefab using Guid(ff36437ab5a3a5d4a93610a7cc79ac52) Importer(2089858483,0ecaa5967403d082aa24f35e1b516d23) [PhysX] Initialized MultithreadedTaskDispatcher with 16 workers.
 -> (artifact id: '05e37c2b20980224fa5b6242ec4eb25e') in 0.015097 seconds
Number of updated asset objects reloaded before import = 0
Number of asset objects unloaded after import = 16
========================================================================
Received Import Request.
  Time since last request: 0.000019 seconds.
  path: Assets/ModernSupermarket/Prefabs/Props/Products/Vase_0p0iky_03_Var01.prefab
  artifactKey: Guid(7f15dc62a43ded047b80fb16ddb500a0) Importer(2089858483,0ecaa5967403d082aa24f35e1b516d23)
Start importing Assets/ModernSupermarket/Prefabs/Props/Products/Vase_0p0iky_03_Var01.prefab using Guid(7f15dc62a43ded047b80fb16ddb500a0) Importer(2089858483,0ecaa5967403d082aa24f35e1b516d23) [PhysX] Initialized MultithreadedTaskDispatcher with 16 workers.
 -> (artifact id: 'dfcf02e066836f1dcaf75927bf467ffd') in 0.011528 seconds
Number of updated asset objects reloaded before import = 0
Number of asset objects unloaded after import = 16
========================================================================
Received Import Request.
  Time since last request: 0.000017 seconds.
  path: Assets/ModernSupermarket/Prefabs/Props/Products/FrozenPack_t7wenh_Var02.prefab
  artifactKey: Guid(6af64453d1ae7af419b28487eea99522) Importer(2089858483,0ecaa5967403d082aa24f35e1b516d23)
Start importing Assets/ModernSupermarket/Prefabs/Props/Products/FrozenPack_t7wenh_Var02.prefab using Guid(6af64453d1ae7af419b28487eea99522) Importer(2089858483,0ecaa5967403d082aa24f35e1b516d23) [PhysX] Initialized MultithreadedTaskDispatcher with 16 workers.
 -> (artifact id: 'c14e8a9898352e0c8a6156c3683a0318') in 0.017423 seconds
Number of updated asset objects reloaded before import = 0
Number of asset objects unloaded after import = 15
========================================================================
Received Import Request.
  Time since last request: 1.107612 seconds.
  path: Assets/ModernSupermarket/Prefabs/Props/Products/Vase_x3wysg_01_Var01.prefab
  artifactKey: Guid(20ab71cb9f696e347ab14b64fee1a403) Importer(2089858483,0ecaa5967403d082aa24f35e1b516d23)
Start importing Assets/ModernSupermarket/Prefabs/Props/Products/Vase_x3wysg_01_Var01.prefab using Guid(20ab71cb9f696e347ab14b64fee1a403) Importer(2089858483,0ecaa5967403d082aa24f35e1b516d23) [PhysX] Initialized MultithreadedTaskDispatcher with 16 workers.
 -> (artifact id: '47d76fffefcffbbe1b9ec4632622394a') in 0.018796 seconds
Number of updated asset objects reloaded before import = 0
Number of asset objects unloaded after import = 16
========================================================================
Received Import Request.
  Time since last request: 0.000018 seconds.
  path: Assets/ModernSupermarket/Models/Furniture/HeritageStall_0hvi4w/Textures/HeritageStall_0hvi4wVar01_m.png
  artifactKey: Guid(079d6bd668097894db159346b353d229) Importer(2089858483,0ecaa5967403d082aa24f35e1b516d23)
Start importing Assets/ModernSupermarket/Models/Furniture/HeritageStall_0hvi4w/Textures/HeritageStall_0hvi4wVar01_m.png using Guid(079d6bd668097894db159346b353d229) Importer(2089858483,0ecaa5967403d082aa24f35e1b516d23) [PhysX] Initialized MultithreadedTaskDispatcher with 16 workers.
 -> (artifact id: '98eb8a73217128f536dfab3acd72b357') in 0.013595 seconds
Number of updated asset objects reloaded before import = 0
Number of asset objects unloaded after import = 1
========================================================================
Received Import Request.
  Time since last request: 0.000017 seconds.
  path: Assets/ModernSupermarket/Models/Furniture/Fridge_4ttiif/Textures/Fridge_4ttiif_m.png
  artifactKey: Guid(ac1f3912467a3644f9a85f3a43f5cee3) Importer(2089858483,0ecaa5967403d082aa24f35e1b516d23)
Start importing Assets/ModernSupermarket/Models/Furniture/Fridge_4ttiif/Textures/Fridge_4ttiif_m.png using Guid(ac1f3912467a3644f9a85f3a43f5cee3) Importer(2089858483,0ecaa5967403d082aa24f35e1b516d23) [PhysX] Initialized MultithreadedTaskDispatcher with 16 workers.
 -> (artifact id: '7ae63f67ae825abc674e691b19a099b4') in 0.015879 seconds
Number of updated asset objects reloaded before import = 0
Number of asset objects unloaded after import = 1
========================================================================
Received Import Request.
  Time since last request: 0.000017 seconds.
  path: Assets/ModernSupermarket/Prefabs/Props/Utility/Crate_3m39yzVar02.prefab
  artifactKey: Guid(0d5467062b021ad4c8f34710a46b1cf8) Importer(2089858483,0ecaa5967403d082aa24f35e1b516d23)
Start importing Assets/ModernSupermarket/Prefabs/Props/Utility/Crate_3m39yzVar02.prefab using Guid(0d5467062b021ad4c8f34710a46b1cf8) Importer(2089858483,0ecaa5967403d082aa24f35e1b516d23) [PhysX] Initialized MultithreadedTaskDispatcher with 16 workers.
 -> (artifact id: '4cbc46e6a90c0dfab668ed30efa807f6') in 0.030985 seconds
Number of updated asset objects reloaded before import = 0
Number of asset objects unloaded after import = 21
========================================================================
Received Import Request.
  Time since last request: 0.000022 seconds.
  path: Assets/ModernSupermarket/Models/Furniture/Door_1jcm5g/Textures/Door_1jcm5g_n.png
  artifactKey: Guid(aef4a8b83bc8b2c4ebe3758f9e611918) Importer(2089858483,0ecaa5967403d082aa24f35e1b516d23)
Start importing Assets/ModernSupermarket/Models/Furniture/Door_1jcm5g/Textures/Door_1jcm5g_n.png using Guid(aef4a8b83bc8b2c4ebe3758f9e611918) Importer(2089858483,0ecaa5967403d082aa24f35e1b516d23) [PhysX] Initialized MultithreadedTaskDispatcher with 16 workers.
 -> (artifact id: '7c825a0e28c1ced5423ee8e4b3ee9c38') in 0.013877 seconds
Number of updated asset objects reloaded before import = 0
Number of asset objects unloaded after import = 1
========================================================================
Received Import Request.
  Time since last request: 0.000031 seconds.
  path: Assets/ModernSupermarket/Scenes/Scene_Supermarket/Supermarket/OcclusionCullingData.asset
  artifactKey: Guid(0ce31c552e856454cae043b22981dc85) Importer(2089858483,0ecaa5967403d082aa24f35e1b516d23)
Start importing Assets/ModernSupermarket/Scenes/Scene_Supermarket/Supermarket/OcclusionCullingData.asset using Guid(0ce31c552e856454cae043b22981dc85) Importer(2089858483,0ecaa5967403d082aa24f35e1b516d23) [PhysX] Initialized MultithreadedTaskDispatcher with 16 workers.
 -> (artifact id: 'e8a96a42cff7d36472a5a748c7a53ca1') in 0.012082 seconds
Number of updated asset objects reloaded before import = 0
Number of asset objects unloaded after import = 1
========================================================================
Received Import Request.
  Time since last request: 0.000021 seconds.
  path: Assets/ModernSupermarket/Models/Furniture/Fridge_f13xen/Textures/Fridge_f13xen_n.png
  artifactKey: Guid(a58058d154397e7489914f09277bdb9d) Importer(2089858483,0ecaa5967403d082aa24f35e1b516d23)
Start importing Assets/ModernSupermarket/Models/Furniture/Fridge_f13xen/Textures/Fridge_f13xen_n.png using Guid(a58058d154397e7489914f09277bdb9d) Importer(2089858483,0ecaa5967403d082aa24f35e1b516d23) [PhysX] Initialized MultithreadedTaskDispatcher with 16 workers.
 -> (artifact id: '3f47f7f5dcb066d73efe562a37625fef') in 0.014814 seconds
Number of updated asset objects reloaded before import = 0
Number of asset objects unloaded after import = 1
========================================================================
Received Import Request.
  Time since last request: 0.000028 seconds.
  path: Assets/TextMesh Pro/Examples & Extras/Resources/Fonts & Materials/Bangers SDF Logo.mat
  artifactKey: Guid(f4e195ac1e204eff960149d1cb34e18c) Importer(2089858483,0ecaa5967403d082aa24f35e1b516d23)
Start importing Assets/TextMesh Pro/Examples & Extras/Resources/Fonts & Materials/Bangers SDF Logo.mat using Guid(f4e195ac1e204eff960149d1cb34e18c) Importer(2089858483,0ecaa5967403d082aa24f35e1b516d23) [PhysX] Initialized MultithreadedTaskDispatcher with 16 workers.
 -> (artifact id: 'c779eb68b691a4b454c6be578fe7039d') in 0.017485 seconds
Number of updated asset objects reloaded before import = 0
Number of asset objects unloaded after import = 4
========================================================================
Received Import Request.
  Time since last request: 0.000019 seconds.
  path: Assets/ModernSupermarket/Models/Furniture/Slate_t3iq3t/Textures/Slate_t3iq3t_o.png
  artifactKey: Guid(c013d60205636b24db55efa2d1c74661) Importer(2089858483,0ecaa5967403d082aa24f35e1b516d23)
Start importing Assets/ModernSupermarket/Models/Furniture/Slate_t3iq3t/Textures/Slate_t3iq3t_o.png using Guid(c013d60205636b24db55efa2d1c74661) Importer(2089858483,0ecaa5967403d082aa24f35e1b516d23) [PhysX] Initialized MultithreadedTaskDispatcher with 16 workers.
 -> (artifact id: 'd3a55115dae0cf7f16b3e152eee99575') in 0.015318 seconds
Number of updated asset objects reloaded before import = 0
Number of asset objects unloaded after import = 1
========================================================================
Received Import Request.
  Time since last request: 0.000017 seconds.
  path: Assets/ModernSupermarket/Models/Furniture/Sign_9jlt52/Textures/Sign_9jlt52_Var01_a.png
  artifactKey: Guid(68b6f5f1e55a8184da766c436b66ad5a) Importer(2089858483,0ecaa5967403d082aa24f35e1b516d23)
Start importing Assets/ModernSupermarket/Models/Furniture/Sign_9jlt52/Textures/Sign_9jlt52_Var01_a.png using Guid(68b6f5f1e55a8184da766c436b66ad5a) Importer(2089858483,0ecaa5967403d082aa24f35e1b516d23) [PhysX] Initialized MultithreadedTaskDispatcher with 16 workers.
 -> (artifact id: 'c87d6716a76a86e4c579e1628a61e6c6') in 0.012986 seconds
Number of updated asset objects reloaded before import = 0
Number of asset objects unloaded after import = 1
========================================================================
Received Import Request.
  Time since last request: 0.000016 seconds.
  path: Assets/ModernSupermarket/Prefabs/Props/Utility/Computer_dfc1a9.prefab
  artifactKey: Guid(426d15d03e2abe74c94795931a49e950) Importer(2089858483,0ecaa5967403d082aa24f35e1b516d23)
Start importing Assets/ModernSupermarket/Prefabs/Props/Utility/Computer_dfc1a9.prefab using Guid(426d15d03e2abe74c94795931a49e950) Importer(2089858483,0ecaa5967403d082aa24f35e1b516d23) [PhysX] Initialized MultithreadedTaskDispatcher with 16 workers.
 -> (artifact id: '2a4cb98b222b502c6845e0261ac424ff') in 0.010399 seconds
Number of updated asset objects reloaded before import = 0
Number of asset objects unloaded after import = 25
========================================================================
Received Import Request.
  Time since last request: 0.000019 seconds.
  path: Assets/ModernSupermarket/Scenes/Scene_Supermarket/Supermarket/Lightmap-2_comp_light.exr
  artifactKey: Guid(4dec5b7fbcaa3804ea9d417a1ac487a8) Importer(2089858483,0ecaa5967403d082aa24f35e1b516d23)
Start importing Assets/ModernSupermarket/Scenes/Scene_Supermarket/Supermarket/Lightmap-2_comp_light.exr using Guid(4dec5b7fbcaa3804ea9d417a1ac487a8) Importer(2089858483,0ecaa5967403d082aa24f35e1b516d23) [PhysX] Initialized MultithreadedTaskDispatcher with 16 workers.
 -> (artifact id: 'd4fe5c3141031de8a49b4b58b6afab45') in 0.045515 seconds
Number of updated asset objects reloaded before import = 0
Number of asset objects unloaded after import = 1
========================================================================
Received Import Request.
  Time since last request: 0.000031 seconds.
  path: Assets/ModernSupermarket/Models/Furniture/Neon_dwd6wi/textures/Neon_dwd6wi_m.png
  artifactKey: Guid(3ef03eed79e3c5b469bb7fc12748f306) Importer(2089858483,0ecaa5967403d082aa24f35e1b516d23)
Start importing Assets/ModernSupermarket/Models/Furniture/Neon_dwd6wi/textures/Neon_dwd6wi_m.png using Guid(3ef03eed79e3c5b469bb7fc12748f306) Importer(2089858483,0ecaa5967403d082aa24f35e1b516d23) [PhysX] Initialized MultithreadedTaskDispatcher with 16 workers.
 -> (artifact id: 'e08d4b93f178bdb01f3dc9dc89347be2') in 0.012704 seconds
Number of updated asset objects reloaded before import = 0
Number of asset objects unloaded after import = 1
========================================================================
Received Import Request.
  Time since last request: 0.000016 seconds.
  path: Assets/ModernSupermarket/Models/Furniture/Door_c5bu08/Textures/Door_c5bu08_n.png
  artifactKey: Guid(d474bd2aa380f2a42b006629bdf88656) Importer(2089858483,0ecaa5967403d082aa24f35e1b516d23)
Start importing Assets/ModernSupermarket/Models/Furniture/Door_c5bu08/Textures/Door_c5bu08_n.png using Guid(d474bd2aa380f2a42b006629bdf88656) Importer(2089858483,0ecaa5967403d082aa24f35e1b516d23) [PhysX] Initialized MultithreadedTaskDispatcher with 16 workers.
 -> (artifact id: '9df3e3757431933eb3e2a7385f3d0a32') in 0.012700 seconds
Number of updated asset objects reloaded before import = 0
Number of asset objects unloaded after import = 1
========================================================================
Received Import Request.
  Time since last request: 0.000020 seconds.
  path: Assets/ModernSupermarket/Models/Furniture/Sign_04h2fw/Textures/Sign_04h2fw_Dairy_a.png
  artifactKey: Guid(e30f39668caade9469c38fee1f2d0c2b) Importer(2089858483,0ecaa5967403d082aa24f35e1b516d23)
Start importing Assets/ModernSupermarket/Models/Furniture/Sign_04h2fw/Textures/Sign_04h2fw_Dairy_a.png using Guid(e30f39668caade9469c38fee1f2d0c2b) Importer(2089858483,0ecaa5967403d082aa24f35e1b516d23) [PhysX] Initialized MultithreadedTaskDispatcher with 16 workers.
 -> (artifact id: 'd3cae67ea88d4b702a1e0ebb0dc8247c') in 0.012944 seconds
Number of updated asset objects reloaded before import = 0
Number of asset objects unloaded after import = 1
========================================================================
Received Import Request.
  Time since last request: 0.000017 seconds.
  path: Assets/ModernSupermarket/Models/Furniture/Sign_04h2fw/Textures/Sign_04h2fw_Produce_a.png
  artifactKey: Guid(f21ef1150518bf54994f7ecd371dc41b) Importer(2089858483,0ecaa5967403d082aa24f35e1b516d23)
Start importing Assets/ModernSupermarket/Models/Furniture/Sign_04h2fw/Textures/Sign_04h2fw_Produce_a.png using Guid(f21ef1150518bf54994f7ecd371dc41b) Importer(2089858483,0ecaa5967403d082aa24f35e1b516d23) [PhysX] Initialized MultithreadedTaskDispatcher with 16 workers.
 -> (artifact id: 'be5d8dfda22e52f8ce653c9fcaf24428') in 0.012245 seconds
Number of updated asset objects reloaded before import = 0
Number of asset objects unloaded after import = 1
========================================================================
Received Import Request.
  Time since last request: 0.000028 seconds.
  path: Assets/ModernSupermarket/Models/Furniture/Slate_t3iq3t/Textures/Slate_t3iq3t_m.png
  artifactKey: Guid(e620361f31aa816489cffb97321f9301) Importer(2089858483,0ecaa5967403d082aa24f35e1b516d23)
Start importing Assets/ModernSupermarket/Models/Furniture/Slate_t3iq3t/Textures/Slate_t3iq3t_m.png using Guid(e620361f31aa816489cffb97321f9301) Importer(2089858483,0ecaa5967403d082aa24f35e1b516d23) [PhysX] Initialized MultithreadedTaskDispatcher with 16 workers.
 -> (artifact id: '3b4e1de5a989bc217ae2a35d31caaeae') in 0.013917 seconds
Number of updated asset objects reloaded before import = 0
Number of asset objects unloaded after import = 1
========================================================================
Received Import Request.
  Time since last request: 0.000020 seconds.
  path: Assets/ModernSupermarket/Prefabs/Props/Utility/Stool_6jdl8x.prefab
  artifactKey: Guid(9f762af9995a18a42887fd6eb1c98571) Importer(2089858483,0ecaa5967403d082aa24f35e1b516d23)
Start importing Assets/ModernSupermarket/Prefabs/Props/Utility/Stool_6jdl8x.prefab using Guid(9f762af9995a18a42887fd6eb1c98571) Importer(2089858483,0ecaa5967403d082aa24f35e1b516d23) [PhysX] Initialized MultithreadedTaskDispatcher with 16 workers.
 -> (artifact id: '62e7274c7e8b8befd894b0c71873e80e') in 0.011859 seconds
Number of updated asset objects reloaded before import = 0
Number of asset objects unloaded after import = 8
========================================================================
Received Import Request.
  Time since last request: 0.000030 seconds.
  path: Assets/ModernSupermarket/Prefabs/Props/Products/WineBottle_2b6kjh_Pack01_Var01.prefab
  artifactKey: Guid(148f1e1dc80bf6347a0f65403bedaa44) Importer(2089858483,0ecaa5967403d082aa24f35e1b516d23)
Start importing Assets/ModernSupermarket/Prefabs/Props/Products/WineBottle_2b6kjh_Pack01_Var01.prefab using Guid(148f1e1dc80bf6347a0f65403bedaa44) Importer(2089858483,0ecaa5967403d082aa24f35e1b516d23) [PhysX] Initialized MultithreadedTaskDispatcher with 16 workers.
 -> (artifact id: '1d55b1a8773c3e75ead2a885111678e9') in 0.014320 seconds
Number of updated asset objects reloaded before import = 0
Number of asset objects unloaded after import = 15
========================================================================
Received Import Request.
  Time since last request: 0.000017 seconds.
  path: Assets/ModernSupermarket/Models/Furniture/Fridge_4ttiif/Textures/Fridge_4ttiif_sss.png
  artifactKey: Guid(931ec8d04407349428061edcbddb0522) Importer(2089858483,0ecaa5967403d082aa24f35e1b516d23)
Start importing Assets/ModernSupermarket/Models/Furniture/Fridge_4ttiif/Textures/Fridge_4ttiif_sss.png using Guid(931ec8d04407349428061edcbddb0522) Importer(2089858483,0ecaa5967403d082aa24f35e1b516d23) [PhysX] Initialized MultithreadedTaskDispatcher with 16 workers.
 -> (artifact id: '234e291cf32cad1b324f78bfadbdc3f7') in 0.021368 seconds
Number of updated asset objects reloaded before import = 0
Number of asset objects unloaded after import = 1
========================================================================
Received Import Request.
  Time since last request: 0.000017 seconds.
  path: Assets/TextMesh Pro/Examples & Extras/Resources/Fonts & Materials/Bangers SDF.asset
  artifactKey: Guid(125cb55b44b24c4393181402bc6200e6) Importer(2089858483,0ecaa5967403d082aa24f35e1b516d23)
Start importing Assets/TextMesh Pro/Examples & Extras/Resources/Fonts & Materials/Bangers SDF.asset using Guid(125cb55b44b24c4393181402bc6200e6) Importer(2089858483,0ecaa5967403d082aa24f35e1b516d23) [PhysX] Initialized MultithreadedTaskDispatcher with 16 workers.
 -> (artifact id: '31a587314e18016ae8b99c7e2ce887a3') in 0.024379 seconds
Number of updated asset objects reloaded before import = 0
Number of asset objects unloaded after import = 5
========================================================================
Received Import Request.
  Time since last request: 0.000042 seconds.
  path: Assets/ModernSupermarket/Textures/Skybox/HDRi/HDRi02.hdr
  artifactKey: Guid(205ac03f238c0a54889a449704a96c1c) Importer(2089858483,0ecaa5967403d082aa24f35e1b516d23)
Start importing Assets/ModernSupermarket/Textures/Skybox/HDRi/HDRi02.hdr using Guid(205ac03f238c0a54889a449704a96c1c) Importer(2089858483,0ecaa5967403d082aa24f35e1b516d23) [PhysX] Initialized MultithreadedTaskDispatcher with 16 workers.
 -> (artifact id: 'ed1c9eae430ebf402136913b58eb2ff5') in 0.054017 seconds
Number of updated asset objects reloaded before import = 0
Number of asset objects unloaded after import = 1
========================================================================
Received Import Request.
  Time since last request: 0.000021 seconds.
  path: Assets/ModernSupermarket/Prefabs/Props/Products/WineBottle_2b6kjh_Pack02_Var01.prefab
  artifactKey: Guid(da955762f862cd748a2d1a3546dbadb7) Importer(2089858483,0ecaa5967403d082aa24f35e1b516d23)
Start importing Assets/ModernSupermarket/Prefabs/Props/Products/WineBottle_2b6kjh_Pack02_Var01.prefab using Guid(da955762f862cd748a2d1a3546dbadb7) Importer(2089858483,0ecaa5967403d082aa24f35e1b516d23) [PhysX] Initialized MultithreadedTaskDispatcher with 16 workers.
 -> (artifact id: '9b31a70115700625ddd8cceb756cc6e4') in 0.013954 seconds
Number of updated asset objects reloaded before import = 0
Number of asset objects unloaded after import = 15
========================================================================
Received Import Request.
  Time since last request: 0.000020 seconds.
  path: Assets/ModernSupermarket/Scenes/Scene_Supermarket/Supermarket/LightingData.asset
  artifactKey: Guid(5614b5a8ee5e20e47a51df2ed5d23600) Importer(2089858483,0ecaa5967403d082aa24f35e1b516d23)
Start importing Assets/ModernSupermarket/Scenes/Scene_Supermarket/Supermarket/LightingData.asset using Guid(5614b5a8ee5e20e47a51df2ed5d23600) Importer(2089858483,0ecaa5967403d082aa24f35e1b516d23) [PhysX] Initialized MultithreadedTaskDispatcher with 16 workers.
 -> (artifact id: '895b6d39240fc264b225fd2953e12b55') in 0.009566 seconds
Number of updated asset objects reloaded before import = 0
Number of asset objects unloaded after import = 2
========================================================================
Received Import Request.
  Time since last request: 0.000032 seconds.
  path: Assets/ModernSupermarket/Textures/Surfaces/Concrete_nlqhws/Concrete_nlqhws_n.png
  artifactKey: Guid(677fd2ed25155c44187777669f63d048) Importer(2089858483,0ecaa5967403d082aa24f35e1b516d23)
Start importing Assets/ModernSupermarket/Textures/Surfaces/Concrete_nlqhws/Concrete_nlqhws_n.png using Guid(677fd2ed25155c44187777669f63d048) Importer(2089858483,0ecaa5967403d082aa24f35e1b516d23) [PhysX] Initialized MultithreadedTaskDispatcher with 16 workers.
 -> (artifact id: 'f8d89ec047841a56c4056f9567d9c5e8') in 0.014672 seconds
Number of updated asset objects reloaded before import = 0
Number of asset objects unloaded after import = 1
========================================================================
Received Import Request.
  Time since last request: 0.000021 seconds.
  path: Assets/ModernSupermarket/Textures/Surfaces/TileFloor_j8qkl9/TileFloor_j8qkl9_n.png
  artifactKey: Guid(a89273aca61610241982f8bb419974c2) Importer(2089858483,0ecaa5967403d082aa24f35e1b516d23)
Start importing Assets/ModernSupermarket/Textures/Surfaces/TileFloor_j8qkl9/TileFloor_j8qkl9_n.png using Guid(a89273aca61610241982f8bb419974c2) Importer(2089858483,0ecaa5967403d082aa24f35e1b516d23) [PhysX] Initialized MultithreadedTaskDispatcher with 16 workers.
 -> (artifact id: '86cb3ce3bdaaccd8a9ab0d851e40caf2') in 0.059215 seconds
Number of updated asset objects reloaded before import = 0
Number of asset objects unloaded after import = 1
========================================================================
Received Import Request.
  Time since last request: 0.000020 seconds.
  path: Assets/ModernSupermarket/Prefabs/Props/Utility/Basket_o52iei.prefab
  artifactKey: Guid(2b387ac1c5b680840ad976977c5e81a0) Importer(2089858483,0ecaa5967403d082aa24f35e1b516d23)
Start importing Assets/ModernSupermarket/Prefabs/Props/Utility/Basket_o52iei.prefab using Guid(2b387ac1c5b680840ad976977c5e81a0) Importer(2089858483,0ecaa5967403d082aa24f35e1b516d23) [PhysX] Initialized MultithreadedTaskDispatcher with 16 workers.
 -> (artifact id: '756dd233c6f44c89c3fd816e7574bdba') in 0.010591 seconds
Number of updated asset objects reloaded before import = 0
Number of asset objects unloaded after import = 15
========================================================================
Received Import Request.
  Time since last request: 0.000032 seconds.
  path: Assets/ModernSupermarket/Models/Furniture/Checkout_4295b5/Textures/Checkout_4295b5_n.png
  artifactKey: Guid(d948d433b827c0a41b674edcf9cf43aa) Importer(2089858483,0ecaa5967403d082aa24f35e1b516d23)
Start importing Assets/ModernSupermarket/Models/Furniture/Checkout_4295b5/Textures/Checkout_4295b5_n.png using Guid(d948d433b827c0a41b674edcf9cf43aa) Importer(2089858483,0ecaa5967403d082aa24f35e1b516d23) [PhysX] Initialized MultithreadedTaskDispatcher with 16 workers.
 -> (artifact id: 'aec18a3832ace84f3e2a34ade9d34728') in 0.014800 seconds
Number of updated asset objects reloaded before import = 0
Number of asset objects unloaded after import = 1
========================================================================
Received Import Request.
  Time since last request: 0.000017 seconds.
  path: Assets/ModernSupermarket/Models/Furniture/Fridge_f13xen/Textures/Fridge_f13xen_e.png
  artifactKey: Guid(ad4368e90a22f764885e9a7483f55984) Importer(2089858483,0ecaa5967403d082aa24f35e1b516d23)
Start importing Assets/ModernSupermarket/Models/Furniture/Fridge_f13xen/Textures/Fridge_f13xen_e.png using Guid(ad4368e90a22f764885e9a7483f55984) Importer(2089858483,0ecaa5967403d082aa24f35e1b516d23) [PhysX] Initialized MultithreadedTaskDispatcher with 16 workers.
 -> (artifact id: '9b2439c82aa6b8af2fd3775a91664b92') in 0.014421 seconds
Number of updated asset objects reloaded before import = 0
Number of asset objects unloaded after import = 1
========================================================================
Received Import Request.
  Time since last request: 0.000019 seconds.
  path: Assets/ModernSupermarket/Models/Furniture/Neon_dwd6wi/textures/Neon_dwd6wi_n.png
  artifactKey: Guid(c6c462780225e8b4d8fb11b33942dc53) Importer(2089858483,0ecaa5967403d082aa24f35e1b516d23)
Start importing Assets/ModernSupermarket/Models/Furniture/Neon_dwd6wi/textures/Neon_dwd6wi_n.png using Guid(c6c462780225e8b4d8fb11b33942dc53) Importer(2089858483,0ecaa5967403d082aa24f35e1b516d23) [PhysX] Initialized MultithreadedTaskDispatcher with 16 workers.
 -> (artifact id: '79df834a1f81e55f70ccbf7373daa433') in 0.014161 seconds
Number of updated asset objects reloaded before import = 0
Number of asset objects unloaded after import = 1
========================================================================
Received Import Request.
  Time since last request: 0.000018 seconds.
  path: Assets/ModernSupermarket/Models/Furniture/Fridge_4ttiif/Textures/Fridge_4ttiif_r.png
  artifactKey: Guid(abe34480a05bccf45b9143dc809910cb) Importer(2089858483,0ecaa5967403d082aa24f35e1b516d23)
Start importing Assets/ModernSupermarket/Models/Furniture/Fridge_4ttiif/Textures/Fridge_4ttiif_r.png using Guid(abe34480a05bccf45b9143dc809910cb) Importer(2089858483,0ecaa5967403d082aa24f35e1b516d23) [PhysX] Initialized MultithreadedTaskDispatcher with 16 workers.
 -> (artifact id: 'c2b2a432b1c92cd89f6b54211e3c18aa') in 0.022248 seconds
Number of updated asset objects reloaded before import = 0
Number of asset objects unloaded after import = 1
========================================================================
Received Import Request.
  Time since last request: 0.000020 seconds.
  path: Assets/ModernSupermarket/Prefabs/Props/Utility/Crate_7qf4hw.prefab
  artifactKey: Guid(6b96e1c342edbbe4190b03178f199220) Importer(2089858483,0ecaa5967403d082aa24f35e1b516d23)
Start importing Assets/ModernSupermarket/Prefabs/Props/Utility/Crate_7qf4hw.prefab using Guid(6b96e1c342edbbe4190b03178f199220) Importer(2089858483,0ecaa5967403d082aa24f35e1b516d23) [PhysX] Initialized MultithreadedTaskDispatcher with 16 workers.
 -> (artifact id: 'eee5dd0982b14a8bb93809cd92fd867d') in 0.014007 seconds
Number of updated asset objects reloaded before import = 0
Number of asset objects unloaded after import = 8
========================================================================
Received Import Request.
  Time since last request: 0.000021 seconds.
  path: Assets/ModernSupermarket/Textures/Surfaces/Ceiling_ei180i/Ceiling_ei180i_m.png
  artifactKey: Guid(d91821f0ff2032440ab143d24fce6502) Importer(2089858483,0ecaa5967403d082aa24f35e1b516d23)
Start importing Assets/ModernSupermarket/Textures/Surfaces/Ceiling_ei180i/Ceiling_ei180i_m.png using Guid(d91821f0ff2032440ab143d24fce6502) Importer(2089858483,0ecaa5967403d082aa24f35e1b516d23) [PhysX] Initialized MultithreadedTaskDispatcher with 16 workers.
 -> (artifact id: '0841863acbed5d2c87ad36437f1a830b') in 0.022402 seconds
Number of updated asset objects reloaded before import = 0
Number of asset objects unloaded after import = 1
========================================================================
Received Import Request.
  Time since last request: 0.000019 seconds.
  path: Assets/ModernSupermarket/Models/Furniture/Shelf_hler4q/Textures/Shelf_hler4q_m.png
  artifactKey: Guid(fbb2c2a9d9cf03f4cb0b24fc3ef8976d) Importer(2089858483,0ecaa5967403d082aa24f35e1b516d23)
Start importing Assets/ModernSupermarket/Models/Furniture/Shelf_hler4q/Textures/Shelf_hler4q_m.png using Guid(fbb2c2a9d9cf03f4cb0b24fc3ef8976d) Importer(2089858483,0ecaa5967403d082aa24f35e1b516d23) [PhysX] Initialized MultithreadedTaskDispatcher with 16 workers.
 -> (artifact id: '7e9a5bb8c46cd6f933a4a65f97464371') in 0.014717 seconds
Number of updated asset objects reloaded before import = 0
Number of asset objects unloaded after import = 1
========================================================================
Received Import Request.
  Time since last request: 0.000018 seconds.
  path: Assets/TextMesh Pro/Examples & Extras/Resources/Fonts & Materials/Bangers SDF Glow.mat
  artifactKey: Guid(d75b8f41e959450c84ac6e967084d3e1) Importer(2089858483,0ecaa5967403d082aa24f35e1b516d23)
Start importing Assets/TextMesh Pro/Examples & Extras/Resources/Fonts & Materials/Bangers SDF Glow.mat using Guid(d75b8f41e959450c84ac6e967084d3e1) Importer(2089858483,0ecaa5967403d082aa24f35e1b516d23) [PhysX] Initialized MultithreadedTaskDispatcher with 16 workers.
 -> (artifact id: 'e723e24249a5f5dafea28db2fbc40c81') in 0.011609 seconds
Number of updated asset objects reloaded before import = 0
Number of asset objects unloaded after import = 3
========================================================================
Received Import Request.
  Time since last request: 0.000022 seconds.
  path: Assets/ModernSupermarket/Prefabs/Props/Products/Yoghurt_rk7lsf_Var02.prefab
  artifactKey: Guid(b1582a84a2b6f2f4e8fd381c6e4bb902) Importer(2089858483,0ecaa5967403d082aa24f35e1b516d23)
Start importing Assets/ModernSupermarket/Prefabs/Props/Products/Yoghurt_rk7lsf_Var02.prefab using Guid(b1582a84a2b6f2f4e8fd381c6e4bb902) Importer(2089858483,0ecaa5967403d082aa24f35e1b516d23) [PhysX] Initialized MultithreadedTaskDispatcher with 16 workers.
 -> (artifact id: '180227aabcc125d40e383594a0f845c9') in 0.016359 seconds
Number of updated asset objects reloaded before import = 0
Number of asset objects unloaded after import = 21
========================================================================
Received Import Request.
  Time since last request: 0.000019 seconds.
  path: Assets/ModernSupermarket/Textures/Surfaces/TileFloor_j8qkl9/TileFloor_j8qkl9_o.png
  artifactKey: Guid(31e63ea62081e354581636a6c1c04b8c) Importer(2089858483,0ecaa5967403d082aa24f35e1b516d23)
Start importing Assets/ModernSupermarket/Textures/Surfaces/TileFloor_j8qkl9/TileFloor_j8qkl9_o.png using Guid(31e63ea62081e354581636a6c1c04b8c) Importer(2089858483,0ecaa5967403d082aa24f35e1b516d23) [PhysX] Initialized MultithreadedTaskDispatcher with 16 workers.
 -> (artifact id: '4bcd21992d5c3fe98a04eccee4ac4744') in 0.018058 seconds
Number of updated asset objects reloaded before import = 0
Number of asset objects unloaded after import = 1
========================================================================
Received Import Request.
  Time since last request: 0.000018 seconds.
  path: Assets/ModernSupermarket/Prefabs/Props/Products/WineBottle_2b6kjh_Pack02.prefab
  artifactKey: Guid(f71511dd7c7ed0e49ba73c8f0057effb) Importer(2089858483,0ecaa5967403d082aa24f35e1b516d23)
Start importing Assets/ModernSupermarket/Prefabs/Props/Products/WineBottle_2b6kjh_Pack02.prefab using Guid(f71511dd7c7ed0e49ba73c8f0057effb) Importer(2089858483,0ecaa5967403d082aa24f35e1b516d23) [PhysX] Initialized MultithreadedTaskDispatcher with 16 workers.
 -> (artifact id: '74a6465b4b17999ef3406be4c223c23c') in 0.012404 seconds
Number of updated asset objects reloaded before import = 0
Number of asset objects unloaded after import = 8
========================================================================
Received Import Request.
  Time since last request: 0.000022 seconds.
  path: Assets/ModernSupermarket/Textures/Surfaces/TileFloor_n3y6kl/TileFloor_n3y6kl_a.png
  artifactKey: Guid(41d8bd1f75e21fa4abf59d2ce4649a92) Importer(2089858483,0ecaa5967403d082aa24f35e1b516d23)
Start importing Assets/ModernSupermarket/Textures/Surfaces/TileFloor_n3y6kl/TileFloor_n3y6kl_a.png using Guid(41d8bd1f75e21fa4abf59d2ce4649a92) Importer(2089858483,0ecaa5967403d082aa24f35e1b516d23) [PhysX] Initialized MultithreadedTaskDispatcher with 16 workers.
 -> (artifact id: '9a92eab95ece5f05e97a9069dcda8e25') in 0.016245 seconds
Number of updated asset objects reloaded before import = 0
Number of asset objects unloaded after import = 1
========================================================================
Received Import Request.
  Time since last request: 0.000019 seconds.
  path: Assets/ModernSupermarket/Models/Furniture/Door_c5bu08/Textures/Door_c5bu08_o.png
  artifactKey: Guid(8092ea968eb09c44bb8301444f128dc7) Importer(2089858483,0ecaa5967403d082aa24f35e1b516d23)
Start importing Assets/ModernSupermarket/Models/Furniture/Door_c5bu08/Textures/Door_c5bu08_o.png using Guid(8092ea968eb09c44bb8301444f128dc7) Importer(2089858483,0ecaa5967403d082aa24f35e1b516d23) [PhysX] Initialized MultithreadedTaskDispatcher with 16 workers.
 -> (artifact id: '4ed87b9644256e82a36d4ec45299bdf5') in 0.013429 seconds
Number of updated asset objects reloaded before import = 0
Number of asset objects unloaded after import = 1
========================================================================
Received Import Request.
  Time since last request: 0.000024 seconds.
  path: Assets/ModernSupermarket/Prefabs/Props/Products/WineBottle_2b6kjh_Pack01.prefab
  artifactKey: Guid(54435621f4735d440893831dc3a4db6e) Importer(2089858483,0ecaa5967403d082aa24f35e1b516d23)
Start importing Assets/ModernSupermarket/Prefabs/Props/Products/WineBottle_2b6kjh_Pack01.prefab using Guid(54435621f4735d440893831dc3a4db6e) Importer(2089858483,0ecaa5967403d082aa24f35e1b516d23) [PhysX] Initialized MultithreadedTaskDispatcher with 16 workers.
 -> (artifact id: 'f0a1c2d624275513e4bc34e9d20e217a') in 0.011336 seconds
Number of updated asset objects reloaded before import = 0
Number of asset objects unloaded after import = 8
========================================================================
Received Import Request.
  Time since last request: 0.000038 seconds.
  path: Assets/ModernSupermarket/Models/Furniture/Door_o8w2gy/Textures/Door_o8w2gy_o.png
  artifactKey: Guid(eb2d5fd5509f30b45b1749565be49a86) Importer(2089858483,0ecaa5967403d082aa24f35e1b516d23)
Start importing Assets/ModernSupermarket/Models/Furniture/Door_o8w2gy/Textures/Door_o8w2gy_o.png using Guid(eb2d5fd5509f30b45b1749565be49a86) Importer(2089858483,0ecaa5967403d082aa24f35e1b516d23) [PhysX] Initialized MultithreadedTaskDispatcher with 16 workers.
 -> (artifact id: 'f980693c67b59f8202f78c882b1c6888') in 0.013795 seconds
Number of updated asset objects reloaded before import = 0
Number of asset objects unloaded after import = 1
========================================================================
Received Import Request.
  Time since last request: 0.000019 seconds.
  path: Assets/ModernSupermarket/Models/Furniture/Checkout_gueqmj/Textures/Checkout_gueqmj_o.png
  artifactKey: Guid(e99580dbc173d59479658c5a0afd59b3) Importer(2089858483,0ecaa5967403d082aa24f35e1b516d23)
Start importing Assets/ModernSupermarket/Models/Furniture/Checkout_gueqmj/Textures/Checkout_gueqmj_o.png using Guid(e99580dbc173d59479658c5a0afd59b3) Importer(2089858483,0ecaa5967403d082aa24f35e1b516d23) [PhysX] Initialized MultithreadedTaskDispatcher with 16 workers.
 -> (artifact id: '8b20ff0ccf4bb33a704afbcb90f1d4f8') in 0.012284 seconds
Number of updated asset objects reloaded before import = 0
Number of asset objects unloaded after import = 1
========================================================================
Received Import Request.
  Time since last request: 0.000023 seconds.
  path: Assets/ModernSupermarket/Models/Furniture/Shelf_kicg9f/Textures/Shelf_kicg9f_o.png
  artifactKey: Guid(250e1dbf3226d1f44b42812ada2b08c3) Importer(2089858483,0ecaa5967403d082aa24f35e1b516d23)
Start importing Assets/ModernSupermarket/Models/Furniture/Shelf_kicg9f/Textures/Shelf_kicg9f_o.png using Guid(250e1dbf3226d1f44b42812ada2b08c3) Importer(2089858483,0ecaa5967403d082aa24f35e1b516d23) [PhysX] Initialized MultithreadedTaskDispatcher with 16 workers.
 -> (artifact id: '60f191f2898a1b3290094c565809e999') in 0.014725 seconds
Number of updated asset objects reloaded before import = 0
Number of asset objects unloaded after import = 1
========================================================================
Received Import Request.
  Time since last request: 0.000019 seconds.
  path: Assets/ModernSupermarket/Models/Furniture/HeritageStall_0hvi4w/Textures/HeritageStall_0hvi4w_m.png
  artifactKey: Guid(cb45c0d39a1cb3e4296b790348485b60) Importer(2089858483,0ecaa5967403d082aa24f35e1b516d23)
Start importing Assets/ModernSupermarket/Models/Furniture/HeritageStall_0hvi4w/Textures/HeritageStall_0hvi4w_m.png using Guid(cb45c0d39a1cb3e4296b790348485b60) Importer(2089858483,0ecaa5967403d082aa24f35e1b516d23) [PhysX] Initialized MultithreadedTaskDispatcher with 16 workers.
 -> (artifact id: '0a96adefb51158d887f3b6253e98d9c9') in 0.014158 seconds
Number of updated asset objects reloaded before import = 0
Number of asset objects unloaded after import = 1
========================================================================
Received Import Request.
  Time since last request: 0.000023 seconds.
  path: Assets/ModernSupermarket/Models/Furniture/Checkout_gueqmj/Textures/Checkout_gueqmj_n.png
  artifactKey: Guid(fae6c4244793e0f49b87ef1bb013d295) Importer(2089858483,0ecaa5967403d082aa24f35e1b516d23)
Start importing Assets/ModernSupermarket/Models/Furniture/Checkout_gueqmj/Textures/Checkout_gueqmj_n.png using Guid(fae6c4244793e0f49b87ef1bb013d295) Importer(2089858483,0ecaa5967403d082aa24f35e1b516d23) [PhysX] Initialized MultithreadedTaskDispatcher with 16 workers.
 -> (artifact id: 'c0459dd23a526e7b24319327b8c325aa') in 0.015187 seconds
Number of updated asset objects reloaded before import = 0
Number of asset objects unloaded after import = 1
========================================================================
Received Import Request.
  Time since last request: 0.000019 seconds.
  path: Assets/ModernSupermarket/Models/Furniture/Freezer_9olxw5/Textures/Freezer_9olxw5_a.png
  artifactKey: Guid(3b0351c75a59a704cb7d2b9ae743a2d4) Importer(2089858483,0ecaa5967403d082aa24f35e1b516d23)
Start importing Assets/ModernSupermarket/Models/Furniture/Freezer_9olxw5/Textures/Freezer_9olxw5_a.png using Guid(3b0351c75a59a704cb7d2b9ae743a2d4) Importer(2089858483,0ecaa5967403d082aa24f35e1b516d23) [PhysX] Initialized MultithreadedTaskDispatcher with 16 workers.
 -> (artifact id: 'd63f55039b202abbc3e4246935ba0fa0') in 0.013299 seconds
Number of updated asset objects reloaded before import = 0
Number of asset objects unloaded after import = 1
========================================================================
Received Import Request.
  Time since last request: 0.000017 seconds.
  path: Assets/ModernSupermarket/Models/Furniture/Fridge_4ttiif/Textures/Fridge_4ttiif_n.png
  artifactKey: Guid(c0649ca3f89c5c6449530e5f4b0128cc) Importer(2089858483,0ecaa5967403d082aa24f35e1b516d23)
Start importing Assets/ModernSupermarket/Models/Furniture/Fridge_4ttiif/Textures/Fridge_4ttiif_n.png using Guid(c0649ca3f89c5c6449530e5f4b0128cc) Importer(2089858483,0ecaa5967403d082aa24f35e1b516d23) [PhysX] Initialized MultithreadedTaskDispatcher with 16 workers.
 -> (artifact id: '6f06d8f70b68c4dc04cb2c37f3af0ed4') in 0.014168 seconds
Number of updated asset objects reloaded before import = 0
Number of asset objects unloaded after import = 1
========================================================================
Received Import Request.
  Time since last request: 0.000019 seconds.
  path: Assets/ModernSupermarket/Prefabs/Props/Utility/Scale_av1k2p.prefab
  artifactKey: Guid(e75f6260963da8840b8d67ae1a78250e) Importer(2089858483,0ecaa5967403d082aa24f35e1b516d23)
Start importing Assets/ModernSupermarket/Prefabs/Props/Utility/Scale_av1k2p.prefab using Guid(e75f6260963da8840b8d67ae1a78250e) Importer(2089858483,0ecaa5967403d082aa24f35e1b516d23) [PhysX] Initialized MultithreadedTaskDispatcher with 16 workers.
 -> (artifact id: '5490c5aafd30e6e0cb40ce6470826ce7') in 0.011294 seconds
Number of updated asset objects reloaded before import = 0
Number of asset objects unloaded after import = 8
========================================================================
Received Import Request.
  Time since last request: 0.000018 seconds.
  path: Assets/ModernSupermarket/Prefabs/Props/Utility/Neon_dwd6wi.prefab
  artifactKey: Guid(ff833f93911fe224382ad102b43d2c61) Importer(2089858483,0ecaa5967403d082aa24f35e1b516d23)
Start importing Assets/ModernSupermarket/Prefabs/Props/Utility/Neon_dwd6wi.prefab using Guid(ff833f93911fe224382ad102b43d2c61) Importer(2089858483,0ecaa5967403d082aa24f35e1b516d23) [PhysX] Initialized MultithreadedTaskDispatcher with 16 workers.
 -> (artifact id: '7235b01e628ffea3d28b0298fb6f3fd5') in 0.009667 seconds
Number of updated asset objects reloaded before import = 0
Number of asset objects unloaded after import = 11
========================================================================
Received Import Request.
  Time since last request: 0.000022 seconds.
  path: Assets/ModernSupermarket/Models/Furniture/Shelf_6h7vop/Textures/Shelf_6h7vop_o.png
  artifactKey: Guid(7a64e77614563c54182a08fe0db3fe98) Importer(2089858483,0ecaa5967403d082aa24f35e1b516d23)
Start importing Assets/ModernSupermarket/Models/Furniture/Shelf_6h7vop/Textures/Shelf_6h7vop_o.png using Guid(7a64e77614563c54182a08fe0db3fe98) Importer(2089858483,0ecaa5967403d082aa24f35e1b516d23) [PhysX] Initialized MultithreadedTaskDispatcher with 16 workers.
 -> (artifact id: 'edc4611df651464097a448d93caf4d75') in 0.012473 seconds
Number of updated asset objects reloaded before import = 0
Number of asset objects unloaded after import = 1
========================================================================
Received Import Request.
  Time since last request: 0.000022 seconds.
  path: Assets/ModernSupermarket/Models/Furniture/Fridge_f13xen/Textures/Fridge_f13xen_a.png
  artifactKey: Guid(7b22d286b785f15499c4ebccace38c33) Importer(2089858483,0ecaa5967403d082aa24f35e1b516d23)
Start importing Assets/ModernSupermarket/Models/Furniture/Fridge_f13xen/Textures/Fridge_f13xen_a.png using Guid(7b22d286b785f15499c4ebccace38c33) Importer(2089858483,0ecaa5967403d082aa24f35e1b516d23) [PhysX] Initialized MultithreadedTaskDispatcher with 16 workers.
 -> (artifact id: 'b0c3ea368dd8bfa35a3eee14d2c6a8b3') in 0.014892 seconds
Number of updated asset objects reloaded before import = 0
Number of asset objects unloaded after import = 1
========================================================================
Received Import Request.
  Time since last request: 0.826797 seconds.
  path: Assets/ModernSupermarket/Models/Furniture/Stall_6f5bo1/Textures/Stall_6f5bo1_m.png
  artifactKey: Guid(4390abdc07755844eb0ef1b74cfede1c) Importer(2089858483,0ecaa5967403d082aa24f35e1b516d23)
Start importing Assets/ModernSupermarket/Models/Furniture/Stall_6f5bo1/Textures/Stall_6f5bo1_m.png using Guid(4390abdc07755844eb0ef1b74cfede1c) Importer(2089858483,0ecaa5967403d082aa24f35e1b516d23) [PhysX] Initialized MultithreadedTaskDispatcher with 16 workers.
 -> (artifact id: '2088976d6dcce2f4928f3dddd2b53569') in 0.013940 seconds
Number of updated asset objects reloaded before import = 0
Number of asset objects unloaded after import = 1
========================================================================
Received Import Request.
  Time since last request: 0.000018 seconds.
  path: Assets/ModernSupermarket/Models/Props/Products/Sauce_cfrew8/Sauce_cfrew8.fbx
  artifactKey: Guid(543e2704914a7e74ca9a724363c0e81e) Importer(2089858483,0ecaa5967403d082aa24f35e1b516d23)
Start importing Assets/ModernSupermarket/Models/Props/Products/Sauce_cfrew8/Sauce_cfrew8.fbx using Guid(543e2704914a7e74ca9a724363c0e81e) Importer(2089858483,0ecaa5967403d082aa24f35e1b516d23) [PhysX] Initialized MultithreadedTaskDispatcher with 16 workers.
 -> (artifact id: '794862b4f59054a82988c7d307402812') in 0.013334 seconds
Number of updated asset objects reloaded before import = 0
Number of asset objects unloaded after import = 7
========================================================================
Received Import Request.
  Time since last request: 0.000017 seconds.
  path: Assets/ModernSupermarket/Models/Props/Products/EggBox4x_nbzek2/EggBox4x_nbzek2_Pack01.fbx
  artifactKey: Guid(be77b3cb0ffdd5f43acacafacdf95203) Importer(2089858483,0ecaa5967403d082aa24f35e1b516d23)
Start importing Assets/ModernSupermarket/Models/Props/Products/EggBox4x_nbzek2/EggBox4x_nbzek2_Pack01.fbx using Guid(be77b3cb0ffdd5f43acacafacdf95203) Importer(2089858483,0ecaa5967403d082aa24f35e1b516d23) [PhysX] Initialized MultithreadedTaskDispatcher with 16 workers.
 -> (artifact id: '8fb4da518757f83d93aa89c5e34deb20') in 0.013372 seconds
Number of updated asset objects reloaded before import = 0
Number of asset objects unloaded after import = 7
========================================================================
Received Import Request.
  Time since last request: 0.000016 seconds.
  path: Assets/ModernSupermarket/Models/Props/Products/WaterPack_mqmuh7/WaterBottle_cbaimv.fbx
  artifactKey: Guid(e2edde20d76eb914497bd8f16e516117) Importer(2089858483,0ecaa5967403d082aa24f35e1b516d23)
Start importing Assets/ModernSupermarket/Models/Props/Products/WaterPack_mqmuh7/WaterBottle_cbaimv.fbx using Guid(e2edde20d76eb914497bd8f16e516117) Importer(2089858483,0ecaa5967403d082aa24f35e1b516d23) [PhysX] Initialized MultithreadedTaskDispatcher with 16 workers.
 -> (artifact id: '8c5476357ac60ea3de2b5e351dc9fc07') in 0.014016 seconds
Number of updated asset objects reloaded before import = 0
Number of asset objects unloaded after import = 7
========================================================================
Received Import Request.
  Time since last request: 0.000022 seconds.
  path: Assets/ModernSupermarket/Models/Furniture/Door_c5bu08/Textures/Materials/Door_c5bu08.mat
  artifactKey: Guid(317bc8ccadc079545877cb3ddaa1f337) Importer(2089858483,0ecaa5967403d082aa24f35e1b516d23)
Start importing Assets/ModernSupermarket/Models/Furniture/Door_c5bu08/Textures/Materials/Door_c5bu08.mat using Guid(317bc8ccadc079545877cb3ddaa1f337) Importer(2089858483,0ecaa5967403d082aa24f35e1b516d23) [PhysX] Initialized MultithreadedTaskDispatcher with 16 workers.
 -> (artifact id: '10f4cae0f48748f6de1f56522633af1e') in 0.022491 seconds
Number of updated asset objects reloaded before import = 0
Number of asset objects unloaded after import = 4
========================================================================
Received Import Request.
  Time since last request: 0.000030 seconds.
  path: Assets/ModernSupermarket/Models/Props/Products/SweetJar_alnwix/SweetJar_alnwix_Pack01.fbx
  artifactKey: Guid(ed42c501051731a4e84a34666a3e6827) Importer(2089858483,0ecaa5967403d082aa24f35e1b516d23)
Start importing Assets/ModernSupermarket/Models/Props/Products/SweetJar_alnwix/SweetJar_alnwix_Pack01.fbx using Guid(ed42c501051731a4e84a34666a3e6827) Importer(2089858483,0ecaa5967403d082aa24f35e1b516d23) [PhysX] Initialized MultithreadedTaskDispatcher with 16 workers.
 -> (artifact id: 'e73aa9d600639c69969dd62e73d89170') in 0.015579 seconds
Number of updated asset objects reloaded before import = 0
Number of asset objects unloaded after import = 7
========================================================================
Received Import Request.
  Time since last request: 0.000050 seconds.
  path: Assets/ModernSupermarket/Models/Furniture/Grid_kdypaf/Textures/Materials/Grid_kdypaf.mat
  artifactKey: Guid(5cede6b27d167fe4784c64596ba028fb) Importer(2089858483,0ecaa5967403d082aa24f35e1b516d23)
Start importing Assets/ModernSupermarket/Models/Furniture/Grid_kdypaf/Textures/Materials/Grid_kdypaf.mat using Guid(5cede6b27d167fe4784c64596ba028fb) Importer(2089858483,0ecaa5967403d082aa24f35e1b516d23) [PhysX] Initialized MultithreadedTaskDispatcher with 16 workers.
 -> (artifact id: '5d9d7d89fbd4251d0b43d61fafab32a7') in 0.013551 seconds
Number of updated asset objects reloaded before import = 0
Number of asset objects unloaded after import = 2
========================================================================
Received Import Request.
  Time since last request: 0.000018 seconds.
  path: Assets/ModernSupermarket/Models/Furniture/Vent_9y3yo/Textures/Vent_9y3yod_n.png
  artifactKey: Guid(36ee15e4f3ede274ebe6f966ca685bf0) Importer(2089858483,0ecaa5967403d082aa24f35e1b516d23)
Start importing Assets/ModernSupermarket/Models/Furniture/Vent_9y3yo/Textures/Vent_9y3yod_n.png using Guid(36ee15e4f3ede274ebe6f966ca685bf0) Importer(2089858483,0ecaa5967403d082aa24f35e1b516d23) [PhysX] Initialized MultithreadedTaskDispatcher with 16 workers.
 -> (artifact id: '63d09301d687a0cf7b517ae03fee718c') in 0.015481 seconds
Number of updated asset objects reloaded before import = 0
Number of asset objects unloaded after import = 1
========================================================================
Received Import Request.
  Time since last request: 0.000021 seconds.
  path: Assets/ModernSupermarket/Textures/Skybox/HDRi/Materials/HDRi02.mat
  artifactKey: Guid(cd7524bd25fd7464a8d3dcf4fdd687b3) Importer(2089858483,0ecaa5967403d082aa24f35e1b516d23)
Start importing Assets/ModernSupermarket/Textures/Skybox/HDRi/Materials/HDRi02.mat using Guid(cd7524bd25fd7464a8d3dcf4fdd687b3) Importer(2089858483,0ecaa5967403d082aa24f35e1b516d23) [PhysX] Initialized MultithreadedTaskDispatcher with 16 workers.
 -> (artifact id: 'b236b75cb35a5cbc034227a23600e46f') in 0.020584 seconds
Number of updated asset objects reloaded before import = 0
Number of asset objects unloaded after import = 2
========================================================================
Received Import Request.
  Time since last request: 0.000023 seconds.
  path: Assets/ModernSupermarket/Models/Props/Products/Cleanser_7dsib5/Cleanser_7dsib5.fbx
  artifactKey: Guid(84e45c7132945764e831bd13af12cd04) Importer(2089858483,0ecaa5967403d082aa24f35e1b516d23)
Start importing Assets/ModernSupermarket/Models/Props/Products/Cleanser_7dsib5/Cleanser_7dsib5.fbx using Guid(84e45c7132945764e831bd13af12cd04) Importer(2089858483,0ecaa5967403d082aa24f35e1b516d23) [PhysX] Initialized MultithreadedTaskDispatcher with 16 workers.
 -> (artifact id: '2b892137a46606a280d1909631142276') in 0.011554 seconds
Number of updated asset objects reloaded before import = 0
Number of asset objects unloaded after import = 7
========================================================================
Received Import Request.
  Time since last request: 0.000021 seconds.
  path: Assets/ModernSupermarket/Models/Props/Products/Cake_p6lebj/Cake_p6lebj_Pack01.fbx
  artifactKey: Guid(16a22b0ac9383da409b468b46a8d61fe) Importer(2089858483,0ecaa5967403d082aa24f35e1b516d23)
Start importing Assets/ModernSupermarket/Models/Props/Products/Cake_p6lebj/Cake_p6lebj_Pack01.fbx using Guid(16a22b0ac9383da409b468b46a8d61fe) Importer(2089858483,0ecaa5967403d082aa24f35e1b516d23) [PhysX] Initialized MultithreadedTaskDispatcher with 16 workers.
 -> (artifact id: 'fbff3e3c233f27deb57cb0981b574ba6') in 0.015754 seconds
Number of updated asset objects reloaded before import = 0
Number of asset objects unloaded after import = 7
========================================================================
Received Import Request.
  Time since last request: 0.000017 seconds.
  path: Assets/ModernSupermarket/Models/Props/Produce/Zucchini_z21819/Zucchini_z21819.fbx
  artifactKey: Guid(7916e867594c65348882e8dd68c41a07) Importer(2089858483,0ecaa5967403d082aa24f35e1b516d23)
Start importing Assets/ModernSupermarket/Models/Props/Produce/Zucchini_z21819/Zucchini_z21819.fbx using Guid(7916e867594c65348882e8dd68c41a07) Importer(2089858483,0ecaa5967403d082aa24f35e1b516d23) [PhysX] Initialized MultithreadedTaskDispatcher with 16 workers.
 -> (artifact id: '53be8a1a9fe1bec23ddda0d0b16f8758') in 0.013010 seconds
Number of updated asset objects reloaded before import = 0
Number of asset objects unloaded after import = 7
========================================================================
Received Import Request.
  Time since last request: 0.000017 seconds.
  path: Assets/ModernSupermarket/Models/Props/Products/Soda_7gwg2t/Soda_7gwg2t_Pack01.fbx
  artifactKey: Guid(547ce14db7a892241b5a67c6251f0f21) Importer(2089858483,0ecaa5967403d082aa24f35e1b516d23)
Start importing Assets/ModernSupermarket/Models/Props/Products/Soda_7gwg2t/Soda_7gwg2t_Pack01.fbx using Guid(547ce14db7a892241b5a67c6251f0f21) Importer(2089858483,0ecaa5967403d082aa24f35e1b516d23) [PhysX] Initialized MultithreadedTaskDispatcher with 16 workers.
 -> (artifact id: 'd8e72ccac654f1069156bd1acf18e934') in 0.014945 seconds
Number of updated asset objects reloaded before import = 0
Number of asset objects unloaded after import = 7
========================================================================
Received Import Request.
  Time since last request: 0.000016 seconds.
  path: Assets/ModernSupermarket/Models/Props/Products/Shampoo_u15m67/Shampoo_u15m67.fbx
  artifactKey: Guid(5132869ff15f3864e94d5119f60e93de) Importer(2089858483,0ecaa5967403d082aa24f35e1b516d23)
Start importing Assets/ModernSupermarket/Models/Props/Products/Shampoo_u15m67/Shampoo_u15m67.fbx using Guid(5132869ff15f3864e94d5119f60e93de) Importer(2089858483,0ecaa5967403d082aa24f35e1b516d23) [PhysX] Initialized MultithreadedTaskDispatcher with 16 workers.
 -> (artifact id: 'e43ed0883d28c533414db036a3f93908') in 0.013673 seconds
Number of updated asset objects reloaded before import = 0
Number of asset objects unloaded after import = 7
========================================================================
Received Import Request.
  Time since last request: 0.000016 seconds.
  path: Assets/ModernSupermarket/Models/Props/Products/Capsule_rk7lsf/Capsule_rk7lsf_Pack01.fbx
  artifactKey: Guid(2c2b9dbf66220a24d8f627b831bd88d1) Importer(2089858483,0ecaa5967403d082aa24f35e1b516d23)
Start importing Assets/ModernSupermarket/Models/Props/Products/Capsule_rk7lsf/Capsule_rk7lsf_Pack01.fbx using Guid(2c2b9dbf66220a24d8f627b831bd88d1) Importer(2089858483,0ecaa5967403d082aa24f35e1b516d23) [PhysX] Initialized MultithreadedTaskDispatcher with 16 workers.
 -> (artifact id: '54f044955acec52cda02f3cee43c0893') in 0.014323 seconds
Number of updated asset objects reloaded before import = 0
Number of asset objects unloaded after import = 7
========================================================================
Received Import Request.
  Time since last request: 0.000020 seconds.
  path: Assets/ModernSupermarket/Models/Props/Products/Sugar_o0f6pn/Sugar_o0f6pn.fbx
  artifactKey: Guid(a7ea8752612a1ab4a901083757fa977a) Importer(2089858483,0ecaa5967403d082aa24f35e1b516d23)
Start importing Assets/ModernSupermarket/Models/Props/Products/Sugar_o0f6pn/Sugar_o0f6pn.fbx using Guid(a7ea8752612a1ab4a901083757fa977a) Importer(2089858483,0ecaa5967403d082aa24f35e1b516d23) [PhysX] Initialized MultithreadedTaskDispatcher with 16 workers.
 -> (artifact id: 'ea9bce27376dc717221c70625473e53c') in 0.013624 seconds
Number of updated asset objects reloaded before import = 0
Number of asset objects unloaded after import = 7
========================================================================
Received Import Request.
  Time since last request: 0.000021 seconds.
  path: Assets/ModernSupermarket/Models/Props/Products/CansPack_f98qxo/CansPack_f98qxo_Pack01.fbx
  artifactKey: Guid(b1f3b8455f98a784197c19e305d2f260) Importer(2089858483,0ecaa5967403d082aa24f35e1b516d23)
Start importing Assets/ModernSupermarket/Models/Props/Products/CansPack_f98qxo/CansPack_f98qxo_Pack01.fbx using Guid(b1f3b8455f98a784197c19e305d2f260) Importer(2089858483,0ecaa5967403d082aa24f35e1b516d23) [PhysX] Initialized MultithreadedTaskDispatcher with 16 workers.
 -> (artifact id: '30d31bcd575c4ac020355f4b34115c55') in 0.016928 seconds
Number of updated asset objects reloaded before import = 0
Number of asset objects unloaded after import = 7
========================================================================
Received Import Request.
  Time since last request: 0.000017 seconds.
  path: Assets/ModernSupermarket/Models/Furniture/Freezer_9olxw5/Textures/Materials/Freezer_9olxw5.mat
  artifactKey: Guid(32ef1c30e31af5446b9109e7a4cdc727) Importer(2089858483,0ecaa5967403d082aa24f35e1b516d23)
Start importing Assets/ModernSupermarket/Models/Furniture/Freezer_9olxw5/Textures/Materials/Freezer_9olxw5.mat using Guid(32ef1c30e31af5446b9109e7a4cdc727) Importer(2089858483,0ecaa5967403d082aa24f35e1b516d23) [PhysX] Initialized MultithreadedTaskDispatcher with 16 workers.
 -> (artifact id: 'c43b9830d8c7f977305d7f123f57a387') in 0.014852 seconds
Number of updated asset objects reloaded before import = 0
Number of asset objects unloaded after import = 5
========================================================================
Received Import Request.
  Time since last request: 0.000018 seconds.
  path: Assets/ModernSupermarket/Models/Props/Products/Soda_d7rdw9/Soda_d7rdw9.fbx
  artifactKey: Guid(5e6d2eb09e567aa48907df86dc62cc7f) Importer(2089858483,0ecaa5967403d082aa24f35e1b516d23)
Start importing Assets/ModernSupermarket/Models/Props/Products/Soda_d7rdw9/Soda_d7rdw9.fbx using Guid(5e6d2eb09e567aa48907df86dc62cc7f) Importer(2089858483,0ecaa5967403d082aa24f35e1b516d23) [PhysX] Initialized MultithreadedTaskDispatcher with 16 workers.
 -> (artifact id: 'c13192dfc3c98b13ddfecdbdb019e26c') in 0.013492 seconds
Number of updated asset objects reloaded before import = 0
Number of asset objects unloaded after import = 7
========================================================================
Received Import Request.
  Time since last request: 0.000018 seconds.
  path: Assets/ModernSupermarket/Models/Props/Produce/Clementine_7okhg9/Clementine_7okhg9.fbx
  artifactKey: Guid(fef32c5a71b08ed42b5402ba7299df10) Importer(2089858483,0ecaa5967403d082aa24f35e1b516d23)
Start importing Assets/ModernSupermarket/Models/Props/Produce/Clementine_7okhg9/Clementine_7okhg9.fbx using Guid(fef32c5a71b08ed42b5402ba7299df10) Importer(2089858483,0ecaa5967403d082aa24f35e1b516d23) [PhysX] Initialized MultithreadedTaskDispatcher with 16 workers.
 -> (artifact id: '1a38f7fb46125768091725c99a99f73a') in 0.012710 seconds
Number of updated asset objects reloaded before import = 0
Number of asset objects unloaded after import = 7
========================================================================
Received Import Request.
  Time since last request: 0.000025 seconds.
  path: Assets/ModernSupermarket/Models/Props/Products/WhippedCream_wm5t5v/WhippedCream_wm5t5v_Pack01.fbx
  artifactKey: Guid(2a5fe9b9a2a7d89409e3c4311650c90a) Importer(2089858483,0ecaa5967403d082aa24f35e1b516d23)
Start importing Assets/ModernSupermarket/Models/Props/Products/WhippedCream_wm5t5v/WhippedCream_wm5t5v_Pack01.fbx using Guid(2a5fe9b9a2a7d89409e3c4311650c90a) Importer(2089858483,0ecaa5967403d082aa24f35e1b516d23) [PhysX] Initialized MultithreadedTaskDispatcher with 16 workers.
 -> (artifact id: '062d1d1f2c0ab0a5e034b2a8b100dc76') in 0.020579 seconds
Number of updated asset objects reloaded before import = 0
Number of asset objects unloaded after import = 7
========================================================================
Received Import Request.
  Time since last request: 0.000016 seconds.
  path: Assets/ModernSupermarket/Models/Props/Products/Flour_ckgfmu/Flour_ckgfmu.fbx
  artifactKey: Guid(b175a2ed1190dbd41a90baba65fbb10e) Importer(2089858483,0ecaa5967403d082aa24f35e1b516d23)
Start importing Assets/ModernSupermarket/Models/Props/Products/Flour_ckgfmu/Flour_ckgfmu.fbx using Guid(b175a2ed1190dbd41a90baba65fbb10e) Importer(2089858483,0ecaa5967403d082aa24f35e1b516d23) [PhysX] Initialized MultithreadedTaskDispatcher with 16 workers.
 -> (artifact id: '6a4415bd137a0411ebd0549df33c616e') in 0.014356 seconds
Number of updated asset objects reloaded before import = 0
Number of asset objects unloaded after import = 7
========================================================================
Received Import Request.
  Time since last request: 0.000020 seconds.
  path: Assets/ModernSupermarket/Models/Props/Products/Oil_751tp2/Oil_751tp2_Pack01.fbx
  artifactKey: Guid(30a0a19e3e10357469a88a9287a119a8) Importer(2089858483,0ecaa5967403d082aa24f35e1b516d23)
Start importing Assets/ModernSupermarket/Models/Props/Products/Oil_751tp2/Oil_751tp2_Pack01.fbx using Guid(30a0a19e3e10357469a88a9287a119a8) Importer(2089858483,0ecaa5967403d082aa24f35e1b516d23) [PhysX] Initialized MultithreadedTaskDispatcher with 16 workers.
 -> (artifact id: '4ad07bd2e5e5fd6f2fb0ffd71dab8f66') in 0.014845 seconds
Number of updated asset objects reloaded before import = 0
Number of asset objects unloaded after import = 7
========================================================================
Received Import Request.
  Time since last request: 0.000017 seconds.
  path: Assets/ModernSupermarket/Models/Props/Utility/FireExtinguisher_ha3jqe/FireExtinguisher_ha3jqe.fbx
  artifactKey: Guid(30a80a4f6b55b544bb6086b867fa0bec) Importer(2089858483,0ecaa5967403d082aa24f35e1b516d23)
Start importing Assets/ModernSupermarket/Models/Props/Utility/FireExtinguisher_ha3jqe/FireExtinguisher_ha3jqe.fbx using Guid(30a80a4f6b55b544bb6086b867fa0bec) Importer(2089858483,0ecaa5967403d082aa24f35e1b516d23) [PhysX] Initialized MultithreadedTaskDispatcher with 16 workers.
 -> (artifact id: '450eca6e4af2b6c5fad8e7d85cb8c475') in 0.015804 seconds
Number of updated asset objects reloaded before import = 0
Number of asset objects unloaded after import = 7
========================================================================
Received Import Request.
  Time since last request: 0.000018 seconds.
  path: Assets/ModernSupermarket/Textures/Surfaces/TileFloor_n3y6kl/Materials/TileFloor_n3y6kl.mat
  artifactKey: Guid(96586b865b767f8498e5b369e8d5add5) Importer(2089858483,0ecaa5967403d082aa24f35e1b516d23)
Start importing Assets/ModernSupermarket/Textures/Surfaces/TileFloor_n3y6kl/Materials/TileFloor_n3y6kl.mat using Guid(96586b865b767f8498e5b369e8d5add5) Importer(2089858483,0ecaa5967403d082aa24f35e1b516d23) [PhysX] Initialized MultithreadedTaskDispatcher with 16 workers.
 -> (artifact id: '4320320bce04a58ab24dd6f93fe08bc4') in 0.037891 seconds
Number of updated asset objects reloaded before import = 0
Number of asset objects unloaded after import = 4
========================================================================
Received Import Request.
  Time since last request: 0.000024 seconds.
  path: Assets/ModernSupermarket/Models/Props/Produce/Banana_zjs4oz/Banana_zjs4oz.fbx
  artifactKey: Guid(f966d5372e29f6d4e9bc8efd0e5f2323) Importer(2089858483,0ecaa5967403d082aa24f35e1b516d23)
Start importing Assets/ModernSupermarket/Models/Props/Produce/Banana_zjs4oz/Banana_zjs4oz.fbx using Guid(f966d5372e29f6d4e9bc8efd0e5f2323) Importer(2089858483,0ecaa5967403d082aa24f35e1b516d23) [PhysX] Initialized MultithreadedTaskDispatcher with 16 workers.
 -> (artifact id: 'dedb46020a6f2d6f00e8859b67201711') in 0.013770 seconds
Number of updated asset objects reloaded before import = 0
Number of asset objects unloaded after import = 7
========================================================================
Received Import Request.
  Time since last request: 0.000018 seconds.
  path: Assets/ModernSupermarket/Models/Props/Produce/Grapefruit_mrfrpw/Grapefruit_mrfrpw_Pack01.fbx
  artifactKey: Guid(c9426d9979d601d4b8eadc6213337ef6) Importer(2089858483,0ecaa5967403d082aa24f35e1b516d23)
Start importing Assets/ModernSupermarket/Models/Props/Produce/Grapefruit_mrfrpw/Grapefruit_mrfrpw_Pack01.fbx using Guid(c9426d9979d601d4b8eadc6213337ef6) Importer(2089858483,0ecaa5967403d082aa24f35e1b516d23) [PhysX] Initialized MultithreadedTaskDispatcher with 16 workers.
 -> (artifact id: 'd03b896163fda2dc9cdfc060bd7c2c4f') in 0.013453 seconds
Number of updated asset objects reloaded before import = 0
Number of asset objects unloaded after import = 7
========================================================================
Received Import Request.
  Time since last request: 0.000016 seconds.
  path: Assets/ModernSupermarket/Models/Props/Products/Capsule_xrahaz/Capsule_xrahaz.fbx
  artifactKey: Guid(91f81608476479d42ae6cc9d6d982e5b) Importer(2089858483,0ecaa5967403d082aa24f35e1b516d23)
Start importing Assets/ModernSupermarket/Models/Props/Products/Capsule_xrahaz/Capsule_xrahaz.fbx using Guid(91f81608476479d42ae6cc9d6d982e5b) Importer(2089858483,0ecaa5967403d082aa24f35e1b516d23) [PhysX] Initialized MultithreadedTaskDispatcher with 16 workers.
 -> (artifact id: 'bd679254d5a00d173ddb3a4c1dec7940') in 0.012252 seconds
Number of updated asset objects reloaded before import = 0
Number of asset objects unloaded after import = 7
========================================================================
Received Import Request.
  Time since last request: 0.000019 seconds.
  path: Assets/ModernSupermarket/Models/Props/Products/Teabox_5oq0ki/Teabox_5oq0ki_Pack01.fbx
  artifactKey: Guid(7d1237ea70e50f64892939773dd500b3) Importer(2089858483,0ecaa5967403d082aa24f35e1b516d23)
Start importing Assets/ModernSupermarket/Models/Props/Products/Teabox_5oq0ki/Teabox_5oq0ki_Pack01.fbx using Guid(7d1237ea70e50f64892939773dd500b3) Importer(2089858483,0ecaa5967403d082aa24f35e1b516d23) [PhysX] Initialized MultithreadedTaskDispatcher with 16 workers.
 -> (artifact id: '1306db3ab4b0350d90fc22cebc1f415e') in 0.013859 seconds
Number of updated asset objects reloaded before import = 0
Number of asset objects unloaded after import = 7
========================================================================
Received Import Request.
  Time since last request: 0.000016 seconds.
  path: Assets/ModernSupermarket/Models/Props/Utility/WetFloor_fxi59q/WetFloor_fxi59q.fbx
  artifactKey: Guid(cafc63df12400a2499c87b51afe94133) Importer(2089858483,0ecaa5967403d082aa24f35e1b516d23)
Start importing Assets/ModernSupermarket/Models/Props/Utility/WetFloor_fxi59q/WetFloor_fxi59q.fbx using Guid(cafc63df12400a2499c87b51afe94133) Importer(2089858483,0ecaa5967403d082aa24f35e1b516d23) [PhysX] Initialized MultithreadedTaskDispatcher with 16 workers.
 -> (artifact id: '8bfcfaf9aa151524479a8fdddb4ebe58') in 0.013417 seconds
Number of updated asset objects reloaded before import = 0
Number of asset objects unloaded after import = 7
========================================================================
Received Import Request.
  Time since last request: 0.000014 seconds.
  path: Assets/ModernSupermarket/Models/Props/Products/Soda_f6b9gw/Soda_f6b9gw_Pack01.fbx
  artifactKey: Guid(eca399c5d34cb2f4b8ef752766c884de) Importer(2089858483,0ecaa5967403d082aa24f35e1b516d23)
Start importing Assets/ModernSupermarket/Models/Props/Products/Soda_f6b9gw/Soda_f6b9gw_Pack01.fbx using Guid(eca399c5d34cb2f4b8ef752766c884de) Importer(2089858483,0ecaa5967403d082aa24f35e1b516d23) [PhysX] Initialized MultithreadedTaskDispatcher with 16 workers.
 -> (artifact id: 'c8c742bc2adb95245d2dbfa0941bbfbc') in 0.012991 seconds
Number of updated asset objects reloaded before import = 0
Number of asset objects unloaded after import = 7
========================================================================
Received Import Request.
  Time since last request: 0.000017 seconds.
  path: Assets/ModernSupermarket/Models/Props/Products/Salt_9we170/Salt_9we170.fbx
  artifactKey: Guid(89cb8f0e794b91244a12880d41fadaa6) Importer(2089858483,0ecaa5967403d082aa24f35e1b516d23)
Start importing Assets/ModernSupermarket/Models/Props/Products/Salt_9we170/Salt_9we170.fbx using Guid(89cb8f0e794b91244a12880d41fadaa6) Importer(2089858483,0ecaa5967403d082aa24f35e1b516d23) [PhysX] Initialized MultithreadedTaskDispatcher with 16 workers.
 -> (artifact id: '63fb60b0f27d9bf4dac30e3ac1690b23') in 0.013927 seconds
Number of updated asset objects reloaded before import = 0
Number of asset objects unloaded after import = 8
========================================================================
Received Import Request.
  Time since last request: 0.000017 seconds.
  path: Assets/ModernSupermarket/Models/Furniture/Stall_94wthk/Textures/Stall_94wthk_o.png
  artifactKey: Guid(13c9ef406d17db54a89217055294d082) Importer(2089858483,0ecaa5967403d082aa24f35e1b516d23)
Start importing Assets/ModernSupermarket/Models/Furniture/Stall_94wthk/Textures/Stall_94wthk_o.png using Guid(13c9ef406d17db54a89217055294d082) Importer(2089858483,0ecaa5967403d082aa24f35e1b516d23) [PhysX] Initialized MultithreadedTaskDispatcher with 16 workers.
 -> (artifact id: 'ee5db70b179c53564ef8b258d8eda3d9') in 0.013758 seconds
Number of updated asset objects reloaded before import = 0
Number of asset objects unloaded after import = 1
========================================================================
Received Import Request.
  Time since last request: 0.000175 seconds.
  path: Assets/ModernSupermarket/Models/Furniture/Fridge_4ttiif/Textures/Materials/Fridge_4ttiif.mat
  artifactKey: Guid(2f0a5cc018c0b144c8122974fdf2b9d9) Importer(2089858483,0ecaa5967403d082aa24f35e1b516d23)
Start importing Assets/ModernSupermarket/Models/Furniture/Fridge_4ttiif/Textures/Materials/Fridge_4ttiif.mat using Guid(2f0a5cc018c0b144c8122974fdf2b9d9) Importer(2089858483,0ecaa5967403d082aa24f35e1b516d23) [PhysX] Initialized MultithreadedTaskDispatcher with 16 workers.
 -> (artifact id: '6d0c7955a4227c377924a16ff0f7e151') in 0.015775 seconds
Number of updated asset objects reloaded before import = 0
Number of asset objects unloaded after import = 6
========================================================================
Received Import Request.
  Time since last request: 0.000019 seconds.
  path: Assets/ModernSupermarket/Models/Props/Products/WhippedCream_wm5t5v/WhippedCream_wm5t5v.fbx
  artifactKey: Guid(d6d2f815dd9329a4cb0bf7790cb3186e) Importer(2089858483,0ecaa5967403d082aa24f35e1b516d23)
Start importing Assets/ModernSupermarket/Models/Props/Products/WhippedCream_wm5t5v/WhippedCream_wm5t5v.fbx using Guid(d6d2f815dd9329a4cb0bf7790cb3186e) Importer(2089858483,0ecaa5967403d082aa24f35e1b516d23) [PhysX] Initialized MultithreadedTaskDispatcher with 16 workers.
 -> (artifact id: 'e56c2ba480b122381a4119bef2b81a57') in 0.020362 seconds
Number of updated asset objects reloaded before import = 0
Number of asset objects unloaded after import = 8
========================================================================
Received Import Request.
  Time since last request: 0.000020 seconds.
  path: Assets/ModernSupermarket/Models/Props/Products/MeatTray_fbw8xf/MeatTray_fbw8xf_Pack01.fbx
  artifactKey: Guid(155d452cbb1fb474799dc9b05d27c123) Importer(2089858483,0ecaa5967403d082aa24f35e1b516d23)
Start importing Assets/ModernSupermarket/Models/Props/Products/MeatTray_fbw8xf/MeatTray_fbw8xf_Pack01.fbx using Guid(155d452cbb1fb474799dc9b05d27c123) Importer(2089858483,0ecaa5967403d082aa24f35e1b516d23) [PhysX] Initialized MultithreadedTaskDispatcher with 16 workers.
 -> (artifact id: '0d0252721afeec4bb35097c6eef2efd0') in 0.017581 seconds
Number of updated asset objects reloaded before import = 0
Number of asset objects unloaded after import = 7
========================================================================
Received Import Request.
  Time since last request: 0.000023 seconds.
  path: Assets/ModernSupermarket/Models/Props/Products/BeerPack_74mugc/BeerPack_74mugc.fbx
  artifactKey: Guid(e7f94372e9d128744bd71ac9ebe084b5) Importer(2089858483,0ecaa5967403d082aa24f35e1b516d23)
Start importing Assets/ModernSupermarket/Models/Props/Products/BeerPack_74mugc/BeerPack_74mugc.fbx using Guid(e7f94372e9d128744bd71ac9ebe084b5) Importer(2089858483,0ecaa5967403d082aa24f35e1b516d23) [PhysX] Initialized MultithreadedTaskDispatcher with 16 workers.
 -> (artifact id: '46efd24bce387465f96119a4fe250d46') in 0.014399 seconds
Number of updated asset objects reloaded before import = 0
Number of asset objects unloaded after import = 7
========================================================================
Received Import Request.
  Time since last request: 0.000021 seconds.
  path: Assets/ModernSupermarket/Models/Props/Products/Chicken_ozj6pn/Chicken_ozj6pn_Pack01.fbx
  artifactKey: Guid(ecf01e5b409af4c4ea51e29841c39980) Importer(2089858483,0ecaa5967403d082aa24f35e1b516d23)
Start importing Assets/ModernSupermarket/Models/Props/Products/Chicken_ozj6pn/Chicken_ozj6pn_Pack01.fbx using Guid(ecf01e5b409af4c4ea51e29841c39980) Importer(2089858483,0ecaa5967403d082aa24f35e1b516d23) [PhysX] Initialized MultithreadedTaskDispatcher with 16 workers.
 -> (artifact id: '50d31a40e9fb031aa44c59172fc67576') in 0.013791 seconds
Number of updated asset objects reloaded before import = 0
Number of asset objects unloaded after import = 7
========================================================================
Received Import Request.
  Time since last request: 0.000019 seconds.
  path: Assets/ModernSupermarket/Models/Props/Utility/Basket_x5gi0j/Basket_x5gi0j.fbx
  artifactKey: Guid(fab92417d99526d49b9df3e4a8bfcd08) Importer(2089858483,0ecaa5967403d082aa24f35e1b516d23)
Start importing Assets/ModernSupermarket/Models/Props/Utility/Basket_x5gi0j/Basket_x5gi0j.fbx using Guid(fab92417d99526d49b9df3e4a8bfcd08) Importer(2089858483,0ecaa5967403d082aa24f35e1b516d23) [PhysX] Initialized MultithreadedTaskDispatcher with 16 workers.
 -> (artifact id: '7c75d8aa31c6a6e17042139cd4f3599b') in 0.013402 seconds
Number of updated asset objects reloaded before import = 0
Number of asset objects unloaded after import = 14
========================================================================
Received Import Request.
  Time since last request: 0.000022 seconds.
  path: Assets/ModernSupermarket/Models/Props/Products/MeatTray_fbw8xf/MeatTray_fbw8xf.fbx
  artifactKey: Guid(8eeaaed54219e584ba36e5ddfb4347c6) Importer(2089858483,0ecaa5967403d082aa24f35e1b516d23)
Start importing Assets/ModernSupermarket/Models/Props/Products/MeatTray_fbw8xf/MeatTray_fbw8xf.fbx using Guid(8eeaaed54219e584ba36e5ddfb4347c6) Importer(2089858483,0ecaa5967403d082aa24f35e1b516d23) [PhysX] Initialized MultithreadedTaskDispatcher with 16 workers.
 -> (artifact id: 'da513485b4e1ad0cf2050471cc33a8da') in 0.013305 seconds
Number of updated asset objects reloaded before import = 0
Number of asset objects unloaded after import = 7
========================================================================
Received Import Request.
  Time since last request: 0.000018 seconds.
  path: Assets/ModernSupermarket/Models/Props/Products/PetFood_2ujlf0/DogFood_2ujlf0.fbx
  artifactKey: Guid(6e2e9a371f94c7e448505c2c8dfc90b3) Importer(2089858483,0ecaa5967403d082aa24f35e1b516d23)
Start importing Assets/ModernSupermarket/Models/Props/Products/PetFood_2ujlf0/DogFood_2ujlf0.fbx using Guid(6e2e9a371f94c7e448505c2c8dfc90b3) Importer(2089858483,0ecaa5967403d082aa24f35e1b516d23) [PhysX] Initialized MultithreadedTaskDispatcher with 16 workers.
 -> (artifact id: '10bfab3f613d1cdbd332acc6f3621c7b') in 0.020436 seconds
Number of updated asset objects reloaded before import = 0
Number of asset objects unloaded after import = 7
========================================================================
Received Import Request.
  Time since last request: 0.000020 seconds.
  path: Assets/ModernSupermarket/Models/Props/Produce/Squash_0r6m5l/Squash_0r6m5l.fbx
  artifactKey: Guid(868345c533a9e194b97fae136c3094e5) Importer(2089858483,0ecaa5967403d082aa24f35e1b516d23)
Start importing Assets/ModernSupermarket/Models/Props/Produce/Squash_0r6m5l/Squash_0r6m5l.fbx using Guid(868345c533a9e194b97fae136c3094e5) Importer(2089858483,0ecaa5967403d082aa24f35e1b516d23) [PhysX] Initialized MultithreadedTaskDispatcher with 16 workers.
 -> (artifact id: '3d31814766d6c68c57b6e221f9862673') in 0.014528 seconds
Number of updated asset objects reloaded before import = 0
Number of asset objects unloaded after import = 7
========================================================================
Received Import Request.
  Time since last request: 0.000020 seconds.
  path: Assets/ModernSupermarket/Models/Props/Products/Capsule_dchvzi/Capsule_dchvzi_Pack01.fbx
  artifactKey: Guid(09aa419e8507c6743ac95dbc8965d233) Importer(2089858483,0ecaa5967403d082aa24f35e1b516d23)
Start importing Assets/ModernSupermarket/Models/Props/Products/Capsule_dchvzi/Capsule_dchvzi_Pack01.fbx using Guid(09aa419e8507c6743ac95dbc8965d233) Importer(2089858483,0ecaa5967403d082aa24f35e1b516d23) [PhysX] Initialized MultithreadedTaskDispatcher with 16 workers.
 -> (artifact id: '3fa1fd6c00a7daa6cddb2ceda4ce6b5e') in 0.014807 seconds
Number of updated asset objects reloaded before import = 0
Number of asset objects unloaded after import = 7
========================================================================
Received Import Request.
  Time since last request: 0.000021 seconds.
  path: Assets/ModernSupermarket/Models/Props/Products/Cleanser_o964qg/Cleanser_o964qg_Pack01.fbx
  artifactKey: Guid(7e9d60f208b20e545b8ee17d8e6c9615) Importer(2089858483,0ecaa5967403d082aa24f35e1b516d23)
Start importing Assets/ModernSupermarket/Models/Props/Products/Cleanser_o964qg/Cleanser_o964qg_Pack01.fbx using Guid(7e9d60f208b20e545b8ee17d8e6c9615) Importer(2089858483,0ecaa5967403d082aa24f35e1b516d23) [PhysX] Initialized MultithreadedTaskDispatcher with 16 workers.
 -> (artifact id: '2b32531be1aa7fe50d55753236c8aab2') in 0.014443 seconds
Number of updated asset objects reloaded before import = 0
Number of asset objects unloaded after import = 7
========================================================================
Received Import Request.
  Time since last request: 0.000017 seconds.
  path: Assets/ModernSupermarket/Models/Props/Products/Sauce_cfrew8/Sauce_cfrew8_Pack01.fbx
  artifactKey: Guid(7aaa246b3f69dae47bb834f8870fe196) Importer(2089858483,0ecaa5967403d082aa24f35e1b516d23)
Start importing Assets/ModernSupermarket/Models/Props/Products/Sauce_cfrew8/Sauce_cfrew8_Pack01.fbx using Guid(7aaa246b3f69dae47bb834f8870fe196) Importer(2089858483,0ecaa5967403d082aa24f35e1b516d23) [PhysX] Initialized MultithreadedTaskDispatcher with 16 workers.
 -> (artifact id: 'ca148981c56280a76c26868866766aa6') in 0.013988 seconds
Number of updated asset objects reloaded before import = 0
Number of asset objects unloaded after import = 7
========================================================================
Received Import Request.
  Time since last request: 0.000017 seconds.
  path: Assets/ModernSupermarket/Models/Props/Products/TinCan_60afsy/TinCan_60afsy.fbx
  artifactKey: Guid(bee6ee17e7555c043873aa762f86feef) Importer(2089858483,0ecaa5967403d082aa24f35e1b516d23)
Start importing Assets/ModernSupermarket/Models/Props/Products/TinCan_60afsy/TinCan_60afsy.fbx using Guid(bee6ee17e7555c043873aa762f86feef) Importer(2089858483,0ecaa5967403d082aa24f35e1b516d23) [PhysX] Initialized MultithreadedTaskDispatcher with 16 workers.
 -> (artifact id: '48f6ba91f5c30eba18c5b138db201e7c') in 0.015303 seconds
Number of updated asset objects reloaded before import = 0
Number of asset objects unloaded after import = 19
========================================================================
Received Import Request.
  Time since last request: 0.000020 seconds.
  path: Assets/ModernSupermarket/Models/Props/Utility/Basket_o52iei/Basket_o52iei.fbx
  artifactKey: Guid(ec3c5247c6b2f6440b93de73afe83ee1) Importer(2089858483,0ecaa5967403d082aa24f35e1b516d23)
Start importing Assets/ModernSupermarket/Models/Props/Utility/Basket_o52iei/Basket_o52iei.fbx using Guid(ec3c5247c6b2f6440b93de73afe83ee1) Importer(2089858483,0ecaa5967403d082aa24f35e1b516d23) [PhysX] Initialized MultithreadedTaskDispatcher with 16 workers.
 -> (artifact id: 'ef613b1f81876f2573f9c2bf8ad50d3c') in 0.012307 seconds
Number of updated asset objects reloaded before import = 0
Number of asset objects unloaded after import = 14
========================================================================
Received Import Request.
  Time since last request: 0.000026 seconds.
  path: Assets/ModernSupermarket/Models/Props/Products/Alcohol_ao62w4/Alcohol_ao62w_Pack01.fbx
  artifactKey: Guid(f3b1af0a11135ad469faeb91b1cebcc5) Importer(2089858483,0ecaa5967403d082aa24f35e1b516d23)
Start importing Assets/ModernSupermarket/Models/Props/Products/Alcohol_ao62w4/Alcohol_ao62w_Pack01.fbx using Guid(f3b1af0a11135ad469faeb91b1cebcc5) Importer(2089858483,0ecaa5967403d082aa24f35e1b516d23) [PhysX] Initialized MultithreadedTaskDispatcher with 16 workers.
 -> (artifact id: '1c243c72969bd77a3c4fc7d8c45d25e2') in 0.013474 seconds
Number of updated asset objects reloaded before import = 0
Number of asset objects unloaded after import = 7
========================================================================
Received Import Request.
  Time since last request: 0.000016 seconds.
  path: Assets/ModernSupermarket/Models/Props/Products/CandyPack_qkmq5d/CandyPack_qkmq5d_Pack01.fbx
  artifactKey: Guid(017bb31e2c1c2cf44912cd445416d4f3) Importer(2089858483,0ecaa5967403d082aa24f35e1b516d23)
Start importing Assets/ModernSupermarket/Models/Props/Products/CandyPack_qkmq5d/CandyPack_qkmq5d_Pack01.fbx using Guid(017bb31e2c1c2cf44912cd445416d4f3) Importer(2089858483,0ecaa5967403d082aa24f35e1b516d23) [PhysX] Initialized MultithreadedTaskDispatcher with 16 workers.
 -> (artifact id: 'b51c3c2dd3d1db5fa16936e9e4785bcf') in 0.012683 seconds
Number of updated asset objects reloaded before import = 0
Number of asset objects unloaded after import = 7
========================================================================
Received Import Request.
  Time since last request: 0.000020 seconds.
  path: Assets/ModernSupermarket/Models/Props/Produce/Lemon_ahopes/Lemon_ahopes_Pack01.fbx
  artifactKey: Guid(dae042f8a55f72141b62f541c873b237) Importer(2089858483,0ecaa5967403d082aa24f35e1b516d23)
Start importing Assets/ModernSupermarket/Models/Props/Produce/Lemon_ahopes/Lemon_ahopes_Pack01.fbx using Guid(dae042f8a55f72141b62f541c873b237) Importer(2089858483,0ecaa5967403d082aa24f35e1b516d23) [PhysX] Initialized MultithreadedTaskDispatcher with 16 workers.
 -> (artifact id: '41c74e5e5068686fa17c8573b529ce9e') in 0.012854 seconds
Number of updated asset objects reloaded before import = 0
Number of asset objects unloaded after import = 7
========================================================================
Received Import Request.
  Time since last request: 0.000016 seconds.
  path: Assets/ModernSupermarket/Models/Props/Produce/Carrot_i2roww/Carrot_i2roww.fbx
  artifactKey: Guid(1fb28049d9e5fc54bb5ec991d4fba621) Importer(2089858483,0ecaa5967403d082aa24f35e1b516d23)
Start importing Assets/ModernSupermarket/Models/Props/Produce/Carrot_i2roww/Carrot_i2roww.fbx using Guid(1fb28049d9e5fc54bb5ec991d4fba621) Importer(2089858483,0ecaa5967403d082aa24f35e1b516d23) [PhysX] Initialized MultithreadedTaskDispatcher with 16 workers.
 -> (artifact id: '8b539e5e4a955b911284a93301b619de') in 0.013482 seconds
Number of updated asset objects reloaded before import = 0
Number of asset objects unloaded after import = 7
========================================================================
Received Import Request.
  Time since last request: 0.000017 seconds.
  path: Assets/ModernSupermarket/Models/Props/Products/Capsule_xrahaz/Capsule_xrahaz_Pack01.fbx
  artifactKey: Guid(d40caff825eb421499a9d1cc9ea28d3a) Importer(2089858483,0ecaa5967403d082aa24f35e1b516d23)
Start importing Assets/ModernSupermarket/Models/Props/Products/Capsule_xrahaz/Capsule_xrahaz_Pack01.fbx using Guid(d40caff825eb421499a9d1cc9ea28d3a) Importer(2089858483,0ecaa5967403d082aa24f35e1b516d23) [PhysX] Initialized MultithreadedTaskDispatcher with 16 workers.
 -> (artifact id: '2aedaeb915558d23b13dbd2598cf2670') in 0.014264 seconds
Number of updated asset objects reloaded before import = 0
Number of asset objects unloaded after import = 7
========================================================================
Received Import Request.
  Time since last request: 0.000018 seconds.
  path: Assets/ModernSupermarket/Models/Props/Products/Pizza_ehb1pe/Pizza_ehb1pe_Pack02.fbx
  artifactKey: Guid(49e8e415cf7676248945109f412db71f) Importer(2089858483,0ecaa5967403d082aa24f35e1b516d23)
Start importing Assets/ModernSupermarket/Models/Props/Products/Pizza_ehb1pe/Pizza_ehb1pe_Pack02.fbx using Guid(49e8e415cf7676248945109f412db71f) Importer(2089858483,0ecaa5967403d082aa24f35e1b516d23) [PhysX] Initialized MultithreadedTaskDispatcher with 16 workers.
 -> (artifact id: 'abd9e56fbd6fbb8baddf6da3cf5ecb11') in 0.013925 seconds
Number of updated asset objects reloaded before import = 0
Number of asset objects unloaded after import = 7
========================================================================
Received Import Request.
  Time since last request: 0.000018 seconds.
  path: Assets/ModernSupermarket/Models/Furniture/Counter_attlsv/Textures/Materials/Counter_attlsv.mat
  artifactKey: Guid(7c1302e00a6f02d4d837ef5c6b862734) Importer(2089858483,0ecaa5967403d082aa24f35e1b516d23)
Start importing Assets/ModernSupermarket/Models/Furniture/Counter_attlsv/Textures/Materials/Counter_attlsv.mat using Guid(7c1302e00a6f02d4d837ef5c6b862734) Importer(2089858483,0ecaa5967403d082aa24f35e1b516d23) [PhysX] Initialized MultithreadedTaskDispatcher with 16 workers.
 -> (artifact id: '0d6ed034d02aa0e9cfa9581f2ae76a03') in 0.014846 seconds
Number of updated asset objects reloaded before import = 0
Number of asset objects unloaded after import = 5
========================================================================
Received Import Request.
  Time since last request: 0.000021 seconds.
  path: Assets/ModernSupermarket/Models/Props/Products/PaperTowel_b8o0yi/PaperTowel_b8o0yi.fbx
  artifactKey: Guid(d8a2fe6670be2a44dbcd4af07bc8fd93) Importer(2089858483,0ecaa5967403d082aa24f35e1b516d23)
Start importing Assets/ModernSupermarket/Models/Props/Products/PaperTowel_b8o0yi/PaperTowel_b8o0yi.fbx using Guid(d8a2fe6670be2a44dbcd4af07bc8fd93) Importer(2089858483,0ecaa5967403d082aa24f35e1b516d23) [PhysX] Initialized MultithreadedTaskDispatcher with 16 workers.
 -> (artifact id: 'bc5064bca30d780bf0528962453ad5a9') in 0.020540 seconds
Number of updated asset objects reloaded before import = 0
Number of asset objects unloaded after import = 9
========================================================================
Received Import Request.
  Time since last request: 0.000061 seconds.
  path: Assets/ModernSupermarket/Models/Props/Products/Pepper_ybmiq9/Pepper_ybmiq9.fbx
  artifactKey: Guid(5684d8743cbff794ba41d8877290b4d8) Importer(2089858483,0ecaa5967403d082aa24f35e1b516d23)
Start importing Assets/ModernSupermarket/Models/Props/Products/Pepper_ybmiq9/Pepper_ybmiq9.fbx using Guid(5684d8743cbff794ba41d8877290b4d8) Importer(2089858483,0ecaa5967403d082aa24f35e1b516d23) [PhysX] Initialized MultithreadedTaskDispatcher with 16 workers.
 -> (artifact id: '0edc82c65aa067103a3234cbb1804b6e') in 0.014155 seconds
Number of updated asset objects reloaded before import = 0
Number of asset objects unloaded after import = 7
========================================================================
Received Import Request.
  Time since last request: 0.000091 seconds.
  path: Assets/ModernSupermarket/Models/Furniture/Stall_94wthk/Textures/Stall_94wthk_m.png
  artifactKey: Guid(a8cd3c72533036749b8d99f8f6cc5fdf) Importer(2089858483,0ecaa5967403d082aa24f35e1b516d23)
Start importing Assets/ModernSupermarket/Models/Furniture/Stall_94wthk/Textures/Stall_94wthk_m.png using Guid(a8cd3c72533036749b8d99f8f6cc5fdf) Importer(2089858483,0ecaa5967403d082aa24f35e1b516d23) [PhysX] Initialized MultithreadedTaskDispatcher with 16 workers.
 -> (artifact id: 'd7a8eb32a7f27d292d42dc1e61c63d95') in 0.015011 seconds
Number of updated asset objects reloaded before import = 0
Number of asset objects unloaded after import = 1
========================================================================
Received Import Request.
  Time since last request: 0.000017 seconds.
  path: Assets/ModernSupermarket/Models/Props/Products/Soda_7gwg2t/Soda_7gwg2t.fbx
  artifactKey: Guid(734759b8b51280244918629f0da576ee) Importer(2089858483,0ecaa5967403d082aa24f35e1b516d23)
Start importing Assets/ModernSupermarket/Models/Props/Products/Soda_7gwg2t/Soda_7gwg2t.fbx using Guid(734759b8b51280244918629f0da576ee) Importer(2089858483,0ecaa5967403d082aa24f35e1b516d23) [PhysX] Initialized MultithreadedTaskDispatcher with 16 workers.
 -> (artifact id: '22729e4a4738fd4eea3ca40a766a6b34') in 0.016879 seconds
Number of updated asset objects reloaded before import = 0
Number of asset objects unloaded after import = 8
========================================================================
Received Import Request.
  Time since last request: 0.000022 seconds.
  path: Assets/ModernSupermarket/Models/Props/Products/Shampoo_lvhjkn/Shampoo_lvhjkn.fbx
  artifactKey: Guid(355bcdb72f2ef654188d3991e3f415dd) Importer(2089858483,0ecaa5967403d082aa24f35e1b516d23)
Start importing Assets/ModernSupermarket/Models/Props/Products/Shampoo_lvhjkn/Shampoo_lvhjkn.fbx using Guid(355bcdb72f2ef654188d3991e3f415dd) Importer(2089858483,0ecaa5967403d082aa24f35e1b516d23) [PhysX] Initialized MultithreadedTaskDispatcher with 16 workers.
 -> (artifact id: '02f0f85a1aa23a87064e078aa32a32cb') in 0.011878 seconds
Number of updated asset objects reloaded before import = 0
Number of asset objects unloaded after import = 7
========================================================================
Received Import Request.
  Time since last request: 0.000014 seconds.
  path: Assets/ModernSupermarket/Models/Props/Products/CandyPack_qkmq5d/CandyPack_qkmq5d.fbx
  artifactKey: Guid(2ea77d5e273d58b48b2a82c6d7879a39) Importer(2089858483,0ecaa5967403d082aa24f35e1b516d23)
Start importing Assets/ModernSupermarket/Models/Props/Products/CandyPack_qkmq5d/CandyPack_qkmq5d.fbx using Guid(2ea77d5e273d58b48b2a82c6d7879a39) Importer(2089858483,0ecaa5967403d082aa24f35e1b516d23) [PhysX] Initialized MultithreadedTaskDispatcher with 16 workers.
 -> (artifact id: 'c2348c2be6ea0e5df52dceda31ac1001') in 0.014835 seconds
Number of updated asset objects reloaded before import = 0
Number of asset objects unloaded after import = 7
========================================================================
Received Import Request.
  Time since last request: 0.000019 seconds.
  path: Assets/ModernSupermarket/Models/Props/Produce/Pineapple_c1vx80/Pineapple_c1vx80.fbx
  artifactKey: Guid(104755c2430016a469def82aa4c7e222) Importer(2089858483,0ecaa5967403d082aa24f35e1b516d23)
Start importing Assets/ModernSupermarket/Models/Props/Produce/Pineapple_c1vx80/Pineapple_c1vx80.fbx using Guid(104755c2430016a469def82aa4c7e222) Importer(2089858483,0ecaa5967403d082aa24f35e1b516d23) [PhysX] Initialized MultithreadedTaskDispatcher with 16 workers.
 -> (artifact id: '730313515ac8f77315bc4dab347b8d42') in 0.014645 seconds
Number of updated asset objects reloaded before import = 0
Number of asset objects unloaded after import = 7
========================================================================
Received Import Request.
  Time since last request: 0.000019 seconds.
  path: Assets/ModernSupermarket/Models/Props/Products/MilkBrick_e8foxc/MilkBrick_e8foxc.fbx
  artifactKey: Guid(7cf92c5185012c44c93fe6dfeff05c40) Importer(2089858483,0ecaa5967403d082aa24f35e1b516d23)
Start importing Assets/ModernSupermarket/Models/Props/Products/MilkBrick_e8foxc/MilkBrick_e8foxc.fbx using Guid(7cf92c5185012c44c93fe6dfeff05c40) Importer(2089858483,0ecaa5967403d082aa24f35e1b516d23) [PhysX] Initialized MultithreadedTaskDispatcher with 16 workers.
 -> (artifact id: '3c74f188a4f53cc2b42978a86cca9fa4') in 0.014739 seconds
Number of updated asset objects reloaded before import = 0
Number of asset objects unloaded after import = 7
========================================================================
Received Import Request.
  Time since last request: 0.000026 seconds.
  path: Assets/ModernSupermarket/Models/Props/Products/Pasta_9duit2/Pasta_9duit2.fbx
  artifactKey: Guid(51857a3f053e37e4dae17d6c8d0812de) Importer(2089858483,0ecaa5967403d082aa24f35e1b516d23)
Start importing Assets/ModernSupermarket/Models/Props/Products/Pasta_9duit2/Pasta_9duit2.fbx using Guid(51857a3f053e37e4dae17d6c8d0812de) Importer(2089858483,0ecaa5967403d082aa24f35e1b516d23) [PhysX] Initialized MultithreadedTaskDispatcher with 16 workers.
 -> (artifact id: '7d842754ac6416d8bafb5478d7bb190f') in 0.012294 seconds
Number of updated asset objects reloaded before import = 0
Number of asset objects unloaded after import = 7
========================================================================
Received Import Request.
  Time since last request: 0.000047 seconds.
  path: Assets/ModernSupermarket/Models/Props/Products/TinCan_60afsy/TinCan_60afsy_Pack02.fbx
  artifactKey: Guid(6a3a975d675c22f458b815c85006338b) Importer(2089858483,0ecaa5967403d082aa24f35e1b516d23)
Start importing Assets/ModernSupermarket/Models/Props/Products/TinCan_60afsy/TinCan_60afsy_Pack02.fbx using Guid(6a3a975d675c22f458b815c85006338b) Importer(2089858483,0ecaa5967403d082aa24f35e1b516d23) [PhysX] Initialized MultithreadedTaskDispatcher with 16 workers.
 -> (artifact id: '878911a88208d1d9835b48cea3b97a3a') in 0.013975 seconds
Number of updated asset objects reloaded before import = 0
Number of asset objects unloaded after import = 7
========================================================================
Received Import Request.
  Time since last request: 0.000020 seconds.
  path: Assets/ModernSupermarket/Models/Props/Products/Chips_w4tja8/Chips_w4tja8_Var01.fbx
  artifactKey: Guid(f0c23c29c440a1f459e0eb7f5377069b) Importer(2089858483,0ecaa5967403d082aa24f35e1b516d23)
Start importing Assets/ModernSupermarket/Models/Props/Products/Chips_w4tja8/Chips_w4tja8_Var01.fbx using Guid(f0c23c29c440a1f459e0eb7f5377069b) Importer(2089858483,0ecaa5967403d082aa24f35e1b516d23) [PhysX] Initialized MultithreadedTaskDispatcher with 16 workers.
 -> (artifact id: 'a13360fb97e2d9fb82fb7136e3e0b266') in 0.019453 seconds
Number of updated asset objects reloaded before import = 0
Number of asset objects unloaded after import = 7
========================================================================
Received Import Request.
  Time since last request: 0.000018 seconds.
  path: Assets/ModernSupermarket/Models/Props/Products/WineBottle_2b6kjh/WineBottle_2b6kjh_Pack01.fbx
  artifactKey: Guid(19dc12a6b4dea974a989bb76d99bc506) Importer(2089858483,0ecaa5967403d082aa24f35e1b516d23)
Start importing Assets/ModernSupermarket/Models/Props/Products/WineBottle_2b6kjh/WineBottle_2b6kjh_Pack01.fbx using Guid(19dc12a6b4dea974a989bb76d99bc506) Importer(2089858483,0ecaa5967403d082aa24f35e1b516d23) [PhysX] Initialized MultithreadedTaskDispatcher with 16 workers.
 -> (artifact id: '2c4abc1fd262137701802958a9b0b405') in 0.015036 seconds
Number of updated asset objects reloaded before import = 0
Number of asset objects unloaded after import = 7
========================================================================
Received Import Request.
  Time since last request: 0.000019 seconds.
  path: Assets/ModernSupermarket/Models/Props/Produce/Mango_1xw10k/Mango_1xw10k_Pack01.fbx
  artifactKey: Guid(4c3383e7422eaf04191afb5317e43cc5) Importer(2089858483,0ecaa5967403d082aa24f35e1b516d23)
Start importing Assets/ModernSupermarket/Models/Props/Produce/Mango_1xw10k/Mango_1xw10k_Pack01.fbx using Guid(4c3383e7422eaf04191afb5317e43cc5) Importer(2089858483,0ecaa5967403d082aa24f35e1b516d23) [PhysX] Initialized MultithreadedTaskDispatcher with 16 workers.
 -> (artifact id: '56ddd8db755f9759927a9a159b051bce') in 0.014752 seconds
Number of updated asset objects reloaded before import = 0
Number of asset objects unloaded after import = 7
========================================================================
Received Import Request.
  Time since last request: 0.000018 seconds.
  path: Assets/ModernSupermarket/Models/Furniture/Grid_ff0dgb/Textures/Materials/Grid_ff0dgb.mat
  artifactKey: Guid(e686b7aa8a6575d43aca6b17db7fb8b5) Importer(2089858483,0ecaa5967403d082aa24f35e1b516d23)
Start importing Assets/ModernSupermarket/Models/Furniture/Grid_ff0dgb/Textures/Materials/Grid_ff0dgb.mat using Guid(e686b7aa8a6575d43aca6b17db7fb8b5) Importer(2089858483,0ecaa5967403d082aa24f35e1b516d23) [PhysX] Initialized MultithreadedTaskDispatcher with 16 workers.
 -> (artifact id: 'c043ea2191c5c26cc718c0935c9b0ff1') in 0.010620 seconds
Number of updated asset objects reloaded before import = 0
Number of asset objects unloaded after import = 2
========================================================================
Received Import Request.
  Time since last request: 0.000018 seconds.
  path: Assets/ModernSupermarket/Models/Props/Products/FrozenBox_vhvpd4/FrozenBox_vhvpd4_Pack02.fbx
  artifactKey: Guid(45c5a0862f4570143aa6dd5a2e67b371) Importer(2089858483,0ecaa5967403d082aa24f35e1b516d23)
Start importing Assets/ModernSupermarket/Models/Props/Products/FrozenBox_vhvpd4/FrozenBox_vhvpd4_Pack02.fbx using Guid(45c5a0862f4570143aa6dd5a2e67b371) Importer(2089858483,0ecaa5967403d082aa24f35e1b516d23) [PhysX] Initialized MultithreadedTaskDispatcher with 16 workers.
 -> (artifact id: '4bd7219754834ecf5ca0d0cd08399461') in 0.014485 seconds
Number of updated asset objects reloaded before import = 0
Number of asset objects unloaded after import = 7
========================================================================
Received Import Request.
  Time since last request: 0.000019 seconds.
  path: Assets/ModernSupermarket/Models/Props/Products/Laundry_mm7gx5/Laundry_mm7gx5_Pack01.fbx
  artifactKey: Guid(20672a844ca50f842a7c70dbfabbd756) Importer(2089858483,0ecaa5967403d082aa24f35e1b516d23)
Start importing Assets/ModernSupermarket/Models/Props/Products/Laundry_mm7gx5/Laundry_mm7gx5_Pack01.fbx using Guid(20672a844ca50f842a7c70dbfabbd756) Importer(2089858483,0ecaa5967403d082aa24f35e1b516d23) [PhysX] Initialized MultithreadedTaskDispatcher with 16 workers.
 -> (artifact id: 'ca844bbea655d6cfc5643da8f88a1d66') in 0.014632 seconds
Number of updated asset objects reloaded before import = 0
Number of asset objects unloaded after import = 7
========================================================================
Received Import Request.
  Time since last request: 0.000018 seconds.
  path: Assets/ModernSupermarket/Textures/Surfaces/Plaster_dwf9f5/Materials/Plaster_dwf9f5.mat
  artifactKey: Guid(646bdad6e2d75bb4d9e63592f8bf0f71) Importer(2089858483,0ecaa5967403d082aa24f35e1b516d23)
Start importing Assets/ModernSupermarket/Textures/Surfaces/Plaster_dwf9f5/Materials/Plaster_dwf9f5.mat using Guid(646bdad6e2d75bb4d9e63592f8bf0f71) Importer(2089858483,0ecaa5967403d082aa24f35e1b516d23) [PhysX] Initialized MultithreadedTaskDispatcher with 16 workers.
 -> (artifact id: '59871c849eeac8dc6c39d2004b6208dc') in 0.012452 seconds
Number of updated asset objects reloaded before import = 0
Number of asset objects unloaded after import = 3
========================================================================
Received Import Request.
  Time since last request: 0.000019 seconds.
  path: Assets/ModernSupermarket/Models/Props/Products/Soda_f6b9gw/Soda_f6b9gw.fbx
  artifactKey: Guid(4400e0f674857354cbb0deda2f68c9b1) Importer(2089858483,0ecaa5967403d082aa24f35e1b516d23)
Start importing Assets/ModernSupermarket/Models/Props/Products/Soda_f6b9gw/Soda_f6b9gw.fbx using Guid(4400e0f674857354cbb0deda2f68c9b1) Importer(2089858483,0ecaa5967403d082aa24f35e1b516d23) [PhysX] Initialized MultithreadedTaskDispatcher with 16 workers.
 -> (artifact id: 'b209f53ea153d3b1fc857ac2d822ce89') in 0.015073 seconds
Number of updated asset objects reloaded before import = 0
Number of asset objects unloaded after import = 7
========================================================================
Received Import Request.
  Time since last request: 0.000016 seconds.
  path: Assets/ModernSupermarket/Models/Props/Utility/Computer_dfc1a9/Computer_dfc1a9.fbx
  artifactKey: Guid(819bf2780f0fb4448b3a332ecad32225) Importer(2089858483,0ecaa5967403d082aa24f35e1b516d23)
Start importing Assets/ModernSupermarket/Models/Props/Utility/Computer_dfc1a9/Computer_dfc1a9.fbx using Guid(819bf2780f0fb4448b3a332ecad32225) Importer(2089858483,0ecaa5967403d082aa24f35e1b516d23) [PhysX] Initialized MultithreadedTaskDispatcher with 16 workers.
 -> (artifact id: '1f573b921623972982722de5da36d747') in 0.014374 seconds
Number of updated asset objects reloaded before import = 0
Number of asset objects unloaded after import = 24
========================================================================
Received Import Request.
  Time since last request: 0.000022 seconds.
  path: Assets/ModernSupermarket/Models/Props/Products/Sugar_ffc568/Sugar_ffc568.fbx
  artifactKey: Guid(90a0c846d5fbadc4e821466a25b64340) Importer(2089858483,0ecaa5967403d082aa24f35e1b516d23)
Start importing Assets/ModernSupermarket/Models/Props/Products/Sugar_ffc568/Sugar_ffc568.fbx using Guid(90a0c846d5fbadc4e821466a25b64340) Importer(2089858483,0ecaa5967403d082aa24f35e1b516d23) [PhysX] Initialized MultithreadedTaskDispatcher with 16 workers.
 -> (artifact id: 'a72ec7dac51cac226c97483d6cb5edea') in 0.012207 seconds
Number of updated asset objects reloaded before import = 0
Number of asset objects unloaded after import = 7
========================================================================
Received Import Request.
  Time since last request: 0.000018 seconds.
  path: Assets/ModernSupermarket/Models/Props/Products/SweetJar_ma0jsk/SweetJar_ma0jsk.fbx
  artifactKey: Guid(7b3d7a4fa4a7d1343901b063c32ce746) Importer(2089858483,0ecaa5967403d082aa24f35e1b516d23)
Start importing Assets/ModernSupermarket/Models/Props/Products/SweetJar_ma0jsk/SweetJar_ma0jsk.fbx using Guid(7b3d7a4fa4a7d1343901b063c32ce746) Importer(2089858483,0ecaa5967403d082aa24f35e1b516d23) [PhysX] Initialized MultithreadedTaskDispatcher with 16 workers.
 -> (artifact id: '7a277deb76bbc9170d1d082d0f171891') in 0.012925 seconds
Number of updated asset objects reloaded before import = 0
Number of asset objects unloaded after import = 7
========================================================================
Received Import Request.
  Time since last request: 0.000021 seconds.
  path: Assets/ModernSupermarket/Models/Props/Utility/Bag_my9wcp/Bag_my9wcp.fbx
  artifactKey: Guid(a2a0a0983badddf4eb0378fcaee686c3) Importer(2089858483,0ecaa5967403d082aa24f35e1b516d23)
Start importing Assets/ModernSupermarket/Models/Props/Utility/Bag_my9wcp/Bag_my9wcp.fbx using Guid(a2a0a0983badddf4eb0378fcaee686c3) Importer(2089858483,0ecaa5967403d082aa24f35e1b516d23) [PhysX] Initialized MultithreadedTaskDispatcher with 16 workers.
 -> (artifact id: '1f3d3408779fc6d596aa4ac79b7851a7') in 0.014635 seconds
Number of updated asset objects reloaded before import = 0
Number of asset objects unloaded after import = 7
========================================================================
Received Import Request.
  Time since last request: 0.000023 seconds.
  path: Assets/ModernSupermarket/Models/Props/Products/Cake_a3h87k/Cake_a3h87k_Pack01.fbx
  artifactKey: Guid(b3b0bebef72a86b4f9c94b98559b81dc) Importer(2089858483,0ecaa5967403d082aa24f35e1b516d23)
Start importing Assets/ModernSupermarket/Models/Props/Products/Cake_a3h87k/Cake_a3h87k_Pack01.fbx using Guid(b3b0bebef72a86b4f9c94b98559b81dc) Importer(2089858483,0ecaa5967403d082aa24f35e1b516d23) [PhysX] Initialized MultithreadedTaskDispatcher with 16 workers.
 -> (artifact id: '3aba0dd8fbf56c1241ebd553c7290f86') in 0.014293 seconds
Number of updated asset objects reloaded before import = 0
Number of asset objects unloaded after import = 7
========================================================================
Received Import Request.
  Time since last request: 0.000034 seconds.
  path: Assets/ModernSupermarket/Models/Props/Products/Teabox_5oq0ki/Teabox_5oq0ki.fbx
  artifactKey: Guid(49ce75c64a720d843a175997daad20a1) Importer(2089858483,0ecaa5967403d082aa24f35e1b516d23)
Start importing Assets/ModernSupermarket/Models/Props/Products/Teabox_5oq0ki/Teabox_5oq0ki.fbx using Guid(49ce75c64a720d843a175997daad20a1) Importer(2089858483,0ecaa5967403d082aa24f35e1b516d23) [PhysX] Initialized MultithreadedTaskDispatcher with 16 workers.
 -> (artifact id: '2a3c7a395120bd0204e46e437bf63350') in 0.014764 seconds
Number of updated asset objects reloaded before import = 0
Number of asset objects unloaded after import = 7
========================================================================
Received Import Request.
  Time since last request: 0.000020 seconds.
  path: Assets/ModernSupermarket/Models/Props/Products/BeerPack_74mugc/BeerPack_74mugc_Pack01.fbx
  artifactKey: Guid(0372fd106bd214446b30c1ca7099686e) Importer(2089858483,0ecaa5967403d082aa24f35e1b516d23)
Start importing Assets/ModernSupermarket/Models/Props/Products/BeerPack_74mugc/BeerPack_74mugc_Pack01.fbx using Guid(0372fd106bd214446b30c1ca7099686e) Importer(2089858483,0ecaa5967403d082aa24f35e1b516d23) [PhysX] Initialized MultithreadedTaskDispatcher with 16 workers.
 -> (artifact id: '28811fb9579680ff3821badc15e20ded') in 0.013675 seconds
Number of updated asset objects reloaded before import = 0
Number of asset objects unloaded after import = 7
========================================================================
Received Import Request.
  Time since last request: 0.000025 seconds.
  path: Assets/ModernSupermarket/Models/Props/Products/Ham_wplnxm/Ham_wplnxm_Pack02.fbx
  artifactKey: Guid(8d250a526bb97474eab30812743d2aa4) Importer(2089858483,0ecaa5967403d082aa24f35e1b516d23)
Start importing Assets/ModernSupermarket/Models/Props/Products/Ham_wplnxm/Ham_wplnxm_Pack02.fbx using Guid(8d250a526bb97474eab30812743d2aa4) Importer(2089858483,0ecaa5967403d082aa24f35e1b516d23) [PhysX] Initialized MultithreadedTaskDispatcher with 16 workers.
 -> (artifact id: 'd07668afbe99e712fd366dd94d555c82') in 0.013989 seconds
Number of updated asset objects reloaded before import = 0
Number of asset objects unloaded after import = 7
========================================================================
Received Import Request.
  Time since last request: 0.000018 seconds.
  path: Assets/ModernSupermarket/Models/Props/Products/Oil_ nutmjk/Oil_ nutmjk_Pack01.fbx
  artifactKey: Guid(5d695b666e45db64ea34ff8eb4ca29e6) Importer(2089858483,0ecaa5967403d082aa24f35e1b516d23)
Start importing Assets/ModernSupermarket/Models/Props/Products/Oil_ nutmjk/Oil_ nutmjk_Pack01.fbx using Guid(5d695b666e45db64ea34ff8eb4ca29e6) Importer(2089858483,0ecaa5967403d082aa24f35e1b516d23) [PhysX] Initialized MultithreadedTaskDispatcher with 16 workers.
 -> (artifact id: '1ccc59d0bd77b782f469c7c6a8c71061') in 0.013321 seconds
Number of updated asset objects reloaded before import = 0
Number of asset objects unloaded after import = 7
========================================================================
Received Import Request.
  Time since last request: 0.000021 seconds.
  path: Assets/ModernSupermarket/Models/Props/Products/Chips_w4tja8/Chips_w4tja8_Pack01.fbx
  artifactKey: Guid(16343180384f3cc4cb1922b49d52f6dc) Importer(2089858483,0ecaa5967403d082aa24f35e1b516d23)
Start importing Assets/ModernSupermarket/Models/Props/Products/Chips_w4tja8/Chips_w4tja8_Pack01.fbx using Guid(16343180384f3cc4cb1922b49d52f6dc) Importer(2089858483,0ecaa5967403d082aa24f35e1b516d23) [PhysX] Initialized MultithreadedTaskDispatcher with 16 workers.
 -> (artifact id: 'c05f3aaa426c74b45b62f00dc672c30e') in 0.013542 seconds
Number of updated asset objects reloaded before import = 0
Number of asset objects unloaded after import = 7
========================================================================
Received Import Request.
  Time since last request: 0.000021 seconds.
  path: Assets/ModernSupermarket/Models/Furniture/Fridge_4ttiif/Textures/Materials/Fridge_4ttiif_Glass.mat
  artifactKey: Guid(44c2984befe80794c8e276422c98a996) Importer(2089858483,0ecaa5967403d082aa24f35e1b516d23)
Start importing Assets/ModernSupermarket/Models/Furniture/Fridge_4ttiif/Textures/Materials/Fridge_4ttiif_Glass.mat using Guid(44c2984befe80794c8e276422c98a996) Importer(2089858483,0ecaa5967403d082aa24f35e1b516d23) [PhysX] Initialized MultithreadedTaskDispatcher with 16 workers.
 -> (artifact id: '51dac4655b3189834a1ff988702a979b') in 0.014188 seconds
Number of updated asset objects reloaded before import = 0
Number of asset objects unloaded after import = 5
========================================================================
Received Import Request.
  Time since last request: 0.228653 seconds.
  path: Assets/ModernSupermarket/Models/Furniture/Neon_dwd6wi/textures/Materials/Neon_dwd6wi.mat
  artifactKey: Guid(1fd29e65fbb1f494799c586e30ec489f) Importer(2089858483,0ecaa5967403d082aa24f35e1b516d23)
Start importing Assets/ModernSupermarket/Models/Furniture/Neon_dwd6wi/textures/Materials/Neon_dwd6wi.mat using Guid(1fd29e65fbb1f494799c586e30ec489f) Importer(2089858483,0ecaa5967403d082aa24f35e1b516d23) [PhysX] Initialized MultithreadedTaskDispatcher with 16 workers.
 -> (artifact id: 'a0d3f73d1f75ac278dc0970f23f9f6bf') in 0.012851 seconds
Number of updated asset objects reloaded before import = 0
Number of asset objects unloaded after import = 5
========================================================================
Received Import Request.
  Time since last request: 0.000016 seconds.
  path: Assets/ModernSupermarket/Models/Props/Produce/Melon_h6xrq4/Textures/Melon_h6xrq4_n.png
  artifactKey: Guid(2b4ffb854298aa2499ffba452f01ed8d) Importer(2089858483,0ecaa5967403d082aa24f35e1b516d23)
Start importing Assets/ModernSupermarket/Models/Props/Produce/Melon_h6xrq4/Textures/Melon_h6xrq4_n.png using Guid(2b4ffb854298aa2499ffba452f01ed8d) Importer(2089858483,0ecaa5967403d082aa24f35e1b516d23) [PhysX] Initialized MultithreadedTaskDispatcher with 16 workers.
 -> (artifact id: 'a0e8727706f6de716a0a91460dc3db92') in 0.013059 seconds
Number of updated asset objects reloaded before import = 0
Number of asset objects unloaded after import = 1
========================================================================
Received Import Request.
  Time since last request: 0.000023 seconds.
  path: Assets/ModernSupermarket/Models/Props/Products/Cleanser_7dsib5/Textures/Cleanser_7dsib5_a.png
  artifactKey: Guid(e3f16214eba6f6846b90b1b08741e8ed) Importer(2089858483,0ecaa5967403d082aa24f35e1b516d23)
Start importing Assets/ModernSupermarket/Models/Props/Products/Cleanser_7dsib5/Textures/Cleanser_7dsib5_a.png using Guid(e3f16214eba6f6846b90b1b08741e8ed) Importer(2089858483,0ecaa5967403d082aa24f35e1b516d23) [PhysX] Initialized MultithreadedTaskDispatcher with 16 workers.
 -> (artifact id: '7c98ccea3aee7e3704579d71939c3f35') in 0.014914 seconds
Number of updated asset objects reloaded before import = 0
Number of asset objects unloaded after import = 1
========================================================================
Received Import Request.
  Time since last request: 0.000025 seconds.
  path: Assets/ModernSupermarket/Models/Props/Products/Cream_jatl5h/Textures/Cream_jatl5h_a.png
  artifactKey: Guid(de3c1ecf4a222a5438c949cab7937a69) Importer(2089858483,0ecaa5967403d082aa24f35e1b516d23)
Start importing Assets/ModernSupermarket/Models/Props/Products/Cream_jatl5h/Textures/Cream_jatl5h_a.png using Guid(de3c1ecf4a222a5438c949cab7937a69) Importer(2089858483,0ecaa5967403d082aa24f35e1b516d23) [PhysX] Initialized MultithreadedTaskDispatcher with 16 workers.
 -> (artifact id: '16927d7e0a706b15199d2e887e027b7f') in 0.015689 seconds
Number of updated asset objects reloaded before import = 0
Number of asset objects unloaded after import = 1
========================================================================
Received Import Request.
  Time since last request: 0.000020 seconds.
  path: Assets/ModernSupermarket/Models/Props/Products/Cereal_me9j99/Textures/Cereal_me9j99_n.png
  artifactKey: Guid(e97ca00c946506042908f27a3ec65bec) Importer(2089858483,0ecaa5967403d082aa24f35e1b516d23)
Start importing Assets/ModernSupermarket/Models/Props/Products/Cereal_me9j99/Textures/Cereal_me9j99_n.png using Guid(e97ca00c946506042908f27a3ec65bec) Importer(2089858483,0ecaa5967403d082aa24f35e1b516d23) [PhysX] Initialized MultithreadedTaskDispatcher with 16 workers.
 -> (artifact id: '03b8fb67007da86bb6484403b183b5ea') in 0.013635 seconds
Number of updated asset objects reloaded before import = 0
Number of asset objects unloaded after import = 1
========================================================================
Received Import Request.
  Time since last request: 0.000018 seconds.
  path: Assets/ModernSupermarket/Models/Props/Products/CansPack_f98qxo/Textures/CansPack_f98qxo_a.png
  artifactKey: Guid(5cd743651e8e3de4fadf09e0d984e238) Importer(2089858483,0ecaa5967403d082aa24f35e1b516d23)
Start importing Assets/ModernSupermarket/Models/Props/Products/CansPack_f98qxo/Textures/CansPack_f98qxo_a.png using Guid(5cd743651e8e3de4fadf09e0d984e238) Importer(2089858483,0ecaa5967403d082aa24f35e1b516d23) [PhysX] Initialized MultithreadedTaskDispatcher with 16 workers.
 -> (artifact id: '58ad743255007071be359cb188c73053') in 0.012943 seconds
Number of updated asset objects reloaded before import = 0
Number of asset objects unloaded after import = 1
========================================================================
Received Import Request.
  Time since last request: 0.000020 seconds.
  path: Assets/ModernSupermarket/Models/Props/Products/Capsule_dchvzi/Textures/Capsule_dchvzi_a.png
  artifactKey: Guid(66a289172026010458935bd98b55c2ca) Importer(2089858483,0ecaa5967403d082aa24f35e1b516d23)
Start importing Assets/ModernSupermarket/Models/Props/Products/Capsule_dchvzi/Textures/Capsule_dchvzi_a.png using Guid(66a289172026010458935bd98b55c2ca) Importer(2089858483,0ecaa5967403d082aa24f35e1b516d23) [PhysX] Initialized MultithreadedTaskDispatcher with 16 workers.
 -> (artifact id: 'daceea576ef8299a10cbe71fe11aab66') in 0.012867 seconds
Number of updated asset objects reloaded before import = 0
Number of asset objects unloaded after import = 1
========================================================================
Received Import Request.
  Time since last request: 0.000027 seconds.
  path: Assets/ModernSupermarket/Models/Props/Produce/Melon_h6xrq4/Textures/Melon_h6xrq4_m.png
  artifactKey: Guid(200bcbb320adf714494e9409248b1358) Importer(2089858483,0ecaa5967403d082aa24f35e1b516d23)
Start importing Assets/ModernSupermarket/Models/Props/Produce/Melon_h6xrq4/Textures/Melon_h6xrq4_m.png using Guid(200bcbb320adf714494e9409248b1358) Importer(2089858483,0ecaa5967403d082aa24f35e1b516d23) [PhysX] Initialized MultithreadedTaskDispatcher with 16 workers.
 -> (artifact id: '247e0312e0736a95afd78a5656d8f229') in 0.012959 seconds
Number of updated asset objects reloaded before import = 0
Number of asset objects unloaded after import = 1
========================================================================
Received Import Request.
  Time since last request: 0.000017 seconds.
  path: Assets/ModernSupermarket/Models/Props/Produce/Garlic_tkqeno/Textures/Garlic_tkqeno_m.png
  artifactKey: Guid(3793db2b07b5c4848887317fc5574f41) Importer(2089858483,0ecaa5967403d082aa24f35e1b516d23)
Start importing Assets/ModernSupermarket/Models/Props/Produce/Garlic_tkqeno/Textures/Garlic_tkqeno_m.png using Guid(3793db2b07b5c4848887317fc5574f41) Importer(2089858483,0ecaa5967403d082aa24f35e1b516d23) [PhysX] Initialized MultithreadedTaskDispatcher with 16 workers.
 -> (artifact id: 'f3d20da4bf15b2f491bb82de103bfc57') in 0.012906 seconds
Number of updated asset objects reloaded before import = 0
Number of asset objects unloaded after import = 1
========================================================================
Received Import Request.
  Time since last request: 0.000018 seconds.
  path: Assets/ModernSupermarket/Models/Furniture/Sign_04h2fw/Textures/Materials/Sign_04h2fw_Wine.mat
  artifactKey: Guid(c11df8a6a689c474889e7fa19483b77a) Importer(2089858483,0ecaa5967403d082aa24f35e1b516d23)
Start importing Assets/ModernSupermarket/Models/Furniture/Sign_04h2fw/Textures/Materials/Sign_04h2fw_Wine.mat using Guid(c11df8a6a689c474889e7fa19483b77a) Importer(2089858483,0ecaa5967403d082aa24f35e1b516d23) [PhysX] Initialized MultithreadedTaskDispatcher with 16 workers.
 -> (artifact id: '054e3c06fbb5ab1fc858c6fd894ed27d') in 0.013430 seconds
Number of updated asset objects reloaded before import = 0
Number of asset objects unloaded after import = 5
========================================================================
Received Import Request.
  Time since last request: 0.000023 seconds.
  path: Assets/ModernSupermarket/Models/Props/Produce/Zucchini_z21819/Textures/Zucchini_z21819_n.png
  artifactKey: Guid(277aaaf2683d7a24bbe343e1c416ccd6) Importer(2089858483,0ecaa5967403d082aa24f35e1b516d23)
Start importing Assets/ModernSupermarket/Models/Props/Produce/Zucchini_z21819/Textures/Zucchini_z21819_n.png using Guid(277aaaf2683d7a24bbe343e1c416ccd6) Importer(2089858483,0ecaa5967403d082aa24f35e1b516d23) [PhysX] Initialized MultithreadedTaskDispatcher with 16 workers.
 -> (artifact id: '62522fd606cc575dc534a27be2d46f9c') in 0.012003 seconds
Number of updated asset objects reloaded before import = 0
Number of asset objects unloaded after import = 1
========================================================================
Received Import Request.
  Time since last request: 0.000017 seconds.
  path: Assets/ModernSupermarket/Models/Props/Produce/Apple_k7nzrr/Textures/Apple_k7nzrr_o.png
  artifactKey: Guid(1cedaaef8ca03f74c83a8f956aa964db) Importer(2089858483,0ecaa5967403d082aa24f35e1b516d23)
Start importing Assets/ModernSupermarket/Models/Props/Produce/Apple_k7nzrr/Textures/Apple_k7nzrr_o.png using Guid(1cedaaef8ca03f74c83a8f956aa964db) Importer(2089858483,0ecaa5967403d082aa24f35e1b516d23) [PhysX] Initialized MultithreadedTaskDispatcher with 16 workers.
 -> (artifact id: '4e7d2ad4545996cf6ad720f2aa87c178') in 0.012335 seconds
Number of updated asset objects reloaded before import = 0
Number of asset objects unloaded after import = 1
========================================================================
Received Import Request.
  Time since last request: 0.000021 seconds.
  path: Assets/ModernSupermarket/Models/Props/Products/CandyPack_qkmq5d/Textures/CandyPack_qkmq5d_Var01_a.png
  artifactKey: Guid(c10daaaac5c8750409412c8da66a4687) Importer(2089858483,0ecaa5967403d082aa24f35e1b516d23)
Start importing Assets/ModernSupermarket/Models/Props/Products/CandyPack_qkmq5d/Textures/CandyPack_qkmq5d_Var01_a.png using Guid(c10daaaac5c8750409412c8da66a4687) Importer(2089858483,0ecaa5967403d082aa24f35e1b516d23) [PhysX] Initialized MultithreadedTaskDispatcher with 16 workers.
 -> (artifact id: 'c6d8f147b1c5d418a8eaf42b9dfab85f') in 0.013054 seconds
Number of updated asset objects reloaded before import = 0
Number of asset objects unloaded after import = 1
========================================================================
Received Import Request.
  Time since last request: 0.000021 seconds.
  path: Assets/ModernSupermarket/Models/Props/Products/Cake_p6lebj/Textures/BoxCake_p6lebj_Var02.png
  artifactKey: Guid(28079e268a2af5a40b535f8f2d1934dc) Importer(2089858483,0ecaa5967403d082aa24f35e1b516d23)
Start importing Assets/ModernSupermarket/Models/Props/Products/Cake_p6lebj/Textures/BoxCake_p6lebj_Var02.png using Guid(28079e268a2af5a40b535f8f2d1934dc) Importer(2089858483,0ecaa5967403d082aa24f35e1b516d23) [PhysX] Initialized MultithreadedTaskDispatcher with 16 workers.
 -> (artifact id: '2288f5452d1b8ad3efb906acee348701') in 0.013518 seconds
Number of updated asset objects reloaded before import = 0
Number of asset objects unloaded after import = 1
========================================================================
Received Import Request.
  Time since last request: 0.000020 seconds.
  path: Assets/ModernSupermarket/Models/Props/Products/Cleanser_o964qg/Textures/Cleanser_o964qg_Var01_a.png
  artifactKey: Guid(93d0a6fc6cbf883419992a2bf7bae8b4) Importer(2089858483,0ecaa5967403d082aa24f35e1b516d23)
Start importing Assets/ModernSupermarket/Models/Props/Products/Cleanser_o964qg/Textures/Cleanser_o964qg_Var01_a.png using Guid(93d0a6fc6cbf883419992a2bf7bae8b4) Importer(2089858483,0ecaa5967403d082aa24f35e1b516d23) [PhysX] Initialized MultithreadedTaskDispatcher with 16 workers.
 -> (artifact id: '5f1ae832fda349e8c836742f240a65e2') in 0.012766 seconds
Number of updated asset objects reloaded before import = 0
Number of asset objects unloaded after import = 1
========================================================================
Received Import Request.
  Time since last request: 0.000020 seconds.
  path: Assets/ModernSupermarket/Models/Props/Produce/Avocado_pd302k/Textures/Avocado_pd302k_o.png
  artifactKey: Guid(5c84659db48c4c548af7051e06e0f002) Importer(2089858483,0ecaa5967403d082aa24f35e1b516d23)
Start importing Assets/ModernSupermarket/Models/Props/Produce/Avocado_pd302k/Textures/Avocado_pd302k_o.png using Guid(5c84659db48c4c548af7051e06e0f002) Importer(2089858483,0ecaa5967403d082aa24f35e1b516d23) [PhysX] Initialized MultithreadedTaskDispatcher with 16 workers.
 -> (artifact id: '5ec8b2f9d957d37df841290c8c631428') in 0.011896 seconds
Number of updated asset objects reloaded before import = 0
Number of asset objects unloaded after import = 1
========================================================================
Received Import Request.
  Time since last request: 0.000018 seconds.
  path: Assets/ModernSupermarket/Models/Props/Products/Cereal_me9j99/Textures/Cereal_me9j99_a.png
  artifactKey: Guid(6288f6c5e519ffa43810eb6eb8afdcc3) Importer(2089858483,0ecaa5967403d082aa24f35e1b516d23)
Start importing Assets/ModernSupermarket/Models/Props/Products/Cereal_me9j99/Textures/Cereal_me9j99_a.png using Guid(6288f6c5e519ffa43810eb6eb8afdcc3) Importer(2089858483,0ecaa5967403d082aa24f35e1b516d23) [PhysX] Initialized MultithreadedTaskDispatcher with 16 workers.
 -> (artifact id: '45aa686948a5b1b5c1139c5835b4a002') in 0.013765 seconds
Number of updated asset objects reloaded before import = 0
Number of asset objects unloaded after import = 1
========================================================================
Received Import Request.
  Time since last request: 0.000021 seconds.
  path: Assets/ModernSupermarket/Models/Props/Products/Cream_jatl5h/Textures/Cream_jatl5h_m.png
  artifactKey: Guid(1e294ee451446a34f8b36a2336e1794f) Importer(2089858483,0ecaa5967403d082aa24f35e1b516d23)
Start importing Assets/ModernSupermarket/Models/Props/Products/Cream_jatl5h/Textures/Cream_jatl5h_m.png using Guid(1e294ee451446a34f8b36a2336e1794f) Importer(2089858483,0ecaa5967403d082aa24f35e1b516d23) [PhysX] Initialized MultithreadedTaskDispatcher with 16 workers.
 -> (artifact id: 'dc5464fb96c77df76e695afc48d77920') in 0.014021 seconds
Number of updated asset objects reloaded before import = 0
Number of asset objects unloaded after import = 1
========================================================================
Received Import Request.
  Time since last request: 0.000023 seconds.
  path: Assets/ModernSupermarket/Models/Props/Products/Cereal_me9j99/Textures/Cereal_me9j99_a_Var02.png
  artifactKey: Guid(3584e4a4c9f758c4d935d4579f2d244a) Importer(2089858483,0ecaa5967403d082aa24f35e1b516d23)
Start importing Assets/ModernSupermarket/Models/Props/Products/Cereal_me9j99/Textures/Cereal_me9j99_a_Var02.png using Guid(3584e4a4c9f758c4d935d4579f2d244a) Importer(2089858483,0ecaa5967403d082aa24f35e1b516d23) [PhysX] Initialized MultithreadedTaskDispatcher with 16 workers.
 -> (artifact id: 'd16f92c1fd5f72f8da801c51d064a046') in 0.012371 seconds
Number of updated asset objects reloaded before import = 0
Number of asset objects unloaded after import = 1
========================================================================
Received Import Request.
  Time since last request: 0.000021 seconds.
  path: Assets/ModernSupermarket/Models/Props/Products/CandyPack_qkmq5d/Textures/CandyPack_qkmq5d_a.png
  artifactKey: Guid(3e054fa5c626b45418717e3d9f5f5e51) Importer(2089858483,0ecaa5967403d082aa24f35e1b516d23)
Start importing Assets/ModernSupermarket/Models/Props/Products/CandyPack_qkmq5d/Textures/CandyPack_qkmq5d_a.png using Guid(3e054fa5c626b45418717e3d9f5f5e51) Importer(2089858483,0ecaa5967403d082aa24f35e1b516d23) [PhysX] Initialized MultithreadedTaskDispatcher with 16 workers.
 -> (artifact id: '4070c24bfea5550625aeec2f7f1f1aed') in 0.012219 seconds
Number of updated asset objects reloaded before import = 0
Number of asset objects unloaded after import = 1
========================================================================
Received Import Request.
  Time since last request: 0.000022 seconds.
  path: Assets/ModernSupermarket/Models/Props/Produce/Mushroom_43xvit/Textures/Mushroom_43xvit_a.png
  artifactKey: Guid(41f494042e2cdac4698c9ae5ebc66612) Importer(2089858483,0ecaa5967403d082aa24f35e1b516d23)
Start importing Assets/ModernSupermarket/Models/Props/Produce/Mushroom_43xvit/Textures/Mushroom_43xvit_a.png using Guid(41f494042e2cdac4698c9ae5ebc66612) Importer(2089858483,0ecaa5967403d082aa24f35e1b516d23) [PhysX] Initialized MultithreadedTaskDispatcher with 16 workers.
 -> (artifact id: '4df94269ceba97f87d945f54ad037358') in 0.012313 seconds
Number of updated asset objects reloaded before import = 0
Number of asset objects unloaded after import = 1
========================================================================
Received Import Request.
  Time since last request: 0.000022 seconds.
  path: Assets/ModernSupermarket/Models/Props/Products/Bleach_c6nm2t/Textures/Can_Bleach_c6nm2t_o.png
  artifactKey: Guid(7de1ba0ca01469f4399e0183c58b729c) Importer(2089858483,0ecaa5967403d082aa24f35e1b516d23)
Start importing Assets/ModernSupermarket/Models/Props/Products/Bleach_c6nm2t/Textures/Can_Bleach_c6nm2t_o.png using Guid(7de1ba0ca01469f4399e0183c58b729c) Importer(2089858483,0ecaa5967403d082aa24f35e1b516d23) [PhysX] Initialized MultithreadedTaskDispatcher with 16 workers.
 -> (artifact id: 'd4c43b19e541462c7e007e13ecaea39c') in 0.012859 seconds
Number of updated asset objects reloaded before import = 0
Number of asset objects unloaded after import = 1
========================================================================
Received Import Request.
  Time since last request: 0.000020 seconds.
  path: Assets/ModernSupermarket/Models/Props/Products/Alcohol_qi7uqvr/Textures/Alcohol_qi7uqv_n.png
  artifactKey: Guid(fcee76d4f49bc4547babace483861f8c) Importer(2089858483,0ecaa5967403d082aa24f35e1b516d23)
Start importing Assets/ModernSupermarket/Models/Props/Products/Alcohol_qi7uqvr/Textures/Alcohol_qi7uqv_n.png using Guid(fcee76d4f49bc4547babace483861f8c) Importer(2089858483,0ecaa5967403d082aa24f35e1b516d23) [PhysX] Initialized MultithreadedTaskDispatcher with 16 workers.
 -> (artifact id: '6bbc22babfb646b54872b42b84f3f0db') in 0.012388 seconds
Number of updated asset objects reloaded before import = 0
Number of asset objects unloaded after import = 1
========================================================================
Received Import Request.
  Time since last request: 0.000021 seconds.
  path: Assets/ModernSupermarket/Models/Furniture/Sign_04h2fw/Textures/Materials/Sign_04h2fw_Cleaning.mat
  artifactKey: Guid(2a5e5e8955d519543916e1fb0622e2b8) Importer(2089858483,0ecaa5967403d082aa24f35e1b516d23)
Start importing Assets/ModernSupermarket/Models/Furniture/Sign_04h2fw/Textures/Materials/Sign_04h2fw_Cleaning.mat using Guid(2a5e5e8955d519543916e1fb0622e2b8) Importer(2089858483,0ecaa5967403d082aa24f35e1b516d23) [PhysX] Initialized MultithreadedTaskDispatcher with 16 workers.
 -> (artifact id: '62013ecf450a680819758b47a881727d') in 0.010803 seconds
Number of updated asset objects reloaded before import = 0
Number of asset objects unloaded after import = 5
========================================================================
Received Import Request.
  Time since last request: 0.000029 seconds.
  path: Assets/ModernSupermarket/Models/Props/Products/BeerKeg_byk96e/Textures/BeerKeg_byk96e_o.png
  artifactKey: Guid(3e28bc96635bf55498d3bf434bb07cbd) Importer(2089858483,0ecaa5967403d082aa24f35e1b516d23)
Start importing Assets/ModernSupermarket/Models/Props/Products/BeerKeg_byk96e/Textures/BeerKeg_byk96e_o.png using Guid(3e28bc96635bf55498d3bf434bb07cbd) Importer(2089858483,0ecaa5967403d082aa24f35e1b516d23) [PhysX] Initialized MultithreadedTaskDispatcher with 16 workers.
 -> (artifact id: '8fe7e0f2aeff407845f29777b0cf7543') in 0.013496 seconds
Number of updated asset objects reloaded before import = 0
Number of asset objects unloaded after import = 1
========================================================================
Received Import Request.
  Time since last request: 0.000021 seconds.
  path: Assets/ModernSupermarket/Models/Props/Produce/Carrot_i2roww/Textures/Carrot_i2roww_m.png
  artifactKey: Guid(d03567c3a43bc344a9d3efa95ea0431d) Importer(2089858483,0ecaa5967403d082aa24f35e1b516d23)
Start importing Assets/ModernSupermarket/Models/Props/Produce/Carrot_i2roww/Textures/Carrot_i2roww_m.png using Guid(d03567c3a43bc344a9d3efa95ea0431d) Importer(2089858483,0ecaa5967403d082aa24f35e1b516d23) [PhysX] Initialized MultithreadedTaskDispatcher with 16 workers.
 -> (artifact id: '7a1f6d913d40d665521a8f9b0512f81c') in 0.013014 seconds
Number of updated asset objects reloaded before import = 0
Number of asset objects unloaded after import = 1
========================================================================
Received Import Request.
  Time since last request: 0.000020 seconds.
  path: Assets/ModernSupermarket/Models/Furniture/Stall_94wthk/Textures/Materials/Stall_94wthk.mat
  artifactKey: Guid(d2e6cc254c06dee459f30364b5b2c17e) Importer(2089858483,0ecaa5967403d082aa24f35e1b516d23)
Start importing Assets/ModernSupermarket/Models/Furniture/Stall_94wthk/Textures/Materials/Stall_94wthk.mat using Guid(d2e6cc254c06dee459f30364b5b2c17e) Importer(2089858483,0ecaa5967403d082aa24f35e1b516d23) [PhysX] Initialized MultithreadedTaskDispatcher with 16 workers.
 -> (artifact id: 'd7def3377adb648945348aff806d9d1e') in 0.018413 seconds
Number of updated asset objects reloaded before import = 0
Number of asset objects unloaded after import = 5
========================================================================
Received Import Request.
  Time since last request: 0.000020 seconds.
  path: Assets/ModernSupermarket/Models/Props/Products/Cake_p6lebj/Textures/BoxCake_p6lebj_a.png
  artifactKey: Guid(fe72dba1875fe1c4e924e8acbbbefbd6) Importer(2089858483,0ecaa5967403d082aa24f35e1b516d23)
Start importing Assets/ModernSupermarket/Models/Props/Products/Cake_p6lebj/Textures/BoxCake_p6lebj_a.png using Guid(fe72dba1875fe1c4e924e8acbbbefbd6) Importer(2089858483,0ecaa5967403d082aa24f35e1b516d23) [PhysX] Initialized MultithreadedTaskDispatcher with 16 workers.
 -> (artifact id: '804256d1117939383809a14d56ab899c') in 0.013081 seconds
Number of updated asset objects reloaded before import = 0
Number of asset objects unloaded after import = 1
========================================================================
Received Import Request.
  Time since last request: 0.000020 seconds.
  path: Assets/ModernSupermarket/Models/Props/Products/CandyPack_qkmq5d/Textures/CandyPack_qkmq5d_Var01_n.png
  artifactKey: Guid(6acaa9516e738554993a2d1b4bb05d01) Importer(2089858483,0ecaa5967403d082aa24f35e1b516d23)
Start importing Assets/ModernSupermarket/Models/Props/Products/CandyPack_qkmq5d/Textures/CandyPack_qkmq5d_Var01_n.png using Guid(6acaa9516e738554993a2d1b4bb05d01) Importer(2089858483,0ecaa5967403d082aa24f35e1b516d23) [PhysX] Initialized MultithreadedTaskDispatcher with 16 workers.
 -> (artifact id: 'c6e85fd32357879e05b69006044e0ca2') in 0.014156 seconds
Number of updated asset objects reloaded before import = 0
Number of asset objects unloaded after import = 1
========================================================================
Received Import Request.
  Time since last request: 0.000015 seconds.
  path: Assets/ModernSupermarket/Models/Props/Products/Cheese_dx1ygk/Textures/Cheese_dx1ygk_m.png
  artifactKey: Guid(33ff4685eba5f0b44a954a1621dc2816) Importer(2089858483,0ecaa5967403d082aa24f35e1b516d23)
Start importing Assets/ModernSupermarket/Models/Props/Products/Cheese_dx1ygk/Textures/Cheese_dx1ygk_m.png using Guid(33ff4685eba5f0b44a954a1621dc2816) Importer(2089858483,0ecaa5967403d082aa24f35e1b516d23) [PhysX] Initialized MultithreadedTaskDispatcher with 16 workers.
 -> (artifact id: '3c6f78f40e6273b46cbb8e0f522016ea') in 0.018644 seconds
Number of updated asset objects reloaded before import = 0
Number of asset objects unloaded after import = 1
========================================================================
Received Import Request.
  Time since last request: 0.000021 seconds.
  path: Assets/ModernSupermarket/Models/Props/Produce/Garlic_tkqeno/Textures/Garlic_tkqeno_o.png
  artifactKey: Guid(1bc5dd90e095ae5448960d5548cce3da) Importer(2089858483,0ecaa5967403d082aa24f35e1b516d23)
Start importing Assets/ModernSupermarket/Models/Props/Produce/Garlic_tkqeno/Textures/Garlic_tkqeno_o.png using Guid(1bc5dd90e095ae5448960d5548cce3da) Importer(2089858483,0ecaa5967403d082aa24f35e1b516d23) [PhysX] Initialized MultithreadedTaskDispatcher with 16 workers.
 -> (artifact id: '2957355123c3c22b77613e44e7aa0597') in 0.013081 seconds
Number of updated asset objects reloaded before import = 0
Number of asset objects unloaded after import = 1
========================================================================
Received Import Request.
  Time since last request: 0.000022 seconds.
  path: Assets/ModernSupermarket/Models/Props/Products/ChocolateSpread_xhkyij/Textures/ChocolateSpread_xhkyij_Var02_a.png
  artifactKey: Guid(2c8722bb2c81fd7489e101f2d9d2eb60) Importer(2089858483,0ecaa5967403d082aa24f35e1b516d23)
Start importing Assets/ModernSupermarket/Models/Props/Products/ChocolateSpread_xhkyij/Textures/ChocolateSpread_xhkyij_Var02_a.png using Guid(2c8722bb2c81fd7489e101f2d9d2eb60) Importer(2089858483,0ecaa5967403d082aa24f35e1b516d23) [PhysX] Initialized MultithreadedTaskDispatcher with 16 workers.
 -> (artifact id: 'ace50554f205f88d6ffccf6d1ed951e2') in 0.014475 seconds
Number of updated asset objects reloaded before import = 0
Number of asset objects unloaded after import = 1
========================================================================
Received Import Request.
  Time since last request: 0.000018 seconds.
  path: Assets/ModernSupermarket/Models/Furniture/Sign_04h2fw/Textures/Materials/Sign_04h2fw_Meat.mat
  artifactKey: Guid(7f6a9b7d1dd8fcd44b2320e24641a000) Importer(2089858483,0ecaa5967403d082aa24f35e1b516d23)
Start importing Assets/ModernSupermarket/Models/Furniture/Sign_04h2fw/Textures/Materials/Sign_04h2fw_Meat.mat using Guid(7f6a9b7d1dd8fcd44b2320e24641a000) Importer(2089858483,0ecaa5967403d082aa24f35e1b516d23) [PhysX] Initialized MultithreadedTaskDispatcher with 16 workers.
 -> (artifact id: 'b4d711b0cc01248eef02588c3bb13424') in 0.010908 seconds
Number of updated asset objects reloaded before import = 0
Number of asset objects unloaded after import = 5
========================================================================
Received Import Request.
  Time since last request: 0.000018 seconds.
  path: Assets/ModernSupermarket/Models/Props/Produce/ChilliPepper_w388hm/Textures/ChilliPeppers_w388hm_o.png
  artifactKey: Guid(e5828fba0cede9a4cbe2c0e8155ffafe) Importer(2089858483,0ecaa5967403d082aa24f35e1b516d23)
Start importing Assets/ModernSupermarket/Models/Props/Produce/ChilliPepper_w388hm/Textures/ChilliPeppers_w388hm_o.png using Guid(e5828fba0cede9a4cbe2c0e8155ffafe) Importer(2089858483,0ecaa5967403d082aa24f35e1b516d23) [PhysX] Initialized MultithreadedTaskDispatcher with 16 workers.
 -> (artifact id: '8024b98c165f098f8956792acd0f7bc7') in 0.020504 seconds
Number of updated asset objects reloaded before import = 0
Number of asset objects unloaded after import = 1
========================================================================
Received Import Request.
  Time since last request: 0.000060 seconds.
  path: Assets/ModernSupermarket/Models/Props/Products/Cake_p6lebj/Textures/BoxCake_p6lebj_n.png
  artifactKey: Guid(a0eaf6dcb02b82245ba2fe8e7b754ea1) Importer(2089858483,0ecaa5967403d082aa24f35e1b516d23)
Start importing Assets/ModernSupermarket/Models/Props/Products/Cake_p6lebj/Textures/BoxCake_p6lebj_n.png using Guid(a0eaf6dcb02b82245ba2fe8e7b754ea1) Importer(2089858483,0ecaa5967403d082aa24f35e1b516d23) [PhysX] Initialized MultithreadedTaskDispatcher with 16 workers.
 -> (artifact id: '68cd6eb1bb6ed9c83e249369e61aa3ff') in 0.012409 seconds
Number of updated asset objects reloaded before import = 0
Number of asset objects unloaded after import = 1
========================================================================
Received Import Request.
  Time since last request: 0.000022 seconds.
  path: Assets/ModernSupermarket/Models/Props/Products/Bleach_irrpnt/Textures/Bleach_irrpnt_m.png
  artifactKey: Guid(ac504f8747c3f8947ad371479d0ce0a2) Importer(2089858483,0ecaa5967403d082aa24f35e1b516d23)
Start importing Assets/ModernSupermarket/Models/Props/Products/Bleach_irrpnt/Textures/Bleach_irrpnt_m.png using Guid(ac504f8747c3f8947ad371479d0ce0a2) Importer(2089858483,0ecaa5967403d082aa24f35e1b516d23) [PhysX] Initialized MultithreadedTaskDispatcher with 16 workers.
 -> (artifact id: '92f66f8bed1e634dd2af3e1c6da6619c') in 0.011586 seconds
Number of updated asset objects reloaded before import = 0
Number of asset objects unloaded after import = 1
========================================================================
Received Import Request.
  Time since last request: 0.000017 seconds.
  path: Assets/ModernSupermarket/Models/Props/Products/CandyPack_qkmq5d/Textures/CandyPack_qkmq5d_Var01_o.png
  artifactKey: Guid(04d1cd26e43567b47bf18d3b2f3c4955) Importer(2089858483,0ecaa5967403d082aa24f35e1b516d23)
Start importing Assets/ModernSupermarket/Models/Props/Products/CandyPack_qkmq5d/Textures/CandyPack_qkmq5d_Var01_o.png using Guid(04d1cd26e43567b47bf18d3b2f3c4955) Importer(2089858483,0ecaa5967403d082aa24f35e1b516d23) [PhysX] Initialized MultithreadedTaskDispatcher with 16 workers.
 -> (artifact id: 'e71daf4945138a731ea91cd7ffe4fcc2') in 0.013715 seconds
Number of updated asset objects reloaded before import = 0
Number of asset objects unloaded after import = 1
========================================================================
Received Import Request.
  Time since last request: 0.000091 seconds.
  path: Assets/ModernSupermarket/Models/Props/Produce/Pineapple_c1vx80/Textures/Pineapple_c1vx80_n.png
  artifactKey: Guid(14c9242f0043b84418d3a862445db171) Importer(2089858483,0ecaa5967403d082aa24f35e1b516d23)
Start importing Assets/ModernSupermarket/Models/Props/Produce/Pineapple_c1vx80/Textures/Pineapple_c1vx80_n.png using Guid(14c9242f0043b84418d3a862445db171) Importer(2089858483,0ecaa5967403d082aa24f35e1b516d23) [PhysX] Initialized MultithreadedTaskDispatcher with 16 workers.
 -> (artifact id: '5819bd1f3182bd8d23657e58ae17c935') in 0.013045 seconds
Number of updated asset objects reloaded before import = 0
Number of asset objects unloaded after import = 1
========================================================================
Received Import Request.
  Time since last request: 0.000023 seconds.
  path: Assets/ModernSupermarket/Models/Props/Products/Cake_p6lebj/Textures/BoxCake_p6lebj_m.png
  artifactKey: Guid(238122659a3b126428faeac3138be77a) Importer(2089858483,0ecaa5967403d082aa24f35e1b516d23)
Start importing Assets/ModernSupermarket/Models/Props/Products/Cake_p6lebj/Textures/BoxCake_p6lebj_m.png using Guid(238122659a3b126428faeac3138be77a) Importer(2089858483,0ecaa5967403d082aa24f35e1b516d23) [PhysX] Initialized MultithreadedTaskDispatcher with 16 workers.
 -> (artifact id: '36c5aff51fbca2aab8e4ac6fc136ead6') in 0.012106 seconds
Number of updated asset objects reloaded before import = 0
Number of asset objects unloaded after import = 1
========================================================================
Received Import Request.
  Time since last request: 0.000035 seconds.
  path: Assets/ModernSupermarket/Models/Props/Products/Bag_s45li3/Textures/Bag_s45li3_m.png
  artifactKey: Guid(08e39400c41e4e745956d0ab2c5b49a4) Importer(2089858483,0ecaa5967403d082aa24f35e1b516d23)
Start importing Assets/ModernSupermarket/Models/Props/Products/Bag_s45li3/Textures/Bag_s45li3_m.png using Guid(08e39400c41e4e745956d0ab2c5b49a4) Importer(2089858483,0ecaa5967403d082aa24f35e1b516d23) [PhysX] Initialized MultithreadedTaskDispatcher with 16 workers.
 -> (artifact id: '1443eb1a2cdc9ad8c93bf0f2f020f0bf') in 0.011525 seconds
Number of updated asset objects reloaded before import = 0
Number of asset objects unloaded after import = 1
========================================================================
Received Import Request.
  Time since last request: 0.000018 seconds.
  path: Assets/ModernSupermarket/Models/Props/Produce/Squash_0r6m5l/Textures/Squash_0r6m5l_a.png
  artifactKey: Guid(c772c663e1d23e5469cab0bc32cec91b) Importer(2089858483,0ecaa5967403d082aa24f35e1b516d23)
Start importing Assets/ModernSupermarket/Models/Props/Produce/Squash_0r6m5l/Textures/Squash_0r6m5l_a.png using Guid(c772c663e1d23e5469cab0bc32cec91b) Importer(2089858483,0ecaa5967403d082aa24f35e1b516d23) [PhysX] Initialized MultithreadedTaskDispatcher with 16 workers.
 -> (artifact id: 'b09fd53771647439ab5d4b3c8e60ffc5') in 0.012828 seconds
Number of updated asset objects reloaded before import = 0
Number of asset objects unloaded after import = 1
========================================================================
Received Import Request.
  Time since last request: 0.000018 seconds.
  path: Assets/ModernSupermarket/Models/Props/Products/Beer_lryra7/Textures/BeerBottle_fdde0u_Var01_n.png
  artifactKey: Guid(cca9e59cf569e824b88e9755af24ff1c) Importer(2089858483,0ecaa5967403d082aa24f35e1b516d23)
Start importing Assets/ModernSupermarket/Models/Props/Products/Beer_lryra7/Textures/BeerBottle_fdde0u_Var01_n.png using Guid(cca9e59cf569e824b88e9755af24ff1c) Importer(2089858483,0ecaa5967403d082aa24f35e1b516d23) [PhysX] Initialized MultithreadedTaskDispatcher with 16 workers.
 -> (artifact id: 'f6ef1d11b3a05e1b21a9db911c4a935d') in 0.013666 seconds
Number of updated asset objects reloaded before import = 0
Number of asset objects unloaded after import = 1
========================================================================
Received Import Request.
  Time since last request: 0.000019 seconds.
  path: Assets/ModernSupermarket/Models/Props/Products/ChocolateBox_b94wj0/Textures/ChocolatBox_b94wj0_a.png
  artifactKey: Guid(8ecbffe406e0d0f4e9385cef4cbd163a) Importer(2089858483,0ecaa5967403d082aa24f35e1b516d23)
Start importing Assets/ModernSupermarket/Models/Props/Products/ChocolateBox_b94wj0/Textures/ChocolatBox_b94wj0_a.png using Guid(8ecbffe406e0d0f4e9385cef4cbd163a) Importer(2089858483,0ecaa5967403d082aa24f35e1b516d23) [PhysX] Initialized MultithreadedTaskDispatcher with 16 workers.
 -> (artifact id: 'cef59086ad12813deeed9a10ae9b3b5d') in 0.012056 seconds
Number of updated asset objects reloaded before import = 0
Number of asset objects unloaded after import = 1
========================================================================
Received Import Request.
  Time since last request: 0.000019 seconds.
  path: Assets/ModernSupermarket/Models/Props/Products/BeerKeg_byk96e/Textures/BeerKeg_byk96e_n.png
  artifactKey: Guid(c47d02d70acf97042b4a855b4b7ca178) Importer(2089858483,0ecaa5967403d082aa24f35e1b516d23)
Start importing Assets/ModernSupermarket/Models/Props/Products/BeerKeg_byk96e/Textures/BeerKeg_byk96e_n.png using Guid(c47d02d70acf97042b4a855b4b7ca178) Importer(2089858483,0ecaa5967403d082aa24f35e1b516d23) [PhysX] Initialized MultithreadedTaskDispatcher with 16 workers.
 -> (artifact id: '3a5034638d2242614a48f4fec0915a68') in 0.013744 seconds
Number of updated asset objects reloaded before import = 0
Number of asset objects unloaded after import = 1
========================================================================
Received Import Request.
  Time since last request: 0.000022 seconds.
  path: Assets/ModernSupermarket/Models/Props/Produce/Squash_0r6m5l/Textures/Squash_0r6m5l_o.png
  artifactKey: Guid(239c48bd56d172e4f9714515800034d5) Importer(2089858483,0ecaa5967403d082aa24f35e1b516d23)
Start importing Assets/ModernSupermarket/Models/Props/Produce/Squash_0r6m5l/Textures/Squash_0r6m5l_o.png using Guid(239c48bd56d172e4f9714515800034d5) Importer(2089858483,0ecaa5967403d082aa24f35e1b516d23) [PhysX] Initialized MultithreadedTaskDispatcher with 16 workers.
 -> (artifact id: '3b8ab81c521c08e926b12fde5f2e618e') in 0.015029 seconds
Number of updated asset objects reloaded before import = 0
Number of asset objects unloaded after import = 1
========================================================================
Received Import Request.
  Time since last request: 0.000023 seconds.
  path: Assets/ModernSupermarket/Models/Furniture/Sign_04h2fw/Textures/Materials/Sign_04h2fw_Produce.mat
  artifactKey: Guid(14535fd299867c64987d84e80bdd82d3) Importer(2089858483,0ecaa5967403d082aa24f35e1b516d23)
Start importing Assets/ModernSupermarket/Models/Furniture/Sign_04h2fw/Textures/Materials/Sign_04h2fw_Produce.mat using Guid(14535fd299867c64987d84e80bdd82d3) Importer(2089858483,0ecaa5967403d082aa24f35e1b516d23) [PhysX] Initialized MultithreadedTaskDispatcher with 16 workers.
 -> (artifact id: '0bf35dda748ae01dc65031b8a607f072') in 0.011788 seconds
Number of updated asset objects reloaded before import = 0
Number of asset objects unloaded after import = 5
========================================================================
Received Import Request.
  Time since last request: 0.000023 seconds.
  path: Assets/ModernSupermarket/Models/Props/Products/Capsule_rk7lsf/Textures/Capsule_rk7lsf_o.png
  artifactKey: Guid(670f2dcef47eb4a4ab0c4531e04ed146) Importer(2089858483,0ecaa5967403d082aa24f35e1b516d23)
Start importing Assets/ModernSupermarket/Models/Props/Products/Capsule_rk7lsf/Textures/Capsule_rk7lsf_o.png using Guid(670f2dcef47eb4a4ab0c4531e04ed146) Importer(2089858483,0ecaa5967403d082aa24f35e1b516d23) [PhysX] Initialized MultithreadedTaskDispatcher with 16 workers.
 -> (artifact id: '201d3834d83c663778820d806b180842') in 0.012871 seconds
Number of updated asset objects reloaded before import = 0
Number of asset objects unloaded after import = 1
========================================================================
Received Import Request.
  Time since last request: 0.000032 seconds.
  path: Assets/ModernSupermarket/Models/Props/Products/Coffee_5uj6zk/Textures/Coffee_5uj6zk_n.png
  artifactKey: Guid(29518e45f7f6b754d94545fa90d33e33) Importer(2089858483,0ecaa5967403d082aa24f35e1b516d23)
Start importing Assets/ModernSupermarket/Models/Props/Products/Coffee_5uj6zk/Textures/Coffee_5uj6zk_n.png using Guid(29518e45f7f6b754d94545fa90d33e33) Importer(2089858483,0ecaa5967403d082aa24f35e1b516d23) [PhysX] Initialized MultithreadedTaskDispatcher with 16 workers.
 -> (artifact id: '50f5f7650269909daa0279073a88cd7f') in 0.013610 seconds
Number of updated asset objects reloaded before import = 0
Number of asset objects unloaded after import = 1
========================================================================
Received Import Request.
  Time since last request: 0.000019 seconds.
  path: Assets/ModernSupermarket/Models/Props/Products/Bleach_irrpnt/Textures/Bleach_irrpnt_a.png
  artifactKey: Guid(df29e3947d97758439ae1e804eb0807c) Importer(2089858483,0ecaa5967403d082aa24f35e1b516d23)
Start importing Assets/ModernSupermarket/Models/Props/Products/Bleach_irrpnt/Textures/Bleach_irrpnt_a.png using Guid(df29e3947d97758439ae1e804eb0807c) Importer(2089858483,0ecaa5967403d082aa24f35e1b516d23) [PhysX] Initialized MultithreadedTaskDispatcher with 16 workers.
 -> (artifact id: 'a3d0f66fe42545c1847a0efe8147a02b') in 0.009940 seconds
Number of updated asset objects reloaded before import = 0
Number of asset objects unloaded after import = 1
========================================================================
Received Import Request.
  Time since last request: 0.000018 seconds.
  path: Assets/ModernSupermarket/Models/Props/Produce/Mango_1xw10k/Textures/Mango_1xw10k_n.png
  artifactKey: Guid(cfde9b108fc3373429b15ea19837ee68) Importer(2089858483,0ecaa5967403d082aa24f35e1b516d23)
Start importing Assets/ModernSupermarket/Models/Props/Produce/Mango_1xw10k/Textures/Mango_1xw10k_n.png using Guid(cfde9b108fc3373429b15ea19837ee68) Importer(2089858483,0ecaa5967403d082aa24f35e1b516d23) [PhysX] Initialized MultithreadedTaskDispatcher with 16 workers.
 -> (artifact id: '73374e0ca7dd9b28d48b183f1c40644a') in 0.013283 seconds
Number of updated asset objects reloaded before import = 0
Number of asset objects unloaded after import = 1
========================================================================
Received Import Request.
  Time since last request: 0.000016 seconds.
  path: Assets/ModernSupermarket/Models/Props/Produce/Pumpkin_hjtgsa/Textures/Pumpkin_hjtgsa_a.png
  artifactKey: Guid(ba652f7b5cf98994fa6d10dab7810bf5) Importer(2089858483,0ecaa5967403d082aa24f35e1b516d23)
Start importing Assets/ModernSupermarket/Models/Props/Produce/Pumpkin_hjtgsa/Textures/Pumpkin_hjtgsa_a.png using Guid(ba652f7b5cf98994fa6d10dab7810bf5) Importer(2089858483,0ecaa5967403d082aa24f35e1b516d23) [PhysX] Initialized MultithreadedTaskDispatcher with 16 workers.
 -> (artifact id: 'bf767b092258d3595463e9a18cd9e1d0') in 0.012224 seconds
Number of updated asset objects reloaded before import = 0
Number of asset objects unloaded after import = 1
========================================================================
Received Import Request.
  Time since last request: 0.000017 seconds.
  path: Assets/ModernSupermarket/Models/Props/Products/Bleach_c6nm2t/Textures/Can_Bleach_c6nm2t_a.png
  artifactKey: Guid(38127c28abc773249a247679792e1e92) Importer(2089858483,0ecaa5967403d082aa24f35e1b516d23)
Start importing Assets/ModernSupermarket/Models/Props/Products/Bleach_c6nm2t/Textures/Can_Bleach_c6nm2t_a.png using Guid(38127c28abc773249a247679792e1e92) Importer(2089858483,0ecaa5967403d082aa24f35e1b516d23) [PhysX] Initialized MultithreadedTaskDispatcher with 16 workers.
 -> (artifact id: 'cda16cfb284a2c0c4db3827ad987d9f7') in 0.011809 seconds
Number of updated asset objects reloaded before import = 0
Number of asset objects unloaded after import = 1
========================================================================
Received Import Request.
  Time since last request: 0.000016 seconds.
  path: Assets/ModernSupermarket/Models/Props/Products/EggBox12x_7zw3j2/Textures/EggBox12x_7zw3j2_mask.png
  artifactKey: Guid(c40e0ef31c98f554f988e9cd8bf64185) Importer(2089858483,0ecaa5967403d082aa24f35e1b516d23)
Start importing Assets/ModernSupermarket/Models/Props/Products/EggBox12x_7zw3j2/Textures/EggBox12x_7zw3j2_mask.png using Guid(c40e0ef31c98f554f988e9cd8bf64185) Importer(2089858483,0ecaa5967403d082aa24f35e1b516d23) [PhysX] Initialized MultithreadedTaskDispatcher with 16 workers.
 -> (artifact id: 'dd789cabc42ce0365a2a3527ab93d310') in 0.013219 seconds
Number of updated asset objects reloaded before import = 0
Number of asset objects unloaded after import = 1
========================================================================
Received Import Request.
  Time since last request: 0.000021 seconds.
  path: Assets/ModernSupermarket/Models/Props/Produce/Mushroom_43xvit/Textures/Mushroom_43xvit_o.png
  artifactKey: Guid(8dac688abc4a8724daf09e63fdc679b7) Importer(2089858483,0ecaa5967403d082aa24f35e1b516d23)
Start importing Assets/ModernSupermarket/Models/Props/Produce/Mushroom_43xvit/Textures/Mushroom_43xvit_o.png using Guid(8dac688abc4a8724daf09e63fdc679b7) Importer(2089858483,0ecaa5967403d082aa24f35e1b516d23) [PhysX] Initialized MultithreadedTaskDispatcher with 16 workers.
 -> (artifact id: '88ac1355924e5ab04e34f94d52719be9') in 0.012886 seconds
Number of updated asset objects reloaded before import = 0
Number of asset objects unloaded after import = 1
========================================================================
Received Import Request.
  Time since last request: 0.000021 seconds.
  path: Assets/ModernSupermarket/Models/Props/Produce/Mushroom_43xvit/Textures/Mushroom_43xvit_n.png
  artifactKey: Guid(95cf2cdcbccd1cd4e9c399c48ad9a9d5) Importer(2089858483,0ecaa5967403d082aa24f35e1b516d23)
Start importing Assets/ModernSupermarket/Models/Props/Produce/Mushroom_43xvit/Textures/Mushroom_43xvit_n.png using Guid(95cf2cdcbccd1cd4e9c399c48ad9a9d5) Importer(2089858483,0ecaa5967403d082aa24f35e1b516d23) [PhysX] Initialized MultithreadedTaskDispatcher with 16 workers.
 -> (artifact id: 'aca2f8e0d3b3de236c2ef64e54b74712') in 0.013705 seconds
Number of updated asset objects reloaded before import = 0
Number of asset objects unloaded after import = 1
========================================================================
Received Import Request.
  Time since last request: 0.000020 seconds.
  path: Assets/ModernSupermarket/Models/Props/Produce/Grapefruit_mrfrpw/Textures/Grapefruit_mrfrpw_o.png
  artifactKey: Guid(3f60444c79648fb43ac151c2e020b52e) Importer(2089858483,0ecaa5967403d082aa24f35e1b516d23)
Start importing Assets/ModernSupermarket/Models/Props/Produce/Grapefruit_mrfrpw/Textures/Grapefruit_mrfrpw_o.png using Guid(3f60444c79648fb43ac151c2e020b52e) Importer(2089858483,0ecaa5967403d082aa24f35e1b516d23) [PhysX] Initialized MultithreadedTaskDispatcher with 16 workers.
 -> (artifact id: 'f29180e257b63c8a10c2f842c419b2a7') in 0.013133 seconds
Number of updated asset objects reloaded before import = 0
Number of asset objects unloaded after import = 1
========================================================================
Received Import Request.
  Time since last request: 0.000029 seconds.
  path: Assets/ModernSupermarket/Models/Props/Produce/Banana_zjs4oz/Textures/Banana_zjs4oz_a.png
  artifactKey: Guid(8d4665e07e756e649a5709f5758a8d9f) Importer(2089858483,0ecaa5967403d082aa24f35e1b516d23)
Start importing Assets/ModernSupermarket/Models/Props/Produce/Banana_zjs4oz/Textures/Banana_zjs4oz_a.png using Guid(8d4665e07e756e649a5709f5758a8d9f) Importer(2089858483,0ecaa5967403d082aa24f35e1b516d23) [PhysX] Initialized MultithreadedTaskDispatcher with 16 workers.
 -> (artifact id: '1341988cf78b13b8dcfc79af410b142d') in 0.013754 seconds
Number of updated asset objects reloaded before import = 0
Number of asset objects unloaded after import = 1
========================================================================
Received Import Request.
  Time since last request: 0.000017 seconds.
  path: Assets/ModernSupermarket/Models/Props/Products/Cheese_bn26cq/Textures/Cheese_bn26cq_a.png
  artifactKey: Guid(5f379957160b1f9438ed09e758f0d911) Importer(2089858483,0ecaa5967403d082aa24f35e1b516d23)
Start importing Assets/ModernSupermarket/Models/Props/Products/Cheese_bn26cq/Textures/Cheese_bn26cq_a.png using Guid(5f379957160b1f9438ed09e758f0d911) Importer(2089858483,0ecaa5967403d082aa24f35e1b516d23) [PhysX] Initialized MultithreadedTaskDispatcher with 16 workers.
 -> (artifact id: '71e10ea1725597aab256356d6bbf483d') in 0.012569 seconds
Number of updated asset objects reloaded before import = 0
Number of asset objects unloaded after import = 1
========================================================================
Received Import Request.
  Time since last request: 0.000018 seconds.
  path: Assets/ModernSupermarket/Models/Furniture/Sign_04h2fw/Textures/Materials/Sign_04h2fw_Water.mat
  artifactKey: Guid(7693d87b0654f6445aa6cc702d1eea9e) Importer(2089858483,0ecaa5967403d082aa24f35e1b516d23)
Start importing Assets/ModernSupermarket/Models/Furniture/Sign_04h2fw/Textures/Materials/Sign_04h2fw_Water.mat using Guid(7693d87b0654f6445aa6cc702d1eea9e) Importer(2089858483,0ecaa5967403d082aa24f35e1b516d23) [PhysX] Initialized MultithreadedTaskDispatcher with 16 workers.
 -> (artifact id: '00103c1047fd0aa00a0a39bfabc538b8') in 0.010939 seconds
Number of updated asset objects reloaded before import = 0
Number of asset objects unloaded after import = 5
========================================================================
Received Import Request.
  Time since last request: 0.000022 seconds.
  path: Assets/ModernSupermarket/Models/Props/Products/Decoration_3k4dyn/Textures/Decoration_3k4dyn_n.png
  artifactKey: Guid(b1836ebc969585042bf5861301bbef38) Importer(2089858483,0ecaa5967403d082aa24f35e1b516d23)
Start importing Assets/ModernSupermarket/Models/Props/Products/Decoration_3k4dyn/Textures/Decoration_3k4dyn_n.png using Guid(b1836ebc969585042bf5861301bbef38) Importer(2089858483,0ecaa5967403d082aa24f35e1b516d23) [PhysX] Initialized MultithreadedTaskDispatcher with 16 workers.
 -> (artifact id: '0fea0ad8bb27953485b921f1a896e461') in 0.014374 seconds
Number of updated asset objects reloaded before import = 0
Number of asset objects unloaded after import = 1
========================================================================
Received Import Request.
  Time since last request: 0.000020 seconds.
  path: Assets/ModernSupermarket/Models/Props/Products/Chips_w4tja8/Textures/Chips_w4tja8_Var01_a.png
  artifactKey: Guid(1d8918dbb0b48a14d80f523c0015237f) Importer(2089858483,0ecaa5967403d082aa24f35e1b516d23)
Start importing Assets/ModernSupermarket/Models/Props/Products/Chips_w4tja8/Textures/Chips_w4tja8_Var01_a.png using Guid(1d8918dbb0b48a14d80f523c0015237f) Importer(2089858483,0ecaa5967403d082aa24f35e1b516d23) [PhysX] Initialized MultithreadedTaskDispatcher with 16 workers.
 -> (artifact id: '491adc4fb5b42b9fe98e95fe598084a9') in 0.014070 seconds
Number of updated asset objects reloaded before import = 0
Number of asset objects unloaded after import = 1
========================================================================
Received Import Request.
  Time since last request: 0.000022 seconds.
  path: Assets/ModernSupermarket/Models/Props/Products/BeerPack_74mugc/Textures/BeerPack_74mugc_a.png
  artifactKey: Guid(7db195f9941809b44b8c77dcb67f000f) Importer(2089858483,0ecaa5967403d082aa24f35e1b516d23)
Start importing Assets/ModernSupermarket/Models/Props/Products/BeerPack_74mugc/Textures/BeerPack_74mugc_a.png using Guid(7db195f9941809b44b8c77dcb67f000f) Importer(2089858483,0ecaa5967403d082aa24f35e1b516d23) [PhysX] Initialized MultithreadedTaskDispatcher with 16 workers.
 -> (artifact id: '584822793a0ebcd7ca9f82215a83603f') in 0.019941 seconds
Number of updated asset objects reloaded before import = 0
Number of asset objects unloaded after import = 1
========================================================================
Received Import Request.
  Time since last request: 0.000018 seconds.
  path: Assets/ModernSupermarket/Models/Props/Products/Alcohol_qi7uqvr/Textures/Alcohol_qi7uqv_o.png
  artifactKey: Guid(e8b3a3fd007b6fd469b505f0a144585a) Importer(2089858483,0ecaa5967403d082aa24f35e1b516d23)
Start importing Assets/ModernSupermarket/Models/Props/Products/Alcohol_qi7uqvr/Textures/Alcohol_qi7uqv_o.png using Guid(e8b3a3fd007b6fd469b505f0a144585a) Importer(2089858483,0ecaa5967403d082aa24f35e1b516d23) [PhysX] Initialized MultithreadedTaskDispatcher with 16 workers.
 -> (artifact id: 'c375bd704534599227505ff4a711ba97') in 0.027978 seconds
Number of updated asset objects reloaded before import = 0
Number of asset objects unloaded after import = 1
========================================================================
Received Import Request.
  Time since last request: 0.000018 seconds.
  path: Assets/ModernSupermarket/Models/Props/Produce/Papaya_xt7unv/Textures/Papaya_xt7unv_a.png
  artifactKey: Guid(332c67a7d8649b54988af7f2a5f52c61) Importer(2089858483,0ecaa5967403d082aa24f35e1b516d23)
Start importing Assets/ModernSupermarket/Models/Props/Produce/Papaya_xt7unv/Textures/Papaya_xt7unv_a.png using Guid(332c67a7d8649b54988af7f2a5f52c61) Importer(2089858483,0ecaa5967403d082aa24f35e1b516d23) [PhysX] Initialized MultithreadedTaskDispatcher with 16 workers.
 -> (artifact id: '9dc0169386e55706aa44e59f59f139b6') in 0.012628 seconds
Number of updated asset objects reloaded before import = 0
Number of asset objects unloaded after import = 1
========================================================================
Received Import Request.
  Time since last request: 0.000018 seconds.
  path: Assets/ModernSupermarket/Models/Props/Produce/ChilliPepper_w388hm/Textures/ChilliPeppers_w388hm_Var01_mask.png
  artifactKey: Guid(07917202c3f881144a21bdeecee422f8) Importer(2089858483,0ecaa5967403d082aa24f35e1b516d23)
Start importing Assets/ModernSupermarket/Models/Props/Produce/ChilliPepper_w388hm/Textures/ChilliPeppers_w388hm_Var01_mask.png using Guid(07917202c3f881144a21bdeecee422f8) Importer(2089858483,0ecaa5967403d082aa24f35e1b516d23) [PhysX] Initialized MultithreadedTaskDispatcher with 16 workers.
 -> (artifact id: '4f888b013304fb9623daaac127874e20') in 0.019366 seconds
Number of updated asset objects reloaded before import = 0
Number of asset objects unloaded after import = 1
========================================================================
Received Import Request.
  Time since last request: 0.000019 seconds.
  path: Assets/ModernSupermarket/Models/Props/Products/BeerKeg_byk96e/Textures/BeerKeg_byk96e_Var01_a.png
  artifactKey: Guid(934f2a724afeba94786d140cbc4da7d8) Importer(2089858483,0ecaa5967403d082aa24f35e1b516d23)
Start importing Assets/ModernSupermarket/Models/Props/Products/BeerKeg_byk96e/Textures/BeerKeg_byk96e_Var01_a.png using Guid(934f2a724afeba94786d140cbc4da7d8) Importer(2089858483,0ecaa5967403d082aa24f35e1b516d23) [PhysX] Initialized MultithreadedTaskDispatcher with 16 workers.
 -> (artifact id: '8358061eebb983a13c001b11bbf5928b') in 0.012746 seconds
Number of updated asset objects reloaded before import = 0
Number of asset objects unloaded after import = 1
========================================================================
Received Import Request.
  Time since last request: 0.000020 seconds.
  path: Assets/ModernSupermarket/Models/Props/Produce/Pineapple_c1vx80/Textures/Pineapple_c1vx80_p.png
  artifactKey: Guid(0d907589cbcf9ea4ebb10d045086584a) Importer(2089858483,0ecaa5967403d082aa24f35e1b516d23)
Start importing Assets/ModernSupermarket/Models/Props/Produce/Pineapple_c1vx80/Textures/Pineapple_c1vx80_p.png using Guid(0d907589cbcf9ea4ebb10d045086584a) Importer(2089858483,0ecaa5967403d082aa24f35e1b516d23) [PhysX] Initialized MultithreadedTaskDispatcher with 16 workers.
 -> (artifact id: 'ca0c74b3e29bc35a7aa2f76772c4dbc3') in 0.012730 seconds
Number of updated asset objects reloaded before import = 0
Number of asset objects unloaded after import = 1
========================================================================
Received Import Request.
  Time since last request: 0.000018 seconds.
  path: Assets/ModernSupermarket/Models/Props/Produce/Perry_fhz4xg/Textures/Perry_fhz4xg_m.png
  artifactKey: Guid(c83172d9cd348224a9be3038025d793c) Importer(2089858483,0ecaa5967403d082aa24f35e1b516d23)
Start importing Assets/ModernSupermarket/Models/Props/Produce/Perry_fhz4xg/Textures/Perry_fhz4xg_m.png using Guid(c83172d9cd348224a9be3038025d793c) Importer(2089858483,0ecaa5967403d082aa24f35e1b516d23) [PhysX] Initialized MultithreadedTaskDispatcher with 16 workers.
 -> (artifact id: 'a929d9c5d3ef67f5708a17714ecfb6e8') in 0.012569 seconds
Number of updated asset objects reloaded before import = 0
Number of asset objects unloaded after import = 1
========================================================================
Received Import Request.
  Time since last request: 0.000018 seconds.
  path: Assets/ModernSupermarket/Models/Props/Products/Alcohol_qi7uqvr/Textures/Alcohol_qi7uqv_m.png
  artifactKey: Guid(d1b42db0b7074e249ad07a56e7d22c3f) Importer(2089858483,0ecaa5967403d082aa24f35e1b516d23)
Start importing Assets/ModernSupermarket/Models/Props/Products/Alcohol_qi7uqvr/Textures/Alcohol_qi7uqv_m.png using Guid(d1b42db0b7074e249ad07a56e7d22c3f) Importer(2089858483,0ecaa5967403d082aa24f35e1b516d23) [PhysX] Initialized MultithreadedTaskDispatcher with 16 workers.
 -> (artifact id: '410ee58d3fddfcf9be8dbd11b35068a2') in 0.011545 seconds
Number of updated asset objects reloaded before import = 0
Number of asset objects unloaded after import = 1
========================================================================
Received Import Request.
  Time since last request: 0.000023 seconds.
  path: Assets/ModernSupermarket/Models/Props/Produce/Onion_mut7xz/Textures/Onion_mut7xz_a.png
  artifactKey: Guid(47877d51004723d43ace105deeb794a8) Importer(2089858483,0ecaa5967403d082aa24f35e1b516d23)
Start importing Assets/ModernSupermarket/Models/Props/Produce/Onion_mut7xz/Textures/Onion_mut7xz_a.png using Guid(47877d51004723d43ace105deeb794a8) Importer(2089858483,0ecaa5967403d082aa24f35e1b516d23) [PhysX] Initialized MultithreadedTaskDispatcher with 16 workers.
 -> (artifact id: '273b67d8ccef539a81dd8d6e3db80071') in 0.014840 seconds
Number of updated asset objects reloaded before import = 0
Number of asset objects unloaded after import = 1
========================================================================
Received Import Request.
  Time since last request: 0.000028 seconds.
  path: Assets/ModernSupermarket/Models/Props/Produce/Clementine_7okhg9/Textures/Clementine_7okhg9_m.png
  artifactKey: Guid(e2cafb2d5e3d6e343a0120fa2b139e18) Importer(2089858483,0ecaa5967403d082aa24f35e1b516d23)
Start importing Assets/ModernSupermarket/Models/Props/Produce/Clementine_7okhg9/Textures/Clementine_7okhg9_m.png using Guid(e2cafb2d5e3d6e343a0120fa2b139e18) Importer(2089858483,0ecaa5967403d082aa24f35e1b516d23) [PhysX] Initialized MultithreadedTaskDispatcher with 16 workers.
 -> (artifact id: '9b04fd85d86fba00e7a80427e0588aa9') in 0.021753 seconds
Number of updated asset objects reloaded before import = 0
Number of asset objects unloaded after import = 1
========================================================================
Received Import Request.
  Time since last request: 0.000023 seconds.
  path: Assets/ModernSupermarket/Models/Props/Produce/Papaya_xt7unv/Textures/Papaya_xt7unv_m.png
  artifactKey: Guid(4ab74ac9ec58e5e46afc5836dfd4a2c9) Importer(2089858483,0ecaa5967403d082aa24f35e1b516d23)
Start importing Assets/ModernSupermarket/Models/Props/Produce/Papaya_xt7unv/Textures/Papaya_xt7unv_m.png using Guid(4ab74ac9ec58e5e46afc5836dfd4a2c9) Importer(2089858483,0ecaa5967403d082aa24f35e1b516d23) [PhysX] Initialized MultithreadedTaskDispatcher with 16 workers.
 -> (artifact id: 'aabf1eaf2e144d48085b19764d0703b6') in 0.016258 seconds
Number of updated asset objects reloaded before import = 0
Number of asset objects unloaded after import = 1
========================================================================
Received Import Request.
  Time since last request: 0.000022 seconds.
  path: Assets/ModernSupermarket/Models/Props/Produce/Kiwi_leh3t9/Textures/Kiwi_leh3t9_a.png
  artifactKey: Guid(fc705eff3dcc31a41b983514af3a81b2) Importer(2089858483,0ecaa5967403d082aa24f35e1b516d23)
Start importing Assets/ModernSupermarket/Models/Props/Produce/Kiwi_leh3t9/Textures/Kiwi_leh3t9_a.png using Guid(fc705eff3dcc31a41b983514af3a81b2) Importer(2089858483,0ecaa5967403d082aa24f35e1b516d23) [PhysX] Initialized MultithreadedTaskDispatcher with 16 workers.
 -> (artifact id: '7dec5f061ec944d26ba7570f29a15332') in 0.013877 seconds
Number of updated asset objects reloaded before import = 0
Number of asset objects unloaded after import = 1
========================================================================
Received Import Request.
  Time since last request: 0.000021 seconds.
  path: Assets/ModernSupermarket/Models/Props/Produce/Potato_px2ht4/Textures/Potato_px2ht4_n.png
  artifactKey: Guid(2be78978ac65a5548a0302951936aaff) Importer(2089858483,0ecaa5967403d082aa24f35e1b516d23)
Start importing Assets/ModernSupermarket/Models/Props/Produce/Potato_px2ht4/Textures/Potato_px2ht4_n.png using Guid(2be78978ac65a5548a0302951936aaff) Importer(2089858483,0ecaa5967403d082aa24f35e1b516d23) [PhysX] Initialized MultithreadedTaskDispatcher with 16 workers.
 -> (artifact id: '1a35cb2580483906f8b7c649c9fd079f') in 0.013838 seconds
Number of updated asset objects reloaded before import = 0
Number of asset objects unloaded after import = 1
========================================================================
Received Import Request.
  Time since last request: 0.000020 seconds.
  path: Assets/ModernSupermarket/Models/Props/Produce/Squash_0r6m5l/Textures/Squash_0r6m5l_n.png
  artifactKey: Guid(a42b7cfb05856144f96f0e09ffadde73) Importer(2089858483,0ecaa5967403d082aa24f35e1b516d23)
Start importing Assets/ModernSupermarket/Models/Props/Produce/Squash_0r6m5l/Textures/Squash_0r6m5l_n.png using Guid(a42b7cfb05856144f96f0e09ffadde73) Importer(2089858483,0ecaa5967403d082aa24f35e1b516d23) [PhysX] Initialized MultithreadedTaskDispatcher with 16 workers.
 -> (artifact id: 'ad5f48ee970036ec3057f4de57726be6') in 0.014289 seconds
Number of updated asset objects reloaded before import = 0
Number of asset objects unloaded after import = 1
========================================================================
Received Import Request.
  Time since last request: 0.000018 seconds.
  path: Assets/ModernSupermarket/Models/Props/Products/Cheese_bn26cq/Textures/Cheese_bn26cq_o.png
  artifactKey: Guid(4248c8ed4d39c2243bd859489db4c4d1) Importer(2089858483,0ecaa5967403d082aa24f35e1b516d23)
Start importing Assets/ModernSupermarket/Models/Props/Products/Cheese_bn26cq/Textures/Cheese_bn26cq_o.png using Guid(4248c8ed4d39c2243bd859489db4c4d1) Importer(2089858483,0ecaa5967403d082aa24f35e1b516d23) [PhysX] Initialized MultithreadedTaskDispatcher with 16 workers.
 -> (artifact id: 'a698d9b577618402989a32b914bccd7a') in 0.012968 seconds
Number of updated asset objects reloaded before import = 0
Number of asset objects unloaded after import = 1
========================================================================
Received Import Request.
  Time since last request: 0.000019 seconds.
  path: Assets/ModernSupermarket/Models/Props/Products/Alcohol_eoojba/Textures/Whisky_eoojba_o.png
  artifactKey: Guid(193bf006a4dd16344bd2820c5587e9f7) Importer(2089858483,0ecaa5967403d082aa24f35e1b516d23)
Start importing Assets/ModernSupermarket/Models/Props/Products/Alcohol_eoojba/Textures/Whisky_eoojba_o.png using Guid(193bf006a4dd16344bd2820c5587e9f7) Importer(2089858483,0ecaa5967403d082aa24f35e1b516d23) [PhysX] Initialized MultithreadedTaskDispatcher with 16 workers.
 -> (artifact id: '2836f2b65825904fb16faa7dfafc1a10') in 0.019281 seconds
Number of updated asset objects reloaded before import = 0
Number of asset objects unloaded after import = 1
========================================================================
Received Import Request.
  Time since last request: 0.000016 seconds.
  path: Assets/ModernSupermarket/Models/Props/Products/CandyPack_qkmq5d/Textures/CandyPack_qkmq5d_n.png
  artifactKey: Guid(3183c16f247b7a245952669b0e71cdd4) Importer(2089858483,0ecaa5967403d082aa24f35e1b516d23)
Start importing Assets/ModernSupermarket/Models/Props/Products/CandyPack_qkmq5d/Textures/CandyPack_qkmq5d_n.png using Guid(3183c16f247b7a245952669b0e71cdd4) Importer(2089858483,0ecaa5967403d082aa24f35e1b516d23) [PhysX] Initialized MultithreadedTaskDispatcher with 16 workers.
 -> (artifact id: 'fecfadaf4388371b4718202f20b7e7ce') in 0.014213 seconds
Number of updated asset objects reloaded before import = 0
Number of asset objects unloaded after import = 1
========================================================================
Received Import Request.
  Time since last request: 0.000019 seconds.
  path: Assets/ModernSupermarket/Models/Props/Produce/Melon_h6xrq4/Textures/Melon_h6xrq4_o.png
  artifactKey: Guid(726ef6fce043c094681f19a5db6d7db8) Importer(2089858483,0ecaa5967403d082aa24f35e1b516d23)
Start importing Assets/ModernSupermarket/Models/Props/Produce/Melon_h6xrq4/Textures/Melon_h6xrq4_o.png using Guid(726ef6fce043c094681f19a5db6d7db8) Importer(2089858483,0ecaa5967403d082aa24f35e1b516d23) [PhysX] Initialized MultithreadedTaskDispatcher with 16 workers.
 -> (artifact id: '363296c124d654e3267632585ee5cd06') in 0.012450 seconds
Number of updated asset objects reloaded before import = 0
Number of asset objects unloaded after import = 1
========================================================================
Received Import Request.
  Time since last request: 0.000016 seconds.
  path: Assets/ModernSupermarket/Models/Props/Products/Chicken_ozj6pn/Textures/Chicken_ozj6pn_Meat_a.png
  artifactKey: Guid(1f60cc965b7c76f4aa8b2cba9e2c8c7f) Importer(2089858483,0ecaa5967403d082aa24f35e1b516d23)
Start importing Assets/ModernSupermarket/Models/Props/Products/Chicken_ozj6pn/Textures/Chicken_ozj6pn_Meat_a.png using Guid(1f60cc965b7c76f4aa8b2cba9e2c8c7f) Importer(2089858483,0ecaa5967403d082aa24f35e1b516d23) [PhysX] Initialized MultithreadedTaskDispatcher with 16 workers.
 -> (artifact id: 'ec9299013b02761aed42ea04decf2518') in 0.012734 seconds
Number of updated asset objects reloaded before import = 0
Number of asset objects unloaded after import = 1
========================================================================
Received Import Request.
  Time since last request: 0.000017 seconds.
  path: Assets/ModernSupermarket/Models/Props/Products/EggBox8x_2zgq4h/Textures/EggBox8x_2zgq4h_m.png
  artifactKey: Guid(06d41f23ea9131c4f90b98783c67e792) Importer(2089858483,0ecaa5967403d082aa24f35e1b516d23)
Start importing Assets/ModernSupermarket/Models/Props/Products/EggBox8x_2zgq4h/Textures/EggBox8x_2zgq4h_m.png using Guid(06d41f23ea9131c4f90b98783c67e792) Importer(2089858483,0ecaa5967403d082aa24f35e1b516d23) [PhysX] Initialized MultithreadedTaskDispatcher with 16 workers.
 -> (artifact id: 'ed535f0cb763f5b405198e5be4fc6f19') in 0.012808 seconds
Number of updated asset objects reloaded before import = 0
Number of asset objects unloaded after import = 1
========================================================================
Received Import Request.
  Time since last request: 0.000016 seconds.
  path: Assets/ModernSupermarket/Models/Props/Products/Cream_jatl5h/Textures/Cream_jatl5h_n.png
  artifactKey: Guid(acf9a8708455b604cb242d5d7ae8eec0) Importer(2089858483,0ecaa5967403d082aa24f35e1b516d23)
Start importing Assets/ModernSupermarket/Models/Props/Products/Cream_jatl5h/Textures/Cream_jatl5h_n.png using Guid(acf9a8708455b604cb242d5d7ae8eec0) Importer(2089858483,0ecaa5967403d082aa24f35e1b516d23) [PhysX] Initialized MultithreadedTaskDispatcher with 16 workers.
 -> (artifact id: 'f324fbbb131075c77f99bc13c2fbca4e') in 0.014857 seconds
Number of updated asset objects reloaded before import = 0
Number of asset objects unloaded after import = 1
========================================================================
Received Import Request.
  Time since last request: 0.000017 seconds.
  path: Assets/ModernSupermarket/Models/Props/Products/Capsule_xrahaz/Textures/Capsule_xrahaz_m.png
  artifactKey: Guid(f87c5de918ed21543b6a463cede7eb23) Importer(2089858483,0ecaa5967403d082aa24f35e1b516d23)
Start importing Assets/ModernSupermarket/Models/Props/Products/Capsule_xrahaz/Textures/Capsule_xrahaz_m.png using Guid(f87c5de918ed21543b6a463cede7eb23) Importer(2089858483,0ecaa5967403d082aa24f35e1b516d23) [PhysX] Initialized MultithreadedTaskDispatcher with 16 workers.
 -> (artifact id: '9b640aec95d31ba3d7d0b9d3ec2b4eb8') in 0.013492 seconds
Number of updated asset objects reloaded before import = 0
Number of asset objects unloaded after import = 1
========================================================================
Received Import Request.
  Time since last request: 0.000019 seconds.
  path: Assets/ModernSupermarket/Models/Props/Products/Capsule_rk7lsf/Textures/Capsule_rk7lsf_a.png
  artifactKey: Guid(f6405fef00eecab4fa364987e785f0a6) Importer(2089858483,0ecaa5967403d082aa24f35e1b516d23)
Start importing Assets/ModernSupermarket/Models/Props/Products/Capsule_rk7lsf/Textures/Capsule_rk7lsf_a.png using Guid(f6405fef00eecab4fa364987e785f0a6) Importer(2089858483,0ecaa5967403d082aa24f35e1b516d23) [PhysX] Initialized MultithreadedTaskDispatcher with 16 workers.
 -> (artifact id: '0e842e4b8a0c81fbf4ed1f42322b39aa') in 0.012222 seconds
Number of updated asset objects reloaded before import = 0
Number of asset objects unloaded after import = 1
========================================================================
Received Import Request.
  Time since last request: 0.000017 seconds.
  path: Assets/ModernSupermarket/Models/Props/Products/Flour_ckgfmu/Textures/FlourPack_ckgfmu_Var01_n.png
  artifactKey: Guid(c01410273f4a9bd49b7cbb9521d5fdd2) Importer(2089858483,0ecaa5967403d082aa24f35e1b516d23)
Start importing Assets/ModernSupermarket/Models/Props/Products/Flour_ckgfmu/Textures/FlourPack_ckgfmu_Var01_n.png using Guid(c01410273f4a9bd49b7cbb9521d5fdd2) Importer(2089858483,0ecaa5967403d082aa24f35e1b516d23) [PhysX] Initialized MultithreadedTaskDispatcher with 16 workers.
 -> (artifact id: 'f67b6d6d0613c9b2347eaa0a2b45d021') in 0.011370 seconds
Number of updated asset objects reloaded before import = 0
Number of asset objects unloaded after import = 1
========================================================================
Received Import Request.
  Time since last request: 0.000025 seconds.
  path: Assets/ModernSupermarket/Models/Props/Products/SlicedBread_tp7aom/Textures/SlicedBread_tp7aom_n.png
  artifactKey: Guid(e5f8e88e542af45458cdd332ea079245) Importer(2089858483,0ecaa5967403d082aa24f35e1b516d23)
Start importing Assets/ModernSupermarket/Models/Props/Products/SlicedBread_tp7aom/Textures/SlicedBread_tp7aom_n.png using Guid(e5f8e88e542af45458cdd332ea079245) Importer(2089858483,0ecaa5967403d082aa24f35e1b516d23) [PhysX] Initialized MultithreadedTaskDispatcher with 16 workers.
 -> (artifact id: 'c24e55210ad7328621dc042d87653e48') in 0.013404 seconds
Number of updated asset objects reloaded before import = 0
Number of asset objects unloaded after import = 1
========================================================================
Received Import Request.
  Time since last request: 0.000018 seconds.
  path: Assets/ModernSupermarket/Models/Props/Produce/Banana_zjs4oz/Textures/Materials/Banana_zjs4oz.mat
  artifactKey: Guid(2635c6db7f2f7be4fa07fb8cfc02c0b4) Importer(2089858483,0ecaa5967403d082aa24f35e1b516d23)
Start importing Assets/ModernSupermarket/Models/Props/Produce/Banana_zjs4oz/Textures/Materials/Banana_zjs4oz.mat using Guid(2635c6db7f2f7be4fa07fb8cfc02c0b4) Importer(2089858483,0ecaa5967403d082aa24f35e1b516d23) [PhysX] Initialized MultithreadedTaskDispatcher with 16 workers.
 -> (artifact id: '7bb2d48707f97f5a25b88d22f0053bea') in 0.011289 seconds
Number of updated asset objects reloaded before import = 0
Number of asset objects unloaded after import = 5
========================================================================
Received Import Request.
  Time since last request: 0.000021 seconds.
  path: Assets/ModernSupermarket/Models/Props/Products/MilkBrick_e8foxc/Textures/MilkBrick_e8foxc_n.png
  artifactKey: Guid(97dce88422c7a6141b2f7b16f240935e) Importer(2089858483,0ecaa5967403d082aa24f35e1b516d23)
Start importing Assets/ModernSupermarket/Models/Props/Products/MilkBrick_e8foxc/Textures/MilkBrick_e8foxc_n.png using Guid(97dce88422c7a6141b2f7b16f240935e) Importer(2089858483,0ecaa5967403d082aa24f35e1b516d23) [PhysX] Initialized MultithreadedTaskDispatcher with 16 workers.
 -> (artifact id: '1dab5f8acaf8e04c152434cf559005eb') in 0.012802 seconds
Number of updated asset objects reloaded before import = 0
Number of asset objects unloaded after import = 1
========================================================================
Received Import Request.
  Time since last request: 0.000016 seconds.
  path: Assets/ModernSupermarket/Models/Props/Products/Salt_9we170/Textures/Salt_9we170_m.png
  artifactKey: Guid(45a559e19b18fdd419cc83c6cb6fed37) Importer(2089858483,0ecaa5967403d082aa24f35e1b516d23)
Start importing Assets/ModernSupermarket/Models/Props/Products/Salt_9we170/Textures/Salt_9we170_m.png using Guid(45a559e19b18fdd419cc83c6cb6fed37) Importer(2089858483,0ecaa5967403d082aa24f35e1b516d23) [PhysX] Initialized MultithreadedTaskDispatcher with 16 workers.
 -> (artifact id: '201d45166be9b30a8177a31aadbca949') in 0.011623 seconds
Number of updated asset objects reloaded before import = 0
Number of asset objects unloaded after import = 1
========================================================================
Received Import Request.
  Time since last request: 0.000016 seconds.
  path: Assets/ModernSupermarket/Models/Props/Produce/Artichoke_fdde0u/Textures/Materials/Artichoke_fdde0u.mat
  artifactKey: Guid(60f70eeebe389c84fb953afb34562e79) Importer(2089858483,0ecaa5967403d082aa24f35e1b516d23)
Start importing Assets/ModernSupermarket/Models/Props/Produce/Artichoke_fdde0u/Textures/Materials/Artichoke_fdde0u.mat using Guid(60f70eeebe389c84fb953afb34562e79) Importer(2089858483,0ecaa5967403d082aa24f35e1b516d23) [PhysX] Initialized MultithreadedTaskDispatcher with 16 workers.
 -> (artifact id: '409b6153e44a862f8dd29bc63c3a8f47') in 0.011422 seconds
Number of updated asset objects reloaded before import = 0
Number of asset objects unloaded after import = 5
========================================================================
Received Import Request.
  Time since last request: 0.000016 seconds.
  path: Assets/ModernSupermarket/Models/Props/Products/Oil_ nutmjk/Textures/Oil_nutmjk_o.png
  artifactKey: Guid(52c3d8caaefd8ce43b8612940f5e0ab5) Importer(2089858483,0ecaa5967403d082aa24f35e1b516d23)
Start importing Assets/ModernSupermarket/Models/Props/Products/Oil_ nutmjk/Textures/Oil_nutmjk_o.png using Guid(52c3d8caaefd8ce43b8612940f5e0ab5) Importer(2089858483,0ecaa5967403d082aa24f35e1b516d23) [PhysX] Initialized MultithreadedTaskDispatcher with 16 workers.
 -> (artifact id: 'fc26a71cbed40f55a5a1656578df69ad') in 0.012407 seconds
Number of updated asset objects reloaded before import = 0
Number of asset objects unloaded after import = 1
========================================================================
Received Import Request.
  Time since last request: 0.000018 seconds.
  path: Assets/ModernSupermarket/Models/Props/Utility/Basket_o52iei/Textures/Basket_o52iei_condiments04_o.png
  artifactKey: Guid(9bfd4dbc683d9bb46af8a0f0c7517d8a) Importer(2089858483,0ecaa5967403d082aa24f35e1b516d23)
Start importing Assets/ModernSupermarket/Models/Props/Utility/Basket_o52iei/Textures/Basket_o52iei_condiments04_o.png using Guid(9bfd4dbc683d9bb46af8a0f0c7517d8a) Importer(2089858483,0ecaa5967403d082aa24f35e1b516d23) [PhysX] Initialized MultithreadedTaskDispatcher with 16 workers.
 -> (artifact id: '846318fbc3b0c7a2f311cab00ac1e8d8') in 0.011037 seconds
Number of updated asset objects reloaded before import = 0
Number of asset objects unloaded after import = 1
========================================================================
Received Import Request.
  Time since last request: 0.000017 seconds.
  path: Assets/ModernSupermarket/Models/Props/Products/MeatTray_dbf1nh/Textures/MeatTray_fbw8xf_a.png
  artifactKey: Guid(33bbd82dc1a9261448dcbf43397d6338) Importer(2089858483,0ecaa5967403d082aa24f35e1b516d23)
Start importing Assets/ModernSupermarket/Models/Props/Products/MeatTray_dbf1nh/Textures/MeatTray_fbw8xf_a.png using Guid(33bbd82dc1a9261448dcbf43397d6338) Importer(2089858483,0ecaa5967403d082aa24f35e1b516d23) [PhysX] Initialized MultithreadedTaskDispatcher with 16 workers.
 -> (artifact id: '4edfd9b8969ee875780b2902983b58ab') in 0.012518 seconds
Number of updated asset objects reloaded before import = 0
Number of asset objects unloaded after import = 1
========================================================================
Received Import Request.
  Time since last request: 0.000015 seconds.
  path: Assets/ModernSupermarket/Models/Props/Products/MeatTray_bbcwdq/Textures/MeatTray_bbcwdq_Meat_m.png
  artifactKey: Guid(bb1abfe3c4ba73540ae02484dd2c73b4) Importer(2089858483,0ecaa5967403d082aa24f35e1b516d23)
Start importing Assets/ModernSupermarket/Models/Props/Products/MeatTray_bbcwdq/Textures/MeatTray_bbcwdq_Meat_m.png using Guid(bb1abfe3c4ba73540ae02484dd2c73b4) Importer(2089858483,0ecaa5967403d082aa24f35e1b516d23) [PhysX] Initialized MultithreadedTaskDispatcher with 16 workers.
 -> (artifact id: '758ef6b6a8302840256b650e5dec4c44') in 0.013256 seconds
Number of updated asset objects reloaded before import = 0
Number of asset objects unloaded after import = 1
========================================================================
Received Import Request.
  Time since last request: 0.000019 seconds.
  path: Assets/ModernSupermarket/Models/Props/Products/JuiceBrick_6ljfy3/Textures/JuiceBrick_6ljfy3_Var01_a.png
  artifactKey: Guid(69d9fb97bbdf95b418a424f1dbba63a7) Importer(2089858483,0ecaa5967403d082aa24f35e1b516d23)
Start importing Assets/ModernSupermarket/Models/Props/Products/JuiceBrick_6ljfy3/Textures/JuiceBrick_6ljfy3_Var01_a.png using Guid(69d9fb97bbdf95b418a424f1dbba63a7) Importer(2089858483,0ecaa5967403d082aa24f35e1b516d23) [PhysX] Initialized MultithreadedTaskDispatcher with 16 workers.
 -> (artifact id: '94f8b8a4f47a5c31a542471f4461b569') in 0.012648 seconds
Number of updated asset objects reloaded before import = 0
Number of asset objects unloaded after import = 1
========================================================================
Received Import Request.
  Time since last request: 0.000023 seconds.
  path: Assets/ModernSupermarket/Models/Props/Products/Rice_rewt3q/Textures/RicePack_rewt3q_m.png
  artifactKey: Guid(b5673823750af814c92ed5487e4095ba) Importer(2089858483,0ecaa5967403d082aa24f35e1b516d23)
Start importing Assets/ModernSupermarket/Models/Props/Products/Rice_rewt3q/Textures/RicePack_rewt3q_m.png using Guid(b5673823750af814c92ed5487e4095ba) Importer(2089858483,0ecaa5967403d082aa24f35e1b516d23) [PhysX] Initialized MultithreadedTaskDispatcher with 16 workers.
 -> (artifact id: 'de2786e84f9a3ab43467f6db75b4111e') in 0.011704 seconds
Number of updated asset objects reloaded before import = 0
Number of asset objects unloaded after import = 1
========================================================================
Received Import Request.
  Time since last request: 0.000022 seconds.
  path: Assets/ModernSupermarket/Models/Props/Utility/Basket_k5jizs/Textures/Basket_k5jizs_o.png
  artifactKey: Guid(c5dff0d2c54f47e45820b58b26f3bab8) Importer(2089858483,0ecaa5967403d082aa24f35e1b516d23)
Start importing Assets/ModernSupermarket/Models/Props/Utility/Basket_k5jizs/Textures/Basket_k5jizs_o.png using Guid(c5dff0d2c54f47e45820b58b26f3bab8) Importer(2089858483,0ecaa5967403d082aa24f35e1b516d23) [PhysX] Initialized MultithreadedTaskDispatcher with 16 workers.
 -> (artifact id: 'a5d59816183a12c89ea47cbf63cabcce') in 0.017161 seconds
Number of updated asset objects reloaded before import = 0
Number of asset objects unloaded after import = 1
========================================================================
Received Import Request.
  Time since last request: 0.000019 seconds.
  path: Assets/ModernSupermarket/Models/Props/Utility/Camera_9m4m3y/Textures/Camera_9m4m3y_n.png
  artifactKey: Guid(6aca41aceb9a86f4e8adb9f7b9e353c4) Importer(2089858483,0ecaa5967403d082aa24f35e1b516d23)
Start importing Assets/ModernSupermarket/Models/Props/Utility/Camera_9m4m3y/Textures/Camera_9m4m3y_n.png using Guid(6aca41aceb9a86f4e8adb9f7b9e353c4) Importer(2089858483,0ecaa5967403d082aa24f35e1b516d23) [PhysX] Initialized MultithreadedTaskDispatcher with 16 workers.
 -> (artifact id: 'a96f005baa593fb7820d626064982516') in 0.020191 seconds
Number of updated asset objects reloaded before import = 0
Number of asset objects unloaded after import = 1
========================================================================
Received Import Request.
  Time since last request: 0.000021 seconds.
  path: Assets/ModernSupermarket/Models/Props/Products/WaterPack_mqmuh7/Textures/WaterPack_mqmuh7_Var02_a.png
  artifactKey: Guid(2e202824d06871f4a968a69c83acdc15) Importer(2089858483,0ecaa5967403d082aa24f35e1b516d23)
Start importing Assets/ModernSupermarket/Models/Props/Products/WaterPack_mqmuh7/Textures/WaterPack_mqmuh7_Var02_a.png using Guid(2e202824d06871f4a968a69c83acdc15) Importer(2089858483,0ecaa5967403d082aa24f35e1b516d23) [PhysX] Initialized MultithreadedTaskDispatcher with 16 workers.
 -> (artifact id: '7de8ac797faabf068dc298b6b023d971') in 0.014586 seconds
Number of updated asset objects reloaded before import = 0
Number of asset objects unloaded after import = 1
========================================================================
Received Import Request.
  Time since last request: 0.000018 seconds.
  path: Assets/ModernSupermarket/Models/Props/Products/MeatTray_fbw8xf/Textures/MeatTray_fbw8xf_n.png
  artifactKey: Guid(df0354cc56da5754e8eaaecc1e3bf71e) Importer(2089858483,0ecaa5967403d082aa24f35e1b516d23)
Start importing Assets/ModernSupermarket/Models/Props/Products/MeatTray_fbw8xf/Textures/MeatTray_fbw8xf_n.png using Guid(df0354cc56da5754e8eaaecc1e3bf71e) Importer(2089858483,0ecaa5967403d082aa24f35e1b516d23) [PhysX] Initialized MultithreadedTaskDispatcher with 16 workers.
 -> (artifact id: '04904074ce298f545751aac3426e87ac') in 0.013475 seconds
Number of updated asset objects reloaded before import = 0
Number of asset objects unloaded after import = 1
========================================================================
Received Import Request.
  Time since last request: 0.000024 seconds.
  path: Assets/ModernSupermarket/Models/Props/Products/PetFood_2ujlf0/Textures/PetFood_2ujlf0_m.png
  artifactKey: Guid(0b3680ac4c29dea4fafcc87572714ba0) Importer(2089858483,0ecaa5967403d082aa24f35e1b516d23)
Start importing Assets/ModernSupermarket/Models/Props/Products/PetFood_2ujlf0/Textures/PetFood_2ujlf0_m.png using Guid(0b3680ac4c29dea4fafcc87572714ba0) Importer(2089858483,0ecaa5967403d082aa24f35e1b516d23) [PhysX] Initialized MultithreadedTaskDispatcher with 16 workers.
 -> (artifact id: 'd5a22447170dcb657f615e6591411401') in 0.011343 seconds
Number of updated asset objects reloaded before import = 0
Number of asset objects unloaded after import = 1
========================================================================
Received Import Request.
  Time since last request: 0.000029 seconds.
  path: Assets/ModernSupermarket/Models/Props/Produce/Apple_k7nzrr/Textures/Materials/Apple_1lsubu.mat
  artifactKey: Guid(d9bd4d2fe14aedf49a63d1c2f0f33d90) Importer(2089858483,0ecaa5967403d082aa24f35e1b516d23)
Start importing Assets/ModernSupermarket/Models/Props/Produce/Apple_k7nzrr/Textures/Materials/Apple_1lsubu.mat using Guid(d9bd4d2fe14aedf49a63d1c2f0f33d90) Importer(2089858483,0ecaa5967403d082aa24f35e1b516d23) [PhysX] Initialized MultithreadedTaskDispatcher with 16 workers.
 -> (artifact id: '790bb7c03a45e6998afd37e3c7fc6048') in 0.012313 seconds
Number of updated asset objects reloaded before import = 0
Number of asset objects unloaded after import = 5
========================================================================
Received Import Request.
  Time since last request: 0.000045 seconds.
  path: Assets/ModernSupermarket/Models/Props/Utility/Crate_7qf4hw/Textures/Crate_7qf4hw_a.png
  artifactKey: Guid(4d9ff43c701f422468719be4eaa08e3f) Importer(2089858483,0ecaa5967403d082aa24f35e1b516d23)
Start importing Assets/ModernSupermarket/Models/Props/Utility/Crate_7qf4hw/Textures/Crate_7qf4hw_a.png using Guid(4d9ff43c701f422468719be4eaa08e3f) Importer(2089858483,0ecaa5967403d082aa24f35e1b516d23) [PhysX] Initialized MultithreadedTaskDispatcher with 16 workers.
 -> (artifact id: '3fb2f64de73f042348fe6d60a901c237') in 0.013742 seconds
Number of updated asset objects reloaded before import = 0
Number of asset objects unloaded after import = 1
========================================================================
Received Import Request.
  Time since last request: 0.000021 seconds.
  path: Assets/ModernSupermarket/Models/Props/Products/MeatTray_qm4z4l/Textures/MeatTray_qm4z4l_Meat_n.png
  artifactKey: Guid(f35cb162f993b8a4dbe581ddd937fbb0) Importer(2089858483,0ecaa5967403d082aa24f35e1b516d23)
Start importing Assets/ModernSupermarket/Models/Props/Products/MeatTray_qm4z4l/Textures/MeatTray_qm4z4l_Meat_n.png using Guid(f35cb162f993b8a4dbe581ddd937fbb0) Importer(2089858483,0ecaa5967403d082aa24f35e1b516d23) [PhysX] Initialized MultithreadedTaskDispatcher with 16 workers.
 -> (artifact id: 'b347c929cf1bbd0330cd373bbf995e2d') in 0.012382 seconds
Number of updated asset objects reloaded before import = 0
Number of asset objects unloaded after import = 1
========================================================================
Received Import Request.
  Time since last request: 0.000020 seconds.
  path: Assets/ModernSupermarket/Models/Props/Products/MeatTray_bbcwdq/Textures/MeatTray_qm4z4l_mask.png
  artifactKey: Guid(857c102d755a1dd4c831ddd1ebf253ec) Importer(2089858483,0ecaa5967403d082aa24f35e1b516d23)
Start importing Assets/ModernSupermarket/Models/Props/Products/MeatTray_bbcwdq/Textures/MeatTray_qm4z4l_mask.png using Guid(857c102d755a1dd4c831ddd1ebf253ec) Importer(2089858483,0ecaa5967403d082aa24f35e1b516d23) [PhysX] Initialized MultithreadedTaskDispatcher with 16 workers.
 -> (artifact id: '900f5c9abd8d3af62bd2bfc03ed85ff6') in 0.012338 seconds
Number of updated asset objects reloaded before import = 0
Number of asset objects unloaded after import = 1
========================================================================
Received Import Request.
  Time since last request: 0.000024 seconds.
  path: Assets/ModernSupermarket/Models/Props/Products/Oil_ nutmjk/Textures/Oil_nutmjk_a.png
  artifactKey: Guid(d7179dbc1112f9c4393115d31bb5129f) Importer(2089858483,0ecaa5967403d082aa24f35e1b516d23)
Start importing Assets/ModernSupermarket/Models/Props/Products/Oil_ nutmjk/Textures/Oil_nutmjk_a.png using Guid(d7179dbc1112f9c4393115d31bb5129f) Importer(2089858483,0ecaa5967403d082aa24f35e1b516d23) [PhysX] Initialized MultithreadedTaskDispatcher with 16 workers.
 -> (artifact id: '56df15289c8bd8da4387f643396683d0') in 0.014299 seconds
Number of updated asset objects reloaded before import = 0
Number of asset objects unloaded after import = 1
========================================================================
Received Import Request.
  Time since last request: 0.000022 seconds.
  path: Assets/ModernSupermarket/Models/Props/Products/Sauce_cfrew8/Textures/Sauce_cfrew8_m.png
  artifactKey: Guid(6c44f2e82018c52478c1b23573121b18) Importer(2089858483,0ecaa5967403d082aa24f35e1b516d23)
Start importing Assets/ModernSupermarket/Models/Props/Products/Sauce_cfrew8/Textures/Sauce_cfrew8_m.png using Guid(6c44f2e82018c52478c1b23573121b18) Importer(2089858483,0ecaa5967403d082aa24f35e1b516d23) [PhysX] Initialized MultithreadedTaskDispatcher with 16 workers.
 -> (artifact id: '8878495fbfc97c39871990084c66b05a') in 0.013700 seconds
Number of updated asset objects reloaded before import = 0
Number of asset objects unloaded after import = 1
========================================================================
Received Import Request.
  Time since last request: 0.000018 seconds.
  path: Assets/ModernSupermarket/Models/Props/Products/MeatTray_fbw8xf/Textures/MeatTray_fbw8xf_Meat_m.png
  artifactKey: Guid(9156ac69d0f48b24fa7dc99317912b29) Importer(2089858483,0ecaa5967403d082aa24f35e1b516d23)
Start importing Assets/ModernSupermarket/Models/Props/Products/MeatTray_fbw8xf/Textures/MeatTray_fbw8xf_Meat_m.png using Guid(9156ac69d0f48b24fa7dc99317912b29) Importer(2089858483,0ecaa5967403d082aa24f35e1b516d23) [PhysX] Initialized MultithreadedTaskDispatcher with 16 workers.
 -> (artifact id: 'a972e1d65c8d610501cc55aee1cadf9c') in 0.013953 seconds
Number of updated asset objects reloaded before import = 0
Number of asset objects unloaded after import = 1
========================================================================
Received Import Request.
  Time since last request: 0.000021 seconds.
  path: Assets/ModernSupermarket/Models/Props/Utility/Basket_k5jizs/Textures/Basket_k5jizs_m.png
  artifactKey: Guid(8c6dfb7d40009444f935f659d4022185) Importer(2089858483,0ecaa5967403d082aa24f35e1b516d23)
Start importing Assets/ModernSupermarket/Models/Props/Utility/Basket_k5jizs/Textures/Basket_k5jizs_m.png using Guid(8c6dfb7d40009444f935f659d4022185) Importer(2089858483,0ecaa5967403d082aa24f35e1b516d23) [PhysX] Initialized MultithreadedTaskDispatcher with 16 workers.
 -> (artifact id: '236b7e550cef2f8df019eccb0ccb4f5f') in 0.017800 seconds
Number of updated asset objects reloaded before import = 0
Number of asset objects unloaded after import = 1
========================================================================
Received Import Request.
  Time since last request: 0.000021 seconds.
  path: Assets/ModernSupermarket/Models/Props/Utility/Stool_6jdl8x/textures/Stool_6jdl8x_o.png
  artifactKey: Guid(bf86c4c783636cb48b1853a9d9c9963d) Importer(2089858483,0ecaa5967403d082aa24f35e1b516d23)
Start importing Assets/ModernSupermarket/Models/Props/Utility/Stool_6jdl8x/textures/Stool_6jdl8x_o.png using Guid(bf86c4c783636cb48b1853a9d9c9963d) Importer(2089858483,0ecaa5967403d082aa24f35e1b516d23) [PhysX] Initialized MultithreadedTaskDispatcher with 16 workers.
 -> (artifact id: '9672b9a139d419d13ce845a1ec9ed8f4') in 0.014728 seconds
Number of updated asset objects reloaded before import = 0
Number of asset objects unloaded after import = 1
========================================================================
Received Import Request.
  Time since last request: 0.000019 seconds.
  path: Assets/ModernSupermarket/Models/Props/Produce/Avocado_pd302k/Textures/Materials/Avocado_pd302k.mat
  artifactKey: Guid(0a9fecdf66e082e49a96fd4287981dd0) Importer(2089858483,0ecaa5967403d082aa24f35e1b516d23)
Start importing Assets/ModernSupermarket/Models/Props/Produce/Avocado_pd302k/Textures/Materials/Avocado_pd302k.mat using Guid(0a9fecdf66e082e49a96fd4287981dd0) Importer(2089858483,0ecaa5967403d082aa24f35e1b516d23) [PhysX] Initialized MultithreadedTaskDispatcher with 16 workers.
 -> (artifact id: '729ef8b1652e34ded1f75f47ffe2aac1') in 0.011090 seconds
Number of updated asset objects reloaded before import = 0
Number of asset objects unloaded after import = 5
========================================================================
Received Import Request.
  Time since last request: 0.000020 seconds.
  path: Assets/ModernSupermarket/Models/Props/Products/Sugar_ffc568/Textures/Sugar_ffc568_a_Var02.png
  artifactKey: Guid(ce5b26f6f59e04b489e80a6b58a590f7) Importer(2089858483,0ecaa5967403d082aa24f35e1b516d23)
Start importing Assets/ModernSupermarket/Models/Props/Products/Sugar_ffc568/Textures/Sugar_ffc568_a_Var02.png using Guid(ce5b26f6f59e04b489e80a6b58a590f7) Importer(2089858483,0ecaa5967403d082aa24f35e1b516d23) [PhysX] Initialized MultithreadedTaskDispatcher with 16 workers.
 -> (artifact id: '2dafe5dae950be75782b8ee86fc8575f') in 0.014702 seconds
Number of updated asset objects reloaded before import = 0
Number of asset objects unloaded after import = 1
========================================================================
Received Import Request.
  Time since last request: 0.000022 seconds.
  path: Assets/ModernSupermarket/Models/Props/Products/SlicedBread_6zus31/Textures/SliceBread_6zus31_Bread_o.png
  artifactKey: Guid(81eb41e0ec3f9fc48afa40dcfdfadebc) Importer(2089858483,0ecaa5967403d082aa24f35e1b516d23)
Start importing Assets/ModernSupermarket/Models/Props/Products/SlicedBread_6zus31/Textures/SliceBread_6zus31_Bread_o.png using Guid(81eb41e0ec3f9fc48afa40dcfdfadebc) Importer(2089858483,0ecaa5967403d082aa24f35e1b516d23) [PhysX] Initialized MultithreadedTaskDispatcher with 16 workers.
 -> (artifact id: '86280967883651eb38478a1eb45bb786') in 0.013885 seconds
Number of updated asset objects reloaded before import = 0
Number of asset objects unloaded after import = 1
========================================================================
Received Import Request.
  Time since last request: 0.000019 seconds.
  path: Assets/ModernSupermarket/Models/Props/Products/Sugar_prsmvy/Textures/Sugar_prsmvy_o.png
  artifactKey: Guid(8c1b018cf6974a14eaedeec4b85bc46c) Importer(2089858483,0ecaa5967403d082aa24f35e1b516d23)
Start importing Assets/ModernSupermarket/Models/Props/Products/Sugar_prsmvy/Textures/Sugar_prsmvy_o.png using Guid(8c1b018cf6974a14eaedeec4b85bc46c) Importer(2089858483,0ecaa5967403d082aa24f35e1b516d23) [PhysX] Initialized MultithreadedTaskDispatcher with 16 workers.
 -> (artifact id: '56449f73607bd40bf96f2cc25940e59c') in 0.012138 seconds
Number of updated asset objects reloaded before import = 0
Number of asset objects unloaded after import = 1
========================================================================
Received Import Request.
  Time since last request: 0.000018 seconds.
  path: Assets/ModernSupermarket/Models/Props/Products/Teabox_l5w9ll/Textures/Teabox_l5w9ll_n.png
  artifactKey: Guid(8d194e19f4a935847befdae03d9bbdcd) Importer(2089858483,0ecaa5967403d082aa24f35e1b516d23)
Start importing Assets/ModernSupermarket/Models/Props/Products/Teabox_l5w9ll/Textures/Teabox_l5w9ll_n.png using Guid(8d194e19f4a935847befdae03d9bbdcd) Importer(2089858483,0ecaa5967403d082aa24f35e1b516d23) [PhysX] Initialized MultithreadedTaskDispatcher with 16 workers.
 -> (artifact id: 'ebfb4dc7c5b6846ea586bb60b33b310b') in 0.013527 seconds
Number of updated asset objects reloaded before import = 0
Number of asset objects unloaded after import = 1
========================================================================
Received Import Request.
  Time since last request: 0.000017 seconds.
  path: Assets/ModernSupermarket/Models/Props/Products/Pasta_g87jtq/Textures/PastaPack_g87jtq_n.png
  artifactKey: Guid(1558eff5b26784b4881181e6b287b6f5) Importer(2089858483,0ecaa5967403d082aa24f35e1b516d23)
Start importing Assets/ModernSupermarket/Models/Props/Products/Pasta_g87jtq/Textures/PastaPack_g87jtq_n.png using Guid(1558eff5b26784b4881181e6b287b6f5) Importer(2089858483,0ecaa5967403d082aa24f35e1b516d23) [PhysX] Initialized MultithreadedTaskDispatcher with 16 workers.
 -> (artifact id: '1b1a0f19911484e597f69120bb9eda4c') in 0.012520 seconds
Number of updated asset objects reloaded before import = 0
Number of asset objects unloaded after import = 1
========================================================================
Received Import Request.
  Time since last request: 0.000021 seconds.
  path: Assets/ModernSupermarket/Models/Props/Utility/Anti-thefhtDoor_9qs8y9/Textures/Anti-theftDoor_9qs8y9_o.png
  artifactKey: Guid(a57c93c7860077c43a7db8e0ed986b0b) Importer(2089858483,0ecaa5967403d082aa24f35e1b516d23)
Start importing Assets/ModernSupermarket/Models/Props/Utility/Anti-thefhtDoor_9qs8y9/Textures/Anti-theftDoor_9qs8y9_o.png using Guid(a57c93c7860077c43a7db8e0ed986b0b) Importer(2089858483,0ecaa5967403d082aa24f35e1b516d23) [PhysX] Initialized MultithreadedTaskDispatcher with 16 workers.
 -> (artifact id: '7d1aef5e0ee88fb36f63e431f8a74ee3') in 0.012867 seconds
Number of updated asset objects reloaded before import = 0
Number of asset objects unloaded after import = 1
========================================================================
Received Import Request.
  Time since last request: 0.000025 seconds.
  path: Assets/ModernSupermarket/Models/Props/Products/Shampoo_vimakk/Textures/Shampoo_vimakk_a_Var02.png
  artifactKey: Guid(47ca1c71f71d67a48a620ab5d413d049) Importer(2089858483,0ecaa5967403d082aa24f35e1b516d23)
Start importing Assets/ModernSupermarket/Models/Props/Products/Shampoo_vimakk/Textures/Shampoo_vimakk_a_Var02.png using Guid(47ca1c71f71d67a48a620ab5d413d049) Importer(2089858483,0ecaa5967403d082aa24f35e1b516d23) [PhysX] Initialized MultithreadedTaskDispatcher with 16 workers.
 -> (artifact id: '7f0e01e5b4d3c3574e9c78c6aec841ca') in 0.020713 seconds
Number of updated asset objects reloaded before import = 0
Number of asset objects unloaded after import = 1
========================================================================
Received Import Request.
  Time since last request: 0.000018 seconds.
  path: Assets/ModernSupermarket/Models/Props/Products/Rooflight_ll6qt0/textures/RoofLight_ll6qt0_e.png
  artifactKey: Guid(12e1c7b91f6952147a9d76b72df21ef4) Importer(2089858483,0ecaa5967403d082aa24f35e1b516d23)
Start importing Assets/ModernSupermarket/Models/Props/Products/Rooflight_ll6qt0/textures/RoofLight_ll6qt0_e.png using Guid(12e1c7b91f6952147a9d76b72df21ef4) Importer(2089858483,0ecaa5967403d082aa24f35e1b516d23) [PhysX] Initialized MultithreadedTaskDispatcher with 16 workers.
 -> (artifact id: '4af8c3595320834bb538fd3300f521ea') in 0.017536 seconds
Number of updated asset objects reloaded before import = 0
Number of asset objects unloaded after import = 1
========================================================================
Received Import Request.
  Time since last request: 0.000017 seconds.
  path: Assets/ModernSupermarket/Models/Props/Products/Pasta_9duit2/Textures/PastaPack_9duit2_a_Var02.png
  artifactKey: Guid(8a8866447065d314297b66e2008528d7) Importer(2089858483,0ecaa5967403d082aa24f35e1b516d23)
Start importing Assets/ModernSupermarket/Models/Props/Products/Pasta_9duit2/Textures/PastaPack_9duit2_a_Var02.png using Guid(8a8866447065d314297b66e2008528d7) Importer(2089858483,0ecaa5967403d082aa24f35e1b516d23) [PhysX] Initialized MultithreadedTaskDispatcher with 16 workers.
 -> (artifact id: '23a304fa5131002162ddecf1ddca407b') in 0.014126 seconds
Number of updated asset objects reloaded before import = 0
Number of asset objects unloaded after import = 1
========================================================================
Received Import Request.
  Time since last request: 0.000021 seconds.
  path: Assets/ModernSupermarket/Models/Props/Products/FrozenPack_t7wenh/Textures/FrozenPack_t7wenh_o.png
  artifactKey: Guid(9980ceee737b526409b89d66e57f9fe7) Importer(2089858483,0ecaa5967403d082aa24f35e1b516d23)
Start importing Assets/ModernSupermarket/Models/Props/Products/FrozenPack_t7wenh/Textures/FrozenPack_t7wenh_o.png using Guid(9980ceee737b526409b89d66e57f9fe7) Importer(2089858483,0ecaa5967403d082aa24f35e1b516d23) [PhysX] Initialized MultithreadedTaskDispatcher with 16 workers.
 -> (artifact id: 'f59e21b0e5d8dede98fbf9320cbd914b') in 0.017973 seconds
Number of updated asset objects reloaded before import = 0
Number of asset objects unloaded after import = 1
========================================================================
Received Import Request.
  Time since last request: 0.000019 seconds.
  path: Assets/ModernSupermarket/Models/Props/Products/Soap_eegrv7/Textures/Soap_eegrv7_a.png
  artifactKey: Guid(08bac6de3951f6f46ae50e781ceaaf1b) Importer(2089858483,0ecaa5967403d082aa24f35e1b516d23)
Start importing Assets/ModernSupermarket/Models/Props/Products/Soap_eegrv7/Textures/Soap_eegrv7_a.png using Guid(08bac6de3951f6f46ae50e781ceaaf1b) Importer(2089858483,0ecaa5967403d082aa24f35e1b516d23) [PhysX] Initialized MultithreadedTaskDispatcher with 16 workers.
 -> (artifact id: '2f093a0731e883265314be91b3789a0e') in 0.012550 seconds
Number of updated asset objects reloaded before import = 0
Number of asset objects unloaded after import = 1
========================================================================
Received Import Request.
  Time since last request: 0.000020 seconds.
  path: Assets/ModernSupermarket/Models/Props/Utility/Cart_nabnuh/Textures/Cart_nabnuh_mask.png
  artifactKey: Guid(2d9f535914944d14bb42e77492f12f01) Importer(2089858483,0ecaa5967403d082aa24f35e1b516d23)
Start importing Assets/ModernSupermarket/Models/Props/Utility/Cart_nabnuh/Textures/Cart_nabnuh_mask.png using Guid(2d9f535914944d14bb42e77492f12f01) Importer(2089858483,0ecaa5967403d082aa24f35e1b516d23) [PhysX] Initialized MultithreadedTaskDispatcher with 16 workers.
 -> (artifact id: 'c6a93b4aac509bda369359300be84286') in 0.014061 seconds
Number of updated asset objects reloaded before import = 0
Number of asset objects unloaded after import = 1
========================================================================
Received Import Request.
  Time since last request: 0.000018 seconds.
  path: Assets/ModernSupermarket/Models/Props/Products/WineBottle_2b6kjh/Textures/WineBottle_2b6kjh_n.png
  artifactKey: Guid(b48bd2491e7f16b42990f7fbb3ad8abc) Importer(2089858483,0ecaa5967403d082aa24f35e1b516d23)
Start importing Assets/ModernSupermarket/Models/Props/Products/WineBottle_2b6kjh/Textures/WineBottle_2b6kjh_n.png using Guid(b48bd2491e7f16b42990f7fbb3ad8abc) Importer(2089858483,0ecaa5967403d082aa24f35e1b516d23) [PhysX] Initialized MultithreadedTaskDispatcher with 16 workers.
 -> (artifact id: '3591d2640ee10b491c69557dfe7caeda') in 0.013627 seconds
Number of updated asset objects reloaded before import = 0
Number of asset objects unloaded after import = 1
========================================================================
Received Import Request.
  Time since last request: 0.000020 seconds.
  path: Assets/ModernSupermarket/Models/Props/Products/PaperTowel_b8o0yi/Textures/PaperTowel_b8o0yi_m.png
  artifactKey: Guid(7a9a8ac353b9f454584317883ce8b0d7) Importer(2089858483,0ecaa5967403d082aa24f35e1b516d23)
Start importing Assets/ModernSupermarket/Models/Props/Products/PaperTowel_b8o0yi/Textures/PaperTowel_b8o0yi_m.png using Guid(7a9a8ac353b9f454584317883ce8b0d7) Importer(2089858483,0ecaa5967403d082aa24f35e1b516d23) [PhysX] Initialized MultithreadedTaskDispatcher with 16 workers.
 -> (artifact id: '7e111139b1a4a527d47961b61d891b1a') in 0.012847 seconds
Number of updated asset objects reloaded before import = 0
Number of asset objects unloaded after import = 1
========================================================================
Received Import Request.
  Time since last request: 0.000020 seconds.
  path: Assets/ModernSupermarket/Models/Props/Products/MilkBrick_e8foxc/Textures/MilkBrick_e8foxc_o.png
  artifactKey: Guid(8f2683cd8d0760746b0ac776fd4ae379) Importer(2089858483,0ecaa5967403d082aa24f35e1b516d23)
Start importing Assets/ModernSupermarket/Models/Props/Products/MilkBrick_e8foxc/Textures/MilkBrick_e8foxc_o.png using Guid(8f2683cd8d0760746b0ac776fd4ae379) Importer(2089858483,0ecaa5967403d082aa24f35e1b516d23) [PhysX] Initialized MultithreadedTaskDispatcher with 16 workers.
 -> (artifact id: '9294ef5a1420720b42b4e57a9d6b90d6') in 0.012529 seconds
Number of updated asset objects reloaded before import = 0
Number of asset objects unloaded after import = 1
========================================================================
Received Import Request.
  Time since last request: 0.000021 seconds.
  path: Assets/ModernSupermarket/Models/Props/Products/Shampoo_u15m67/Textures/Shampoo_u15m67_n.png
  artifactKey: Guid(d8e9ad21712b3f54e923bb62a0df391e) Importer(2089858483,0ecaa5967403d082aa24f35e1b516d23)
Start importing Assets/ModernSupermarket/Models/Props/Products/Shampoo_u15m67/Textures/Shampoo_u15m67_n.png using Guid(d8e9ad21712b3f54e923bb62a0df391e) Importer(2089858483,0ecaa5967403d082aa24f35e1b516d23) [PhysX] Initialized MultithreadedTaskDispatcher with 16 workers.
 -> (artifact id: '463b80f01fa009c98739aa0d7b727e38') in 0.013848 seconds
Number of updated asset objects reloaded before import = 0
Number of asset objects unloaded after import = 1
========================================================================
Received Import Request.
  Time since last request: 0.000018 seconds.
  path: Assets/ModernSupermarket/Models/Props/Products/WhippedCream_wm5t5v/Textures/WhippedCream_wm5t5v_n.png
  artifactKey: Guid(e1c1cea47750df044be768894e2501d1) Importer(2089858483,0ecaa5967403d082aa24f35e1b516d23)
Start importing Assets/ModernSupermarket/Models/Props/Products/WhippedCream_wm5t5v/Textures/WhippedCream_wm5t5v_n.png using Guid(e1c1cea47750df044be768894e2501d1) Importer(2089858483,0ecaa5967403d082aa24f35e1b516d23) [PhysX] Initialized MultithreadedTaskDispatcher with 16 workers.
 -> (artifact id: '08b30e3a962878e0ee7e2182c577c378') in 0.019984 seconds
Number of updated asset objects reloaded before import = 0
Number of asset objects unloaded after import = 1
========================================================================
Received Import Request.
  Time since last request: 0.000020 seconds.
  path: Assets/ModernSupermarket/Models/Props/Products/Teabox_5oq0ki/Textures/Teabox_5oq0ki_o.png
  artifactKey: Guid(cd03df494ec0e1147a4e1f2fb0bc0b28) Importer(2089858483,0ecaa5967403d082aa24f35e1b516d23)
Start importing Assets/ModernSupermarket/Models/Props/Products/Teabox_5oq0ki/Textures/Teabox_5oq0ki_o.png using Guid(cd03df494ec0e1147a4e1f2fb0bc0b28) Importer(2089858483,0ecaa5967403d082aa24f35e1b516d23) [PhysX] Initialized MultithreadedTaskDispatcher with 16 workers.
 -> (artifact id: 'ff319a57d15c133647919a27c38c3824') in 0.011568 seconds
Number of updated asset objects reloaded before import = 0
Number of asset objects unloaded after import = 1
========================================================================
Received Import Request.
  Time since last request: 0.000018 seconds.
  path: Assets/ModernSupermarket/Models/Props/Utility/Basket_o52iei/Textures/Basket_o52iei_h.png
  artifactKey: Guid(9889087c92e086d4bb29ba8b38c26e9f) Importer(2089858483,0ecaa5967403d082aa24f35e1b516d23)
Start importing Assets/ModernSupermarket/Models/Props/Utility/Basket_o52iei/Textures/Basket_o52iei_h.png using Guid(9889087c92e086d4bb29ba8b38c26e9f) Importer(2089858483,0ecaa5967403d082aa24f35e1b516d23) [PhysX] Initialized MultithreadedTaskDispatcher with 16 workers.
 -> (artifact id: '9b71bc86a265248209f9dec4ede8b116') in 0.011972 seconds
Number of updated asset objects reloaded before import = 0
Number of asset objects unloaded after import = 1
========================================================================
Received Import Request.
  Time since last request: 0.000020 seconds.
  path: Assets/ModernSupermarket/Models/Props/Utility/Basket_o52iei/Textures/Basket_o52iei_m.png
  artifactKey: Guid(215faf9d20a50f948842868918442b8b) Importer(2089858483,0ecaa5967403d082aa24f35e1b516d23)
Start importing Assets/ModernSupermarket/Models/Props/Utility/Basket_o52iei/Textures/Basket_o52iei_m.png using Guid(215faf9d20a50f948842868918442b8b) Importer(2089858483,0ecaa5967403d082aa24f35e1b516d23) [PhysX] Initialized MultithreadedTaskDispatcher with 16 workers.
 -> (artifact id: '57f26f3a402e8cf34b324fd4d13119fd') in 0.011612 seconds
Number of updated asset objects reloaded before import = 0
Number of asset objects unloaded after import = 1
========================================================================
Received Import Request.
  Time since last request: 0.000019 seconds.
  path: Assets/ModernSupermarket/Models/Props/Products/Ham_wplnxm/Textures/Ham_wplnxm_Var01_n.png
  artifactKey: Guid(b5d72ba878d4f094f947ed9c8f144bf9) Importer(2089858483,0ecaa5967403d082aa24f35e1b516d23)
Start importing Assets/ModernSupermarket/Models/Props/Products/Ham_wplnxm/Textures/Ham_wplnxm_Var01_n.png using Guid(b5d72ba878d4f094f947ed9c8f144bf9) Importer(2089858483,0ecaa5967403d082aa24f35e1b516d23) [PhysX] Initialized MultithreadedTaskDispatcher with 16 workers.
 -> (artifact id: '530283551b9dc075e78419e710052faf') in 0.012915 seconds
Number of updated asset objects reloaded before import = 0
Number of asset objects unloaded after import = 1
========================================================================
Received Import Request.
  Time since last request: 0.000026 seconds.
  path: Assets/ModernSupermarket/Models/Props/Products/MeatTray_fbw8xf/Textures/MeatTray_fbw8xf_Meat_a.png
  artifactKey: Guid(2e315f4fb471a54479494a5a3137ad24) Importer(2089858483,0ecaa5967403d082aa24f35e1b516d23)
Start importing Assets/ModernSupermarket/Models/Props/Products/MeatTray_fbw8xf/Textures/MeatTray_fbw8xf_Meat_a.png using Guid(2e315f4fb471a54479494a5a3137ad24) Importer(2089858483,0ecaa5967403d082aa24f35e1b516d23) [PhysX] Initialized MultithreadedTaskDispatcher with 16 workers.
 -> (artifact id: '8b7261fb6e3f7dca52dd904c60615368') in 0.011367 seconds
Number of updated asset objects reloaded before import = 0
Number of asset objects unloaded after import = 1
========================================================================
Received Import Request.
  Time since last request: 0.000016 seconds.
  path: Assets/ModernSupermarket/Models/Props/Produce/Carrot_i2roww/Textures/Materials/Carrot_i2roww.mat
  artifactKey: Guid(523cdf0f928c5f84c824a89bbfbe3361) Importer(2089858483,0ecaa5967403d082aa24f35e1b516d23)
Start importing Assets/ModernSupermarket/Models/Props/Produce/Carrot_i2roww/Textures/Materials/Carrot_i2roww.mat using Guid(523cdf0f928c5f84c824a89bbfbe3361) Importer(2089858483,0ecaa5967403d082aa24f35e1b516d23) [PhysX] Initialized MultithreadedTaskDispatcher with 16 workers.
 -> (artifact id: '368ab3fdcfbb251a1eaa5b9efac872db') in 0.011952 seconds
Number of updated asset objects reloaded before import = 0
Number of asset objects unloaded after import = 5
========================================================================
Received Import Request.
  Time since last request: 0.000016 seconds.
  path: Assets/ModernSupermarket/Models/Props/Products/Pizza_ehb1pe/Textures/Pizza_ehb1pe_o.png
  artifactKey: Guid(e56150536dd4a554790ddd984d9ef6d3) Importer(2089858483,0ecaa5967403d082aa24f35e1b516d23)
Start importing Assets/ModernSupermarket/Models/Props/Products/Pizza_ehb1pe/Textures/Pizza_ehb1pe_o.png using Guid(e56150536dd4a554790ddd984d9ef6d3) Importer(2089858483,0ecaa5967403d082aa24f35e1b516d23) [PhysX] Initialized MultithreadedTaskDispatcher with 16 workers.
 -> (artifact id: '6da58b42611ffa4a719dd7b15fbdd90e') in 0.013022 seconds
Number of updated asset objects reloaded before import = 0
Number of asset objects unloaded after import = 1
========================================================================
Received Import Request.
  Time since last request: 0.000020 seconds.
  path: Assets/ModernSupermarket/Models/Props/Products/PetFood_2ujlf0/Textures/PetFood_2ujlf0_o.png
  artifactKey: Guid(3d2a4004f963b6746b17b1aae84f1d8c) Importer(2089858483,0ecaa5967403d082aa24f35e1b516d23)
Start importing Assets/ModernSupermarket/Models/Props/Products/PetFood_2ujlf0/Textures/PetFood_2ujlf0_o.png using Guid(3d2a4004f963b6746b17b1aae84f1d8c) Importer(2089858483,0ecaa5967403d082aa24f35e1b516d23) [PhysX] Initialized MultithreadedTaskDispatcher with 16 workers.
 -> (artifact id: '0ec285da3972cc493397c78e94773bb4') in 0.012453 seconds
Number of updated asset objects reloaded before import = 0
Number of asset objects unloaded after import = 1
========================================================================
Received Import Request.
  Time since last request: 0.000016 seconds.
  path: Assets/ModernSupermarket/Models/Props/Products/Shampoo_u15m67/Textures/Shampoo_u15m67_Var05.png
  artifactKey: Guid(5f0850824e2accf4189a0ca95076e727) Importer(2089858483,0ecaa5967403d082aa24f35e1b516d23)
Start importing Assets/ModernSupermarket/Models/Props/Products/Shampoo_u15m67/Textures/Shampoo_u15m67_Var05.png using Guid(5f0850824e2accf4189a0ca95076e727) Importer(2089858483,0ecaa5967403d082aa24f35e1b516d23) [PhysX] Initialized MultithreadedTaskDispatcher with 16 workers.
 -> (artifact id: '01e2f29fd5da8d4d897ca9aaf251b05c') in 0.011903 seconds
Number of updated asset objects reloaded before import = 0
Number of asset objects unloaded after import = 1
========================================================================
Received Import Request.
  Time since last request: 0.000017 seconds.
  path: Assets/ModernSupermarket/Models/Props/Products/Shampoo_vimakk/Textures/Shampoo_vimakk_a.png
  artifactKey: Guid(5d59eacfd9997c44b8c195836aa813ae) Importer(2089858483,0ecaa5967403d082aa24f35e1b516d23)
Start importing Assets/ModernSupermarket/Models/Props/Products/Shampoo_vimakk/Textures/Shampoo_vimakk_a.png using Guid(5d59eacfd9997c44b8c195836aa813ae) Importer(2089858483,0ecaa5967403d082aa24f35e1b516d23) [PhysX] Initialized MultithreadedTaskDispatcher with 16 workers.
 -> (artifact id: '314516c44a84fdfc33d4ce02ff6718e9') in 0.014243 seconds
Number of updated asset objects reloaded before import = 0
Number of asset objects unloaded after import = 1
========================================================================
Received Import Request.
  Time since last request: 0.000022 seconds.
  path: Assets/ModernSupermarket/Models/Props/Products/Pasta_9duit2/Textures/PastaPack_9duit2_m.png
  artifactKey: Guid(d43ada5e2357e8b49a267b6f390cb062) Importer(2089858483,0ecaa5967403d082aa24f35e1b516d23)
Start importing Assets/ModernSupermarket/Models/Props/Products/Pasta_9duit2/Textures/PastaPack_9duit2_m.png using Guid(d43ada5e2357e8b49a267b6f390cb062) Importer(2089858483,0ecaa5967403d082aa24f35e1b516d23) [PhysX] Initialized MultithreadedTaskDispatcher with 16 workers.
 -> (artifact id: 'ef9ac2d124e2cfefdffe647c40ca7114') in 0.012297 seconds
Number of updated asset objects reloaded before import = 0
Number of asset objects unloaded after import = 1
========================================================================
Received Import Request.
  Time since last request: 0.000019 seconds.
  path: Assets/ModernSupermarket/Models/Props/Products/Rooflight_9ecem1/Textures/Rooflight_9ecem1_n.png
  artifactKey: Guid(979d83e1ff4875e4c84ca89f0532676b) Importer(2089858483,0ecaa5967403d082aa24f35e1b516d23)
Start importing Assets/ModernSupermarket/Models/Props/Products/Rooflight_9ecem1/Textures/Rooflight_9ecem1_n.png using Guid(979d83e1ff4875e4c84ca89f0532676b) Importer(2089858483,0ecaa5967403d082aa24f35e1b516d23) [PhysX] Initialized MultithreadedTaskDispatcher with 16 workers.
 -> (artifact id: '39c4e31af16c140df94b17a90adc59e2') in 0.012591 seconds
Number of updated asset objects reloaded before import = 0
Number of asset objects unloaded after import = 1
========================================================================
Received Import Request.
  Time since last request: 0.000019 seconds.
  path: Assets/ModernSupermarket/Models/Props/Products/Sugar_prsmvy/Textures/Sugar_prsmvy_m.png
  artifactKey: Guid(db45b12b4e4d97c42a9f428c1792b1aa) Importer(2089858483,0ecaa5967403d082aa24f35e1b516d23)
Start importing Assets/ModernSupermarket/Models/Props/Products/Sugar_prsmvy/Textures/Sugar_prsmvy_m.png using Guid(db45b12b4e4d97c42a9f428c1792b1aa) Importer(2089858483,0ecaa5967403d082aa24f35e1b516d23) [PhysX] Initialized MultithreadedTaskDispatcher with 16 workers.
 -> (artifact id: 'ee048adb02bb72443436ed498f05c17d') in 0.016771 seconds
Number of updated asset objects reloaded before import = 0
Number of asset objects unloaded after import = 1
========================================================================
Received Import Request.
  Time since last request: 0.000020 seconds.
  path: Assets/ModernSupermarket/Models/Props/Products/Teabox_l5w9ll/Textures/Teabox_l5w9ll_a.png
  artifactKey: Guid(500632a2c5173494c8eb4a7e217d953a) Importer(2089858483,0ecaa5967403d082aa24f35e1b516d23)
Start importing Assets/ModernSupermarket/Models/Props/Products/Teabox_l5w9ll/Textures/Teabox_l5w9ll_a.png using Guid(500632a2c5173494c8eb4a7e217d953a) Importer(2089858483,0ecaa5967403d082aa24f35e1b516d23) [PhysX] Initialized MultithreadedTaskDispatcher with 16 workers.
 -> (artifact id: 'fe237b7a412e7fb965a044f39d89ffd4') in 0.013488 seconds
Number of updated asset objects reloaded before import = 0
Number of asset objects unloaded after import = 1
========================================================================
Received Import Request.
  Time since last request: 0.000019 seconds.
  path: Assets/ModernSupermarket/Models/Props/Products/Pasta_9duit2/Textures/PastaPack_9duit003_Macaroni_a.png
  artifactKey: Guid(3ee2fc5b976b6c047823bacca233a1e2) Importer(2089858483,0ecaa5967403d082aa24f35e1b516d23)
Start importing Assets/ModernSupermarket/Models/Props/Products/Pasta_9duit2/Textures/PastaPack_9duit003_Macaroni_a.png using Guid(3ee2fc5b976b6c047823bacca233a1e2) Importer(2089858483,0ecaa5967403d082aa24f35e1b516d23) [PhysX] Initialized MultithreadedTaskDispatcher with 16 workers.
 -> (artifact id: '34cb7e74fee8b267cd76b0fb905e4ebe') in 0.012629 seconds
Number of updated asset objects reloaded before import = 0
Number of asset objects unloaded after import = 1
========================================================================
Received Import Request.
  Time since last request: 0.000019 seconds.
  path: Assets/ModernSupermarket/Models/Props/Products/Rooflight_ll6qt0/textures/RoofLight_ll6qt0_m.png
  artifactKey: Guid(36bd2e0247971eb4d9f02ea805dde06b) Importer(2089858483,0ecaa5967403d082aa24f35e1b516d23)
Start importing Assets/ModernSupermarket/Models/Props/Products/Rooflight_ll6qt0/textures/RoofLight_ll6qt0_m.png using Guid(36bd2e0247971eb4d9f02ea805dde06b) Importer(2089858483,0ecaa5967403d082aa24f35e1b516d23) [PhysX] Initialized MultithreadedTaskDispatcher with 16 workers.
 -> (artifact id: '9b376ab8e43997deb5231289fdf6b052') in 0.024860 seconds
Number of updated asset objects reloaded before import = 0
Number of asset objects unloaded after import = 1
========================================================================
Received Import Request.
  Time since last request: 0.000018 seconds.
  path: Assets/ModernSupermarket/Models/Props/Products/Teabox_nokda4/Textures/Teabox_nokda4_n.png
  artifactKey: Guid(20dd8049707a2fa44a3c6e8601f40ddd) Importer(2089858483,0ecaa5967403d082aa24f35e1b516d23)
Start importing Assets/ModernSupermarket/Models/Props/Products/Teabox_nokda4/Textures/Teabox_nokda4_n.png using Guid(20dd8049707a2fa44a3c6e8601f40ddd) Importer(2089858483,0ecaa5967403d082aa24f35e1b516d23) [PhysX] Initialized MultithreadedTaskDispatcher with 16 workers.
 -> (artifact id: '77cf2dc5f12aaad65eb448382e60cea3') in 0.014784 seconds
Number of updated asset objects reloaded before import = 0
Number of asset objects unloaded after import = 1
========================================================================
Received Import Request.
  Time since last request: 0.000016 seconds.
  path: Assets/ModernSupermarket/Models/Props/Products/Alcohol_qi7uqvr/Textures/Materials/Alcohol_qi7uqv_Label.mat
  artifactKey: Guid(497ab0ab093a5c244bbf11e4128056e1) Importer(2089858483,0ecaa5967403d082aa24f35e1b516d23)
Start importing Assets/ModernSupermarket/Models/Props/Products/Alcohol_qi7uqvr/Textures/Materials/Alcohol_qi7uqv_Label.mat using Guid(497ab0ab093a5c244bbf11e4128056e1) Importer(2089858483,0ecaa5967403d082aa24f35e1b516d23) [PhysX] Initialized MultithreadedTaskDispatcher with 16 workers.
 -> (artifact id: '2a9c0967e67359c3b0b31764c162e363') in 0.009573 seconds
Number of updated asset objects reloaded before import = 0
Number of asset objects unloaded after import = 4
========================================================================
Received Import Request.
  Time since last request: 0.000018 seconds.
  path: Assets/ModernSupermarket/Models/Props/Products/Alcohol_qi7uqvr/Textures/Label/Alcohol_qi7uqv_Label_n.png
  artifactKey: Guid(764825d597fc97545b0ee309a3090417) Importer(2089858483,0ecaa5967403d082aa24f35e1b516d23)
Start importing Assets/ModernSupermarket/Models/Props/Products/Alcohol_qi7uqvr/Textures/Label/Alcohol_qi7uqv_Label_n.png using Guid(764825d597fc97545b0ee309a3090417) Importer(2089858483,0ecaa5967403d082aa24f35e1b516d23) [PhysX] Initialized MultithreadedTaskDispatcher with 16 workers.
 -> (artifact id: '5a62150706e9441ac21cc02f7c3d017b') in 0.022045 seconds
Number of updated asset objects reloaded before import = 0
Number of asset objects unloaded after import = 1
========================================================================
Received Import Request.
  Time since last request: 0.000023 seconds.
  path: Assets/ModernSupermarket/Models/Props/Products/Beer_lryra7/Textures/Materials/BeerBottle_fdde0u_Label.mat
  artifactKey: Guid(713cbd5bfdfa7f44b8b22b11b6570123) Importer(2089858483,0ecaa5967403d082aa24f35e1b516d23)
Start importing Assets/ModernSupermarket/Models/Props/Products/Beer_lryra7/Textures/Materials/BeerBottle_fdde0u_Label.mat using Guid(713cbd5bfdfa7f44b8b22b11b6570123) Importer(2089858483,0ecaa5967403d082aa24f35e1b516d23) [PhysX] Initialized MultithreadedTaskDispatcher with 16 workers.
 -> (artifact id: 'ae0b3cd4d7431c4f71d0246d01d5feb2') in 0.010628 seconds
Number of updated asset objects reloaded before import = 0
Number of asset objects unloaded after import = 4
========================================================================
Received Import Request.
  Time since last request: 0.000031 seconds.
  path: Assets/ModernSupermarket/Models/Props/Products/ChocolateSpread_xhkyij/Textures/Materials/Nutella_xhkyij_Liquid_Var02.mat
  artifactKey: Guid(7977770c207a4304e89171184434d0bf) Importer(2089858483,0ecaa5967403d082aa24f35e1b516d23)
Start importing Assets/ModernSupermarket/Models/Props/Products/ChocolateSpread_xhkyij/Textures/Materials/Nutella_xhkyij_Liquid_Var02.mat using Guid(7977770c207a4304e89171184434d0bf) Importer(2089858483,0ecaa5967403d082aa24f35e1b516d23) [PhysX] Initialized MultithreadedTaskDispatcher with 16 workers.
 -> (artifact id: '6946805638b92fb4dd53a632c223d892') in 0.009758 seconds
Number of updated asset objects reloaded before import = 0
Number of asset objects unloaded after import = 1
========================================================================
Received Import Request.
  Time since last request: 0.000023 seconds.
  path: Assets/ModernSupermarket/Models/Props/Products/PetFood_3pjwif/Textures/Materials/PetFood_3pjwif.mat
  artifactKey: Guid(5ba4ce0fc2c27a64287d806b4cc941d3) Importer(2089858483,0ecaa5967403d082aa24f35e1b516d23)
Start importing Assets/ModernSupermarket/Models/Props/Products/PetFood_3pjwif/Textures/Materials/PetFood_3pjwif.mat using Guid(5ba4ce0fc2c27a64287d806b4cc941d3) Importer(2089858483,0ecaa5967403d082aa24f35e1b516d23) [PhysX] Initialized MultithreadedTaskDispatcher with 16 workers.
 -> (artifact id: '12de89d6b23c7f1f83d01a3f05d431c4') in 0.013289 seconds
Number of updated asset objects reloaded before import = 0
Number of asset objects unloaded after import = 5
========================================================================
Received Import Request.
  Time since last request: 0.000022 seconds.
  path: Assets/ModernSupermarket/Models/Props/Products/Alcohol_qi7uqvr/Textures/Materials/Alcohol_qi7uqv_Liquid.mat
  artifactKey: Guid(3e18a9187fb795c47b05a9bd89a2e497) Importer(2089858483,0ecaa5967403d082aa24f35e1b516d23)
Start importing Assets/ModernSupermarket/Models/Props/Products/Alcohol_qi7uqvr/Textures/Materials/Alcohol_qi7uqv_Liquid.mat using Guid(3e18a9187fb795c47b05a9bd89a2e497) Importer(2089858483,0ecaa5967403d082aa24f35e1b516d23) [PhysX] Initialized MultithreadedTaskDispatcher with 16 workers.
 -> (artifact id: '2bf974bfb0f74315e8d95633928590bc') in 0.011143 seconds
Number of updated asset objects reloaded before import = 0
Number of asset objects unloaded after import = 1
========================================================================
Received Import Request.
  Time since last request: 0.000022 seconds.
  path: Assets/ModernSupermarket/Models/Props/Products/Laundry_mm7gx5/Textures/Materials/Laundry_mm7gx5_Var01.mat
  artifactKey: Guid(209084c06fb05494e9fb01fd72ba50a3) Importer(2089858483,0ecaa5967403d082aa24f35e1b516d23)
Start importing Assets/ModernSupermarket/Models/Props/Products/Laundry_mm7gx5/Textures/Materials/Laundry_mm7gx5_Var01.mat using Guid(209084c06fb05494e9fb01fd72ba50a3) Importer(2089858483,0ecaa5967403d082aa24f35e1b516d23) [PhysX] Initialized MultithreadedTaskDispatcher with 16 workers.
 -> (artifact id: '4e5b99d2683efa50fd8e3fea4cb2db2a') in 0.013052 seconds
Number of updated asset objects reloaded before import = 0
Number of asset objects unloaded after import = 5
========================================================================
Received Import Request.
  Time since last request: 0.000017 seconds.
  path: Assets/ModernSupermarket/Models/Props/Products/Alcohol_ao62w4/Textures/Materials/Alcool_ao62w5_Var01_Label.mat
  artifactKey: Guid(fca7409ce9c7de049bfe8759856b4bd6) Importer(2089858483,0ecaa5967403d082aa24f35e1b516d23)
Start importing Assets/ModernSupermarket/Models/Props/Products/Alcohol_ao62w4/Textures/Materials/Alcool_ao62w5_Var01_Label.mat using Guid(fca7409ce9c7de049bfe8759856b4bd6) Importer(2089858483,0ecaa5967403d082aa24f35e1b516d23) [PhysX] Initialized MultithreadedTaskDispatcher with 16 workers.
 -> (artifact id: 'd4575129a626eae4a89a33e2ad84206c') in 0.010942 seconds
Number of updated asset objects reloaded before import = 0
Number of asset objects unloaded after import = 3
========================================================================
Received Import Request.
  Time since last request: 0.000022 seconds.
  path: Assets/ModernSupermarket/Models/Props/Products/Beer_lryra7/Textures/Materials/BeerBottle_GlassBrown.mat
  artifactKey: Guid(8b2adcd6f8e1a584b8b6a28641fed42e) Importer(2089858483,0ecaa5967403d082aa24f35e1b516d23)
Start importing Assets/ModernSupermarket/Models/Props/Products/Beer_lryra7/Textures/Materials/BeerBottle_GlassBrown.mat using Guid(8b2adcd6f8e1a584b8b6a28641fed42e) Importer(2089858483,0ecaa5967403d082aa24f35e1b516d23) [PhysX] Initialized MultithreadedTaskDispatcher with 16 workers.
 -> (artifact id: 'c740c3221be91735f46b54c929af6235') in 0.014010 seconds
Number of updated asset objects reloaded before import = 0
Number of asset objects unloaded after import = 2
========================================================================
Received Import Request.
  Time since last request: 0.000024 seconds.
  path: Assets/ModernSupermarket/Models/Props/Products/Shampoo_lvhjkn/Textures/Materials/Shampoo_lvhjkn_Var01.mat
  artifactKey: Guid(102ae66fc712d9346bb8e42b627d45a4) Importer(2089858483,0ecaa5967403d082aa24f35e1b516d23)
Start importing Assets/ModernSupermarket/Models/Props/Products/Shampoo_lvhjkn/Textures/Materials/Shampoo_lvhjkn_Var01.mat using Guid(102ae66fc712d9346bb8e42b627d45a4) Importer(2089858483,0ecaa5967403d082aa24f35e1b516d23) [PhysX] Initialized MultithreadedTaskDispatcher with 16 workers.
 -> (artifact id: 'c0f6216e7623ab1f9ea016b8c236bde3') in 0.014559 seconds
Number of updated asset objects reloaded before import = 0
Number of asset objects unloaded after import = 4
========================================================================
Received Import Request.
  Time since last request: 0.000019 seconds.
  path: Assets/ModernSupermarket/Models/Props/Products/BeerPack_74mugc/Textures/Materials/BeerPack_74mugc.mat
  artifactKey: Guid(4f7679d7afaffce49b16a7b47e39bf15) Importer(2089858483,0ecaa5967403d082aa24f35e1b516d23)
Start importing Assets/ModernSupermarket/Models/Props/Products/BeerPack_74mugc/Textures/Materials/BeerPack_74mugc.mat using Guid(4f7679d7afaffce49b16a7b47e39bf15) Importer(2089858483,0ecaa5967403d082aa24f35e1b516d23) [PhysX] Initialized MultithreadedTaskDispatcher with 16 workers.
 -> (artifact id: 'a8695b55977e278eb22dadfd0a77065b') in 0.014241 seconds
Number of updated asset objects reloaded before import = 0
Number of asset objects unloaded after import = 5
========================================================================
Received Import Request.
  Time since last request: 0.000018 seconds.
  path: Assets/ModernSupermarket/Models/Props/Products/Shampoo_lvhjkn/Textures/Materials/Shampoo_lvhjkn_Var02.mat
  artifactKey: Guid(c1188cabcea3124438409a4fbe0c95ca) Importer(2089858483,0ecaa5967403d082aa24f35e1b516d23)
Start importing Assets/ModernSupermarket/Models/Props/Products/Shampoo_lvhjkn/Textures/Materials/Shampoo_lvhjkn_Var02.mat using Guid(c1188cabcea3124438409a4fbe0c95ca) Importer(2089858483,0ecaa5967403d082aa24f35e1b516d23) [PhysX] Initialized MultithreadedTaskDispatcher with 16 workers.
 -> (artifact id: 'a2d06537efe1e22143e426ef91de50a4') in 0.014747 seconds
Number of updated asset objects reloaded before import = 0
Number of asset objects unloaded after import = 4
========================================================================
Received Import Request.
  Time since last request: 0.000018 seconds.
  path: Assets/ModernSupermarket/Models/Props/Products/Pasta_9duit2/Textures/Materials/PastaPack_9duit2_Fill.mat
  artifactKey: Guid(ba22ae04ab5b5e040892a026bd291b5e) Importer(2089858483,0ecaa5967403d082aa24f35e1b516d23)
Start importing Assets/ModernSupermarket/Models/Props/Products/Pasta_9duit2/Textures/Materials/PastaPack_9duit2_Fill.mat using Guid(ba22ae04ab5b5e040892a026bd291b5e) Importer(2089858483,0ecaa5967403d082aa24f35e1b516d23) [PhysX] Initialized MultithreadedTaskDispatcher with 16 workers.
 -> (artifact id: '3212ce65b4558f4fad9817828e5cd999') in 0.013823 seconds
Number of updated asset objects reloaded before import = 0
Number of asset objects unloaded after import = 5
========================================================================
Received Import Request.
  Time since last request: 0.000021 seconds.
  path: Assets/ModernSupermarket/Models/Props/Products/Shampoo_u15m67/Textures/Materials/Shampoo_u15m67_Var05.mat
  artifactKey: Guid(68f13b1dcf842e54680eec460b2b0512) Importer(2089858483,0ecaa5967403d082aa24f35e1b516d23)
Start importing Assets/ModernSupermarket/Models/Props/Products/Shampoo_u15m67/Textures/Materials/Shampoo_u15m67_Var05.mat using Guid(68f13b1dcf842e54680eec460b2b0512) Importer(2089858483,0ecaa5967403d082aa24f35e1b516d23) [PhysX] Initialized MultithreadedTaskDispatcher with 16 workers.
 -> (artifact id: '659d3b0d806327676d7b95ad67dfcb53') in 0.010692 seconds
Number of updated asset objects reloaded before import = 0
Number of asset objects unloaded after import = 2
========================================================================
Received Import Request.
  Time since last request: 0.000017 seconds.
  path: Assets/ModernSupermarket/Models/Props/Products/FrozenPack_xp713y/Textures/Materials/FrozenPack_xp713y_Var01.mat
  artifactKey: Guid(00e2690208f0b004fbab7926bdda7330) Importer(2089858483,0ecaa5967403d082aa24f35e1b516d23)
Start importing Assets/ModernSupermarket/Models/Props/Products/FrozenPack_xp713y/Textures/Materials/FrozenPack_xp713y_Var01.mat using Guid(00e2690208f0b004fbab7926bdda7330) Importer(2089858483,0ecaa5967403d082aa24f35e1b516d23) [PhysX] Initialized MultithreadedTaskDispatcher with 16 workers.
 -> (artifact id: 'a61c12440fb32fa454f500889422d5cf') in 0.014238 seconds
Number of updated asset objects reloaded before import = 0
Number of asset objects unloaded after import = 5
========================================================================
Received Import Request.
  Time since last request: 0.000018 seconds.
  path: Assets/ModernSupermarket/Models/Props/Products/Pepper_ybmiq9/Textures/Materials/Pepper_ybmiq9.mat
  artifactKey: Guid(f93080a018ee5844290dbefac7d5e399) Importer(2089858483,0ecaa5967403d082aa24f35e1b516d23)
Start importing Assets/ModernSupermarket/Models/Props/Products/Pepper_ybmiq9/Textures/Materials/Pepper_ybmiq9.mat using Guid(f93080a018ee5844290dbefac7d5e399) Importer(2089858483,0ecaa5967403d082aa24f35e1b516d23) [PhysX] Initialized MultithreadedTaskDispatcher with 16 workers.
 -> (artifact id: 'bcdec474ee902dbad538f48d4a1243cb') in 0.014024 seconds
Number of updated asset objects reloaded before import = 0
Number of asset objects unloaded after import = 5
========================================================================
Received Import Request.
  Time since last request: 0.000022 seconds.
  path: Assets/ModernSupermarket/Models/Props/Produce/Garlic_tkqeno/Textures/Materials/Garlic_tkqeno.mat
  artifactKey: Guid(5503a5b8e4499f64eb65e0980091b407) Importer(2089858483,0ecaa5967403d082aa24f35e1b516d23)
Start importing Assets/ModernSupermarket/Models/Props/Produce/Garlic_tkqeno/Textures/Materials/Garlic_tkqeno.mat using Guid(5503a5b8e4499f64eb65e0980091b407) Importer(2089858483,0ecaa5967403d082aa24f35e1b516d23) [PhysX] Initialized MultithreadedTaskDispatcher with 16 workers.
 -> (artifact id: 'f5478f7a498da00642c06a4dbdbcf9a1') in 0.013542 seconds
Number of updated asset objects reloaded before import = 0
Number of asset objects unloaded after import = 5
========================================================================
Received Import Request.
  Time since last request: 0.000023 seconds.
  path: Assets/ModernSupermarket/Models/Props/Products/FrozenPack_xp713y/Textures/Materials/FrozenPack_xp713y.mat
  artifactKey: Guid(e04fb93c4e1e9e14abe02ac002d61125) Importer(2089858483,0ecaa5967403d082aa24f35e1b516d23)
Start importing Assets/ModernSupermarket/Models/Props/Products/FrozenPack_xp713y/Textures/Materials/FrozenPack_xp713y.mat using Guid(e04fb93c4e1e9e14abe02ac002d61125) Importer(2089858483,0ecaa5967403d082aa24f35e1b516d23) [PhysX] Initialized MultithreadedTaskDispatcher with 16 workers.
 -> (artifact id: '5d6ed872695cfefc174e14e0ee5ccf62') in 0.014035 seconds
Number of updated asset objects reloaded before import = 0
Number of asset objects unloaded after import = 5
========================================================================
Received Import Request.
  Time since last request: 0.000020 seconds.
  path: Assets/ModernSupermarket/Models/Props/Products/Alcohol_tqkp8c/Textures/Materials/Whisky_tqkp8c_Liquid.mat
  artifactKey: Guid(542c64435dc257e469b1507a9a43352b) Importer(2089858483,0ecaa5967403d082aa24f35e1b516d23)
Start importing Assets/ModernSupermarket/Models/Props/Products/Alcohol_tqkp8c/Textures/Materials/Whisky_tqkp8c_Liquid.mat using Guid(542c64435dc257e469b1507a9a43352b) Importer(2089858483,0ecaa5967403d082aa24f35e1b516d23) [PhysX] Initialized MultithreadedTaskDispatcher with 16 workers.
 -> (artifact id: '92f7f74255b23c6f2e67b6f9d945ad38') in 0.010252 seconds
Number of updated asset objects reloaded before import = 0
Number of asset objects unloaded after import = 1
========================================================================
Received Import Request.
  Time since last request: 0.000031 seconds.
  path: Assets/ModernSupermarket/Models/Props/Products/Pizza_ehb1pe/Textures/Material/BoxPizza_ehb1pe.mat
  artifactKey: Guid(fc32b03b32d294f4489f8ca297b1ba55) Importer(2089858483,0ecaa5967403d082aa24f35e1b516d23)
Start importing Assets/ModernSupermarket/Models/Props/Products/Pizza_ehb1pe/Textures/Material/BoxPizza_ehb1pe.mat using Guid(fc32b03b32d294f4489f8ca297b1ba55) Importer(2089858483,0ecaa5967403d082aa24f35e1b516d23) [PhysX] Initialized MultithreadedTaskDispatcher with 16 workers.
 -> (artifact id: 'bbb9b7b5211cfaf553f7cc78b586f69c') in 0.011097 seconds
Number of updated asset objects reloaded before import = 0
Number of asset objects unloaded after import = 4
========================================================================
Received Import Request.
  Time since last request: 0.000016 seconds.
  path: Assets/ModernSupermarket/Models/Props/Products/Laundry_mm7gx5/Textures/Materials/Laundry_mm7gx5_Var02.mat
  artifactKey: Guid(4be54cab6db060b449f64ab0659d5543) Importer(2089858483,0ecaa5967403d082aa24f35e1b516d23)
Start importing Assets/ModernSupermarket/Models/Props/Products/Laundry_mm7gx5/Textures/Materials/Laundry_mm7gx5_Var02.mat using Guid(4be54cab6db060b449f64ab0659d5543) Importer(2089858483,0ecaa5967403d082aa24f35e1b516d23) [PhysX] Initialized MultithreadedTaskDispatcher with 16 workers.
 -> (artifact id: '3a64d29e10ba888173c8267667c68c0c') in 0.013324 seconds
Number of updated asset objects reloaded before import = 0
Number of asset objects unloaded after import = 5
========================================================================
Received Import Request.
  Time since last request: 0.000017 seconds.
  path: Assets/ModernSupermarket/Models/Props/Products/MeatTray_fbw8xf/Textures/Materials/MeatTray_fbw8xf_Tray.mat
  artifactKey: Guid(416520dd679ed8747b3a1bc245424799) Importer(2089858483,0ecaa5967403d082aa24f35e1b516d23)
Start importing Assets/ModernSupermarket/Models/Props/Products/MeatTray_fbw8xf/Textures/Materials/MeatTray_fbw8xf_Tray.mat using Guid(416520dd679ed8747b3a1bc245424799) Importer(2089858483,0ecaa5967403d082aa24f35e1b516d23) [PhysX] Initialized MultithreadedTaskDispatcher with 16 workers.
 -> (artifact id: '9d069e7b74b4b901f57532def19af9a4') in 0.013004 seconds
Number of updated asset objects reloaded before import = 0
Number of asset objects unloaded after import = 6
========================================================================
Received Import Request.
  Time since last request: 0.000018 seconds.
  path: Assets/ModernSupermarket/Models/Props/Products/Shampoo_u15m67/Textures/Materials/Shampoo_u15m67.mat
  artifactKey: Guid(360c6e0040927354db1e79021e1b9215) Importer(2089858483,0ecaa5967403d082aa24f35e1b516d23)
Start importing Assets/ModernSupermarket/Models/Props/Products/Shampoo_u15m67/Textures/Materials/Shampoo_u15m67.mat using Guid(360c6e0040927354db1e79021e1b9215) Importer(2089858483,0ecaa5967403d082aa24f35e1b516d23) [PhysX] Initialized MultithreadedTaskDispatcher with 16 workers.
 -> (artifact id: 'cbb68351a33ce1cf618fb545213b6d51') in 0.010432 seconds
Number of updated asset objects reloaded before import = 0
Number of asset objects unloaded after import = 2
========================================================================
Received Import Request.
  Time since last request: 0.000020 seconds.
  path: Assets/ModernSupermarket/Models/Props/Products/Cleanser_o964qg/Textures/Materials/Cleanser_o964qg_Liquid.mat
  artifactKey: Guid(a888754b0f59f8f499e552c19e40d49e) Importer(2089858483,0ecaa5967403d082aa24f35e1b516d23)
Start importing Assets/ModernSupermarket/Models/Props/Products/Cleanser_o964qg/Textures/Materials/Cleanser_o964qg_Liquid.mat using Guid(a888754b0f59f8f499e552c19e40d49e) Importer(2089858483,0ecaa5967403d082aa24f35e1b516d23) [PhysX] Initialized MultithreadedTaskDispatcher with 16 workers.
 -> (artifact id: '9496ecca3a17ece8270de211dfe5ae54') in 0.011599 seconds
Number of updated asset objects reloaded before import = 0
Number of asset objects unloaded after import = 1
========================================================================
Received Import Request.
  Time since last request: 0.000019 seconds.
  path: Assets/ModernSupermarket/Models/Props/Products/Soap_1rcsb1/Textures/Materials/Soap_1rcsb1_Glass.mat
  artifactKey: Guid(24b540f882530a14097cd09937d1807d) Importer(2089858483,0ecaa5967403d082aa24f35e1b516d23)
Start importing Assets/ModernSupermarket/Models/Props/Products/Soap_1rcsb1/Textures/Materials/Soap_1rcsb1_Glass.mat using Guid(24b540f882530a14097cd09937d1807d) Importer(2089858483,0ecaa5967403d082aa24f35e1b516d23) [PhysX] Initialized MultithreadedTaskDispatcher with 16 workers.
 -> (artifact id: '4d83cff3e58f76b8d0863304ddf6da52') in 0.011478 seconds
Number of updated asset objects reloaded before import = 0
Number of asset objects unloaded after import = 3
========================================================================
Received Import Request.
  Time since last request: 0.000021 seconds.
  path: Assets/ModernSupermarket/Models/Props/Produce/Potato_px2ht4/Textures/Materials/Potato_px2ht4.mat
  artifactKey: Guid(a84bbee8867aed14ab413192df73d512) Importer(2089858483,0ecaa5967403d082aa24f35e1b516d23)
Start importing Assets/ModernSupermarket/Models/Props/Produce/Potato_px2ht4/Textures/Materials/Potato_px2ht4.mat using Guid(a84bbee8867aed14ab413192df73d512) Importer(2089858483,0ecaa5967403d082aa24f35e1b516d23) [PhysX] Initialized MultithreadedTaskDispatcher with 16 workers.
 -> (artifact id: 'f523eadcbd97d053dc63c910b093c307') in 0.010875 seconds
Number of updated asset objects reloaded before import = 0
Number of asset objects unloaded after import = 4
========================================================================
Received Import Request.
  Time since last request: 0.000023 seconds.
  path: Assets/ModernSupermarket/Models/Props/Produce/Pumpkin_hjtgsa/Textures/Materials/Pumpkin_hjtgsa.mat
  artifactKey: Guid(fa54280cafdfa8d49bd3d8926f3d61ed) Importer(2089858483,0ecaa5967403d082aa24f35e1b516d23)
Start importing Assets/ModernSupermarket/Models/Props/Produce/Pumpkin_hjtgsa/Textures/Materials/Pumpkin_hjtgsa.mat using Guid(fa54280cafdfa8d49bd3d8926f3d61ed) Importer(2089858483,0ecaa5967403d082aa24f35e1b516d23) [PhysX] Initialized MultithreadedTaskDispatcher with 16 workers.
 -> (artifact id: '2a6acfc44a8a594795edc4e0d8c4ee84') in 0.013793 seconds
Number of updated asset objects reloaded before import = 0
Number of asset objects unloaded after import = 5
========================================================================
Received Import Request.
  Time since last request: 0.000025 seconds.
  path: Assets/ModernSupermarket/Models/Props/Products/Cream_jatl5h/Textures/Materials/Cream_jatl5h_a_Var02.mat
  artifactKey: Guid(51c2deb0672929d4eaca2c31004b02c3) Importer(2089858483,0ecaa5967403d082aa24f35e1b516d23)
Start importing Assets/ModernSupermarket/Models/Props/Products/Cream_jatl5h/Textures/Materials/Cream_jatl5h_a_Var02.mat using Guid(51c2deb0672929d4eaca2c31004b02c3) Importer(2089858483,0ecaa5967403d082aa24f35e1b516d23) [PhysX] Initialized MultithreadedTaskDispatcher with 16 workers.
 -> (artifact id: 'd2dd649f360a1bfe1a402b93520c668c') in 0.013384 seconds
Number of updated asset objects reloaded before import = 0
Number of asset objects unloaded after import = 5
========================================================================
Received Import Request.
  Time since last request: 0.000021 seconds.
  path: Assets/ModernSupermarket/Models/Props/Utility/Computer_dfc1a9/Textures/Computer_dfc1a9_o.png
  artifactKey: Guid(130d01011c03795459bc949ac16e8935) Importer(2089858483,0ecaa5967403d082aa24f35e1b516d23)
Start importing Assets/ModernSupermarket/Models/Props/Utility/Computer_dfc1a9/Textures/Computer_dfc1a9_o.png using Guid(130d01011c03795459bc949ac16e8935) Importer(2089858483,0ecaa5967403d082aa24f35e1b516d23) [PhysX] Initialized MultithreadedTaskDispatcher with 16 workers.
 -> (artifact id: '80c5e4b4a19f5cd59b1ff141f44f2594') in 0.014750 seconds
Number of updated asset objects reloaded before import = 0
Number of asset objects unloaded after import = 1
========================================================================
Received Import Request.
  Time since last request: 0.000019 seconds.
  path: Assets/ModernSupermarket/Models/Props/Products/Vase_0p0iky/Textures/Vase_0p0iky_Var01_o.png
  artifactKey: Guid(47f545601be0ff24aa50dafb06823d03) Importer(2089858483,0ecaa5967403d082aa24f35e1b516d23)
Start importing Assets/ModernSupermarket/Models/Props/Products/Vase_0p0iky/Textures/Vase_0p0iky_Var01_o.png using Guid(47f545601be0ff24aa50dafb06823d03) Importer(2089858483,0ecaa5967403d082aa24f35e1b516d23) [PhysX] Initialized MultithreadedTaskDispatcher with 16 workers.
 -> (artifact id: '4b5c2e2341972c7ebba2e52c302248df') in 0.013853 seconds
Number of updated asset objects reloaded before import = 0
Number of asset objects unloaded after import = 1
========================================================================
Received Import Request.
  Time since last request: 0.000018 seconds.
  path: Assets/ModernSupermarket/Models/Props/Products/Rooflight_ll6qt0/textures/Materials/RoofLight_ll6qt0.mat
  artifactKey: Guid(2d1a096eb11507b41a8f92e5b14a8b19) Importer(2089858483,0ecaa5967403d082aa24f35e1b516d23)
Start importing Assets/ModernSupermarket/Models/Props/Products/Rooflight_ll6qt0/textures/Materials/RoofLight_ll6qt0.mat using Guid(2d1a096eb11507b41a8f92e5b14a8b19) Importer(2089858483,0ecaa5967403d082aa24f35e1b516d23) [PhysX] Initialized MultithreadedTaskDispatcher with 16 workers.
 -> (artifact id: '639a9d6ecf493b7584f3c98596a99865') in 0.018916 seconds
Number of updated asset objects reloaded before import = 0
Number of asset objects unloaded after import = 5
========================================================================
Received Import Request.
  Time since last request: 0.000017 seconds.
  path: Assets/ModernSupermarket/Models/Props/Products/Soda_f6b9gw/Textures/Soda_f6b9gw_m.png
  artifactKey: Guid(20a0d2c88a9662d49a0e938c77b160e9) Importer(2089858483,0ecaa5967403d082aa24f35e1b516d23)
Start importing Assets/ModernSupermarket/Models/Props/Products/Soda_f6b9gw/Textures/Soda_f6b9gw_m.png using Guid(20a0d2c88a9662d49a0e938c77b160e9) Importer(2089858483,0ecaa5967403d082aa24f35e1b516d23) [PhysX] Initialized MultithreadedTaskDispatcher with 16 workers.
 -> (artifact id: '393a4af5a0357ec7bea0a62e424bd3cb') in 0.016894 seconds
Number of updated asset objects reloaded before import = 0
Number of asset objects unloaded after import = 1
========================================================================
Received Import Request.
  Time since last request: 0.000023 seconds.
  path: Assets/ModernSupermarket/Models/Props/Products/Oil_751tp2/Textures/Olive_Oil_751tp2_o.png
  artifactKey: Guid(da0aa343cbf39274383c40b3097a43fe) Importer(2089858483,0ecaa5967403d082aa24f35e1b516d23)
Start importing Assets/ModernSupermarket/Models/Props/Products/Oil_751tp2/Textures/Olive_Oil_751tp2_o.png using Guid(da0aa343cbf39274383c40b3097a43fe) Importer(2089858483,0ecaa5967403d082aa24f35e1b516d23) [PhysX] Initialized MultithreadedTaskDispatcher with 16 workers.
 -> (artifact id: '7e194b53b54ec8d6617c9a34254ddd38') in 0.019224 seconds
Number of updated asset objects reloaded before import = 0
Number of asset objects unloaded after import = 1
========================================================================
Received Import Request.
  Time since last request: 0.000019 seconds.
  path: Assets/ModernSupermarket/Models/Props/Products/Ham_wplnxm/Textures/Materials/Ham_wplnxm_Meat_Var01.mat
  artifactKey: Guid(3b14de0138e19e14488d6ada006852c5) Importer(2089858483,0ecaa5967403d082aa24f35e1b516d23)
Start importing Assets/ModernSupermarket/Models/Props/Products/Ham_wplnxm/Textures/Materials/Ham_wplnxm_Meat_Var01.mat using Guid(3b14de0138e19e14488d6ada006852c5) Importer(2089858483,0ecaa5967403d082aa24f35e1b516d23) [PhysX] Initialized MultithreadedTaskDispatcher with 16 workers.
 -> (artifact id: '84ceeaa49562e5b719602e0a6926e123') in 0.011870 seconds
Number of updated asset objects reloaded before import = 0
Number of asset objects unloaded after import = 5
========================================================================
Received Import Request.
  Time since last request: 0.000026 seconds.
  path: Assets/ModernSupermarket/Models/Props/Products/Soda_d7rdw9/Textures/Soda_d7rdw9_a.png
  artifactKey: Guid(0cf3242d80b7c7b45976d6c6a8953fe6) Importer(2089858483,0ecaa5967403d082aa24f35e1b516d23)
Start importing Assets/ModernSupermarket/Models/Props/Products/Soda_d7rdw9/Textures/Soda_d7rdw9_a.png using Guid(0cf3242d80b7c7b45976d6c6a8953fe6) Importer(2089858483,0ecaa5967403d082aa24f35e1b516d23) [PhysX] Initialized MultithreadedTaskDispatcher with 16 workers.
 -> (artifact id: 'cac5207e2c373f7d50e2916f5bcbcc06') in 0.016015 seconds
Number of updated asset objects reloaded before import = 0
Number of asset objects unloaded after import = 1
========================================================================
Received Import Request.
  Time since last request: 0.000036 seconds.
  path: Assets/ModernSupermarket/Models/Props/Products/Salt_9we170/Textures/Salt_9we170_n.png
  artifactKey: Guid(09e16c968dc7a7140ac4a6cb31289bc7) Importer(2089858483,0ecaa5967403d082aa24f35e1b516d23)
Start importing Assets/ModernSupermarket/Models/Props/Products/Salt_9we170/Textures/Salt_9we170_n.png using Guid(09e16c968dc7a7140ac4a6cb31289bc7) Importer(2089858483,0ecaa5967403d082aa24f35e1b516d23) [PhysX] Initialized MultithreadedTaskDispatcher with 16 workers.
 -> (artifact id: 'bb6f522efd9aa1732abe845884385d05') in 0.013418 seconds
Number of updated asset objects reloaded before import = 0
Number of asset objects unloaded after import = 1
========================================================================
Received Import Request.
  Time since last request: 0.000026 seconds.
  path: Assets/ModernSupermarket/Models/Props/Products/Soda_7gwg2t/Textures/Soda_7gwg2t_a_Var03.png
  artifactKey: Guid(3c63053a3bbd5064a9370af0a5fcf68f) Importer(2089858483,0ecaa5967403d082aa24f35e1b516d23)
Start importing Assets/ModernSupermarket/Models/Props/Products/Soda_7gwg2t/Textures/Soda_7gwg2t_a_Var03.png using Guid(3c63053a3bbd5064a9370af0a5fcf68f) Importer(2089858483,0ecaa5967403d082aa24f35e1b516d23) [PhysX] Initialized MultithreadedTaskDispatcher with 16 workers.
 -> (artifact id: '4ebb676b7aae6fb48c0d97311457ac94') in 0.071848 seconds
Number of updated asset objects reloaded before import = 0
Number of asset objects unloaded after import = 1
========================================================================
Received Import Request.
  Time since last request: 0.000017 seconds.
  path: Assets/ModernSupermarket/Models/Props/Products/ChocolateBox_b94wj0/Textures/Materials/ChocolatBox_b94wj0_Var01.mat
  artifactKey: Guid(daa7969ed85a5b447bff9c130bcf740a) Importer(2089858483,0ecaa5967403d082aa24f35e1b516d23)
Start importing Assets/ModernSupermarket/Models/Props/Products/ChocolateBox_b94wj0/Textures/Materials/ChocolatBox_b94wj0_Var01.mat using Guid(daa7969ed85a5b447bff9c130bcf740a) Importer(2089858483,0ecaa5967403d082aa24f35e1b516d23) [PhysX] Initialized MultithreadedTaskDispatcher with 16 workers.
 -> (artifact id: '768e7b5101871344247679bfbdbd2e49') in 0.013187 seconds
Number of updated asset objects reloaded before import = 0
Number of asset objects unloaded after import = 5
========================================================================
Received Import Request.
  Time since last request: 0.000018 seconds.
  path: Assets/ModernSupermarket/Models/Props/Products/Alcohol_ao62w4/Textures/Materials/Alcool_ao62w4_Var01_Glass.mat
  artifactKey: Guid(04d5d521e038aeb4fb1563e5f014830b) Importer(2089858483,0ecaa5967403d082aa24f35e1b516d23)
Start importing Assets/ModernSupermarket/Models/Props/Products/Alcohol_ao62w4/Textures/Materials/Alcool_ao62w4_Var01_Glass.mat using Guid(04d5d521e038aeb4fb1563e5f014830b) Importer(2089858483,0ecaa5967403d082aa24f35e1b516d23) [PhysX] Initialized MultithreadedTaskDispatcher with 16 workers.
 -> (artifact id: '545c8aed2b6bea1d5fc6dd2fcf928f23') in 0.010121 seconds
Number of updated asset objects reloaded before import = 0
Number of asset objects unloaded after import = 2
========================================================================
Received Import Request.
  Time since last request: 0.000020 seconds.
  path: Assets/ModernSupermarket/Models/Props/Products/Vase_x3wysg/Textures/Vase_x3wysg_m.png
  artifactKey: Guid(c4b819c3a5672d6418d4cabf12cabf08) Importer(2089858483,0ecaa5967403d082aa24f35e1b516d23)
Start importing Assets/ModernSupermarket/Models/Props/Products/Vase_x3wysg/Textures/Vase_x3wysg_m.png using Guid(c4b819c3a5672d6418d4cabf12cabf08) Importer(2089858483,0ecaa5967403d082aa24f35e1b516d23) [PhysX] Initialized MultithreadedTaskDispatcher with 16 workers.
 -> (artifact id: '0eeaaf78bdd35ff2b2d9170e45317f8b') in 0.012862 seconds
Number of updated asset objects reloaded before import = 0
Number of asset objects unloaded after import = 1
========================================================================
Received Import Request.
  Time since last request: 0.000017 seconds.
  path: Assets/ModernSupermarket/Models/Props/Utility/FireExtinguisher_ha3jqe/Textures/FireExtinguisher_ha3jqe_n.png
  artifactKey: Guid(ba306798ad698714bb2d07f072994252) Importer(2089858483,0ecaa5967403d082aa24f35e1b516d23)
Start importing Assets/ModernSupermarket/Models/Props/Utility/FireExtinguisher_ha3jqe/Textures/FireExtinguisher_ha3jqe_n.png using Guid(ba306798ad698714bb2d07f072994252) Importer(2089858483,0ecaa5967403d082aa24f35e1b516d23) [PhysX] Initialized MultithreadedTaskDispatcher with 16 workers.
 -> (artifact id: 'df3e13f476485742c28239ec028473e2') in 0.011798 seconds
Number of updated asset objects reloaded before import = 0
Number of asset objects unloaded after import = 1
========================================================================
Received Import Request.
  Time since last request: 0.000021 seconds.
  path: Assets/ModernSupermarket/Models/Props/Products/Sushis_r6r1w6/Textures/Material/Sushis_r6r1w6.mat
  artifactKey: Guid(3fb9c3f5f3e23c04eb41e6700f7ee3c0) Importer(2089858483,0ecaa5967403d082aa24f35e1b516d23)
Start importing Assets/ModernSupermarket/Models/Props/Products/Sushis_r6r1w6/Textures/Material/Sushis_r6r1w6.mat using Guid(3fb9c3f5f3e23c04eb41e6700f7ee3c0) Importer(2089858483,0ecaa5967403d082aa24f35e1b516d23) [PhysX] Initialized MultithreadedTaskDispatcher with 16 workers.
 -> (artifact id: '7fafb84b7e4f28f28a6d263b81e8a702') in 0.026310 seconds
Number of updated asset objects reloaded before import = 0
Number of asset objects unloaded after import = 3
========================================================================
Received Import Request.
  Time since last request: 0.000018 seconds.
  path: Assets/ModernSupermarket/Models/Props/Utility/Footboard_ajuyp9/Texture/Materials/Footboard_ajuyp9_a.mat
  artifactKey: Guid(ece2c9d129ae7dd49a2fa6319c0dc8e6) Importer(2089858483,0ecaa5967403d082aa24f35e1b516d23)
Start importing Assets/ModernSupermarket/Models/Props/Utility/Footboard_ajuyp9/Texture/Materials/Footboard_ajuyp9_a.mat using Guid(ece2c9d129ae7dd49a2fa6319c0dc8e6) Importer(2089858483,0ecaa5967403d082aa24f35e1b516d23) [PhysX] Initialized MultithreadedTaskDispatcher with 16 workers.
 -> (artifact id: '633552f55407d58382830270a467da2a') in 0.011980 seconds
Number of updated asset objects reloaded before import = 0
Number of asset objects unloaded after import = 6
========================================================================
Received Import Request.
  Time since last request: 0.000017 seconds.
  path: Assets/ModernSupermarket/Models/Props/Products/Vase_0p0iky/Textures/Materials/Vase_0p0iky.mat
  artifactKey: Guid(5fa3f088b6e287649ba627fe52a235c8) Importer(2089858483,0ecaa5967403d082aa24f35e1b516d23)
Start importing Assets/ModernSupermarket/Models/Props/Products/Vase_0p0iky/Textures/Materials/Vase_0p0iky.mat using Guid(5fa3f088b6e287649ba627fe52a235c8) Importer(2089858483,0ecaa5967403d082aa24f35e1b516d23) [PhysX] Initialized MultithreadedTaskDispatcher with 16 workers.
 -> (artifact id: 'd5f6b2b6bb3b5a43b94c4bcfac0e6491') in 0.010082 seconds
Number of updated asset objects reloaded before import = 0
Number of asset objects unloaded after import = 3
========================================================================
Received Import Request.
  Time since last request: 0.000017 seconds.
  path: Assets/ModernSupermarket/Models/Props/Products/Soda_7gwg2t/Textures/Materials/Soda_7gwg2t_Label_Var03.mat
  artifactKey: Guid(9c2d1ff7b2623d34096d88e307c797b8) Importer(2089858483,0ecaa5967403d082aa24f35e1b516d23)
Start importing Assets/ModernSupermarket/Models/Props/Products/Soda_7gwg2t/Textures/Materials/Soda_7gwg2t_Label_Var03.mat using Guid(9c2d1ff7b2623d34096d88e307c797b8) Importer(2089858483,0ecaa5967403d082aa24f35e1b516d23) [PhysX] Initialized MultithreadedTaskDispatcher with 16 workers.
 -> (artifact id: '23040e5591b29d1c9febc362db9bcdc0') in 0.008296 seconds
Number of updated asset objects reloaded before import = 0
Number of asset objects unloaded after import = 3
========================================================================
Received Import Request.
  Time since last request: 0.000016 seconds.
  path: Assets/ModernSupermarket/Models/Props/Products/Vase_0p0iky/Textures/Materials/Vase_0p0iky_Var01.mat
  artifactKey: Guid(871f52168356c6647b5309f58eb8ca5c) Importer(2089858483,0ecaa5967403d082aa24f35e1b516d23)
Start importing Assets/ModernSupermarket/Models/Props/Products/Vase_0p0iky/Textures/Materials/Vase_0p0iky_Var01.mat using Guid(871f52168356c6647b5309f58eb8ca5c) Importer(2089858483,0ecaa5967403d082aa24f35e1b516d23) [PhysX] Initialized MultithreadedTaskDispatcher with 16 workers.
 -> (artifact id: 'a3e1b8c436a6d8577f071d1e2023ed67') in 0.009791 seconds
Number of updated asset objects reloaded before import = 0
Number of asset objects unloaded after import = 3
========================================================================
Received Import Request.
  Time since last request: 0.000024 seconds.
  path: Assets/ModernSupermarket/Models/Props/Products/Soda_7gwg2t/Textures/Materials/Soda_7gwg2t_LiquidRed.mat
  artifactKey: Guid(117267a7c5469a742914d7bf45932ba3) Importer(2089858483,0ecaa5967403d082aa24f35e1b516d23)
Start importing Assets/ModernSupermarket/Models/Props/Products/Soda_7gwg2t/Textures/Materials/Soda_7gwg2t_LiquidRed.mat using Guid(117267a7c5469a742914d7bf45932ba3) Importer(2089858483,0ecaa5967403d082aa24f35e1b516d23) [PhysX] Initialized MultithreadedTaskDispatcher with 16 workers.
 -> (artifact id: 'cdeab1557329def288bc48a2ce6e48f9') in 0.008495 seconds
Number of updated asset objects reloaded before import = 0
Number of asset objects unloaded after import = 1
========================================================================
Received Import Request.
  Time since last request: 0.000024 seconds.
  path: Assets/ModernSupermarket/Models/Props/Products/Vase_0p0iky/Textures/Materials/Vase_0p0iky_Var02.mat
  artifactKey: Guid(8f69bea9b59ac3d4fa72c67d23f069aa) Importer(2089858483,0ecaa5967403d082aa24f35e1b516d23)
Start importing Assets/ModernSupermarket/Models/Props/Products/Vase_0p0iky/Textures/Materials/Vase_0p0iky_Var02.mat using Guid(8f69bea9b59ac3d4fa72c67d23f069aa) Importer(2089858483,0ecaa5967403d082aa24f35e1b516d23) [PhysX] Initialized MultithreadedTaskDispatcher with 16 workers.
 -> (artifact id: '6374e4291c27a7710b985e22d8faa0d4') in 0.011860 seconds
Number of updated asset objects reloaded before import = 0
Number of asset objects unloaded after import = 3
========================================================================
Received Import Request.
  Time since last request: 0.000028 seconds.
  path: Assets/ModernSupermarket/Models/Props/Products/Sushis_jtvduo/Textures/Material/Sushis_jtvduo.mat
  artifactKey: Guid(f01e265f1d7023141a044dc1911b31dc) Importer(2089858483,0ecaa5967403d082aa24f35e1b516d23)
Start importing Assets/ModernSupermarket/Models/Props/Products/Sushis_jtvduo/Textures/Material/Sushis_jtvduo.mat using Guid(f01e265f1d7023141a044dc1911b31dc) Importer(2089858483,0ecaa5967403d082aa24f35e1b516d23) [PhysX] Initialized MultithreadedTaskDispatcher with 16 workers.
 -> (artifact id: 'ea3ca2af15e4562ed8cb88dee804be8b') in 0.011539 seconds
Number of updated asset objects reloaded before import = 0
Number of asset objects unloaded after import = 4
========================================================================
Received Import Request.
  Time since last request: 0.000021 seconds.
  path: Assets/ModernSupermarket/Models/Props/Products/Soda_d7rdw9/Textures/Materials/Soda_d7rdw9_Glass.mat
  artifactKey: Guid(e32717d23e84ea14c8c0b8cf32f8c238) Importer(2089858483,0ecaa5967403d082aa24f35e1b516d23)
Start importing Assets/ModernSupermarket/Models/Props/Products/Soda_d7rdw9/Textures/Materials/Soda_d7rdw9_Glass.mat using Guid(e32717d23e84ea14c8c0b8cf32f8c238) Importer(2089858483,0ecaa5967403d082aa24f35e1b516d23) [PhysX] Initialized MultithreadedTaskDispatcher with 16 workers.
 -> (artifact id: '7e1d762f6fb369f5b18a2ec1d2a55c23') in 0.012241 seconds
Number of updated asset objects reloaded before import = 0
Number of asset objects unloaded after import = 5
========================================================================
Received Import Request.
  Time since last request: 0.000018 seconds.
  path: Assets/ModernSupermarket/Models/Props/Products/Sugar_ffc568/Textures/Material/Sugar_ffc568.mat
  artifactKey: Guid(6a9122f9ffcadad428cf80bc5e099ff8) Importer(2089858483,0ecaa5967403d082aa24f35e1b516d23)
Start importing Assets/ModernSupermarket/Models/Props/Products/Sugar_ffc568/Textures/Material/Sugar_ffc568.mat using Guid(6a9122f9ffcadad428cf80bc5e099ff8) Importer(2089858483,0ecaa5967403d082aa24f35e1b516d23) [PhysX] Initialized MultithreadedTaskDispatcher with 16 workers.
 -> (artifact id: '0ae9a841983eabb942814934fbdbe41f') in 0.009844 seconds
Number of updated asset objects reloaded before import = 0
Number of asset objects unloaded after import = 4
========================================================================
Received Import Request.
  Time since last request: 0.000020 seconds.
  path: Assets/ModernSupermarket/Models/Props/Utility/WetFloor_fxi59q/Textures/Materials/WetFloor_fxi59q_a.mat
  artifactKey: Guid(bf809adb864bf9342924f939d26cf2f9) Importer(2089858483,0ecaa5967403d082aa24f35e1b516d23)
Start importing Assets/ModernSupermarket/Models/Props/Utility/WetFloor_fxi59q/Textures/Materials/WetFloor_fxi59q_a.mat using Guid(bf809adb864bf9342924f939d26cf2f9) Importer(2089858483,0ecaa5967403d082aa24f35e1b516d23) [PhysX] Initialized MultithreadedTaskDispatcher with 16 workers.
 -> (artifact id: '8ca751939e88b95cbb8da341c1033fab') in 0.016526 seconds
Number of updated asset objects reloaded before import = 0
Number of asset objects unloaded after import = 5
========================================================================
Received Import Request.
  Time since last request: 0.000016 seconds.
  path: Assets/ModernSupermarket/Models/Props/Products/SweetJar_ma0jsk/Textures/Materials/SweetJar_ma0jsk_Liquid.mat
  artifactKey: Guid(bf87dca1bd9f6674c823cbafd163c9a4) Importer(2089858483,0ecaa5967403d082aa24f35e1b516d23)
Start importing Assets/ModernSupermarket/Models/Props/Products/SweetJar_ma0jsk/Textures/Materials/SweetJar_ma0jsk_Liquid.mat using Guid(bf87dca1bd9f6674c823cbafd163c9a4) Importer(2089858483,0ecaa5967403d082aa24f35e1b516d23) [PhysX] Initialized MultithreadedTaskDispatcher with 16 workers.
 -> (artifact id: 'd05380e50f0796aa55e08a0e282d0288') in 0.009646 seconds
Number of updated asset objects reloaded before import = 0
Number of asset objects unloaded after import = 1
========================================================================
Received Import Request.
  Time since last request: 0.000019 seconds.
  path: Assets/ModernSupermarket/Models/Props/Products/Soda_d7rdw9/Textures/Materials/Soda_d7rdw9_Var01_Label.mat
  artifactKey: Guid(ec34a7fbfdc632243b756e03652e4949) Importer(2089858483,0ecaa5967403d082aa24f35e1b516d23)
Start importing Assets/ModernSupermarket/Models/Props/Products/Soda_d7rdw9/Textures/Materials/Soda_d7rdw9_Var01_Label.mat using Guid(ec34a7fbfdc632243b756e03652e4949) Importer(2089858483,0ecaa5967403d082aa24f35e1b516d23) [PhysX] Initialized MultithreadedTaskDispatcher with 16 workers.
 -> (artifact id: '4e2c407027e502a5856ba37ff02e1cb6') in 0.009468 seconds
Number of updated asset objects reloaded before import = 0
Number of asset objects unloaded after import = 4
========================================================================
Received Import Request.
  Time since last request: 0.000025 seconds.
  path: Assets/ModernSupermarket/Models/Props/Products/SweetJar_ma0jsk/Textures/Materials/SweetJar_ma0jsk.mat
  artifactKey: Guid(24f96709b890b2948b61bb826d1e0f9b) Importer(2089858483,0ecaa5967403d082aa24f35e1b516d23)
Start importing Assets/ModernSupermarket/Models/Props/Products/SweetJar_ma0jsk/Textures/Materials/SweetJar_ma0jsk.mat using Guid(24f96709b890b2948b61bb826d1e0f9b) Importer(2089858483,0ecaa5967403d082aa24f35e1b516d23) [PhysX] Initialized MultithreadedTaskDispatcher with 16 workers.
 -> (artifact id: 'a0ede130897067e88260c06fadf284d1') in 0.012243 seconds
Number of updated asset objects reloaded before import = 0
Number of asset objects unloaded after import = 5
========================================================================
Received Import Request.
  Time since last request: 0.000021 seconds.
  path: Assets/ModernSupermarket/Models/Props/Products/Sushis_r6r1w6/Textures/Material/Sushis_r6r1w7_plastic.mat
  artifactKey: Guid(85014dc06bba4ae41b952e11eac88421) Importer(2089858483,0ecaa5967403d082aa24f35e1b516d23)
Start importing Assets/ModernSupermarket/Models/Props/Products/Sushis_r6r1w6/Textures/Material/Sushis_r6r1w7_plastic.mat using Guid(85014dc06bba4ae41b952e11eac88421) Importer(2089858483,0ecaa5967403d082aa24f35e1b516d23) [PhysX] Initialized MultithreadedTaskDispatcher with 16 workers.
 -> (artifact id: '41f8080d027b9f74f569f7582012a81b') in 0.010207 seconds
Number of updated asset objects reloaded before import = 0
Number of asset objects unloaded after import = 2
========================================================================
Received Import Request.
  Time since last request: 0.000017 seconds.
  path: Assets/ModernSupermarket/Models/Props/Utility/Basket_o52iei/Textures/Materials/Basket_o52iei_condiments04.mat
  artifactKey: Guid(fbdc3f6940c602848ba740945b017b0d) Importer(2089858483,0ecaa5967403d082aa24f35e1b516d23)
Start importing Assets/ModernSupermarket/Models/Props/Utility/Basket_o52iei/Textures/Materials/Basket_o52iei_condiments04.mat using Guid(fbdc3f6940c602848ba740945b017b0d) Importer(2089858483,0ecaa5967403d082aa24f35e1b516d23) [PhysX] Initialized MultithreadedTaskDispatcher with 16 workers.
 -> (artifact id: '5cc05e2368f7c6c7cd3736e10ad25a75') in 0.010807 seconds
Number of updated asset objects reloaded before import = 0
Number of asset objects unloaded after import = 6
========================================================================
Received Import Request.
  Time since last request: 0.000017 seconds.
  path: Assets/ModernSupermarket/Models/Props/Products/Sugar_o0f6pn/Textures/Sugar_o0f6pn_a_Var01.png
  artifactKey: Guid(2b37342e130f4fe42bc99ce5e25e4e24) Importer(2089858483,0ecaa5967403d082aa24f35e1b516d23)
Start importing Assets/ModernSupermarket/Models/Props/Products/Sugar_o0f6pn/Textures/Sugar_o0f6pn_a_Var01.png using Guid(2b37342e130f4fe42bc99ce5e25e4e24) Importer(2089858483,0ecaa5967403d082aa24f35e1b516d23) [PhysX] Initialized MultithreadedTaskDispatcher with 16 workers.
 -> (artifact id: 'cac1eec31614417f8fdc315056c3c1fb') in 0.012575 seconds
Number of updated asset objects reloaded before import = 0
Number of asset objects unloaded after import = 1
========================================================================
Received Import Request.
  Time since last request: 0.000022 seconds.
  path: Assets/ModernSupermarket/Models/Props/Products/Milk_l6slvx/Textures/Milk_l6slvx_o.png
  artifactKey: Guid(775f4134151b22b44b40f73a7cf3fae2) Importer(2089858483,0ecaa5967403d082aa24f35e1b516d23)
Start importing Assets/ModernSupermarket/Models/Props/Products/Milk_l6slvx/Textures/Milk_l6slvx_o.png using Guid(775f4134151b22b44b40f73a7cf3fae2) Importer(2089858483,0ecaa5967403d082aa24f35e1b516d23) [PhysX] Initialized MultithreadedTaskDispatcher with 16 workers.
 -> (artifact id: 'aeac3dc603109c5a69127cee194bc19a') in 0.011948 seconds
Number of updated asset objects reloaded before import = 0
Number of asset objects unloaded after import = 1
========================================================================
Received Import Request.
  Time since last request: 0.000017 seconds.
  path: Assets/ModernSupermarket/Models/Props/Products/WhippedCream_wm5t5v/Textures/WhippedCream_wm5t5v_a.png
  artifactKey: Guid(1f4f86e47802a0f42bc8c0013dcaab36) Importer(2089858483,0ecaa5967403d082aa24f35e1b516d23)
Start importing Assets/ModernSupermarket/Models/Props/Products/WhippedCream_wm5t5v/Textures/WhippedCream_wm5t5v_a.png using Guid(1f4f86e47802a0f42bc8c0013dcaab36) Importer(2089858483,0ecaa5967403d082aa24f35e1b516d23) [PhysX] Initialized MultithreadedTaskDispatcher with 16 workers.
 -> (artifact id: '5a5310e2cb6a3350e4fe24d7dedc82c7') in 0.022174 seconds
Number of updated asset objects reloaded before import = 0
Number of asset objects unloaded after import = 1
========================================================================
Received Import Request.
  Time since last request: 0.000019 seconds.
  path: Assets/ModernSupermarket/Models/Props/Products/FrozenPack_t7wenh/Textures/FrozenPack_t7wenh_Var02_a.png
  artifactKey: Guid(157580dec11cad843a852bde5c05e558) Importer(2089858483,0ecaa5967403d082aa24f35e1b516d23)
Start importing Assets/ModernSupermarket/Models/Props/Products/FrozenPack_t7wenh/Textures/FrozenPack_t7wenh_Var02_a.png using Guid(157580dec11cad843a852bde5c05e558) Importer(2089858483,0ecaa5967403d082aa24f35e1b516d23) [PhysX] Initialized MultithreadedTaskDispatcher with 16 workers.
 -> (artifact id: '83df022e1fc13fd80c967d0f8ee4e282') in 0.014450 seconds
Number of updated asset objects reloaded before import = 0
Number of asset objects unloaded after import = 1
========================================================================
Received Import Request.
  Time since last request: 0.000023 seconds.
  path: Assets/ModernSupermarket/Models/Props/Products/Cleanser_o964qg/Textures/Materials/Cleanser_o964qg_LiquidBlack.mat
  artifactKey: Guid(b080487f3395628488ded2088076a27f) Importer(2089858483,0ecaa5967403d082aa24f35e1b516d23)
Start importing Assets/ModernSupermarket/Models/Props/Products/Cleanser_o964qg/Textures/Materials/Cleanser_o964qg_LiquidBlack.mat using Guid(b080487f3395628488ded2088076a27f) Importer(2089858483,0ecaa5967403d082aa24f35e1b516d23) [PhysX] Initialized MultithreadedTaskDispatcher with 16 workers.
 -> (artifact id: 'c6eef8501d6f6a86ff63c04f98d70a01') in 0.009328 seconds
Number of updated asset objects reloaded before import = 0
Number of asset objects unloaded after import = 1
========================================================================
Received Import Request.
  Time since last request: 0.000016 seconds.
  path: Assets/ModernSupermarket/Models/Props/Products/Shampoo_vimakk/Textures/Shampoo_vimakk_a_Var01.png
  artifactKey: Guid(fd362d89113db9949bbd8968b7e6e344) Importer(2089858483,0ecaa5967403d082aa24f35e1b516d23)
Start importing Assets/ModernSupermarket/Models/Props/Products/Shampoo_vimakk/Textures/Shampoo_vimakk_a_Var01.png using Guid(fd362d89113db9949bbd8968b7e6e344) Importer(2089858483,0ecaa5967403d082aa24f35e1b516d23) [PhysX] Initialized MultithreadedTaskDispatcher with 16 workers.
 -> (artifact id: 'd9e41f5a90d5afe1a8da5658fcde1280') in 0.015281 seconds
Number of updated asset objects reloaded before import = 0
Number of asset objects unloaded after import = 1
========================================================================
Received Import Request.
  Time since last request: 0.000016 seconds.
  path: Assets/ModernSupermarket/Models/Props/Utility/Footboard_ajuyp9/Texture/Footboard_ajuyp9_n.png
  artifactKey: Guid(a8b38277524070b419a873301dcccb19) Importer(2089858483,0ecaa5967403d082aa24f35e1b516d23)
Start importing Assets/ModernSupermarket/Models/Props/Utility/Footboard_ajuyp9/Texture/Footboard_ajuyp9_n.png using Guid(a8b38277524070b419a873301dcccb19) Importer(2089858483,0ecaa5967403d082aa24f35e1b516d23) [PhysX] Initialized MultithreadedTaskDispatcher with 16 workers.
 -> (artifact id: '30286363a52556c5933262f8720e65d5') in 0.013890 seconds
Number of updated asset objects reloaded before import = 0
Number of asset objects unloaded after import = 1
========================================================================
Received Import Request.
  Time since last request: 0.000020 seconds.
  path: Assets/ModernSupermarket/Models/Props/Products/Decoration_3k4dyn/Textures/Materials/Decoration_3k4dyn.mat
  artifactKey: Guid(c5d54c13a292c7e478837225f5351c19) Importer(2089858483,0ecaa5967403d082aa24f35e1b516d23)
Start importing Assets/ModernSupermarket/Models/Props/Products/Decoration_3k4dyn/Textures/Materials/Decoration_3k4dyn.mat using Guid(c5d54c13a292c7e478837225f5351c19) Importer(2089858483,0ecaa5967403d082aa24f35e1b516d23) [PhysX] Initialized MultithreadedTaskDispatcher with 16 workers.
 -> (artifact id: 'a0d12cbf3e41827fbdeee794c328fd30') in 0.010817 seconds
Number of updated asset objects reloaded before import = 0
Number of asset objects unloaded after import = 5
========================================================================
Received Import Request.
  Time since last request: 0.000026 seconds.
  path: Assets/ModernSupermarket/Models/Props/Utility/Basket_o52iei/Textures/Basket_o52iei_condiments02_a.png
  artifactKey: Guid(6f5608fdd17b3d34f8913039257790e6) Importer(2089858483,0ecaa5967403d082aa24f35e1b516d23)
Start importing Assets/ModernSupermarket/Models/Props/Utility/Basket_o52iei/Textures/Basket_o52iei_condiments02_a.png using Guid(6f5608fdd17b3d34f8913039257790e6) Importer(2089858483,0ecaa5967403d082aa24f35e1b516d23) [PhysX] Initialized MultithreadedTaskDispatcher with 16 workers.
 -> (artifact id: 'a70364ba4c72baa2153020e4b129c92f') in 0.013378 seconds
Number of updated asset objects reloaded before import = 0
Number of asset objects unloaded after import = 1
========================================================================
Received Import Request.
  Time since last request: 0.000018 seconds.
  path: Assets/ModernSupermarket/Models/Props/Products/Pasta_9duit2/Textures/PastaPack_9duit2_Farfalle_a.png
  artifactKey: Guid(b2e03be522ff6df48b5a2e60fc40d48f) Importer(2089858483,0ecaa5967403d082aa24f35e1b516d23)
Start importing Assets/ModernSupermarket/Models/Props/Products/Pasta_9duit2/Textures/PastaPack_9duit2_Farfalle_a.png using Guid(b2e03be522ff6df48b5a2e60fc40d48f) Importer(2089858483,0ecaa5967403d082aa24f35e1b516d23) [PhysX] Initialized MultithreadedTaskDispatcher with 16 workers.
 -> (artifact id: 'a6f2b61ae95a25ae3fa5c439fbfeda1c') in 0.012365 seconds
Number of updated asset objects reloaded before import = 0
Number of asset objects unloaded after import = 1
========================================================================
Received Import Request.
  Time since last request: 0.000016 seconds.
  path: Assets/ModernSupermarket/Models/Props/Products/Beer_lryra7/Textures/Materials/BeerBottle_fdde0u_Label_Var01.mat
  artifactKey: Guid(c078a27addbf354458ade6836efed0be) Importer(2089858483,0ecaa5967403d082aa24f35e1b516d23)
Start importing Assets/ModernSupermarket/Models/Props/Products/Beer_lryra7/Textures/Materials/BeerBottle_fdde0u_Label_Var01.mat using Guid(c078a27addbf354458ade6836efed0be) Importer(2089858483,0ecaa5967403d082aa24f35e1b516d23) [PhysX] Initialized MultithreadedTaskDispatcher with 16 workers.
 -> (artifact id: '16326918407961e3bdacf2f618d604a5') in 0.010502 seconds
Number of updated asset objects reloaded before import = 0
Number of asset objects unloaded after import = 4
========================================================================
Received Import Request.
  Time since last request: 0.000017 seconds.
  path: Assets/ModernSupermarket/Models/Props/Products/Shampoo_vimakk/Textures/Shampoo_vimakk_o.png
  artifactKey: Guid(79f758f8faef91f4785e45198833e8ea) Importer(2089858483,0ecaa5967403d082aa24f35e1b516d23)
Start importing Assets/ModernSupermarket/Models/Props/Products/Shampoo_vimakk/Textures/Shampoo_vimakk_o.png using Guid(79f758f8faef91f4785e45198833e8ea) Importer(2089858483,0ecaa5967403d082aa24f35e1b516d23) [PhysX] Initialized MultithreadedTaskDispatcher with 16 workers.
 -> (artifact id: '57af6a51dc41a0a8f1e9045328bc3c76') in 0.017607 seconds
Number of updated asset objects reloaded before import = 0
Number of asset objects unloaded after import = 1
========================================================================
Received Import Request.
  Time since last request: 0.000488 seconds.
  path: Assets/ModernSupermarket/Models/Props/Products/Pasta_g87jtq/Textures/PastaPack_g87jtq_Var01_m.png
  artifactKey: Guid(93583919fbe25174398fa466a3a8f0a8) Importer(2089858483,0ecaa5967403d082aa24f35e1b516d23)
Start importing Assets/ModernSupermarket/Models/Props/Products/Pasta_g87jtq/Textures/PastaPack_g87jtq_Var01_m.png using Guid(93583919fbe25174398fa466a3a8f0a8) Importer(2089858483,0ecaa5967403d082aa24f35e1b516d23) [PhysX] Initialized MultithreadedTaskDispatcher with 16 workers.
 -> (artifact id: '60c0dd9f89b1890a8a436fa248aa7aa1') in 0.012468 seconds
Number of updated asset objects reloaded before import = 0
Number of asset objects unloaded after import = 1
========================================================================
Received Import Request.
  Time since last request: 0.000022 seconds.
  path: Assets/ModernSupermarket/Models/Props/Utility/Scale_av1k2p/Textures/Scale_av1k2p_a.png
  artifactKey: Guid(9bfed21cb948d6b44a2d7bd7d46a0091) Importer(2089858483,0ecaa5967403d082aa24f35e1b516d23)
Start importing Assets/ModernSupermarket/Models/Props/Utility/Scale_av1k2p/Textures/Scale_av1k2p_a.png using Guid(9bfed21cb948d6b44a2d7bd7d46a0091) Importer(2089858483,0ecaa5967403d082aa24f35e1b516d23) [PhysX] Initialized MultithreadedTaskDispatcher with 16 workers.
 -> (artifact id: '1d97a7238b663a59178cbed45dfd00a7') in 0.015247 seconds
Number of updated asset objects reloaded before import = 0
Number of asset objects unloaded after import = 1
========================================================================
Received Import Request.
  Time since last request: 0.000016 seconds.
  path: Assets/ModernSupermarket/Models/Props/Products/Pasta_9duit2/Textures/PastaPack_9duit003_Macaroni_m.png
  artifactKey: Guid(76d674fe557fdb048b1fc90d0f6c281a) Importer(2089858483,0ecaa5967403d082aa24f35e1b516d23)
Start importing Assets/ModernSupermarket/Models/Props/Products/Pasta_9duit2/Textures/PastaPack_9duit003_Macaroni_m.png using Guid(76d674fe557fdb048b1fc90d0f6c281a) Importer(2089858483,0ecaa5967403d082aa24f35e1b516d23) [PhysX] Initialized MultithreadedTaskDispatcher with 16 workers.
 -> (artifact id: '4045426dbf7141ae379055d0f9e7141d') in 0.016612 seconds
Number of updated asset objects reloaded before import = 0
Number of asset objects unloaded after import = 1
========================================================================
Received Import Request.
  Time since last request: 0.000022 seconds.
  path: Assets/ModernSupermarket/Models/Props/Products/Laundry_mm7gx5/Textures/Laundry_mm7gx5_Var01_a.png
  artifactKey: Guid(47018770cb54cb644a37aea1c5810d97) Importer(2089858483,0ecaa5967403d082aa24f35e1b516d23)
Start importing Assets/ModernSupermarket/Models/Props/Products/Laundry_mm7gx5/Textures/Laundry_mm7gx5_Var01_a.png using Guid(47018770cb54cb644a37aea1c5810d97) Importer(2089858483,0ecaa5967403d082aa24f35e1b516d23) [PhysX] Initialized MultithreadedTaskDispatcher with 16 workers.
 -> (artifact id: '6041dc2417d2b6e8526b9043b232efb7') in 0.014968 seconds
Number of updated asset objects reloaded before import = 0
Number of asset objects unloaded after import = 1
========================================================================
Received Import Request.
  Time since last request: 0.000019 seconds.
  path: Assets/ModernSupermarket/Models/Props/Products/Cheese_ipc281/Textures/Materials/Cheese_ipc281_Var01.mat
  artifactKey: Guid(fb91608cf2b8db94aae64eff1288601d) Importer(2089858483,0ecaa5967403d082aa24f35e1b516d23)
Start importing Assets/ModernSupermarket/Models/Props/Products/Cheese_ipc281/Textures/Materials/Cheese_ipc281_Var01.mat using Guid(fb91608cf2b8db94aae64eff1288601d) Importer(2089858483,0ecaa5967403d082aa24f35e1b516d23) [PhysX] Initialized MultithreadedTaskDispatcher with 16 workers.
 -> (artifact id: '5654b31d0cfbca53d03cbca6b693bfb6') in 0.011332 seconds
Number of updated asset objects reloaded before import = 0
Number of asset objects unloaded after import = 5
========================================================================
Received Import Request.
  Time since last request: 0.000024 seconds.
  path: Assets/ModernSupermarket/Models/Props/Products/PotatoBag_gcx3y2/Textures/PotatoeBag_gcx3y2_m.png
  artifactKey: Guid(3305a4b33b126534baf3a298a22896ee) Importer(2089858483,0ecaa5967403d082aa24f35e1b516d23)
Start importing Assets/ModernSupermarket/Models/Props/Products/PotatoBag_gcx3y2/Textures/PotatoeBag_gcx3y2_m.png using Guid(3305a4b33b126534baf3a298a22896ee) Importer(2089858483,0ecaa5967403d082aa24f35e1b516d23) [PhysX] Initialized MultithreadedTaskDispatcher with 16 workers.
 -> (artifact id: '285b253ca9ec85f380a0149472811507') in 0.025404 seconds
Number of updated asset objects reloaded before import = 0
Number of asset objects unloaded after import = 1
========================================================================
Received Import Request.
  Time since last request: 0.000017 seconds.
  path: Assets/ModernSupermarket/Models/Props/Products/FrozenPack_t7wenh/Textures/FrozenPack_t7wenh_Var04_a.png
  artifactKey: Guid(5cace4edc13fadc469220d085b5e0c36) Importer(2089858483,0ecaa5967403d082aa24f35e1b516d23)
Start importing Assets/ModernSupermarket/Models/Props/Products/FrozenPack_t7wenh/Textures/FrozenPack_t7wenh_Var04_a.png using Guid(5cace4edc13fadc469220d085b5e0c36) Importer(2089858483,0ecaa5967403d082aa24f35e1b516d23) [PhysX] Initialized MultithreadedTaskDispatcher with 16 workers.
 -> (artifact id: '4129743d59881834676bbc7b4b4ef8d3') in 0.013201 seconds
Number of updated asset objects reloaded before import = 0
Number of asset objects unloaded after import = 1
========================================================================
Received Import Request.
  Time since last request: 0.000017 seconds.
  path: Assets/ModernSupermarket/Models/Props/Products/Pasta_g87jtq/Textures/Materials/PastaPack_g87jtq_Var02.mat
  artifactKey: Guid(96ac9f4e2e51229498b01658721af70a) Importer(2089858483,0ecaa5967403d082aa24f35e1b516d23)
Start importing Assets/ModernSupermarket/Models/Props/Products/Pasta_g87jtq/Textures/Materials/PastaPack_g87jtq_Var02.mat using Guid(96ac9f4e2e51229498b01658721af70a) Importer(2089858483,0ecaa5967403d082aa24f35e1b516d23) [PhysX] Initialized MultithreadedTaskDispatcher with 16 workers.
 -> (artifact id: '13d87ce935f98d0c7cc97b7a4493a0a5') in 0.012078 seconds
Number of updated asset objects reloaded before import = 0
Number of asset objects unloaded after import = 5
========================================================================
Received Import Request.
  Time since last request: 0.000019 seconds.
  path: Assets/ModernSupermarket/Models/Props/Products/Sushis_r6r1w6/Textures/Sushis_r6r1w6_a.png
  artifactKey: Guid(2111fd7662b7ab04a82580b31886317f) Importer(2089858483,0ecaa5967403d082aa24f35e1b516d23)
Start importing Assets/ModernSupermarket/Models/Props/Products/Sushis_r6r1w6/Textures/Sushis_r6r1w6_a.png using Guid(2111fd7662b7ab04a82580b31886317f) Importer(2089858483,0ecaa5967403d082aa24f35e1b516d23) [PhysX] Initialized MultithreadedTaskDispatcher with 16 workers.
 -> (artifact id: 'a2c1e9c1ffef7da48dec8488f2712e1d') in 0.015220 seconds
Number of updated asset objects reloaded before import = 0
Number of asset objects unloaded after import = 1
========================================================================
Received Import Request.
  Time since last request: 0.000020 seconds.
  path: Assets/ModernSupermarket/Models/Props/Products/Pasta_9duit2/Textures/PastaPack_9duit2_n.png
  artifactKey: Guid(8e3524800fad9304d92690c32040b30c) Importer(2089858483,0ecaa5967403d082aa24f35e1b516d23)
Start importing Assets/ModernSupermarket/Models/Props/Products/Pasta_9duit2/Textures/PastaPack_9duit2_n.png using Guid(8e3524800fad9304d92690c32040b30c) Importer(2089858483,0ecaa5967403d082aa24f35e1b516d23) [PhysX] Initialized MultithreadedTaskDispatcher with 16 workers.
 -> (artifact id: 'ff426483f52d77f92ab1235eb45deeeb') in 0.014208 seconds
Number of updated asset objects reloaded before import = 0
Number of asset objects unloaded after import = 1
========================================================================
Received Import Request.
  Time since last request: 0.000026 seconds.
  path: Assets/ModernSupermarket/Models/Props/Products/Teabox_5oq0ki/Textures/Teabox_5oq0ki_a.png
  artifactKey: Guid(610916af4e626ab4c86f51d571cc746b) Importer(2089858483,0ecaa5967403d082aa24f35e1b516d23)
Start importing Assets/ModernSupermarket/Models/Props/Products/Teabox_5oq0ki/Textures/Teabox_5oq0ki_a.png using Guid(610916af4e626ab4c86f51d571cc746b) Importer(2089858483,0ecaa5967403d082aa24f35e1b516d23) [PhysX] Initialized MultithreadedTaskDispatcher with 16 workers.
 -> (artifact id: 'e71739f952af013b721398e9ac68ab54') in 0.011955 seconds
Number of updated asset objects reloaded before import = 0
Number of asset objects unloaded after import = 1
========================================================================
Received Import Request.
  Time since last request: 0.000032 seconds.
  path: Assets/ModernSupermarket/Models/Props/Products/PotatoBag_gcx3y2/Textures/PotatoeBag_gcx3y2_a.png
  artifactKey: Guid(5924fa1e69f0f904f9926abaeb16c747) Importer(2089858483,0ecaa5967403d082aa24f35e1b516d23)
Start importing Assets/ModernSupermarket/Models/Props/Products/PotatoBag_gcx3y2/Textures/PotatoeBag_gcx3y2_a.png using Guid(5924fa1e69f0f904f9926abaeb16c747) Importer(2089858483,0ecaa5967403d082aa24f35e1b516d23) [PhysX] Initialized MultithreadedTaskDispatcher with 16 workers.
 -> (artifact id: '46bdfa41f02e161c6dd62c99b13da983') in 0.026672 seconds
Number of updated asset objects reloaded before import = 0
Number of asset objects unloaded after import = 1
========================================================================
Received Import Request.
  Time since last request: 0.000023 seconds.
  path: Assets/ModernSupermarket/Models/Props/Products/Pasta_9duit2/Textures/Materials/PastaPack_9duit2.mat
  artifactKey: Guid(893282c7939c085489f95508b9c695cf) Importer(2089858483,0ecaa5967403d082aa24f35e1b516d23)
Start importing Assets/ModernSupermarket/Models/Props/Products/Pasta_9duit2/Textures/Materials/PastaPack_9duit2.mat using Guid(893282c7939c085489f95508b9c695cf) Importer(2089858483,0ecaa5967403d082aa24f35e1b516d23) [PhysX] Initialized MultithreadedTaskDispatcher with 16 workers.
 -> (artifact id: '23ac8dce128652629f615b0320705649') in 0.013804 seconds
Number of updated asset objects reloaded before import = 0
Number of asset objects unloaded after import = 4
========================================================================
Received Import Request.
  Time since last request: 0.000016 seconds.
  path: Assets/ModernSupermarket/Models/Props/Products/SweetJar_ma0jsk/Textures/SweetJar_ma0jsk_n.png
  artifactKey: Guid(50f833b61d1ed8a49a2276a97090bc77) Importer(2089858483,0ecaa5967403d082aa24f35e1b516d23)
Start importing Assets/ModernSupermarket/Models/Props/Products/SweetJar_ma0jsk/Textures/SweetJar_ma0jsk_n.png using Guid(50f833b61d1ed8a49a2276a97090bc77) Importer(2089858483,0ecaa5967403d082aa24f35e1b516d23) [PhysX] Initialized MultithreadedTaskDispatcher with 16 workers.
 -> (artifact id: 'c07d35a10a4d455c31f2e720f3ba5b2a') in 0.012354 seconds
Number of updated asset objects reloaded before import = 0
Number of asset objects unloaded after import = 1
========================================================================
Received Import Request.
  Time since last request: 0.000019 seconds.
  path: Assets/ModernSupermarket/Models/Props/Products/SlicedBread_6zus31/Textures/SliceBread_6zus31_Bread_n.png
  artifactKey: Guid(da140fc052663054c94f3fc6ce8ae578) Importer(2089858483,0ecaa5967403d082aa24f35e1b516d23)
Start importing Assets/ModernSupermarket/Models/Props/Products/SlicedBread_6zus31/Textures/SliceBread_6zus31_Bread_n.png using Guid(da140fc052663054c94f3fc6ce8ae578) Importer(2089858483,0ecaa5967403d082aa24f35e1b516d23) [PhysX] Initialized MultithreadedTaskDispatcher with 16 workers.
 -> (artifact id: '4b93cc417802b6595c2eb793806f0be9') in 0.014512 seconds
Number of updated asset objects reloaded before import = 0
Number of asset objects unloaded after import = 1
========================================================================
Received Import Request.
  Time since last request: 0.000020 seconds.
  path: Assets/ModernSupermarket/Models/Props/Products/Ham_wplnxm/Textures/Ham_wplnxm_Var01_o.png
  artifactKey: Guid(90e0ca31b81952a4887112b4ebed4dbb) Importer(2089858483,0ecaa5967403d082aa24f35e1b516d23)
Start importing Assets/ModernSupermarket/Models/Props/Products/Ham_wplnxm/Textures/Ham_wplnxm_Var01_o.png using Guid(90e0ca31b81952a4887112b4ebed4dbb) Importer(2089858483,0ecaa5967403d082aa24f35e1b516d23) [PhysX] Initialized MultithreadedTaskDispatcher with 16 workers.
 -> (artifact id: '91a3875e1cbd43b35cd24d8f152fa3a0') in 0.014077 seconds
Number of updated asset objects reloaded before import = 0
Number of asset objects unloaded after import = 1
========================================================================
Received Import Request.
  Time since last request: 0.000019 seconds.
  path: Assets/ModernSupermarket/Models/Props/Products/Soda_d7rdw9/Textures/Soda_d7rdw9_m.png
  artifactKey: Guid(e98af6eecc6825b45a7e185e52477a10) Importer(2089858483,0ecaa5967403d082aa24f35e1b516d23)
Start importing Assets/ModernSupermarket/Models/Props/Products/Soda_d7rdw9/Textures/Soda_d7rdw9_m.png using Guid(e98af6eecc6825b45a7e185e52477a10) Importer(2089858483,0ecaa5967403d082aa24f35e1b516d23) [PhysX] Initialized MultithreadedTaskDispatcher with 16 workers.
 -> (artifact id: '6cad5de0a7c714de3167a11d575fcc35') in 0.011941 seconds
Number of updated asset objects reloaded before import = 0
Number of asset objects unloaded after import = 1
========================================================================
Received Import Request.
  Time since last request: 0.000331 seconds.
  path: Assets/ModernSupermarket/Models/Props/Utility/Crate_3m39yz/Textures/Crate_3m39yz_o.png
  artifactKey: Guid(d46f795b7d1e47c4ea2331d1a4890676) Importer(2089858483,0ecaa5967403d082aa24f35e1b516d23)
Start importing Assets/ModernSupermarket/Models/Props/Utility/Crate_3m39yz/Textures/Crate_3m39yz_o.png using Guid(d46f795b7d1e47c4ea2331d1a4890676) Importer(2089858483,0ecaa5967403d082aa24f35e1b516d23) [PhysX] Initialized MultithreadedTaskDispatcher with 16 workers.
 -> (artifact id: '1ee4a31c379980bc4c223bb8912e3eea') in 0.020529 seconds
Number of updated asset objects reloaded before import = 0
Number of asset objects unloaded after import = 1
========================================================================
Received Import Request.
  Time since last request: 0.000022 seconds.
  path: Assets/ModernSupermarket/Models/Props/Products/SweetJar_lpbii4/Textures/Materials/SweetJar_lpbii4_Liquid.mat
  artifactKey: Guid(e43b0955365774d4f82446f0242624a6) Importer(2089858483,0ecaa5967403d082aa24f35e1b516d23)
Start importing Assets/ModernSupermarket/Models/Props/Products/SweetJar_lpbii4/Textures/Materials/SweetJar_lpbii4_Liquid.mat using Guid(e43b0955365774d4f82446f0242624a6) Importer(2089858483,0ecaa5967403d082aa24f35e1b516d23) [PhysX] Initialized MultithreadedTaskDispatcher with 16 workers.
 -> (artifact id: '8f99e8006c08f87d9c1e89c33256c2c2') in 0.009192 seconds
Number of updated asset objects reloaded before import = 0
Number of asset objects unloaded after import = 1
========================================================================
Received Import Request.
  Time since last request: 0.000087 seconds.
  path: Assets/ModernSupermarket/Models/Props/Utility/Basket_o52iei/Textures/Materials/Basket_o52iei_condiments01.mat
  artifactKey: Guid(3243379a882c22f4aafed829663c235d) Importer(2089858483,0ecaa5967403d082aa24f35e1b516d23)
Start importing Assets/ModernSupermarket/Models/Props/Utility/Basket_o52iei/Textures/Materials/Basket_o52iei_condiments01.mat using Guid(3243379a882c22f4aafed829663c235d) Importer(2089858483,0ecaa5967403d082aa24f35e1b516d23) [PhysX] Initialized MultithreadedTaskDispatcher with 16 workers.
 -> (artifact id: '04a2943665869d8603a2753e8adadc0e') in 0.013357 seconds
Number of updated asset objects reloaded before import = 0
Number of asset objects unloaded after import = 6
========================================================================
Received Import Request.
  Time since last request: 0.000020 seconds.
  path: Assets/ModernSupermarket/Models/Props/Products/Alcohol_qi7uqvr/Textures/Label/Alcohol_qi7uqv_Label_h.png
  artifactKey: Guid(e5422859b9e5be0458deb5c2b3a6de28) Importer(2089858483,0ecaa5967403d082aa24f35e1b516d23)
Start importing Assets/ModernSupermarket/Models/Props/Products/Alcohol_qi7uqvr/Textures/Label/Alcohol_qi7uqv_Label_h.png using Guid(e5422859b9e5be0458deb5c2b3a6de28) Importer(2089858483,0ecaa5967403d082aa24f35e1b516d23) [PhysX] Initialized MultithreadedTaskDispatcher with 16 workers.
 -> (artifact id: 'be32d08348791c80516a2835d416615c') in 0.023848 seconds
Number of updated asset objects reloaded before import = 0
Number of asset objects unloaded after import = 1
========================================================================
Received Import Request.
  Time since last request: 0.000018 seconds.
  path: Assets/ModernSupermarket/Models/Props/Products/MeatTray_dbf1nh/Textures/Materials/MeatTray_fbw8xf_Plastic.mat
  artifactKey: Guid(d74d94d8077025e45b79ea20e3033fbb) Importer(2089858483,0ecaa5967403d082aa24f35e1b516d23)
Start importing Assets/ModernSupermarket/Models/Props/Products/MeatTray_dbf1nh/Textures/Materials/MeatTray_fbw8xf_Plastic.mat using Guid(d74d94d8077025e45b79ea20e3033fbb) Importer(2089858483,0ecaa5967403d082aa24f35e1b516d23) [PhysX] Initialized MultithreadedTaskDispatcher with 16 workers.
 -> (artifact id: 'c3bcd8dda25fd5d881a3e95a3d0361b3') in 0.016328 seconds
Number of updated asset objects reloaded before import = 0
Number of asset objects unloaded after import = 5
========================================================================
Received Import Request.
  Time since last request: 0.000018 seconds.
  path: Assets/ModernSupermarket/Models/Props/Products/ToiletPaper_tunz3i/Textures/ToiletPaper_tunz3i_m.png
  artifactKey: Guid(f636805e938942643b6913c303ae625c) Importer(2089858483,0ecaa5967403d082aa24f35e1b516d23)
Start importing Assets/ModernSupermarket/Models/Props/Products/ToiletPaper_tunz3i/Textures/ToiletPaper_tunz3i_m.png using Guid(f636805e938942643b6913c303ae625c) Importer(2089858483,0ecaa5967403d082aa24f35e1b516d23) [PhysX] Initialized MultithreadedTaskDispatcher with 16 workers.
 -> (artifact id: '56b8644155374750bb64ccd696aa43cc') in 0.014391 seconds
Number of updated asset objects reloaded before import = 0
Number of asset objects unloaded after import = 1
========================================================================
Received Import Request.
  Time since last request: 0.000019 seconds.
  path: Assets/ModernSupermarket/Models/Props/Products/Pasta_9duit2/Textures/PastaPack_9duit2_o.png
  artifactKey: Guid(54e9149453e18264683c2ed553593308) Importer(2089858483,0ecaa5967403d082aa24f35e1b516d23)
Start importing Assets/ModernSupermarket/Models/Props/Products/Pasta_9duit2/Textures/PastaPack_9duit2_o.png using Guid(54e9149453e18264683c2ed553593308) Importer(2089858483,0ecaa5967403d082aa24f35e1b516d23) [PhysX] Initialized MultithreadedTaskDispatcher with 16 workers.
 -> (artifact id: '79d7e2c3b9b15fa4d17aa4481cd817ae') in 0.022095 seconds
Number of updated asset objects reloaded before import = 0
Number of asset objects unloaded after import = 1
========================================================================
Received Import Request.
  Time since last request: 0.000024 seconds.
  path: Assets/ModernSupermarket/Models/Props/Produce/Papaya_xt7unv/Textures/Materials/Papaya_xt7unv.mat
  artifactKey: Guid(ed178a48975c76142bfd1412335e5ad3) Importer(2089858483,0ecaa5967403d082aa24f35e1b516d23)
Start importing Assets/ModernSupermarket/Models/Props/Produce/Papaya_xt7unv/Textures/Materials/Papaya_xt7unv.mat using Guid(ed178a48975c76142bfd1412335e5ad3) Importer(2089858483,0ecaa5967403d082aa24f35e1b516d23) [PhysX] Initialized MultithreadedTaskDispatcher with 16 workers.
 -> (artifact id: '7a25893b64a65dd3ce2152419bf434f1') in 0.017279 seconds
Number of updated asset objects reloaded before import = 0
Number of asset objects unloaded after import = 5
========================================================================
Received Import Request.
  Time since last request: 0.000024 seconds.
  path: Assets/ModernSupermarket/Models/Props/Products/FrozenPack_xp713y/Textures/FrozenPack_xp713y_a_Var03.png
  artifactKey: Guid(e7881013e4901a344a2609d38cb31dc9) Importer(2089858483,0ecaa5967403d082aa24f35e1b516d23)
Start importing Assets/ModernSupermarket/Models/Props/Products/FrozenPack_xp713y/Textures/FrozenPack_xp713y_a_Var03.png using Guid(e7881013e4901a344a2609d38cb31dc9) Importer(2089858483,0ecaa5967403d082aa24f35e1b516d23) [PhysX] Initialized MultithreadedTaskDispatcher with 16 workers.
 -> (artifact id: 'dc4f6fcb29285861646edbc29c3bb879') in 0.012080 seconds
Number of updated asset objects reloaded before import = 0
Number of asset objects unloaded after import = 1
========================================================================
Received Import Request.
  Time since last request: 0.000021 seconds.
  path: Assets/ModernSupermarket/Models/Props/Utility/Computer_dfc1a9/Textures/Materials/Computer_dfc1a9_a.mat
  artifactKey: Guid(d5d9337b7b280b6429a9c7974a1bfc3c) Importer(2089858483,0ecaa5967403d082aa24f35e1b516d23)
Start importing Assets/ModernSupermarket/Models/Props/Utility/Computer_dfc1a9/Textures/Materials/Computer_dfc1a9_a.mat using Guid(d5d9337b7b280b6429a9c7974a1bfc3c) Importer(2089858483,0ecaa5967403d082aa24f35e1b516d23) [PhysX] Initialized MultithreadedTaskDispatcher with 16 workers.
 -> (artifact id: '5156161ae44ee86775e2786fb11df1f3') in 0.011608 seconds
Number of updated asset objects reloaded before import = 0
Number of asset objects unloaded after import = 5
========================================================================
Received Import Request.
  Time since last request: 0.000020 seconds.
  path: Assets/ModernSupermarket/Models/Props/Products/SlicedBread_6zus31/Textures/SliceBread_6zus31_m.png
  artifactKey: Guid(f6fc1dfa8d66ca74183ba7d1bfd658c8) Importer(2089858483,0ecaa5967403d082aa24f35e1b516d23)
Start importing Assets/ModernSupermarket/Models/Props/Products/SlicedBread_6zus31/Textures/SliceBread_6zus31_m.png using Guid(f6fc1dfa8d66ca74183ba7d1bfd658c8) Importer(2089858483,0ecaa5967403d082aa24f35e1b516d23) [PhysX] Initialized MultithreadedTaskDispatcher with 16 workers.
 -> (artifact id: 'eca89ba489ee3e5dfaf177b7b4cb47ac') in 0.020866 seconds
Number of updated asset objects reloaded before import = 0
Number of asset objects unloaded after import = 1
========================================================================
Received Import Request.
  Time since last request: 0.000019 seconds.
  path: Assets/ModernSupermarket/Models/Props/Products/PaperTowel_b8o0yi/Textures/PaperTowel_b8o0yi_o.png
  artifactKey: Guid(24dc8c52fc2b0674a8ead34aecafb707) Importer(2089858483,0ecaa5967403d082aa24f35e1b516d23)
Start importing Assets/ModernSupermarket/Models/Props/Products/PaperTowel_b8o0yi/Textures/PaperTowel_b8o0yi_o.png using Guid(24dc8c52fc2b0674a8ead34aecafb707) Importer(2089858483,0ecaa5967403d082aa24f35e1b516d23) [PhysX] Initialized MultithreadedTaskDispatcher with 16 workers.
 -> (artifact id: '7a31aedd2b27fdb0b8233a68eca5bfb6') in 0.011182 seconds
Number of updated asset objects reloaded before import = 0
Number of asset objects unloaded after import = 1
========================================================================
Received Import Request.
  Time since last request: 0.000016 seconds.
  path: Assets/ModernSupermarket/Models/Props/Products/Vase_x3wysg/Textures/Materials/Vase_x3wysg.mat
  artifactKey: Guid(ca20b2c6a1354634dbcae5df77414c30) Importer(2089858483,0ecaa5967403d082aa24f35e1b516d23)
Start importing Assets/ModernSupermarket/Models/Props/Products/Vase_x3wysg/Textures/Materials/Vase_x3wysg.mat using Guid(ca20b2c6a1354634dbcae5df77414c30) Importer(2089858483,0ecaa5967403d082aa24f35e1b516d23) [PhysX] Initialized MultithreadedTaskDispatcher with 16 workers.
 -> (artifact id: '6809242e0ef2456ac5b779d5b1685051') in 0.011823 seconds
Number of updated asset objects reloaded before import = 0
Number of asset objects unloaded after import = 4
========================================================================
Received Import Request.
  Time since last request: 0.000016 seconds.
  path: Assets/ModernSupermarket/Models/Props/Utility/FireExtinguisher_ha3jqe/Textures/Materials/FireExtinguisher_ha3jqe.mat
  artifactKey: Guid(c17b450e9528e1343969c8acaffc9f5c) Importer(2089858483,0ecaa5967403d082aa24f35e1b516d23)
Start importing Assets/ModernSupermarket/Models/Props/Utility/FireExtinguisher_ha3jqe/Textures/Materials/FireExtinguisher_ha3jqe.mat using Guid(c17b450e9528e1343969c8acaffc9f5c) Importer(2089858483,0ecaa5967403d082aa24f35e1b516d23) [PhysX] Initialized MultithreadedTaskDispatcher with 16 workers.
 -> (artifact id: '21f0528c82cfd19c8d0f36d2dbc08be6') in 0.010950 seconds
Number of updated asset objects reloaded before import = 0
Number of asset objects unloaded after import = 4
========================================================================
Received Import Request.
  Time since last request: 0.000017 seconds.
  path: Assets/ModernSupermarket/Models/Props/Products/Ham_wplnxm/Textures/Materials/Ham_wplnxm_Var01.mat
  artifactKey: Guid(8c057407a1822444ab8d1a92b80e7515) Importer(2089858483,0ecaa5967403d082aa24f35e1b516d23)
Start importing Assets/ModernSupermarket/Models/Props/Products/Ham_wplnxm/Textures/Materials/Ham_wplnxm_Var01.mat using Guid(8c057407a1822444ab8d1a92b80e7515) Importer(2089858483,0ecaa5967403d082aa24f35e1b516d23) [PhysX] Initialized MultithreadedTaskDispatcher with 16 workers.
 -> (artifact id: 'a8097e8dd04bbce5623f5d7ec6ea9d59') in 0.011758 seconds
Number of updated asset objects reloaded before import = 0
Number of asset objects unloaded after import = 5
========================================================================
Received Import Request.
  Time since last request: 0.000037 seconds.
  path: Assets/ModernSupermarket/Models/Props/Products/MeatTray_dbf1nh/Textures/MeatTray_dbf1nh_Meat_m.png
  artifactKey: Guid(6e2a2d208b7f8c643ab10c883c5c0566) Importer(2089858483,0ecaa5967403d082aa24f35e1b516d23)
Start importing Assets/ModernSupermarket/Models/Props/Products/MeatTray_dbf1nh/Textures/MeatTray_dbf1nh_Meat_m.png using Guid(6e2a2d208b7f8c643ab10c883c5c0566) Importer(2089858483,0ecaa5967403d082aa24f35e1b516d23) [PhysX] Initialized MultithreadedTaskDispatcher with 16 workers.
 -> (artifact id: '1a2273e37aaf65fefb36af6bae1bc99c') in 0.012970 seconds
Number of updated asset objects reloaded before import = 0
Number of asset objects unloaded after import = 1
========================================================================
Received Import Request.
  Time since last request: 0.000022 seconds.
  path: Assets/ModernSupermarket/Models/Props/Products/Bleach_c6nm2t/Textures/Materials/Can_Bleach_c6nm2t.mat
  artifactKey: Guid(b58e22b7ca1f4c740a85d044d3aa8a55) Importer(2089858483,0ecaa5967403d082aa24f35e1b516d23)
Start importing Assets/ModernSupermarket/Models/Props/Products/Bleach_c6nm2t/Textures/Materials/Can_Bleach_c6nm2t.mat using Guid(b58e22b7ca1f4c740a85d044d3aa8a55) Importer(2089858483,0ecaa5967403d082aa24f35e1b516d23) [PhysX] Initialized MultithreadedTaskDispatcher with 16 workers.
 -> (artifact id: '6bb363598af26f187c83c3320850e14a') in 0.010550 seconds
Number of updated asset objects reloaded before import = 0
Number of asset objects unloaded after import = 5
========================================================================
Received Import Request.
  Time since last request: 0.000019 seconds.
  path: Assets/ModernSupermarket/Models/Props/Products/WineBottle_2b6kjh/Textures/Materials/WineBottle_fdde0u_GlassBlack.mat
  artifactKey: Guid(6d48e2142be719848910c5e153d6a925) Importer(2089858483,0ecaa5967403d082aa24f35e1b516d23)
Start importing Assets/ModernSupermarket/Models/Props/Products/WineBottle_2b6kjh/Textures/Materials/WineBottle_fdde0u_GlassBlack.mat using Guid(6d48e2142be719848910c5e153d6a925) Importer(2089858483,0ecaa5967403d082aa24f35e1b516d23) [PhysX] Initialized MultithreadedTaskDispatcher with 16 workers.
 -> (artifact id: 'c5a4e98464f64f328d0a38ab79e800bc') in 0.010852 seconds
Number of updated asset objects reloaded before import = 0
Number of asset objects unloaded after import = 3
========================================================================
Received Import Request.
  Time since last request: 0.000019 seconds.
  path: Assets/ModernSupermarket/Models/Props/Products/PetFood_3pjwif/Textures/PetFood_3pjwif_m.png
  artifactKey: Guid(1d72e53100b0a0e4a9618d9fb3e4644b) Importer(2089858483,0ecaa5967403d082aa24f35e1b516d23)
Start importing Assets/ModernSupermarket/Models/Props/Products/PetFood_3pjwif/Textures/PetFood_3pjwif_m.png using Guid(1d72e53100b0a0e4a9618d9fb3e4644b) Importer(2089858483,0ecaa5967403d082aa24f35e1b516d23) [PhysX] Initialized MultithreadedTaskDispatcher with 16 workers.
 -> (artifact id: '2b75fd243e01f7a1f7014351f7db0240') in 0.012792 seconds
Number of updated asset objects reloaded before import = 0
Number of asset objects unloaded after import = 1
========================================================================
Received Import Request.
  Time since last request: 0.000017 seconds.
  path: Assets/ModernSupermarket/Models/Props/Utility/Scale_av1k2p/Textures/Scale_av1k2p_n.png
  artifactKey: Guid(7ef4d45facd046e47aef3ac704d1fdf1) Importer(2089858483,0ecaa5967403d082aa24f35e1b516d23)
Start importing Assets/ModernSupermarket/Models/Props/Utility/Scale_av1k2p/Textures/Scale_av1k2p_n.png using Guid(7ef4d45facd046e47aef3ac704d1fdf1) Importer(2089858483,0ecaa5967403d082aa24f35e1b516d23) [PhysX] Initialized MultithreadedTaskDispatcher with 16 workers.
 -> (artifact id: 'c1ce54be2271e4dedc8e737bfc76753b') in 0.011715 seconds
Number of updated asset objects reloaded before import = 0
Number of asset objects unloaded after import = 1
========================================================================
Received Import Request.
  Time since last request: 0.000018 seconds.
  path: Assets/ModernSupermarket/Models/Props/Utility/CashMachine_lazhgf/Textures/CashMachine_lazhgf_n.png
  artifactKey: Guid(1de86364952602d4993190c4b24b7e7e) Importer(2089858483,0ecaa5967403d082aa24f35e1b516d23)
Start importing Assets/ModernSupermarket/Models/Props/Utility/CashMachine_lazhgf/Textures/CashMachine_lazhgf_n.png using Guid(1de86364952602d4993190c4b24b7e7e) Importer(2089858483,0ecaa5967403d082aa24f35e1b516d23) [PhysX] Initialized MultithreadedTaskDispatcher with 16 workers.
 -> (artifact id: 'a4e776b2c7569bf66406d8f86f9aa897') in 0.012804 seconds
Number of updated asset objects reloaded before import = 0
Number of asset objects unloaded after import = 1
========================================================================
Received Import Request.
  Time since last request: 0.000021 seconds.
  path: Assets/ModernSupermarket/Models/Props/Utility/Camera_fbj1by/Textures/Materials/Camera_fbj1by.mat
  artifactKey: Guid(eb5577b5845241f4189b2c80691bf329) Importer(2089858483,0ecaa5967403d082aa24f35e1b516d23)
Start importing Assets/ModernSupermarket/Models/Props/Utility/Camera_fbj1by/Textures/Materials/Camera_fbj1by.mat using Guid(eb5577b5845241f4189b2c80691bf329) Importer(2089858483,0ecaa5967403d082aa24f35e1b516d23) [PhysX] Initialized MultithreadedTaskDispatcher with 16 workers.
 -> (artifact id: '65e14707375e2d38bab3dee43830e130') in 0.011716 seconds
Number of updated asset objects reloaded before import = 0
Number of asset objects unloaded after import = 5
========================================================================
Received Import Request.
  Time since last request: 0.000018 seconds.
  path: Assets/ModernSupermarket/Models/Props/Products/SweetJar_alnwix/Textures/SweetJar_alnwix_n.png
  artifactKey: Guid(18d45dd485a98f047b96eab16087c468) Importer(2089858483,0ecaa5967403d082aa24f35e1b516d23)
Start importing Assets/ModernSupermarket/Models/Props/Products/SweetJar_alnwix/Textures/SweetJar_alnwix_n.png using Guid(18d45dd485a98f047b96eab16087c468) Importer(2089858483,0ecaa5967403d082aa24f35e1b516d23) [PhysX] Initialized MultithreadedTaskDispatcher with 16 workers.
 -> (artifact id: '314bf8dbaadb22468947f9807c238b99') in 0.012858 seconds
Number of updated asset objects reloaded before import = 0
Number of asset objects unloaded after import = 1
========================================================================
Received Import Request.
  Time since last request: 0.000021 seconds.
  path: Assets/ModernSupermarket/Models/Props/Products/SweetJar_lpbii4/Textures/SweetJar_lpbii4_n.png
  artifactKey: Guid(476c8462cbe00b5419336ef576f975ca) Importer(2089858483,0ecaa5967403d082aa24f35e1b516d23)
Start importing Assets/ModernSupermarket/Models/Props/Products/SweetJar_lpbii4/Textures/SweetJar_lpbii4_n.png using Guid(476c8462cbe00b5419336ef576f975ca) Importer(2089858483,0ecaa5967403d082aa24f35e1b516d23) [PhysX] Initialized MultithreadedTaskDispatcher with 16 workers.
 -> (artifact id: '8270fccea3955835986f333899fffe6f') in 0.012613 seconds
Number of updated asset objects reloaded before import = 0
Number of asset objects unloaded after import = 1
========================================================================
Received Import Request.
  Time since last request: 0.000020 seconds.
  path: Assets/ModernSupermarket/Models/Props/Utility/Basket_x5gi0j/Textures/Basket_x5gi0j_a.png
  artifactKey: Guid(6c17106fa4a62334b810b9e8dedd2680) Importer(2089858483,0ecaa5967403d082aa24f35e1b516d23)
Start importing Assets/ModernSupermarket/Models/Props/Utility/Basket_x5gi0j/Textures/Basket_x5gi0j_a.png using Guid(6c17106fa4a62334b810b9e8dedd2680) Importer(2089858483,0ecaa5967403d082aa24f35e1b516d23) [PhysX] Initialized MultithreadedTaskDispatcher with 16 workers.
 -> (artifact id: '4e6c795ed7dc62897298bd9a86ebc514') in 0.011479 seconds
Number of updated asset objects reloaded before import = 0
Number of asset objects unloaded after import = 1
========================================================================
Received Import Request.
  Time since last request: 0.000028 seconds.
  path: Assets/ModernSupermarket/Models/Props/Products/PotatoBag_gcx3y2/Textures/Materials/PotatoeBag_gcx3y2.mat
  artifactKey: Guid(0764c4385d421c04f98d5629a2049131) Importer(2089858483,0ecaa5967403d082aa24f35e1b516d23)
Start importing Assets/ModernSupermarket/Models/Props/Products/PotatoBag_gcx3y2/Textures/Materials/PotatoeBag_gcx3y2.mat using Guid(0764c4385d421c04f98d5629a2049131) Importer(2089858483,0ecaa5967403d082aa24f35e1b516d23) [PhysX] Initialized MultithreadedTaskDispatcher with 16 workers.
 -> (artifact id: '6beba7848e1a356b842ccc5cc0b7594e') in 0.012924 seconds
Number of updated asset objects reloaded before import = 0
Number of asset objects unloaded after import = 5
========================================================================
Received Import Request.
  Time since last request: 0.000019 seconds.
  path: Assets/ModernSupermarket/Models/Props/Products/Rooflight_9ecem1/Textures/Rooflight_9ecem1_a.png
  artifactKey: Guid(bb692b0c691ebcc42a7cf50981d430ab) Importer(2089858483,0ecaa5967403d082aa24f35e1b516d23)
Start importing Assets/ModernSupermarket/Models/Props/Products/Rooflight_9ecem1/Textures/Rooflight_9ecem1_a.png using Guid(bb692b0c691ebcc42a7cf50981d430ab) Importer(2089858483,0ecaa5967403d082aa24f35e1b516d23) [PhysX] Initialized MultithreadedTaskDispatcher with 16 workers.
 -> (artifact id: '458b9684400c3517272b65e6adf61ec9') in 0.013143 seconds
Number of updated asset objects reloaded before import = 0
Number of asset objects unloaded after import = 1
========================================================================
Received Import Request.
  Time since last request: 0.000024 seconds.
  path: Assets/ModernSupermarket/Models/Props/Produce/ChilliPepper_w388hm/Textures/Materials/ChilliPeppers_w388hm_Var01.mat
  artifactKey: Guid(d0cfe17a31ec37b408eedd5f7a6a75dd) Importer(2089858483,0ecaa5967403d082aa24f35e1b516d23)
Start importing Assets/ModernSupermarket/Models/Props/Produce/ChilliPepper_w388hm/Textures/Materials/ChilliPeppers_w388hm_Var01.mat using Guid(d0cfe17a31ec37b408eedd5f7a6a75dd) Importer(2089858483,0ecaa5967403d082aa24f35e1b516d23) [PhysX] Initialized MultithreadedTaskDispatcher with 16 workers.
 -> (artifact id: 'ad2d72e1f2c9020ec5ea053e15fea088') in 0.012304 seconds
Number of updated asset objects reloaded before import = 0
Number of asset objects unloaded after import = 6
========================================================================
Received Import Request.
  Time since last request: 0.000028 seconds.
  path: Assets/ModernSupermarket/Models/Props/Products/Cleanser_o964qg/Textures/Materials/Cleanser_o964qg_Var02.mat
  artifactKey: Guid(36b932fc79cbf524db71015399bc712e) Importer(2089858483,0ecaa5967403d082aa24f35e1b516d23)
Start importing Assets/ModernSupermarket/Models/Props/Products/Cleanser_o964qg/Textures/Materials/Cleanser_o964qg_Var02.mat using Guid(36b932fc79cbf524db71015399bc712e) Importer(2089858483,0ecaa5967403d082aa24f35e1b516d23) [PhysX] Initialized MultithreadedTaskDispatcher with 16 workers.
 -> (artifact id: '7b1217d2095edf3d597c0a9176d57309') in 0.010419 seconds
Number of updated asset objects reloaded before import = 0
Number of asset objects unloaded after import = 4
========================================================================
Received Import Request.
  Time since last request: 0.000021 seconds.
  path: Assets/ModernSupermarket/Models/Props/Utility/Scale_av1k2p/Textures/Scale_av1k2p_o.png
  artifactKey: Guid(2d3224915e192c3458fa9ec1a40fb57c) Importer(2089858483,0ecaa5967403d082aa24f35e1b516d23)
Start importing Assets/ModernSupermarket/Models/Props/Utility/Scale_av1k2p/Textures/Scale_av1k2p_o.png using Guid(2d3224915e192c3458fa9ec1a40fb57c) Importer(2089858483,0ecaa5967403d082aa24f35e1b516d23) [PhysX] Initialized MultithreadedTaskDispatcher with 16 workers.
 -> (artifact id: '55eb4a2bba58d15cc9a44877c0738449') in 0.012885 seconds
Number of updated asset objects reloaded before import = 0
Number of asset objects unloaded after import = 1
========================================================================
Received Import Request.
  Time since last request: 0.000015 seconds.
  path: Assets/ModernSupermarket/Models/Props/Utility/Basket_o52iei/Textures/Basket_o52iei_condiments04_h.png
  artifactKey: Guid(d3cf5ca067ede3c4185010437ab37c53) Importer(2089858483,0ecaa5967403d082aa24f35e1b516d23)
Start importing Assets/ModernSupermarket/Models/Props/Utility/Basket_o52iei/Textures/Basket_o52iei_condiments04_h.png using Guid(d3cf5ca067ede3c4185010437ab37c53) Importer(2089858483,0ecaa5967403d082aa24f35e1b516d23) [PhysX] Initialized MultithreadedTaskDispatcher with 16 workers.
 -> (artifact id: 'b705f0e63b5145311e82c4e0e7b100e1') in 0.011210 seconds
Number of updated asset objects reloaded before import = 0
Number of asset objects unloaded after import = 1
========================================================================
Received Import Request.
  Time since last request: 0.000017 seconds.
  path: Assets/ModernSupermarket/Models/Props/Products/CandyPack_qkmq5d/Textures/Materials/CandyPack_qkmq5d_Var01.mat
  artifactKey: Guid(2e28415a4a1138a49bcbbab40b0dd18e) Importer(2089858483,0ecaa5967403d082aa24f35e1b516d23)
Start importing Assets/ModernSupermarket/Models/Props/Products/CandyPack_qkmq5d/Textures/Materials/CandyPack_qkmq5d_Var01.mat using Guid(2e28415a4a1138a49bcbbab40b0dd18e) Importer(2089858483,0ecaa5967403d082aa24f35e1b516d23) [PhysX] Initialized MultithreadedTaskDispatcher with 16 workers.
 -> (artifact id: '2dc7f979c59b7a6ea1e2606ea3f2297a') in 0.012899 seconds
Number of updated asset objects reloaded before import = 0
Number of asset objects unloaded after import = 5
========================================================================
Received Import Request.
  Time since last request: 0.000021 seconds.
  path: Assets/ModernSupermarket/Models/Props/Products/Capsule_rk7lsf/Textures/Materials/Capsule_rk7lsf.mat
  artifactKey: Guid(c33b0276a8ef77b439a1548e0dc7fc4c) Importer(2089858483,0ecaa5967403d082aa24f35e1b516d23)
Start importing Assets/ModernSupermarket/Models/Props/Products/Capsule_rk7lsf/Textures/Materials/Capsule_rk7lsf.mat using Guid(c33b0276a8ef77b439a1548e0dc7fc4c) Importer(2089858483,0ecaa5967403d082aa24f35e1b516d23) [PhysX] Initialized MultithreadedTaskDispatcher with 16 workers.
 -> (artifact id: 'f4ec2b158a8d0c58d0954fc38f8fd018') in 0.011725 seconds
Number of updated asset objects reloaded before import = 0
Number of asset objects unloaded after import = 5
========================================================================
Received Import Request.
  Time since last request: 0.000019 seconds.
  path: Assets/ModernSupermarket/Models/Props/Products/SlicedBread_6zus31/Textures/SliceBread_6zus31_Bread_m.png
  artifactKey: Guid(ca9a9dd3e01cb3a44af9098ce75b4ef9) Importer(2089858483,0ecaa5967403d082aa24f35e1b516d23)
Start importing Assets/ModernSupermarket/Models/Props/Products/SlicedBread_6zus31/Textures/SliceBread_6zus31_Bread_m.png using Guid(ca9a9dd3e01cb3a44af9098ce75b4ef9) Importer(2089858483,0ecaa5967403d082aa24f35e1b516d23) [PhysX] Initialized MultithreadedTaskDispatcher with 16 workers.
 -> (artifact id: '8bc3c5078635186cc4b8d8d78607e1cc') in 0.013307 seconds
Number of updated asset objects reloaded before import = 0
Number of asset objects unloaded after import = 1
========================================================================
Received Import Request.
  Time since last request: 0.000024 seconds.
  path: Assets/ModernSupermarket/Models/Props/Products/Bleach_irrpnt/Textures/Materials/Bleach_irrpnt.mat
  artifactKey: Guid(7320f85ec2ed79d408da0a4ee2a8c0f8) Importer(2089858483,0ecaa5967403d082aa24f35e1b516d23)
Start importing Assets/ModernSupermarket/Models/Props/Products/Bleach_irrpnt/Textures/Materials/Bleach_irrpnt.mat using Guid(7320f85ec2ed79d408da0a4ee2a8c0f8) Importer(2089858483,0ecaa5967403d082aa24f35e1b516d23) [PhysX] Initialized MultithreadedTaskDispatcher with 16 workers.
 -> (artifact id: 'c61c0a3c4765154299f03baf9518ff64') in 0.013095 seconds
Number of updated asset objects reloaded before import = 0
Number of asset objects unloaded after import = 5
========================================================================
Received Import Request.
  Time since last request: 0.000021 seconds.
  path: Assets/ModernSupermarket/Models/Props/Products/SweetJar_ma0jsk/Textures/SweetJar_ma0jsk_a.png
  artifactKey: Guid(eec0465f8b253b7479502c7f4f22579a) Importer(2089858483,0ecaa5967403d082aa24f35e1b516d23)
Start importing Assets/ModernSupermarket/Models/Props/Products/SweetJar_ma0jsk/Textures/SweetJar_ma0jsk_a.png using Guid(eec0465f8b253b7479502c7f4f22579a) Importer(2089858483,0ecaa5967403d082aa24f35e1b516d23) [PhysX] Initialized MultithreadedTaskDispatcher with 16 workers.
 -> (artifact id: 'b044a02c7150e4f35366405ee54139b7') in 0.011393 seconds
Number of updated asset objects reloaded before import = 0
Number of asset objects unloaded after import = 1
========================================================================
Received Import Request.
  Time since last request: 0.000020 seconds.
  path: Assets/ModernSupermarket/Models/Props/Products/Sugar_o0f6pn/Textures/Sugar_o0f6pn_n.png
  artifactKey: Guid(7a529bedbfe0ee74eaebffec2912affc) Importer(2089858483,0ecaa5967403d082aa24f35e1b516d23)
Start importing Assets/ModernSupermarket/Models/Props/Products/Sugar_o0f6pn/Textures/Sugar_o0f6pn_n.png using Guid(7a529bedbfe0ee74eaebffec2912affc) Importer(2089858483,0ecaa5967403d082aa24f35e1b516d23) [PhysX] Initialized MultithreadedTaskDispatcher with 16 workers.
 -> (artifact id: '1b38a1c9e7541ce58e2730d6ec193c3a') in 0.012584 seconds
Number of updated asset objects reloaded before import = 0
Number of asset objects unloaded after import = 1
========================================================================
Received Import Request.
  Time since last request: 0.000016 seconds.
  path: Assets/ModernSupermarket/Models/Props/Products/ToyCar_t5i4lw/Textures/ToyCar_t5i4lw_m.png
  artifactKey: Guid(df124c6bcd50d754d91c26084cea7f67) Importer(2089858483,0ecaa5967403d082aa24f35e1b516d23)
Start importing Assets/ModernSupermarket/Models/Props/Products/ToyCar_t5i4lw/Textures/ToyCar_t5i4lw_m.png using Guid(df124c6bcd50d754d91c26084cea7f67) Importer(2089858483,0ecaa5967403d082aa24f35e1b516d23) [PhysX] Initialized MultithreadedTaskDispatcher with 16 workers.
 -> (artifact id: '8f1627e9ff4e4c3a77ede908c04293ef') in 0.014873 seconds
Number of updated asset objects reloaded before import = 0
Number of asset objects unloaded after import = 1
========================================================================
Received Import Request.
  Time since last request: 0.000021 seconds.
  path: Assets/ModernSupermarket/Models/Props/Products/Soap_eegrv7/Textures/Materials/Soap_eegrv7_Var01_Liquid.mat
  artifactKey: Guid(b4dec7e1ffcb83e47b2292654e28d745) Importer(2089858483,0ecaa5967403d082aa24f35e1b516d23)
Start importing Assets/ModernSupermarket/Models/Props/Products/Soap_eegrv7/Textures/Materials/Soap_eegrv7_Var01_Liquid.mat using Guid(b4dec7e1ffcb83e47b2292654e28d745) Importer(2089858483,0ecaa5967403d082aa24f35e1b516d23) [PhysX] Initialized MultithreadedTaskDispatcher with 16 workers.
 -> (artifact id: '92e7e6998ee3c01bab41954893db49ba') in 0.007843 seconds
Number of updated asset objects reloaded before import = 0
Number of asset objects unloaded after import = 1
========================================================================
Received Import Request.
  Time since last request: 0.000019 seconds.
  path: Assets/ModernSupermarket/Models/Props/Products/Alcohol_tqkp8c/Textures/Materials/Whisky_tqkp8c_Label.mat
  artifactKey: Guid(03dc513c7a41c1e469aab298c29268e2) Importer(2089858483,0ecaa5967403d082aa24f35e1b516d23)
Start importing Assets/ModernSupermarket/Models/Props/Products/Alcohol_tqkp8c/Textures/Materials/Whisky_tqkp8c_Label.mat using Guid(03dc513c7a41c1e469aab298c29268e2) Importer(2089858483,0ecaa5967403d082aa24f35e1b516d23) [PhysX] Initialized MultithreadedTaskDispatcher with 16 workers.
 -> (artifact id: '041ac3a0011ceb70ca1791210c0c6a09') in 0.009046 seconds
Number of updated asset objects reloaded before import = 0
Number of asset objects unloaded after import = 4
========================================================================
Received Import Request.
  Time since last request: 0.000019 seconds.
  path: Assets/ModernSupermarket/Models/Props/Products/Soap_1rcsb1/Textures/Soap_1rcsb1_o.png
  artifactKey: Guid(d2f12201f70e89446be3f4d8d76bf47b) Importer(2089858483,0ecaa5967403d082aa24f35e1b516d23)
Start importing Assets/ModernSupermarket/Models/Props/Products/Soap_1rcsb1/Textures/Soap_1rcsb1_o.png using Guid(d2f12201f70e89446be3f4d8d76bf47b) Importer(2089858483,0ecaa5967403d082aa24f35e1b516d23) [PhysX] Initialized MultithreadedTaskDispatcher with 16 workers.
 -> (artifact id: '64f2109111a9618932ef3955d4a91b91') in 0.013070 seconds
Number of updated asset objects reloaded before import = 0
Number of asset objects unloaded after import = 1
========================================================================
Received Import Request.
  Time since last request: 0.000018 seconds.
  path: Assets/ModernSupermarket/Models/Props/Products/Cereal_me9j99/Textures/Materials/Cereal_me9j99.mat
  artifactKey: Guid(164312aa52629344ea6205e08162242a) Importer(2089858483,0ecaa5967403d082aa24f35e1b516d23)
Start importing Assets/ModernSupermarket/Models/Props/Products/Cereal_me9j99/Textures/Materials/Cereal_me9j99.mat using Guid(164312aa52629344ea6205e08162242a) Importer(2089858483,0ecaa5967403d082aa24f35e1b516d23) [PhysX] Initialized MultithreadedTaskDispatcher with 16 workers.
 -> (artifact id: '3ddef97d09af0fa8230488b590484e61') in 0.011335 seconds
Number of updated asset objects reloaded before import = 0
Number of asset objects unloaded after import = 4
========================================================================
Received Import Request.
  Time since last request: 0.000022 seconds.
  path: Assets/ModernSupermarket/Models/Props/Products/Pasta_9duit2/Textures/Materials/PastaPack_9duit2_Var01.mat
  artifactKey: Guid(37a1485a55769894999dfd44911563e1) Importer(2089858483,0ecaa5967403d082aa24f35e1b516d23)
Start importing Assets/ModernSupermarket/Models/Props/Products/Pasta_9duit2/Textures/Materials/PastaPack_9duit2_Var01.mat using Guid(37a1485a55769894999dfd44911563e1) Importer(2089858483,0ecaa5967403d082aa24f35e1b516d23) [PhysX] Initialized MultithreadedTaskDispatcher with 16 workers.
 -> (artifact id: '2717e27fa88946bce227fb53bfc2d03a') in 0.010895 seconds
Number of updated asset objects reloaded before import = 0
Number of asset objects unloaded after import = 4
========================================================================
Received Import Request.
  Time since last request: 0.000027 seconds.
  path: Assets/ModernSupermarket/Models/Props/Products/Pasta_9duit2/Textures/PastaPack_9duit2_Farfalle_n.png
  artifactKey: Guid(d17b157703ae3f842a7783961609b421) Importer(2089858483,0ecaa5967403d082aa24f35e1b516d23)
Start importing Assets/ModernSupermarket/Models/Props/Products/Pasta_9duit2/Textures/PastaPack_9duit2_Farfalle_n.png using Guid(d17b157703ae3f842a7783961609b421) Importer(2089858483,0ecaa5967403d082aa24f35e1b516d23) [PhysX] Initialized MultithreadedTaskDispatcher with 16 workers.
 -> (artifact id: '79ecf2f2b2e11eb50542f36d3d97195f') in 0.012838 seconds
Number of updated asset objects reloaded before import = 0
Number of asset objects unloaded after import = 1
========================================================================
Received Import Request.
  Time since last request: 0.000028 seconds.
  path: Assets/ModernSupermarket/Models/Props/Utility/Basket_o52iei/Textures/Basket_o52iei_condiments04_a.png
  artifactKey: Guid(1f1cf1e97be112a44b3d530d3f4f54d8) Importer(2089858483,0ecaa5967403d082aa24f35e1b516d23)
Start importing Assets/ModernSupermarket/Models/Props/Utility/Basket_o52iei/Textures/Basket_o52iei_condiments04_a.png using Guid(1f1cf1e97be112a44b3d530d3f4f54d8) Importer(2089858483,0ecaa5967403d082aa24f35e1b516d23) [PhysX] Initialized MultithreadedTaskDispatcher with 16 workers.
 -> (artifact id: '8803a100536c24650b6a0c2ad629d3fb') in 0.012165 seconds
Number of updated asset objects reloaded before import = 0
Number of asset objects unloaded after import = 1
========================================================================
Received Import Request.
  Time since last request: 0.000018 seconds.
  path: Assets/ModernSupermarket/Models/Props/Products/Vase_enq19o/Textures/Vase_enq19o_o.png
  artifactKey: Guid(b8be15e7fd2f385448b06047947638d3) Importer(2089858483,0ecaa5967403d082aa24f35e1b516d23)
Start importing Assets/ModernSupermarket/Models/Props/Products/Vase_enq19o/Textures/Vase_enq19o_o.png using Guid(b8be15e7fd2f385448b06047947638d3) Importer(2089858483,0ecaa5967403d082aa24f35e1b516d23) [PhysX] Initialized MultithreadedTaskDispatcher with 16 workers.
 -> (artifact id: '9769c7f9daef9b19a0b5d9f87fd092e0') in 0.011079 seconds
Number of updated asset objects reloaded before import = 0
Number of asset objects unloaded after import = 1
========================================================================
Received Import Request.
  Time since last request: 0.000017 seconds.
  path: Assets/ModernSupermarket/Models/Props/Products/Ham_wplnxm/Textures/Materials/Ham_wplnxm_Meat.mat
  artifactKey: Guid(d0065cb995c8f8a4c818ccea203d5fc3) Importer(2089858483,0ecaa5967403d082aa24f35e1b516d23)
Start importing Assets/ModernSupermarket/Models/Props/Products/Ham_wplnxm/Textures/Materials/Ham_wplnxm_Meat.mat using Guid(d0065cb995c8f8a4c818ccea203d5fc3) Importer(2089858483,0ecaa5967403d082aa24f35e1b516d23) [PhysX] Initialized MultithreadedTaskDispatcher with 16 workers.
 -> (artifact id: '2a97e95f89e749be111bc57d0ed14783') in 0.011828 seconds
Number of updated asset objects reloaded before import = 0
Number of asset objects unloaded after import = 5
========================================================================
Received Import Request.
  Time since last request: 0.000020 seconds.
  path: Assets/ModernSupermarket/Models/Props/Products/YoghurtPack_kjd150/Textures/YoghurtPack_rk7lsf_m.png
  artifactKey: Guid(4d269292e28b9f4408869646d08d960d) Importer(2089858483,0ecaa5967403d082aa24f35e1b516d23)
Start importing Assets/ModernSupermarket/Models/Props/Products/YoghurtPack_kjd150/Textures/YoghurtPack_rk7lsf_m.png using Guid(4d269292e28b9f4408869646d08d960d) Importer(2089858483,0ecaa5967403d082aa24f35e1b516d23) [PhysX] Initialized MultithreadedTaskDispatcher with 16 workers.
 -> (artifact id: '640db1f27e0b122e42cc6fc651a78d44') in 0.013650 seconds
Number of updated asset objects reloaded before import = 0
Number of asset objects unloaded after import = 1
========================================================================
Received Import Request.
  Time since last request: 0.000016 seconds.
  path: Assets/ModernSupermarket/Models/Props/Produce/ChilliPepper_w388hm/Textures/Materials/ChilliPeppers_w388hm_Var02.mat
  artifactKey: Guid(3247dd8d29614e84c92c53985a6c4544) Importer(2089858483,0ecaa5967403d082aa24f35e1b516d23)
Start importing Assets/ModernSupermarket/Models/Props/Produce/ChilliPepper_w388hm/Textures/Materials/ChilliPeppers_w388hm_Var02.mat using Guid(3247dd8d29614e84c92c53985a6c4544) Importer(2089858483,0ecaa5967403d082aa24f35e1b516d23) [PhysX] Initialized MultithreadedTaskDispatcher with 16 workers.
 -> (artifact id: 'e4002ec71fb88e0c83c1c223cd648d0f') in 0.012454 seconds
Number of updated asset objects reloaded before import = 0
Number of asset objects unloaded after import = 6
========================================================================
Received Import Request.
  Time since last request: 0.000018 seconds.
  path: Assets/ModernSupermarket/Models/Props/Products/Flour_ckgfmu/Textures/Materials/FlourPack_ckgfmu.mat
  artifactKey: Guid(9d7882e5fee39b044b7dff735106576d) Importer(2089858483,0ecaa5967403d082aa24f35e1b516d23)
Start importing Assets/ModernSupermarket/Models/Props/Products/Flour_ckgfmu/Textures/Materials/FlourPack_ckgfmu.mat using Guid(9d7882e5fee39b044b7dff735106576d) Importer(2089858483,0ecaa5967403d082aa24f35e1b516d23) [PhysX] Initialized MultithreadedTaskDispatcher with 16 workers.
 -> (artifact id: 'f904a4b6f4962ed3619db48eb2269ff7') in 0.013116 seconds
Number of updated asset objects reloaded before import = 0
Number of asset objects unloaded after import = 5
========================================================================
Received Import Request.
  Time since last request: 0.000019 seconds.
  path: Assets/ModernSupermarket/Models/Props/Utility/Basket_o52iei/Textures/Basket_o52iei_condiments02_n.png
  artifactKey: Guid(1a1758cd7b71b6349a3e603746091771) Importer(2089858483,0ecaa5967403d082aa24f35e1b516d23)
Start importing Assets/ModernSupermarket/Models/Props/Utility/Basket_o52iei/Textures/Basket_o52iei_condiments02_n.png using Guid(1a1758cd7b71b6349a3e603746091771) Importer(2089858483,0ecaa5967403d082aa24f35e1b516d23) [PhysX] Initialized MultithreadedTaskDispatcher with 16 workers.
 -> (artifact id: '10df47bcb0421060632627d08c73723a') in 0.011895 seconds
Number of updated asset objects reloaded before import = 0
Number of asset objects unloaded after import = 1
========================================================================
Received Import Request.
  Time since last request: 0.000016 seconds.
  path: Assets/ModernSupermarket/Models/Props/Utility/Computer_dfc1a9/Textures/Computer_dfc1a9_a.png
  artifactKey: Guid(4379b968f46db3541a762c00deca8cd4) Importer(2089858483,0ecaa5967403d082aa24f35e1b516d23)
Start importing Assets/ModernSupermarket/Models/Props/Utility/Computer_dfc1a9/Textures/Computer_dfc1a9_a.png using Guid(4379b968f46db3541a762c00deca8cd4) Importer(2089858483,0ecaa5967403d082aa24f35e1b516d23) [PhysX] Initialized MultithreadedTaskDispatcher with 16 workers.
 -> (artifact id: 'e1a07c6803cea81c01eb43b9d31d5a07') in 0.013165 seconds
Number of updated asset objects reloaded before import = 0
Number of asset objects unloaded after import = 1
========================================================================
Received Import Request.
  Time since last request: 0.000019 seconds.
  path: Assets/ModernSupermarket/Models/Props/Utility/Footboard_ajuyp9/Texture/Footboard_ajuyp9_a.png
  artifactKey: Guid(a464d36169b43614c863f98628dfb1c1) Importer(2089858483,0ecaa5967403d082aa24f35e1b516d23)
Start importing Assets/ModernSupermarket/Models/Props/Utility/Footboard_ajuyp9/Texture/Footboard_ajuyp9_a.png using Guid(a464d36169b43614c863f98628dfb1c1) Importer(2089858483,0ecaa5967403d082aa24f35e1b516d23) [PhysX] Initialized MultithreadedTaskDispatcher with 16 workers.
 -> (artifact id: '1d1ea149e8f1e23da237abb315b9dbbb') in 0.013092 seconds
Number of updated asset objects reloaded before import = 0
Number of asset objects unloaded after import = 1
========================================================================
Received Import Request.
  Time since last request: 0.000026 seconds.
  path: Assets/ModernSupermarket/Models/Props/Products/Vase_x3wysg/Textures/Vase_x3wysg_n.png
  artifactKey: Guid(f7402cd1400b3c144938d61c38c6999a) Importer(2089858483,0ecaa5967403d082aa24f35e1b516d23)
Start importing Assets/ModernSupermarket/Models/Props/Products/Vase_x3wysg/Textures/Vase_x3wysg_n.png using Guid(f7402cd1400b3c144938d61c38c6999a) Importer(2089858483,0ecaa5967403d082aa24f35e1b516d23) [PhysX] Initialized MultithreadedTaskDispatcher with 16 workers.
 -> (artifact id: '549e5fa12d43b6259b03f79c70d4a291') in 0.011027 seconds
Number of updated asset objects reloaded before import = 0
Number of asset objects unloaded after import = 1
========================================================================
Received Import Request.
  Time since last request: 0.000020 seconds.
  path: Assets/ModernSupermarket/Models/Props/Products/Shampoo_u15m67/Textures/Shampoo_u15m67_o.png
  artifactKey: Guid(51bcc6ea6109b6f45b376379c82948af) Importer(2089858483,0ecaa5967403d082aa24f35e1b516d23)
Start importing Assets/ModernSupermarket/Models/Props/Products/Shampoo_u15m67/Textures/Shampoo_u15m67_o.png using Guid(51bcc6ea6109b6f45b376379c82948af) Importer(2089858483,0ecaa5967403d082aa24f35e1b516d23) [PhysX] Initialized MultithreadedTaskDispatcher with 16 workers.
 -> (artifact id: '015313c126bb268e6a19974881da0c30') in 0.010576 seconds
Number of updated asset objects reloaded before import = 0
Number of asset objects unloaded after import = 1
========================================================================
Received Import Request.
  Time since last request: 0.000019 seconds.
  path: Assets/ModernSupermarket/Models/Props/Products/ToyCar_t5i4lw/Textures/ToyCar_t5i4lw_a.png
  artifactKey: Guid(39ccb26d59aebae4389b78880727e553) Importer(2089858483,0ecaa5967403d082aa24f35e1b516d23)
Start importing Assets/ModernSupermarket/Models/Props/Products/ToyCar_t5i4lw/Textures/ToyCar_t5i4lw_a.png using Guid(39ccb26d59aebae4389b78880727e553) Importer(2089858483,0ecaa5967403d082aa24f35e1b516d23) [PhysX] Initialized MultithreadedTaskDispatcher with 16 workers.
 -> (artifact id: '4929f4e690105c81cfcef414450f8b09') in 0.013804 seconds
Number of updated asset objects reloaded before import = 0
Number of asset objects unloaded after import = 1
========================================================================
Received Import Request.
  Time since last request: 0.000017 seconds.
  path: Assets/ModernSupermarket/Models/Props/Utility/Crate_3m39yz/Textures/Crate_3m39yzVar01_a.png
  artifactKey: Guid(03741abefdcf026409b3661c2164f35d) Importer(2089858483,0ecaa5967403d082aa24f35e1b516d23)
Start importing Assets/ModernSupermarket/Models/Props/Utility/Crate_3m39yz/Textures/Crate_3m39yzVar01_a.png using Guid(03741abefdcf026409b3661c2164f35d) Importer(2089858483,0ecaa5967403d082aa24f35e1b516d23) [PhysX] Initialized MultithreadedTaskDispatcher with 16 workers.
 -> (artifact id: '92a5d6938ac5389dc816c9ae367ca403') in 0.017702 seconds
Number of updated asset objects reloaded before import = 0
Number of asset objects unloaded after import = 1
========================================================================
Received Import Request.
  Time since last request: 0.000020 seconds.
  path: Assets/ModernSupermarket/Models/Props/Products/Ham_wplnxm/Textures/Ham_wplnxm_Var02_a.png
  artifactKey: Guid(d2ddf3e86faabfb49a1da8fb3331a5ca) Importer(2089858483,0ecaa5967403d082aa24f35e1b516d23)
Start importing Assets/ModernSupermarket/Models/Props/Products/Ham_wplnxm/Textures/Ham_wplnxm_Var02_a.png using Guid(d2ddf3e86faabfb49a1da8fb3331a5ca) Importer(2089858483,0ecaa5967403d082aa24f35e1b516d23) [PhysX] Initialized MultithreadedTaskDispatcher with 16 workers.
 -> (artifact id: 'c84a19a902057d8a1c87b5d5918ac0b7') in 0.012661 seconds
Number of updated asset objects reloaded before import = 0
Number of asset objects unloaded after import = 1
========================================================================
Received Import Request.
  Time since last request: 0.000018 seconds.
  path: Assets/ModernSupermarket/Models/Props/Products/MeatTray_qm4z4l/Textures/MeatTray_qm4z4l_Meat_a.png
  artifactKey: Guid(3e3d2fe5b9498284a9cf810b2cba7a23) Importer(2089858483,0ecaa5967403d082aa24f35e1b516d23)
Start importing Assets/ModernSupermarket/Models/Props/Products/MeatTray_qm4z4l/Textures/MeatTray_qm4z4l_Meat_a.png using Guid(3e3d2fe5b9498284a9cf810b2cba7a23) Importer(2089858483,0ecaa5967403d082aa24f35e1b516d23) [PhysX] Initialized MultithreadedTaskDispatcher with 16 workers.
 -> (artifact id: 'cfc941c7433724f36d7354d17cc89a50') in 0.012267 seconds
Number of updated asset objects reloaded before import = 0
Number of asset objects unloaded after import = 1
========================================================================
Received Import Request.
  Time since last request: 0.000022 seconds.
  path: Assets/ModernSupermarket/Models/Props/Products/Cake_a3h87k/Textures/Materials/Cake_a3h87k_Var01.mat
  artifactKey: Guid(946db6bd1ab00dc488776572c1d9a957) Importer(2089858483,0ecaa5967403d082aa24f35e1b516d23)
Start importing Assets/ModernSupermarket/Models/Props/Products/Cake_a3h87k/Textures/Materials/Cake_a3h87k_Var01.mat using Guid(946db6bd1ab00dc488776572c1d9a957) Importer(2089858483,0ecaa5967403d082aa24f35e1b516d23) [PhysX] Initialized MultithreadedTaskDispatcher with 16 workers.
 -> (artifact id: '2ed29da88fa498055fbb9808cb2a6331') in 0.011324 seconds
Number of updated asset objects reloaded before import = 0
Number of asset objects unloaded after import = 5
========================================================================
Received Import Request.
  Time since last request: 0.000028 seconds.
  path: Assets/ModernSupermarket/Models/Props/Utility/Cart_nabnuh/Textures/Cart_nabnuh_m.png
  artifactKey: Guid(41a5f855acc0e2f498fe8d9b273e16f5) Importer(2089858483,0ecaa5967403d082aa24f35e1b516d23)
Start importing Assets/ModernSupermarket/Models/Props/Utility/Cart_nabnuh/Textures/Cart_nabnuh_m.png using Guid(41a5f855acc0e2f498fe8d9b273e16f5) Importer(2089858483,0ecaa5967403d082aa24f35e1b516d23) [PhysX] Initialized MultithreadedTaskDispatcher with 16 workers.
 -> (artifact id: '46abda656c3b9f1b359fd263e81baea8') in 0.012643 seconds
Number of updated asset objects reloaded before import = 0
Number of asset objects unloaded after import = 1
========================================================================
Received Import Request.
  Time since last request: 0.000019 seconds.
  path: Assets/ModernSupermarket/Models/Props/Products/FrozenBox_vhvpd4/Textures/FrozenBox_vhvpd4_Var01_a.png
  artifactKey: Guid(84fba585f1db15f439ebabea02aad996) Importer(2089858483,0ecaa5967403d082aa24f35e1b516d23)
Start importing Assets/ModernSupermarket/Models/Props/Products/FrozenBox_vhvpd4/Textures/FrozenBox_vhvpd4_Var01_a.png using Guid(84fba585f1db15f439ebabea02aad996) Importer(2089858483,0ecaa5967403d082aa24f35e1b516d23) [PhysX] Initialized MultithreadedTaskDispatcher with 16 workers.
 -> (artifact id: '3c9a2974dccb4ea27902229c94c9411e') in 0.012760 seconds
Number of updated asset objects reloaded before import = 0
Number of asset objects unloaded after import = 1
========================================================================
Received Import Request.
  Time since last request: 0.000021 seconds.
  path: Assets/ModernSupermarket/Models/Props/Utility/Crate_3m39yz/Textures/Materials/Crate_3m39yzVar02.mat
  artifactKey: Guid(158d04cebc77d0548a7d88d5fdfb4aca) Importer(2089858483,0ecaa5967403d082aa24f35e1b516d23)
Start importing Assets/ModernSupermarket/Models/Props/Utility/Crate_3m39yz/Textures/Materials/Crate_3m39yzVar02.mat using Guid(158d04cebc77d0548a7d88d5fdfb4aca) Importer(2089858483,0ecaa5967403d082aa24f35e1b516d23) [PhysX] Initialized MultithreadedTaskDispatcher with 16 workers.
 -> (artifact id: '2941bbd89afcb2750c4ff98db5ac3ba7') in 0.012124 seconds
Number of updated asset objects reloaded before import = 0
Number of asset objects unloaded after import = 6
========================================================================
Received Import Request.
  Time since last request: 0.000017 seconds.
  path: Assets/ModernSupermarket/Models/Props/Products/SweetJar_lpbii4/Textures/SweetJar_lpbii4_a.png
  artifactKey: Guid(bfd7418b556eb8a4abeb466bad3458f6) Importer(2089858483,0ecaa5967403d082aa24f35e1b516d23)
Start importing Assets/ModernSupermarket/Models/Props/Products/SweetJar_lpbii4/Textures/SweetJar_lpbii4_a.png using Guid(bfd7418b556eb8a4abeb466bad3458f6) Importer(2089858483,0ecaa5967403d082aa24f35e1b516d23) [PhysX] Initialized MultithreadedTaskDispatcher with 16 workers.
 -> (artifact id: 'c8e2bd9a13c53364a5a95bcc7051dd1c') in 0.013072 seconds
Number of updated asset objects reloaded before import = 0
Number of asset objects unloaded after import = 1
========================================================================
Received Import Request.
  Time since last request: 0.000019 seconds.
  path: Assets/ModernSupermarket/Models/Props/Products/Shampoo_u15m67/Textures/Materials/Shampoo_u15m67_Var01.mat
  artifactKey: Guid(2b9fcd5e6c3318646999298c9d06b14d) Importer(2089858483,0ecaa5967403d082aa24f35e1b516d23)
Start importing Assets/ModernSupermarket/Models/Props/Products/Shampoo_u15m67/Textures/Materials/Shampoo_u15m67_Var01.mat using Guid(2b9fcd5e6c3318646999298c9d06b14d) Importer(2089858483,0ecaa5967403d082aa24f35e1b516d23) [PhysX] Initialized MultithreadedTaskDispatcher with 16 workers.
 -> (artifact id: '9bb17286a7c993b76bdcdf28bd7c5c7c') in 0.008837 seconds
Number of updated asset objects reloaded before import = 0
Number of asset objects unloaded after import = 2
========================================================================
Received Import Request.
  Time since last request: 0.000022 seconds.
  path: Assets/ModernSupermarket/Models/Props/Products/SlicedBread_tp7aom/Textures/SlicedBread_tp7aom_Bread_a.png
  artifactKey: Guid(114ed4abac93a6640a2a071f09b27bff) Importer(2089858483,0ecaa5967403d082aa24f35e1b516d23)
Start importing Assets/ModernSupermarket/Models/Props/Products/SlicedBread_tp7aom/Textures/SlicedBread_tp7aom_Bread_a.png using Guid(114ed4abac93a6640a2a071f09b27bff) Importer(2089858483,0ecaa5967403d082aa24f35e1b516d23) [PhysX] Initialized MultithreadedTaskDispatcher with 16 workers.
 -> (artifact id: 'e03353d1d44bd26615d837922673555a') in 0.012237 seconds
Number of updated asset objects reloaded before import = 0
Number of asset objects unloaded after import = 1
========================================================================
Received Import Request.
  Time since last request: 0.000019 seconds.
  path: Assets/ModernSupermarket/Models/Props/Produce/Grapefruit_mrfrpw/Textures/Grapefruit_mrfrpw_m.png
  artifactKey: Guid(b55c591f03ec0fd4db75b40e0bd8f970) Importer(2089858483,0ecaa5967403d082aa24f35e1b516d23)
Start importing Assets/ModernSupermarket/Models/Props/Produce/Grapefruit_mrfrpw/Textures/Grapefruit_mrfrpw_m.png using Guid(b55c591f03ec0fd4db75b40e0bd8f970) Importer(2089858483,0ecaa5967403d082aa24f35e1b516d23) [PhysX] Initialized MultithreadedTaskDispatcher with 16 workers.
 -> (artifact id: '6385fe0513c91470b03d65e841cc69df') in 0.013513 seconds
Number of updated asset objects reloaded before import = 0
Number of asset objects unloaded after import = 1
========================================================================
Received Import Request.
  Time since last request: 102.612259 seconds.
  path: Assets/ModernSupermarket/Scenes/Scene_Supermarket/Supermarket.unity
  artifactKey: Guid(95cb9ac7a1494454abac29b7879ed266) Importer(2089858483,0ecaa5967403d082aa24f35e1b516d23)
Start importing Assets/ModernSupermarket/Scenes/Scene_Supermarket/Supermarket.unity using Guid(95cb9ac7a1494454abac29b7879ed266) Importer(2089858483,0ecaa5967403d082aa24f35e1b516d23) [PhysX] Initialized MultithreadedTaskDispatcher with 16 workers.
 -> (artifact id: '994232ce9808c44b3a6c384d4375a7b2') in 0.008098 seconds
Number of updated asset objects reloaded before import = 0
Number of asset objects unloaded after import = 1
========================================================================
Received Prepare
Caller must complete domain reload
Begin MonoManager ReloadAssembly
- Loaded All Assemblies, in  0.270 seconds
Native extension for WindowsStandalone target not found
Native extension for WebGL target not found
Mono: successfully reloaded assembly
- Finished resetting the current domain, in  0.490 seconds
Domain Reload Profiling: 756ms
	BeginReloadAssembly (88ms)
		ExecutionOrderSort (0ms)
		DisableScriptedObjects (2ms)
		BackupInstance (0ms)
		ReleaseScriptingObjects (0ms)
		CreateAndSetChildDomain (23ms)
	RebuildCommonClasses (16ms)
	RebuildNativeTypeToScriptingClass (5ms)
	initialDomainReloadingComplete (48ms)
	LoadAllAssembliesAndSetupDomain (109ms)
		LoadAssemblies (142ms)
		RebuildTransferFunctionScriptingTraits (0ms)
		AnalyzeDomain (7ms)
			TypeCache.Refresh (3ms)
				TypeCache.ScanAssembly (0ms)
			ScanForSourceGeneratedMonoScriptInfo (0ms)
			ResolveRequiredComponents (3ms)
	FinalizeReload (490ms)
		ReleaseScriptCaches (0ms)
		RebuildScriptCaches (0ms)
		SetupLoadedEditorAssemblies (192ms)
			LogAssemblyErrors (0ms)
			InitializePlatformSupportModulesInManaged (4ms)
			SetLoadedEditorAssemblies (2ms)
			RefreshPlugins (0ms)
			BeforeProcessingInitializeOnLoad (33ms)
			ProcessInitializeOnLoadAttributes (136ms)
			ProcessInitializeOnLoadMethodAttributes (10ms)
			AfterProcessingInitializeOnLoad (6ms)
			EditorAssembliesLoaded (0ms)
		ExecutionOrderSort2 (0ms)
		AwakeInstancesAfterBackupRestoration (6ms)
Refreshing native plugins compatible for Editor in 4.01 ms, found 3 plugins.
Preloading 0 native plugins for Editor in 0.00 ms.
Unloading 3155 Unused Serialized files (Serialized files now loaded: 0)
Unloading 14 unused Assets / (28.5 KB). Loaded Objects now: 3654.
Memory consumption went from 125.4 MB to 125.3 MB.
Total: 1.832900 ms (FindLiveObjects: 0.243100 ms CreateObjectMapping: 0.035900 ms MarkObjects: 1.521000 ms  DeleteObjects: 0.031900 ms)

Prepare: number of updated asset objects reloaded= 0
AssetImportParameters requested are different than current active one (requested -> active):
  custom:container-demuxer-ogg: 62fdf1f143b41e24485cea50d1cbac27 -> 
  custom:video-codec-MediaFoundation-h265: 746d11721c4dcdbdad8f713fa42b33f4 -> 
  custom:video-decoder-ogg-theora: a1e56fd34408186e4bbccfd4996cb3dc -> 
  custom:framework-win-MediaFoundation: 216162199b28c13a410421893ffa2e32 -> 
  custom:CustomObjectIndexerAttribute: 9a22284fe3817be447336de3de66b15e -> 
  custom:container-demuxer-webm: 4f35f7cbe854078d1ac9338744f61a02 -> 
  custom:container-muxer-webm: aa71ff27fc2769a1b78a27578f13a17b -> 
  custom:video-decoder-webm-vp8: 9c59270c3fd7afecdb556c50c9e8de78 -> 
  custom:SearchIndexIgnoredProperties: e643bd26f0fe6173181afceb89e7c659 -> 
  custom:AudioImporter_EditorPlatform: d09bf68614088b80899f8185d706f6e7 -> 
  custom:video-encoder-webm-vp8: eb34c28f22e8b96e1ab97ce403110664 -> 
  custom:audio-decoder-ogg-vorbis: bf7c407c2cedff20999df2af8eb42d56 -> 
  custom:audio-encoder-webm-vorbis: bf7c407c2cedff20999df2af8eb42d56 -> 
========================================================================
Received Prepare
Caller must complete domain reload
Begin MonoManager ReloadAssembly
- Loaded All Assemblies, in  0.260 seconds
Native extension for WindowsStandalone target not found
Native extension for WebGL target not found
Mono: successfully reloaded assembly
- Finished resetting the current domain, in  0.515 seconds
Domain Reload Profiling: 772ms
	BeginReloadAssembly (84ms)
		ExecutionOrderSort (0ms)
		DisableScriptedObjects (2ms)
		BackupInstance (0ms)
		ReleaseScriptingObjects (0ms)
		CreateAndSetChildDomain (18ms)
	RebuildCommonClasses (16ms)
	RebuildNativeTypeToScriptingClass (5ms)
	initialDomainReloadingComplete (47ms)
	LoadAllAssembliesAndSetupDomain (105ms)
		LoadAssemblies (138ms)
		RebuildTransferFunctionScriptingTraits (0ms)
		AnalyzeDomain (7ms)
			TypeCache.Refresh (3ms)
				TypeCache.ScanAssembly (0ms)
			ScanForSourceGeneratedMonoScriptInfo (0ms)
			ResolveRequiredComponents (3ms)
	FinalizeReload (516ms)
		ReleaseScriptCaches (0ms)
		RebuildScriptCaches (0ms)
		SetupLoadedEditorAssemblies (209ms)
			LogAssemblyErrors (0ms)
			InitializePlatformSupportModulesInManaged (5ms)
			SetLoadedEditorAssemblies (3ms)
			RefreshPlugins (0ms)
			BeforeProcessingInitializeOnLoad (35ms)
			ProcessInitializeOnLoadAttributes (151ms)
			ProcessInitializeOnLoadMethodAttributes (9ms)
			AfterProcessingInitializeOnLoad (7ms)
			EditorAssembliesLoaded (0ms)
		ExecutionOrderSort2 (0ms)
		AwakeInstancesAfterBackupRestoration (7ms)
Refreshing native plugins compatible for Editor in 3.85 ms, found 3 plugins.
Preloading 0 native plugins for Editor in 0.00 ms.
Unloading 3156 Unused Serialized files (Serialized files now loaded: 0)
Unloading 14 unused Assets / (28.5 KB). Loaded Objects now: 3657.
Memory consumption went from 125.6 MB to 125.6 MB.
Total: 2.060300 ms (FindLiveObjects: 0.178000 ms CreateObjectMapping: 0.038700 ms MarkObjects: 1.802600 ms  DeleteObjects: 0.040100 ms)

Prepare: number of updated asset objects reloaded= 0
AssetImportParameters requested are different than current active one (requested -> active):
  custom:container-demuxer-ogg: 62fdf1f143b41e24485cea50d1cbac27 -> 
  custom:video-codec-MediaFoundation-h265: 746d11721c4dcdbdad8f713fa42b33f4 -> 
  custom:video-decoder-ogg-theora: a1e56fd34408186e4bbccfd4996cb3dc -> 
  custom:framework-win-MediaFoundation: 216162199b28c13a410421893ffa2e32 -> 
  custom:CustomObjectIndexerAttribute: 9a22284fe3817be447336de3de66b15e -> 
  custom:container-demuxer-webm: 4f35f7cbe854078d1ac9338744f61a02 -> 
  custom:container-muxer-webm: aa71ff27fc2769a1b78a27578f13a17b -> 
  custom:video-decoder-webm-vp8: 9c59270c3fd7afecdb556c50c9e8de78 -> 
  custom:SearchIndexIgnoredProperties: e643bd26f0fe6173181afceb89e7c659 -> 
  custom:AudioImporter_EditorPlatform: d09bf68614088b80899f8185d706f6e7 -> 
  custom:video-encoder-webm-vp8: eb34c28f22e8b96e1ab97ce403110664 -> 
  custom:audio-decoder-ogg-vorbis: bf7c407c2cedff20999df2af8eb42d56 -> 
  custom:audio-encoder-webm-vorbis: bf7c407c2cedff20999df2af8eb42d56 -> 
========================================================================
Received Prepare
Caller must complete domain reload
Begin MonoManager ReloadAssembly
- Loaded All Assemblies, in  0.268 seconds
Native extension for WindowsStandalone target not found
Native extension for WebGL target not found
Mono: successfully reloaded assembly
- Finished resetting the current domain, in  0.507 seconds
Domain Reload Profiling: 768ms
	BeginReloadAssembly (87ms)
		ExecutionOrderSort (0ms)
		DisableScriptedObjects (2ms)
		BackupInstance (0ms)
		ReleaseScriptingObjects (0ms)
		CreateAndSetChildDomain (17ms)
	RebuildCommonClasses (16ms)
	RebuildNativeTypeToScriptingClass (5ms)
	initialDomainReloadingComplete (43ms)
	LoadAllAssembliesAndSetupDomain (110ms)
		LoadAssemblies (149ms)
		RebuildTransferFunctionScriptingTraits (0ms)
		AnalyzeDomain (6ms)
			TypeCache.Refresh (3ms)
				TypeCache.ScanAssembly (0ms)
			ScanForSourceGeneratedMonoScriptInfo (0ms)
			ResolveRequiredComponents (3ms)
	FinalizeReload (507ms)
		ReleaseScriptCaches (0ms)
		RebuildScriptCaches (0ms)
		SetupLoadedEditorAssemblies (207ms)
			LogAssemblyErrors (0ms)
			InitializePlatformSupportModulesInManaged (5ms)
			SetLoadedEditorAssemblies (3ms)
			RefreshPlugins (0ms)
			BeforeProcessingInitializeOnLoad (36ms)
			ProcessInitializeOnLoadAttributes (145ms)
			ProcessInitializeOnLoadMethodAttributes (11ms)
			AfterProcessingInitializeOnLoad (7ms)
			EditorAssembliesLoaded (0ms)
		ExecutionOrderSort2 (0ms)
		AwakeInstancesAfterBackupRestoration (7ms)
Refreshing native plugins compatible for Editor in 3.77 ms, found 3 plugins.
Preloading 0 native plugins for Editor in 0.00 ms.
Unloading 3156 Unused Serialized files (Serialized files now loaded: 0)
Unloading 14 unused Assets / (28.5 KB). Loaded Objects now: 3660.
Memory consumption went from 125.6 MB to 125.6 MB.
Total: 2.131200 ms (FindLiveObjects: 0.174500 ms CreateObjectMapping: 0.032300 ms MarkObjects: 1.885800 ms  DeleteObjects: 0.037800 ms)

Prepare: number of updated asset objects reloaded= 0
AssetImportParameters requested are different than current active one (requested -> active):
  custom:container-demuxer-ogg: 62fdf1f143b41e24485cea50d1cbac27 -> 
  custom:video-codec-MediaFoundation-h265: 746d11721c4dcdbdad8f713fa42b33f4 -> 
  custom:video-decoder-ogg-theora: a1e56fd34408186e4bbccfd4996cb3dc -> 
  custom:framework-win-MediaFoundation: 216162199b28c13a410421893ffa2e32 -> 
  custom:CustomObjectIndexerAttribute: 9a22284fe3817be447336de3de66b15e -> 
  custom:container-demuxer-webm: 4f35f7cbe854078d1ac9338744f61a02 -> 
  custom:container-muxer-webm: aa71ff27fc2769a1b78a27578f13a17b -> 
  custom:video-decoder-webm-vp8: 9c59270c3fd7afecdb556c50c9e8de78 -> 
  custom:SearchIndexIgnoredProperties: e643bd26f0fe6173181afceb89e7c659 -> 
  custom:AudioImporter_EditorPlatform: d09bf68614088b80899f8185d706f6e7 -> 
  custom:video-encoder-webm-vp8: eb34c28f22e8b96e1ab97ce403110664 -> 
  custom:audio-decoder-ogg-vorbis: bf7c407c2cedff20999df2af8eb42d56 -> 
  custom:audio-encoder-webm-vorbis: bf7c407c2cedff20999df2af8eb42d56 -> 
========================================================================
Received Prepare
Caller must complete domain reload
Begin MonoManager ReloadAssembly
- Loaded All Assemblies, in  0.274 seconds
Native extension for WindowsStandalone target not found
Native extension for WebGL target not found
Mono: successfully reloaded assembly
- Finished resetting the current domain, in  0.510 seconds
Domain Reload Profiling: 781ms
	BeginReloadAssembly (84ms)
		ExecutionOrderSort (0ms)
		DisableScriptedObjects (2ms)
		BackupInstance (0ms)
		ReleaseScriptingObjects (0ms)
		CreateAndSetChildDomain (19ms)
	RebuildCommonClasses (16ms)
	RebuildNativeTypeToScriptingClass (5ms)
	initialDomainReloadingComplete (46ms)
	LoadAllAssembliesAndSetupDomain (120ms)
		LoadAssemblies (152ms)
		RebuildTransferFunctionScriptingTraits (0ms)
		AnalyzeDomain (7ms)
			TypeCache.Refresh (3ms)
				TypeCache.ScanAssembly (0ms)
			ScanForSourceGeneratedMonoScriptInfo (0ms)
			ResolveRequiredComponents (3ms)
	FinalizeReload (511ms)
		ReleaseScriptCaches (0ms)
		RebuildScriptCaches (0ms)
		SetupLoadedEditorAssemblies (202ms)
			LogAssemblyErrors (0ms)
			InitializePlatformSupportModulesInManaged (4ms)
			SetLoadedEditorAssemblies (2ms)
			RefreshPlugins (0ms)
			BeforeProcessingInitializeOnLoad (32ms)
			ProcessInitializeOnLoadAttributes (145ms)
			ProcessInitializeOnLoadMethodAttributes (12ms)
			AfterProcessingInitializeOnLoad (7ms)
			EditorAssembliesLoaded (0ms)
		ExecutionOrderSort2 (0ms)
		AwakeInstancesAfterBackupRestoration (8ms)
Refreshing native plugins compatible for Editor in 3.54 ms, found 3 plugins.
Preloading 0 native plugins for Editor in 0.00 ms.
Unloading 3156 Unused Serialized files (Serialized files now loaded: 0)
Unloading 14 unused Assets / (28.5 KB). Loaded Objects now: 3663.
Memory consumption went from 125.6 MB to 125.6 MB.
Total: 1.728200 ms (FindLiveObjects: 0.182600 ms CreateObjectMapping: 0.033600 ms MarkObjects: 1.478800 ms  DeleteObjects: 0.032300 ms)

Prepare: number of updated asset objects reloaded= 0
AssetImportParameters requested are different than current active one (requested -> active):
  custom:container-demuxer-ogg: 62fdf1f143b41e24485cea50d1cbac27 -> 
  custom:video-codec-MediaFoundation-h265: 746d11721c4dcdbdad8f713fa42b33f4 -> 
  custom:video-decoder-ogg-theora: a1e56fd34408186e4bbccfd4996cb3dc -> 
  custom:framework-win-MediaFoundation: 216162199b28c13a410421893ffa2e32 -> 
  custom:CustomObjectIndexerAttribute: 9a22284fe3817be447336de3de66b15e -> 
  custom:container-demuxer-webm: 4f35f7cbe854078d1ac9338744f61a02 -> 
  custom:container-muxer-webm: aa71ff27fc2769a1b78a27578f13a17b -> 
  custom:video-decoder-webm-vp8: 9c59270c3fd7afecdb556c50c9e8de78 -> 
  custom:SearchIndexIgnoredProperties: e643bd26f0fe6173181afceb89e7c659 -> 
  custom:AudioImporter_EditorPlatform: d09bf68614088b80899f8185d706f6e7 -> 
  custom:video-encoder-webm-vp8: eb34c28f22e8b96e1ab97ce403110664 -> 
  custom:audio-decoder-ogg-vorbis: bf7c407c2cedff20999df2af8eb42d56 -> 
  custom:audio-encoder-webm-vorbis: bf7c407c2cedff20999df2af8eb42d56 -> 
========================================================================
Received Import Request.
  Time since last request: 3341.392384 seconds.
  path: Assets/ModernSupermarket/Scripts/AppleGrabber.cs
  artifactKey: Guid(c5a1b5cf25606db4a9a47731914e3d81) Importer(815301076,1909f56bfc062723c751e8b465ee728b)
Start importing Assets/ModernSupermarket/Scripts/AppleGrabber.cs using Guid(c5a1b5cf25606db4a9a47731914e3d81) Importer(815301076,1909f56bfc062723c751e8b465ee728b) [PhysX] Initialized MultithreadedTaskDispatcher with 16 workers.
 -> (artifact id: '9f25b94a204144e344abb544986153db') in 0.002693 seconds
Number of updated asset objects reloaded before import = 0
Number of asset objects unloaded after import = 0
========================================================================
Received Prepare
Caller must complete domain reload
Begin MonoManager ReloadAssembly
- Loaded All Assemblies, in  0.272 seconds
Native extension for WindowsStandalone target not found
Native extension for WebGL target not found
Mono: successfully reloaded assembly
- Finished resetting the current domain, in  0.572 seconds
Domain Reload Profiling: 841ms
	BeginReloadAssembly (86ms)
		ExecutionOrderSort (0ms)
		DisableScriptedObjects (2ms)
		BackupInstance (0ms)
		ReleaseScriptingObjects (0ms)
		CreateAndSetChildDomain (19ms)
	RebuildCommonClasses (19ms)
	RebuildNativeTypeToScriptingClass (9ms)
	initialDomainReloadingComplete (40ms)
	LoadAllAssembliesAndSetupDomain (114ms)
		LoadAssemblies (150ms)
		RebuildTransferFunctionScriptingTraits (0ms)
		AnalyzeDomain (7ms)
			TypeCache.Refresh (3ms)
				TypeCache.ScanAssembly (0ms)
			ScanForSourceGeneratedMonoScriptInfo (0ms)
			ResolveRequiredComponents (3ms)
	FinalizeReload (573ms)
		ReleaseScriptCaches (0ms)
		RebuildScriptCaches (0ms)
		SetupLoadedEditorAssemblies (206ms)
			LogAssemblyErrors (0ms)
			InitializePlatformSupportModulesInManaged (4ms)
			SetLoadedEditorAssemblies (3ms)
			RefreshPlugins (0ms)
			BeforeProcessingInitializeOnLoad (36ms)
			ProcessInitializeOnLoadAttributes (148ms)
			ProcessInitializeOnLoadMethodAttributes (9ms)
			AfterProcessingInitializeOnLoad (6ms)
			EditorAssembliesLoaded (0ms)
		ExecutionOrderSort2 (0ms)
		AwakeInstancesAfterBackupRestoration (6ms)
Refreshing native plugins compatible for Editor in 3.83 ms, found 3 plugins.
Preloading 0 native plugins for Editor in 0.00 ms.
Unloading 3155 Unused Serialized files (Serialized files now loaded: 0)
Unloading 14 unused Assets / (28.5 KB). Loaded Objects now: 3666.
Memory consumption went from 125.4 MB to 125.3 MB.
Total: 2.122700 ms (FindLiveObjects: 0.185600 ms CreateObjectMapping: 0.127600 ms MarkObjects: 1.774400 ms  DeleteObjects: 0.034400 ms)

Prepare: number of updated asset objects reloaded= 0
AssetImportParameters requested are different than current active one (requested -> active):
  custom:container-demuxer-ogg: 62fdf1f143b41e24485cea50d1cbac27 -> 
  custom:video-codec-MediaFoundation-h265: 746d11721c4dcdbdad8f713fa42b33f4 -> 
  custom:video-decoder-ogg-theora: a1e56fd34408186e4bbccfd4996cb3dc -> 
  custom:framework-win-MediaFoundation: 216162199b28c13a410421893ffa2e32 -> 
  custom:CustomObjectIndexerAttribute: 9a22284fe3817be447336de3de66b15e -> 
  custom:container-demuxer-webm: 4f35f7cbe854078d1ac9338744f61a02 -> 
  custom:container-muxer-webm: aa71ff27fc2769a1b78a27578f13a17b -> 
  custom:video-decoder-webm-vp8: 9c59270c3fd7afecdb556c50c9e8de78 -> 
  custom:SearchIndexIgnoredProperties: e643bd26f0fe6173181afceb89e7c659 -> 
  custom:AudioImporter_EditorPlatform: d09bf68614088b80899f8185d706f6e7 -> 
  custom:video-encoder-webm-vp8: eb34c28f22e8b96e1ab97ce403110664 -> 
  custom:audio-decoder-ogg-vorbis: bf7c407c2cedff20999df2af8eb42d56 -> 
  custom:audio-encoder-webm-vorbis: bf7c407c2cedff20999df2af8eb42d56 -> 
========================================================================
Received Prepare
Caller must complete domain reload
Begin MonoManager ReloadAssembly
- Loaded All Assemblies, in  0.271 seconds
Native extension for WindowsStandalone target not found
Native extension for WebGL target not found
Mono: successfully reloaded assembly
- Finished resetting the current domain, in  0.515 seconds
Domain Reload Profiling: 783ms
	BeginReloadAssembly (86ms)
		ExecutionOrderSort (0ms)
		DisableScriptedObjects (2ms)
		BackupInstance (0ms)
		ReleaseScriptingObjects (0ms)
		CreateAndSetChildDomain (17ms)
	RebuildCommonClasses (16ms)
	RebuildNativeTypeToScriptingClass (5ms)
	initialDomainReloadingComplete (48ms)
	LoadAllAssembliesAndSetupDomain (112ms)
		LoadAssemblies (149ms)
		RebuildTransferFunctionScriptingTraits (0ms)
		AnalyzeDomain (7ms)
			TypeCache.Refresh (3ms)
				TypeCache.ScanAssembly (0ms)
			ScanForSourceGeneratedMonoScriptInfo (0ms)
			ResolveRequiredComponents (3ms)
	FinalizeReload (516ms)
		ReleaseScriptCaches (0ms)
		RebuildScriptCaches (0ms)
		SetupLoadedEditorAssemblies (202ms)
			LogAssemblyErrors (0ms)
			InitializePlatformSupportModulesInManaged (5ms)
			SetLoadedEditorAssemblies (3ms)
			RefreshPlugins (0ms)
			BeforeProcessingInitializeOnLoad (36ms)
			ProcessInitializeOnLoadAttributes (143ms)
			ProcessInitializeOnLoadMethodAttributes (10ms)
			AfterProcessingInitializeOnLoad (6ms)
			EditorAssembliesLoaded (0ms)
		ExecutionOrderSort2 (0ms)
		AwakeInstancesAfterBackupRestoration (6ms)
Refreshing native plugins compatible for Editor in 3.64 ms, found 3 plugins.
Preloading 0 native plugins for Editor in 0.00 ms.
Unloading 3156 Unused Serialized files (Serialized files now loaded: 0)
Unloading 14 unused Assets / (28.5 KB). Loaded Objects now: 3669.
Memory consumption went from 125.6 MB to 125.6 MB.
Total: 1.915400 ms (FindLiveObjects: 0.215100 ms CreateObjectMapping: 0.045000 ms MarkObjects: 1.623200 ms  DeleteObjects: 0.031400 ms)

Prepare: number of updated asset objects reloaded= 0
AssetImportParameters requested are different than current active one (requested -> active):
  custom:container-demuxer-ogg: 62fdf1f143b41e24485cea50d1cbac27 -> 
  custom:video-codec-MediaFoundation-h265: 746d11721c4dcdbdad8f713fa42b33f4 -> 
  custom:video-decoder-ogg-theora: a1e56fd34408186e4bbccfd4996cb3dc -> 
  custom:framework-win-MediaFoundation: 216162199b28c13a410421893ffa2e32 -> 
  custom:CustomObjectIndexerAttribute: 9a22284fe3817be447336de3de66b15e -> 
  custom:container-demuxer-webm: 4f35f7cbe854078d1ac9338744f61a02 -> 
  custom:container-muxer-webm: aa71ff27fc2769a1b78a27578f13a17b -> 
  custom:video-decoder-webm-vp8: 9c59270c3fd7afecdb556c50c9e8de78 -> 
  custom:SearchIndexIgnoredProperties: e643bd26f0fe6173181afceb89e7c659 -> 
  custom:AudioImporter_EditorPlatform: d09bf68614088b80899f8185d706f6e7 -> 
  custom:video-encoder-webm-vp8: eb34c28f22e8b96e1ab97ce403110664 -> 
  custom:audio-decoder-ogg-vorbis: bf7c407c2cedff20999df2af8eb42d56 -> 
  custom:audio-encoder-webm-vorbis: bf7c407c2cedff20999df2af8eb42d56 -> 
========================================================================
Received Prepare
Caller must complete domain reload
Begin MonoManager ReloadAssembly
- Loaded All Assemblies, in  0.269 seconds
Native extension for WindowsStandalone target not found
Native extension for WebGL target not found
Mono: successfully reloaded assembly
- Finished resetting the current domain, in  0.523 seconds
Domain Reload Profiling: 788ms
	BeginReloadAssembly (88ms)
		ExecutionOrderSort (0ms)
		DisableScriptedObjects (2ms)
		BackupInstance (0ms)
		ReleaseScriptingObjects (0ms)
		CreateAndSetChildDomain (19ms)
	RebuildCommonClasses (18ms)
	RebuildNativeTypeToScriptingClass (5ms)
	initialDomainReloadingComplete (45ms)
	LoadAllAssembliesAndSetupDomain (109ms)
		LoadAssemblies (145ms)
		RebuildTransferFunctionScriptingTraits (0ms)
		AnalyzeDomain (7ms)
			TypeCache.Refresh (3ms)
				TypeCache.ScanAssembly (0ms)
			ScanForSourceGeneratedMonoScriptInfo (0ms)
			ResolveRequiredComponents (3ms)
	FinalizeReload (523ms)
		ReleaseScriptCaches (0ms)
		RebuildScriptCaches (0ms)
		SetupLoadedEditorAssemblies (215ms)
			LogAssemblyErrors (0ms)
			InitializePlatformSupportModulesInManaged (5ms)
			SetLoadedEditorAssemblies (3ms)
			RefreshPlugins (0ms)
			BeforeProcessingInitializeOnLoad (39ms)
			ProcessInitializeOnLoadAttributes (150ms)
			ProcessInitializeOnLoadMethodAttributes (11ms)
			AfterProcessingInitializeOnLoad (7ms)
			EditorAssembliesLoaded (0ms)
		ExecutionOrderSort2 (0ms)
		AwakeInstancesAfterBackupRestoration (8ms)
Refreshing native plugins compatible for Editor in 3.89 ms, found 3 plugins.
Preloading 0 native plugins for Editor in 0.00 ms.
Unloading 3156 Unused Serialized files (Serialized files now loaded: 0)
Unloading 14 unused Assets / (28.6 KB). Loaded Objects now: 3672.
Memory consumption went from 125.6 MB to 125.6 MB.
Total: 1.995400 ms (FindLiveObjects: 0.184800 ms CreateObjectMapping: 0.033600 ms MarkObjects: 1.743000 ms  DeleteObjects: 0.032900 ms)

Prepare: number of updated asset objects reloaded= 0
AssetImportParameters requested are different than current active one (requested -> active):
  custom:container-demuxer-ogg: 62fdf1f143b41e24485cea50d1cbac27 -> 
  custom:video-codec-MediaFoundation-h265: 746d11721c4dcdbdad8f713fa42b33f4 -> 
  custom:video-decoder-ogg-theora: a1e56fd34408186e4bbccfd4996cb3dc -> 
  custom:framework-win-MediaFoundation: 216162199b28c13a410421893ffa2e32 -> 
  custom:CustomObjectIndexerAttribute: 9a22284fe3817be447336de3de66b15e -> 
  custom:container-demuxer-webm: 4f35f7cbe854078d1ac9338744f61a02 -> 
  custom:container-muxer-webm: aa71ff27fc2769a1b78a27578f13a17b -> 
  custom:video-decoder-webm-vp8: 9c59270c3fd7afecdb556c50c9e8de78 -> 
  custom:SearchIndexIgnoredProperties: e643bd26f0fe6173181afceb89e7c659 -> 
  custom:AudioImporter_EditorPlatform: d09bf68614088b80899f8185d706f6e7 -> 
  custom:video-encoder-webm-vp8: eb34c28f22e8b96e1ab97ce403110664 -> 
  custom:audio-decoder-ogg-vorbis: bf7c407c2cedff20999df2af8eb42d56 -> 
  custom:audio-encoder-webm-vorbis: bf7c407c2cedff20999df2af8eb42d56 -> 
========================================================================
Received Prepare
Caller must complete domain reload
Begin MonoManager ReloadAssembly
- Loaded All Assemblies, in  0.287 seconds
Native extension for WindowsStandalone target not found
Native extension for WebGL target not found
Mono: successfully reloaded assembly
- Finished resetting the current domain, in  0.563 seconds
Domain Reload Profiling: 847ms
	BeginReloadAssembly (86ms)
		ExecutionOrderSort (0ms)
		DisableScriptedObjects (2ms)
		BackupInstance (0ms)
		ReleaseScriptingObjects (0ms)
		CreateAndSetChildDomain (19ms)
	RebuildCommonClasses (17ms)
	RebuildNativeTypeToScriptingClass (5ms)
	initialDomainReloadingComplete (18ms)
	LoadAllAssembliesAndSetupDomain (157ms)
		LoadAssemblies (191ms)
		RebuildTransferFunctionScriptingTraits (0ms)
		AnalyzeDomain (8ms)
			TypeCache.Refresh (3ms)
				TypeCache.ScanAssembly (0ms)
			ScanForSourceGeneratedMonoScriptInfo (0ms)
			ResolveRequiredComponents (4ms)
	FinalizeReload (564ms)
		ReleaseScriptCaches (0ms)
		RebuildScriptCaches (0ms)
		SetupLoadedEditorAssemblies (218ms)
			LogAssemblyErrors (0ms)
			InitializePlatformSupportModulesInManaged (5ms)
			SetLoadedEditorAssemblies (3ms)
			RefreshPlugins (0ms)
			BeforeProcessingInitializeOnLoad (38ms)
			ProcessInitializeOnLoadAttributes (154ms)
			ProcessInitializeOnLoadMethodAttributes (11ms)
			AfterProcessingInitializeOnLoad (7ms)
			EditorAssembliesLoaded (0ms)
		ExecutionOrderSort2 (0ms)
		AwakeInstancesAfterBackupRestoration (8ms)
Refreshing native plugins compatible for Editor in 5.34 ms, found 3 plugins.
Preloading 0 native plugins for Editor in 0.00 ms.
Unloading 3156 Unused Serialized files (Serialized files now loaded: 0)
Unloading 14 unused Assets / (28.5 KB). Loaded Objects now: 3675.
Memory consumption went from 125.6 MB to 125.6 MB.
Total: 2.030000 ms (FindLiveObjects: 0.192200 ms CreateObjectMapping: 0.033700 ms MarkObjects: 1.769800 ms  DeleteObjects: 0.033600 ms)

Prepare: number of updated asset objects reloaded= 0
AssetImportParameters requested are different than current active one (requested -> active):
  custom:container-demuxer-ogg: 62fdf1f143b41e24485cea50d1cbac27 -> 
  custom:video-codec-MediaFoundation-h265: 746d11721c4dcdbdad8f713fa42b33f4 -> 
  custom:video-decoder-ogg-theora: a1e56fd34408186e4bbccfd4996cb3dc -> 
  custom:framework-win-MediaFoundation: 216162199b28c13a410421893ffa2e32 -> 
  custom:CustomObjectIndexerAttribute: 9a22284fe3817be447336de3de66b15e -> 
  custom:container-demuxer-webm: 4f35f7cbe854078d1ac9338744f61a02 -> 
  custom:container-muxer-webm: aa71ff27fc2769a1b78a27578f13a17b -> 
  custom:video-decoder-webm-vp8: 9c59270c3fd7afecdb556c50c9e8de78 -> 
  custom:SearchIndexIgnoredProperties: e643bd26f0fe6173181afceb89e7c659 -> 
  custom:AudioImporter_EditorPlatform: d09bf68614088b80899f8185d706f6e7 -> 
  custom:video-encoder-webm-vp8: eb34c28f22e8b96e1ab97ce403110664 -> 
  custom:audio-decoder-ogg-vorbis: bf7c407c2cedff20999df2af8eb42d56 -> 
  custom:audio-encoder-webm-vorbis: bf7c407c2cedff20999df2af8eb42d56 -> 
========================================================================
Received Prepare
Caller must complete domain reload
Begin MonoManager ReloadAssembly
- Loaded All Assemblies, in  0.404 seconds
Native extension for WindowsStandalone target not found
Native extension for WebGL target not found
Mono: successfully reloaded assembly
- Finished resetting the current domain, in  0.910 seconds
Domain Reload Profiling: 1309ms
	BeginReloadAssembly (155ms)
		ExecutionOrderSort (0ms)
		DisableScriptedObjects (3ms)
		BackupInstance (0ms)
		ReleaseScriptingObjects (0ms)
		CreateAndSetChildDomain (24ms)
	RebuildCommonClasses (28ms)
	RebuildNativeTypeToScriptingClass (8ms)
	initialDomainReloadingComplete (34ms)
	LoadAllAssembliesAndSetupDomain (173ms)
		LoadAssemblies (264ms)
		RebuildTransferFunctionScriptingTraits (0ms)
		AnalyzeDomain (9ms)
			TypeCache.Refresh (3ms)
				TypeCache.ScanAssembly (0ms)
			ScanForSourceGeneratedMonoScriptInfo (0ms)
			ResolveRequiredComponents (5ms)
	FinalizeReload (910ms)
		ReleaseScriptCaches (0ms)
		RebuildScriptCaches (0ms)
		SetupLoadedEditorAssemblies (327ms)
			LogAssemblyErrors (0ms)
			InitializePlatformSupportModulesInManaged (7ms)
			SetLoadedEditorAssemblies (4ms)
			RefreshPlugins (0ms)
			BeforeProcessingInitializeOnLoad (55ms)
			ProcessInitializeOnLoadAttributes (236ms)
			ProcessInitializeOnLoadMethodAttributes (18ms)
			AfterProcessingInitializeOnLoad (8ms)
			EditorAssembliesLoaded (0ms)
		ExecutionOrderSort2 (0ms)
		AwakeInstancesAfterBackupRestoration (10ms)
Refreshing native plugins compatible for Editor in 4.16 ms, found 3 plugins.
Preloading 0 native plugins for Editor in 0.00 ms.
Unloading 3156 Unused Serialized files (Serialized files now loaded: 0)
Unloading 14 unused Assets / (28.5 KB). Loaded Objects now: 3678.
Memory consumption went from 125.6 MB to 125.6 MB.
Total: 2.551100 ms (FindLiveObjects: 0.245400 ms CreateObjectMapping: 0.044800 ms MarkObjects: 2.214900 ms  DeleteObjects: 0.045000 ms)

Prepare: number of updated asset objects reloaded= 0
AssetImportParameters requested are different than current active one (requested -> active):
  custom:container-demuxer-ogg: 62fdf1f143b41e24485cea50d1cbac27 -> 
  custom:video-codec-MediaFoundation-h265: 746d11721c4dcdbdad8f713fa42b33f4 -> 
  custom:video-decoder-ogg-theora: a1e56fd34408186e4bbccfd4996cb3dc -> 
  custom:framework-win-MediaFoundation: 216162199b28c13a410421893ffa2e32 -> 
  custom:CustomObjectIndexerAttribute: 9a22284fe3817be447336de3de66b15e -> 
  custom:container-demuxer-webm: 4f35f7cbe854078d1ac9338744f61a02 -> 
  custom:container-muxer-webm: aa71ff27fc2769a1b78a27578f13a17b -> 
  custom:video-decoder-webm-vp8: 9c59270c3fd7afecdb556c50c9e8de78 -> 
  custom:SearchIndexIgnoredProperties: e643bd26f0fe6173181afceb89e7c659 -> 
  custom:AudioImporter_EditorPlatform: d09bf68614088b80899f8185d706f6e7 -> 
  custom:video-encoder-webm-vp8: eb34c28f22e8b96e1ab97ce403110664 -> 
  custom:audio-decoder-ogg-vorbis: bf7c407c2cedff20999df2af8eb42d56 -> 
  custom:audio-encoder-webm-vorbis: bf7c407c2cedff20999df2af8eb42d56 -> 
========================================================================
Received Prepare
Caller must complete domain reload
Begin MonoManager ReloadAssembly
- Loaded All Assemblies, in  0.346 seconds
Native extension for WindowsStandalone target not found
Native extension for WebGL target not found
Mono: successfully reloaded assembly
- Finished resetting the current domain, in  0.612 seconds
Domain Reload Profiling: 955ms
	BeginReloadAssembly (121ms)
		ExecutionOrderSort (0ms)
		DisableScriptedObjects (3ms)
		BackupInstance (0ms)
		ReleaseScriptingObjects (0ms)
		CreateAndSetChildDomain (31ms)
	RebuildCommonClasses (40ms)
	RebuildNativeTypeToScriptingClass (6ms)
	initialDomainReloadingComplete (21ms)
	LoadAllAssembliesAndSetupDomain (155ms)
		LoadAssemblies (207ms)
		RebuildTransferFunctionScriptingTraits (0ms)
		AnalyzeDomain (7ms)
			TypeCache.Refresh (3ms)
				TypeCache.ScanAssembly (0ms)
			ScanForSourceGeneratedMonoScriptInfo (0ms)
			ResolveRequiredComponents (3ms)
	FinalizeReload (613ms)
		ReleaseScriptCaches (0ms)
		RebuildScriptCaches (0ms)
		SetupLoadedEditorAssemblies (246ms)
			LogAssemblyErrors (0ms)
			InitializePlatformSupportModulesInManaged (4ms)
			SetLoadedEditorAssemblies (3ms)
			RefreshPlugins (0ms)
			BeforeProcessingInitializeOnLoad (38ms)
			ProcessInitializeOnLoadAttributes (183ms)
			ProcessInitializeOnLoadMethodAttributes (11ms)
			AfterProcessingInitializeOnLoad (7ms)
			EditorAssembliesLoaded (0ms)
		ExecutionOrderSort2 (0ms)
		AwakeInstancesAfterBackupRestoration (8ms)
Refreshing native plugins compatible for Editor in 5.11 ms, found 3 plugins.
Preloading 0 native plugins for Editor in 0.00 ms.
Unloading 3156 Unused Serialized files (Serialized files now loaded: 0)
Unloading 14 unused Assets / (28.5 KB). Loaded Objects now: 3681.
Memory consumption went from 125.6 MB to 125.6 MB.
Total: 2.769100 ms (FindLiveObjects: 0.219400 ms CreateObjectMapping: 0.033800 ms MarkObjects: 2.445000 ms  DeleteObjects: 0.069900 ms)

Prepare: number of updated asset objects reloaded= 0
AssetImportParameters requested are different than current active one (requested -> active):
  custom:container-demuxer-ogg: 62fdf1f143b41e24485cea50d1cbac27 -> 
  custom:video-codec-MediaFoundation-h265: 746d11721c4dcdbdad8f713fa42b33f4 -> 
  custom:video-decoder-ogg-theora: a1e56fd34408186e4bbccfd4996cb3dc -> 
  custom:framework-win-MediaFoundation: 216162199b28c13a410421893ffa2e32 -> 
  custom:CustomObjectIndexerAttribute: 9a22284fe3817be447336de3de66b15e -> 
  custom:container-demuxer-webm: 4f35f7cbe854078d1ac9338744f61a02 -> 
  custom:container-muxer-webm: aa71ff27fc2769a1b78a27578f13a17b -> 
  custom:video-decoder-webm-vp8: 9c59270c3fd7afecdb556c50c9e8de78 -> 
  custom:SearchIndexIgnoredProperties: e643bd26f0fe6173181afceb89e7c659 -> 
  custom:AudioImporter_EditorPlatform: d09bf68614088b80899f8185d706f6e7 -> 
  custom:video-encoder-webm-vp8: eb34c28f22e8b96e1ab97ce403110664 -> 
  custom:audio-decoder-ogg-vorbis: bf7c407c2cedff20999df2af8eb42d56 -> 
  custom:audio-encoder-webm-vorbis: bf7c407c2cedff20999df2af8eb42d56 -> 
========================================================================
Received Prepare
Caller must complete domain reload
Begin MonoManager ReloadAssembly
- Loaded All Assemblies, in  0.287 seconds
Native extension for WindowsStandalone target not found
Native extension for WebGL target not found
Mono: successfully reloaded assembly
- Finished resetting the current domain, in  0.535 seconds
Domain Reload Profiling: 819ms
	BeginReloadAssembly (94ms)
		ExecutionOrderSort (0ms)
		DisableScriptedObjects (2ms)
		BackupInstance (0ms)
		ReleaseScriptingObjects (0ms)
		CreateAndSetChildDomain (20ms)
	RebuildCommonClasses (47ms)
	RebuildNativeTypeToScriptingClass (5ms)
	initialDomainReloadingComplete (20ms)
	LoadAllAssembliesAndSetupDomain (116ms)
		LoadAssemblies (157ms)
		RebuildTransferFunctionScriptingTraits (0ms)
		AnalyzeDomain (7ms)
			TypeCache.Refresh (3ms)
				TypeCache.ScanAssembly (0ms)
			ScanForSourceGeneratedMonoScriptInfo (0ms)
			ResolveRequiredComponents (3ms)
	FinalizeReload (536ms)
		ReleaseScriptCaches (0ms)
		RebuildScriptCaches (0ms)
		SetupLoadedEditorAssemblies (213ms)
			LogAssemblyErrors (0ms)
			InitializePlatformSupportModulesInManaged (4ms)
			SetLoadedEditorAssemblies (3ms)
			RefreshPlugins (0ms)
			BeforeProcessingInitializeOnLoad (36ms)
			ProcessInitializeOnLoadAttributes (152ms)
			ProcessInitializeOnLoadMethodAttributes (11ms)
			AfterProcessingInitializeOnLoad (7ms)
			EditorAssembliesLoaded (0ms)
		ExecutionOrderSort2 (0ms)
		AwakeInstancesAfterBackupRestoration (8ms)
Refreshing native plugins compatible for Editor in 4.30 ms, found 3 plugins.
Preloading 0 native plugins for Editor in 0.00 ms.
Unloading 3156 Unused Serialized files (Serialized files now loaded: 0)
Unloading 14 unused Assets / (28.5 KB). Loaded Objects now: 3684.
Memory consumption went from 125.6 MB to 125.6 MB.
Total: 1.947300 ms (FindLiveObjects: 0.191400 ms CreateObjectMapping: 0.071800 ms MarkObjects: 1.647000 ms  DeleteObjects: 0.036100 ms)

Prepare: number of updated asset objects reloaded= 0
AssetImportParameters requested are different than current active one (requested -> active):
  custom:container-demuxer-ogg: 62fdf1f143b41e24485cea50d1cbac27 -> 
  custom:video-codec-MediaFoundation-h265: 746d11721c4dcdbdad8f713fa42b33f4 -> 
  custom:video-decoder-ogg-theora: a1e56fd34408186e4bbccfd4996cb3dc -> 
  custom:framework-win-MediaFoundation: 216162199b28c13a410421893ffa2e32 -> 
  custom:CustomObjectIndexerAttribute: 9a22284fe3817be447336de3de66b15e -> 
  custom:container-demuxer-webm: 4f35f7cbe854078d1ac9338744f61a02 -> 
  custom:container-muxer-webm: aa71ff27fc2769a1b78a27578f13a17b -> 
  custom:video-decoder-webm-vp8: 9c59270c3fd7afecdb556c50c9e8de78 -> 
  custom:SearchIndexIgnoredProperties: e643bd26f0fe6173181afceb89e7c659 -> 
  custom:AudioImporter_EditorPlatform: d09bf68614088b80899f8185d706f6e7 -> 
  custom:video-encoder-webm-vp8: eb34c28f22e8b96e1ab97ce403110664 -> 
  custom:audio-decoder-ogg-vorbis: bf7c407c2cedff20999df2af8eb42d56 -> 
  custom:audio-encoder-webm-vorbis: bf7c407c2cedff20999df2af8eb42d56 -> 
